"Naziv";"Woolf d.o.o."
"Adresa sjedišta";"Ograda 14, Vratišinec"
"OIB";"45374311169"
"Datum cjenika";"20. 09. 2026."

"Naziv proizvoda";"Šifra";"Marka";"Jedinica mjere";"Cijena za jedinicu mjere (EUR)";"Maloprodajna cijena (EUR)";"Poseban oblik prodaje";"Naziv posebnog oblika prodaje";"Sidrena cijena – cijena na dan 10. 09. 2026. (EUR)";"Barkod";"Dostupnost";"Kategorija";"Poveznica"
"70mai 70mai A510 Dash Cam set sa stražnjom kamerom RC11 - siva";"sm-001377";"70mai";"kom";"159,00";"159,00";"NE";"";"159,00";"6971669782740";"Dostupno";"Uređaji - TEHNIKA - Auto kamere";"https://woolf.hr/70mai-a510-dash-cam-set-sa-straznjom-kamerom-rc11-siva-proizvod-12524/"
"70mai 70mai A800SE 4K Dash Cam (4G)";"sm-001549";"70mai";"kom";"149,00";"149,00";"NE";"";"149,00";"6971669784706";"Dostupno";"Uređaji - TEHNIKA - Auto kamere";"https://woolf.hr/70mai-a800se-4k-dash-cam-4g-proizvod-12929/"
"70mai 70mai A800SE 4K Dash Cam + RC22 stražnja kamera - komplet";"sm-001416";"70mai";"kom";"169,00";"169,00";"NE";"";"169,00";"6971669780951";"Dostupno";"Uređaji - TEHNIKA - Auto kamere";"https://woolf.hr/70mai-a800se-4k-dash-cam-rc22-straznja-kamera-komplet-proizvod-12496/"
"70mai 70mai A800SE 4K Dash Cam + RC22 stražnja kamera - komplet (4G)";"sm-001531";"70mai";"kom";"179,00";"179,00";"NE";"";"179,00";"6971669786380";"Dostupno";"Uređaji - TEHNIKA - Auto kamere";"https://woolf.hr/70mai-a800se-4k-dash-cam-rc22-straznja-kamera-komplet-4g-proizvod-12821/"
"70mai 70mai A810S - 4K Dash Cam + RC24 set auto kamere sa stražnjom kamerom";"sm-001451";"70mai";"kom";"249,00";"249,00";"NE";"";"249,00";"6971669785024";"Dostupno";"Uređaji - TEHNIKA - Auto kamere";"https://woolf.hr/70mai-a810s-4k-dash-cam-rc24-set-auto-kamere-sa-straznjom-kamerom-proizvod-12652/"
"70mai 70mai A810S - 4K Dash Cam auto kamera";"sm-001477";"70mai";"kom";"219,00";"219,00";"NE";"";"219,00";"6971669785017";"Dostupno";"Uređaji - TEHNIKA - Auto kamere";"https://woolf.hr/70mai-a810s-4k-dash-cam-auto-kamera-proizvod-12551/"
"70mai 70mai Dash Cam Pro Plus A500S + RC06 stražnja kamera - set";"sm-000425";"70mai";"kom";"149,00";"149,00";"NE";"";"149,00";"6971669780913";"Dostupno";"Uređaji - TEHNIKA - Auto kamere";"https://woolf.hr/70mai-dash-cam-pro-plus-a500s-rc06-straznja-kamera-set-proizvod-12560/"
"70mai 70mai Jump Starter MAX PS06 - powerbank za pokretanje akumulatora";"sm-000824";"70mai";"kom";"119,00";"119,00";"NE";"";"119,00";"6971669780142";"Dostupno";"Uređaji - TEHNIKA - Gadgeti";"https://woolf.hr/70mai-jump-starter-max-ps06-powerbank-za-pokretanje-akumulatora-proizvod-12495/"
"70mai 70mai M800 Dash Cam 128GB";"sm-001478";"70mai";"kom";"249,00";"249,00";"NE";"";"249,00";"6971669784508";"Dostupno";"Uređaji - TEHNIKA - Auto kamere";"https://woolf.hr/70mai-m800-dash-cam-128gb-proizvod-12559/"
"70mai 70mai M800 Dash Cam 128GB + RC14 - set";"sm-001479";"70mai";"kom";"289,00";"289,00";"NE";"";"289,00";"6971669784539";"Dostupno";"Uređaji - TEHNIKA - Auto kamere";"https://woolf.hr/70mai-m800-dash-cam-128gb-rc14-set-proizvod-12485/"
"70mai 70mai Omni X800 4K + RC14 Dash Cam Set";"sm-001376";"70mai";"kom";"369,00";"369,00";"NE";"";"369,00";"6971669784942";"Dostupno";"Uređaji - TEHNIKA - Auto kamere";"https://woolf.hr/70mai-omni-x800-4k-rc14-dash-cam-set-proizvod-12653/"
"70mai 70mai Omni X800 Dash Cam";"sm-001375";"70mai";"kom";"349,00";"349,00";"NE";"";"349,00";"6971669784096";"Dostupno";"Uređaji - TEHNIKA - Auto kamere";"https://woolf.hr/70mai-omni-x800-dash-cam-proizvod-12533/"
"70mai 70mai RC11 stražnja kamera za A810, A800S, Dash Cam Pro Plus+, A400, A200";"sm-RC11";"70mai";"kom";"34,99";"34,99";"NE";"";"34,99";"6971669782412";"Dostupno";"Uređaji - TEHNIKA - Auto kamere";"https://woolf.hr/70mai-rc11-straznja-kamera-za-a810-a800s-dash-cam-pro-plus-a400-a200-proizvod-12534/"
"70mai 70mai T400 Dash Cam + RC21 - set";"sm-001501";"70mai";"kom";"169,00";"169,00";"NE";"";"169,00";"6971669786519";"Dostupno";"Uređaji - TEHNIKA - Auto kamere";"https://woolf.hr/70mai-t400-dash-cam-rc21-set-proizvod-12772/"
"70mai 70mai T800 + RC24 - Dash Cam Set (SD 128 GB)";"sm-001495";"70mai";"kom";"379,00";"379,00";"NE";"";"379,00";"6971669784331";"Dostupno";"Uređaji - TEHNIKA - Auto kamere";"https://woolf.hr/70mai-t800-rc24-dash-cam-set-sd-128-gb-proizvod-12644/"
"70mai 70mai T800 + RC24 - Dash Cam Set (SD 256 GB)";"sm-001450";"70mai";"kom";"399,00";"399,00";"NE";"";"399,00";"6971669784331";"Dostupno";"Uređaji - TEHNIKA - Auto kamere";"https://woolf.hr/70mai-t800-rc24-dash-cam-set-sd-256-gb-proizvod-12523/"
"70mai 70mai T800 + RC41 Premium - 4K Dash Cam Set (SD 256 GB)";"sm-001494";"70mai";"kom";"449,00";"449,00";"NE";"";"449,00";"6971669784386";"Dostupno";"Uređaji - TEHNIKA - Auto kamere";"https://woolf.hr/70mai-t800-rc41-premium-4k-dash-cam-set-sd-256-gb-proizvod-12646/"
"70mai 70mai TPMS senzor";"sm-001369";"70mai";"kom";"69,99";"69,99";"NE";"";"69,99";"6971669781484";"Dostupno";"Uređaji - TEHNIKA - Auto kamere";"https://woolf.hr/70mai-tpms-senzor-proizvod-12446/"
"ADLER DJEČJA MAJICA";"138_RED";"ADLER";"kom";"3,79";"3,79";"DA";"Akcija";"3,79";"";"Dostupno";"Dječje - Odjeća - Majice - T-shirt";"https://woolf.hr/djecja-majica-basic-proizvod-4625/"
"ADLER DJEČJA MAJICA";"138_MALINE";"ADLER";"kom";"3,79";"3,79";"DA";"Akcija";"3,79";"";"Dostupno";"Dječje - Odjeća - Majice - T-shirt";"https://woolf.hr/djecja-majica-basic-proizvod-4627/"
"ADLER DJEČJA MAJICA";"138_BLACK";"ADLER";"kom";"3,79";"3,79";"DA";"Akcija";"3,79";"";"Dostupno";"Dječje - Odjeća - Majice - T-shirt";"https://woolf.hr/djecja-majica-proizvod-5017/"
"ADLER MUŠKA MAJICA";"129_TIRKIZ";"ADLER";"kom";"5,09";"5,09";"DA";"Akcija";"5,09";"";"Dostupno";"Muško - Odjeća - Majice - T-shirt";"https://woolf.hr/muska-majica-proizvod-4728/"
"ADLER MUŠKA MAJICA";"129_ZLENA_J";"ADLER";"kom";"5,09";"5,09";"DA";"Akcija";"5,09";"";"Dostupno";"Muško - Odjeća - Majice - T-shirt";"https://woolf.hr/muska-majica-proizvod-4730/"
"ADLER MUŠKA MAJICA";"129_BLUE";"ADLER";"kom";"5,09";"5,09";"DA";"Akcija";"5,09";"";"Dostupno";"Žensko - Odjeća - Majice - T-shirt";"https://woolf.hr/muska-majica-proizvod-5203/"
"ADLER PLAYTIME KRATKE HLAČE";"613_BLACK";"ADLER";"kom";"9,09";"9,09";"NE";"";"9,09";"";"Dostupno";"Dječje - Odjeća - Hlače - Kratke hlače";"https://woolf.hr/playtime-kratke-hlace-proizvod-7090/"
"ADLER PLAYTIME KRATKE HLAČE";"613_RED";"ADLER";"kom";"9,99";"9,99";"NE";"";"9,99";"";"Dostupno";"Dječje - Odjeća - Hlače - Kratke hlače";"https://woolf.hr/playtime-kratke-hlace-proizvod-9259/"
"ADLER ŽENSKA MAJICA";"134_RED";"ADLER";"kom";"5,09";"5,09";"DA";"Akcija";"5,09";"";"Dostupno";"Žensko - Odjeća - Majice - T-shirt";"https://woolf.hr/zenska-majica-basic-proizvod-4621/"
"ADLER ŽENSKA MAJICA";"134_GREEN_APPLE";"ADLER";"kom";"5,09";"5,09";"DA";"Akcija";"5,09";"";"Dostupno";"Žensko - Odjeća - Majice - T-shirt";"https://woolf.hr/zenska-majica-proizvod-4735/"
"Akluer 520A-B traka za trčanje s masažom stopala";"sm-001551";"";"kom";"289,00";"289,00";"NE";"";"289,00";"";"Dostupno";"Fitnes - SPRAVE I DODACI - Sprave - Trake za hodanje i trčanje";"https://woolf.hr/akluer-520a-b-traka-za-trcanje-s-masazom-stopala-proizvod-12948/"
"AKLUER Akluer 480L-B traka za hodanje i trčanje";"sm-001550";"AKLUER";"kom";"229,00";"229,00";"NE";"";"229,00";"";"Dostupno";"Fitnes - SPRAVE I DODACI - Sprave - Trake za hodanje i trčanje";"https://woolf.hr/akluer-480l-b-traka-za-hodanje-i-trcanje-proizvod-12949/"
"ANATOMSKE KLOMPE";"BORKUM_WHITE";"";"kom";"29,99";"29,99";"DA";"Akcija";"29,99";"";"Dostupno";"Žensko - Obuća - Anatomska obuća - Klompe";"https://woolf.hr/anatomske-klompe-proizvod-12635/"
"ANATOMSKE KLOMPE";"BORKUM_BLACK";"";"kom";"29,99";"29,99";"DA";"Akcija";"29,99";"";"Dostupno";"Žensko - Obuća - Anatomska obuća - Klompe";"https://woolf.hr/anatomske-klompe-proizvod-12636/"
"ANATOMSKE KLOMPE";"BORKUM_RED";"";"kom";"29,99";"29,99";"DA";"Akcija";"29,99";"";"Dostupno";"Žensko - Obuća - Anatomska obuća - Klompe";"https://woolf.hr/anatomske-klompe-proizvod-12637/"
"ANATOMSKE KLOMPE";"BORKUM_FLOWER";"";"kom";"31,49";"31,49";"DA";"Akcija";"31,49";"";"Dostupno";"Žensko - Obuća - Anatomska obuća - Klompe";"https://woolf.hr/anatomske-klompe-proizvod-12638/"
"ANATOMSKE KLOMPE";"BORKUM_NEWS";"";"kom";"31,49";"31,49";"DA";"Akcija";"31,49";"";"Dostupno";"Žensko - Obuća - Anatomska obuća - Klompe";"https://woolf.hr/anatomske-klompe-proizvod-12639/"
"ANATOMSKE KLOMPE";"BORKUM_42FLOWER";"";"kom";"31,49";"31,49";"DA";"Akcija";"31,49";"";"Dostupno";"Žensko - Obuća - Anatomska obuća - Klompe";"https://woolf.hr/anatomske-klompe-proizvod-12940/"
"ANDY-Z PLATNENE TENISICE";"AK0137_03_BLUE";"ANDY-Z";"kom";"6,99";"6,99";"DA";"Akcija";"6,99";"";"Dostupno";"Dječje - Obuća - Tenisice";"https://woolf.hr/platnene-tenisice-proizvod-1660/"
"ANTONIA COMFORT ANATOMSKE KLOMPE";"M184_R_BLACK";"ANTONIA COMFORT";"kom";"22,49";"22,49";"DA";"Akcija";"22,49";"";"Dostupno";"Žensko - Obuća - Anatomska obuća - Klompe";"https://woolf.hr/anatomske-klompe-proizvod-1959/"
"ANTONIA COMFORT ANATOMSKE KLOMPE";"M191_HEART";"ANTONIA COMFORT";"kom";"22,99";"22,99";"DA";"Akcija";"22,99";"";"Dostupno";"Žensko - Obuća - Anatomska obuća - Klompe";"https://woolf.hr/anatomske-klompe-proizvod-12437/"
"ANTONIA COMFORT ANATOMSKE KLOMPE";"M191_G_FLOWER";"ANTONIA COMFORT";"kom";"22,99";"22,99";"DA";"Akcija";"22,99";"";"Dostupno";"Žensko - Obuća - Anatomska obuća - Klompe";"https://woolf.hr/anatomske-klompe-proizvod-12438/"
"ANTONIA COMFORT ANATOMSKE KLOMPE";"M191_VJE";"ANTONIA COMFORT";"kom";"22,99";"22,99";"DA";"Akcija";"22,99";"";"Dostupno";"Žensko - Obuća - Anatomska obuća - Klompe";"https://woolf.hr/anatomske-klompe-proizvod-12439/"
"ANTONIA COMFORT ANATOMSKE KLOMPE";"M2026_RED";"ANTONIA COMFORT";"kom";"27,99";"27,99";"NE";"";"27,99";"";"Dostupno";"Žensko - Obuća - Anatomska obuća - Klompe";"https://woolf.hr/anatomske-klompe-proizvod-12951/"
"ANTONIA COMFORT ANATOMSKE KLOMPE";"M2026_LEPTIR";"ANTONIA COMFORT";"kom";"27,99";"27,99";"NE";"";"27,99";"";"Dostupno";"Žensko - Obuća - Anatomska obuća - Klompe";"https://woolf.hr/anatomske-klompe-proizvod-12952/"
"ANTONIA COMFORT ANATOMSKE NATIKAČE";"M189_BROWN";"ANTONIA COMFORT";"kom";"22,49";"22,49";"DA";"Akcija";"22,49";"";"Dostupno";"Žensko - Obuća - Natikače";"https://woolf.hr/anatomske-klompe-proizvod-2459/"
"ANTONIA COMFORT ANATOMSKE NATIKAČE";"M189_BEIGE";"ANTONIA COMFORT";"kom";"22,49";"22,49";"DA";"Akcija";"22,49";"";"Dostupno";"Žensko - Obuća - Anatomska obuća - Natikače";"https://woolf.hr/anatomske-klompe-proizvod-2460/"
"ANTONIA COMFORT ANATOMSKE NATIKAČE";"M189_RED";"ANTONIA COMFORT";"kom";"22,49";"22,49";"DA";"Akcija";"22,49";"";"Dostupno";"Žensko - Obuća - Anatomska obuća - Natikače";"https://woolf.hr/anatomske-natikace-proizvod-12814/"
"ANTONIA COMFORT ANATOMSKE NATIKAČE";"M189_FLOWER";"ANTONIA COMFORT";"kom";"22,49";"22,49";"DA";"Akcija";"22,49";"";"Dostupno";"Žensko - Obuća - Anatomska obuća - Natikače";"https://woolf.hr/anatomske-natikace-proizvod-12865/"
"AQUA TIME JAPANKE";"PINA_WHITE";"AQUA TIME";"kom";"6,50";"6,50";"NE";"";"6,50";"";"Dostupno";"Žensko - Obuća - Japanke";"https://woolf.hr/japanke-proizvod-4985/"
"BAOBAOD CIPELE";"GL173_BORDO";"BAOBAOD";"kom";"16,99";"16,99";"DA";"Akcija";"16,99";"";"Dostupno";"Žensko - Obuća - Cipele";"https://woolf.hr/cipele-proizvod-12042/"
"BIANCOMOLINA KLOMPE S JASTUKOM";"A01_GREEN_N";"BIANCOMOLINA";"kom";"54,99";"54,99";"DA";"Akcija";"54,99";"";"Dostupno";"Žensko - Obuća - Anatomska obuća - Klompe";"https://woolf.hr/klompe-s-jastukom-proizvod-4751/"
"BIANCOMOLINA KLOMPE S JASTUKOM";"A01_FLOWER_C";"BIANCOMOLINA";"kom";"54,99";"54,99";"DA";"Akcija";"54,99";"";"Dostupno";"Žensko - Obuća - Anatomska obuća - Klompe";"https://woolf.hr/klompe-s-jastukom-proizvod-6806/"
"BIANCOMOLINA KLOMPE S JASTUKOM";"A01_RED_C";"BIANCOMOLINA";"kom";"54,99";"54,99";"DA";"Akcija";"54,99";"";"Dostupno";"Žensko - Obuća - Anatomska obuća - Klompe";"https://woolf.hr/klompe-s-jastukom-proizvod-6875/"
"BIANCOMOLINA KLOMPE S JASTUKOM";"A06_SILVER_C";"BIANCOMOLINA";"kom";"54,99";"54,99";"DA";"Akcija";"54,99";"";"Dostupno";"Žensko - Obuća - Anatomska obuća - Klompe";"https://woolf.hr/klompe-s-jastukom-proizvod-6878/"
"BIANCOMOLINA KLOMPE S JASTUKOM";"A05_FLOWER_PC";"BIANCOMOLINA";"kom";"54,99";"54,99";"DA";"Akcija";"54,99";"";"Dostupno";"Žensko - Obuća - Anatomska obuća - Klompe";"https://woolf.hr/klompe-s-jastukom-proizvod-6950/"
"BIANCOMOLINA KLOMPE S JASTUKOM";"A01_PINK_C";"BIANCOMOLINA";"kom";"54,99";"54,99";"DA";"Akcija";"54,99";"";"Dostupno";"Žensko - Obuća - Anatomska obuća - Klompe";"https://woolf.hr/klompe-s-jastukom-proizvod-7021/"
"BIANCOMOLINA KLOMPE S JASTUKOM";"A01_HEART_C";"BIANCOMOLINA";"kom";"54,99";"54,99";"DA";"Akcija";"54,99";"";"Dostupno";"Žensko - Obuća - Anatomska obuća - Klompe";"https://woolf.hr/klompe-s-jastukom-proizvod-7094/"
"BIANCOMOLINA KLOMPE S JASTUKOM";"A01_PINK_C1";"BIANCOMOLINA";"kom";"54,99";"54,99";"DA";"Akcija";"54,99";"";"Dostupno";"Žensko - Obuća - Anatomska obuća - Klompe";"https://woolf.hr/klompe-s-jastukom-proizvod-8383/"
"BIANCOMOLINA KLOMPE S JASTUKOM";"AA01_BEIGE";"BIANCOMOLINA";"kom";"49,99";"49,99";"DA";"Akcija";"49,99";"";"Dostupno";"Žensko - Obuća - Anatomska obuća - Klompe";"https://woolf.hr/klompe-s-jastukom-proizvod-9575/"
"BIANCOMOLINA KLOMPE S JASTUKOM";"AA01_SILVER";"BIANCOMOLINA";"kom";"56,99";"56,99";"DA";"Akcija";"56,99";"";"Dostupno";"Žensko - Obuća - Anatomska obuća - Klompe";"https://woolf.hr/klompe-s-jastukom-proizvod-9751/"
"BIANCOMOLINA KLOMPE S JASTUKOM";"AA01_HEART";"BIANCOMOLINA";"kom";"56,99";"56,99";"DA";"Akcija";"56,99";"";"Dostupno";"Žensko - Obuća - Anatomska obuća - Klompe";"https://woolf.hr/klompe-s-jastukom-proizvod-9850/"
"BIANCOMOLINA KLOMPE S JASTUKOM";"KOA01_WHITE_C";"BIANCOMOLINA";"kom";"44,99";"44,99";"DA";"Akcija";"44,99";"";"Dostupno";"Žensko - Obuća - Anatomska obuća - Klompe";"https://woolf.hr/klompe-s-jastukom-proizvod-10728/"
"BIANCOMOLINA KLOMPE S JASTUKOM";"KOA01_HEART";"BIANCOMOLINA";"kom";"49,99";"49,99";"DA";"Akcija";"49,99";"";"Dostupno";"Žensko - Obuća - Anatomska obuća - Klompe";"https://woolf.hr/klompe-s-jastukom-proizvod-10734/"
"BIANCOMOLINA KLOMPE S JASTUKOM";"KOA01_BLACK_CP";"BIANCOMOLINA";"kom";"44,99";"44,99";"DA";"Akcija";"44,99";"";"Dostupno";"Žensko - Obuća - Anatomska obuća - Klompe";"https://woolf.hr/klompe-s-jastukom-proizvod-10738/"
"BIANCOMOLINA KLOMPE S JASTUKOM";"KOA01_N_WHITE";"BIANCOMOLINA";"kom";"44,99";"44,99";"DA";"Akcija";"44,99";"";"Dostupno";"Žensko - Obuća - Anatomska obuća - Klompe";"https://woolf.hr/klompe-s-jastukom-proizvod-11404/"
"BIANCOMOLINA KLOMPE S JASTUKOM";"KOA01_R_WHITE";"BIANCOMOLINA";"kom";"49,49";"49,49";"DA";"Akcija";"49,49";"";"Dostupno";"Žensko - Obuća - Anatomska obuća - Klompe";"https://woolf.hr/klompe-s-jastukom-proizvod-11405/"
"BIANCOMOLINA KLOMPE S JASTUKOM";"KOA01_W_WHITE";"BIANCOMOLINA";"kom";"44,99";"44,99";"DA";"Akcija";"44,99";"";"Dostupno";"Žensko - Obuća - Anatomska obuća - Klompe";"https://woolf.hr/klompe-s-jastukom-proizvod-11406/"
"BIANCOMOLINA KLOMPE S JASTUKOM";"KOA01_Z_WHITE";"BIANCOMOLINA";"kom";"46,99";"46,99";"DA";"Akcija";"46,99";"";"Dostupno";"Žensko - Obuća - Anatomska obuća - Klompe";"https://woolf.hr/klompe-s-jastukom-proizvod-11407/"
"BIANCOMOLINA KLOMPE S JASTUKOM";"KOA01_RED";"BIANCOMOLINA";"kom";"44,99";"44,99";"DA";"Akcija";"44,99";"";"Dostupno";"Žensko - Obuća - Anatomska obuća - Klompe";"https://woolf.hr/klompe-s-jastukom-proizvod-11422/"
"BIANCOMOLINA KLOMPE S JASTUKOM";"KOA01_W_PINK";"BIANCOMOLINA";"kom";"44,99";"44,99";"DA";"Akcija";"44,99";"";"Dostupno";"Žensko - Obuća - Anatomska obuća - Klompe";"https://woolf.hr/klompe-s-jastukom-proizvod-11436/"
"BIANCOMOLINA KLOMPE S JASTUKOM";"KOA01_C_PINK";"BIANCOMOLINA";"kom";"44,99";"44,99";"DA";"Akcija";"44,99";"";"Dostupno";"Žensko - Obuća - Anatomska obuća - Klompe";"https://woolf.hr/klompe-s-jastukom-proizvod-11438/"
"BIANCOMOLINA KLOMPE S JASTUKOM";"KOA01_C_FLOWER";"BIANCOMOLINA";"kom";"44,99";"44,99";"DA";"Akcija";"44,99";"";"Dostupno";"Žensko - Obuća - Anatomska obuća - Klompe";"https://woolf.hr/klompe-s-jastukom-proizvod-11439/"
"BIANCOMOLINA KLOMPE S JASTUKOM";"KOA01_Z_GREEN";"BIANCOMOLINA";"kom";"44,99";"44,99";"DA";"Akcija";"44,99";"";"Dostupno";"Žensko - Obuća - Anatomska obuća - Klompe";"https://woolf.hr/klompe-s-jastukom-proizvod-11441/"
"BIANCOMOLINA KLOMPE S JASTUKOM";"KOA01_P_GREEN";"BIANCOMOLINA";"kom";"44,99";"44,99";"DA";"Akcija";"44,99";"";"Dostupno";"Žensko - Obuća - Anatomska obuća - Klompe";"https://woolf.hr/klompe-s-jastukom-proizvod-11443/"
"BIANCOMOLINA KLOMPE S JASTUKOM";"KOA05_1_WHITE";"BIANCOMOLINA";"kom";"49,99";"49,99";"DA";"Akcija";"49,99";"";"Dostupno";"Žensko - Obuća - Anatomska obuća - Klompe";"https://woolf.hr/klompe-s-jastukom-proizvod-11450/"
"BIANCOMOLINA KLOMPE S JASTUKOM";"KOA05_C_HEART";"BIANCOMOLINA";"kom";"44,99";"44,99";"DA";"Akcija";"44,99";"";"Dostupno";"Žensko - Obuća - Anatomska obuća - Klompe";"https://woolf.hr/klompe-s-jastukom-proizvod-11456/"
"BIANCOMOLINA KLOMPE S JASTUKOM";"KOA06_SILVER";"BIANCOMOLINA";"kom";"44,99";"44,99";"DA";"Akcija";"44,99";"";"Dostupno";"Žensko - Obuća - Anatomska obuća - Klompe";"https://woolf.hr/klompe-s-jastukom-proizvod-11457/"
"BIANCOMOLINA KLOMPE S JASTUKOM";"KOA05_C_BLACK";"BIANCOMOLINA";"kom";"44,99";"44,99";"DA";"Akcija";"44,99";"";"Dostupno";"Žensko - Obuća - Anatomska obuća - Klompe";"https://woolf.hr/klompe-s-jastukom-proizvod-11459/"
"BIANCOMOLINA KLOMPE S JASTUKOM";"KOA05_FLOWER";"BIANCOMOLINA";"kom";"44,99";"44,99";"DA";"Akcija";"44,99";"";"Dostupno";"Žensko - Obuća - Anatomska obuća - Klompe";"https://woolf.hr/klompe-s-jastukom-proizvod-11461/"
"BIANCOMOLINA KLOMPE S JASTUKOM";"KOA05_C_FLOWER";"BIANCOMOLINA";"kom";"44,99";"44,99";"DA";"Akcija";"44,99";"";"Dostupno";"Žensko - Obuća - Anatomska obuća - Klompe";"https://woolf.hr/klompe-s-jastukom-proizvod-11857/"
"BIANCOMOLINA KLOMPE S JASTUKOM";"AA01_BLACK";"BIANCOMOLINA";"kom";"56,99";"56,99";"DA";"Akcija";"56,99";"";"Dostupno";"Žensko - Obuća - Anatomska obuća - Klompe";"https://woolf.hr/klompe-s-jastukom-proizvod-12013/"
"BIANCOMOLINA KLOMPE S JASTUKOM";"AA01_2_TERAKOTA";"BIANCOMOLINA";"kom";"56,99";"56,99";"DA";"Akcija";"56,99";"";"Dostupno";"Žensko - Obuća - Anatomska obuća - Klompe";"https://woolf.hr/klompe-s-jastukom-proizvod-12146/"
"BIANCOMOLINA KLOMPE S JASTUKOM";"AA01_B_SILVER";"BIANCOMOLINA";"kom";"56,99";"56,99";"DA";"Akcija";"56,99";"";"Dostupno";"Žensko - Obuća - Anatomska obuća - Klompe";"https://woolf.hr/klompe-s-jastukom-proizvod-12391/"
"BIANCOMOLINA KLOMPE S JASTUKOM";"AA01_N_WHITE";"BIANCOMOLINA";"kom";"56,99";"56,99";"DA";"Akcija";"56,99";"";"Dostupno";"Žensko - Obuća - Anatomska obuća - Klompe";"https://woolf.hr/klompe-s-jastukom-proizvod-12432/"
"BIANCOMOLINA KLOMPE S JASTUKOM";"AA01_P_GOLD";"BIANCOMOLINA";"kom";"56,99";"56,99";"DA";"Akcija";"56,99";"";"Dostupno";"Žensko - Obuća - Anatomska obuća - Klompe";"https://woolf.hr/klompe-s-jastukom-proizvod-12433/"
"BIANCOMOLINA KLOMPE S JASTUKOM";"AA01_BLACKPUDER";"BIANCOMOLINA";"kom";"56,99";"56,99";"DA";"Akcija";"56,99";"";"Dostupno";"Žensko - Obuća - Anatomska obuća - Klompe";"https://woolf.hr/klompe-s-jastukom-proizvod-12773/"
"BIANCOMOLINA KLOMPE S JASTUKOM";"AA01_GOLDPUDER";"BIANCOMOLINA";"kom";"56,99";"56,99";"DA";"Akcija";"56,99";"";"Dostupno";"Žensko - Obuća - Anatomska obuća - Klompe";"https://woolf.hr/klompe-s-jastukom-proizvod-12774/"
"BIANCOMOLINA KLOMPE S JASTUKOM";"AA01_TERAKOTAW";"BIANCOMOLINA";"kom";"58,99";"58,99";"DA";"Akcija";"58,99";"";"Dostupno";"Žensko - Obuća - Anatomska obuća - Klompe";"https://woolf.hr/klompe-s-jastukom-proizvod-12843/"
"BIANCOMOLINA KLOMPE S JASTUKOM";"AA01_PERLAWHT";"BIANCOMOLINA";"kom";"58,99";"58,99";"DA";"Akcija";"58,99";"";"Dostupno";"Žensko - Obuća - Anatomska obuća - Klompe";"https://woolf.hr/klompe-s-jastukom-proizvod-12844/"
"BIANCOMOLINA KLOMPE S JASTUKOM";"AA01_GOLDWHT";"BIANCOMOLINA";"kom";"58,99";"58,99";"DA";"Akcija";"58,99";"";"Dostupno";"Žensko - Obuća - Anatomska obuća - Klompe";"https://woolf.hr/klompe-s-jastukom-proizvod-12845/"
"BIANCOMOLINA KLOMPE S JASTUKOM";"AA01_WWHITE";"BIANCOMOLINA";"kom";"58,99";"58,99";"DA";"Akcija";"58,99";"";"Dostupno";"Žensko - Obuća - Anatomska obuća - Klompe";"https://woolf.hr/klompe-s-jastukom-proizvod-12849/"
"BIANCOMOLINA KLOMPE S JASTUKOM";"AA01_SILVERWHT";"BIANCOMOLINA";"kom";"58,99";"58,99";"DA";"Akcija";"58,99";"";"Dostupno";"Žensko - Obuća - Anatomska obuća - Klompe";"https://woolf.hr/klompe-s-jastukom-proizvod-12868/"
"BIANCOMOLINA KLOMPE S JASTUKOM";"AA01_BLACKWHT";"BIANCOMOLINA";"kom";"58,99";"58,99";"DA";"Akcija";"58,99";"";"Dostupno";"Žensko - Obuća - Anatomska obuća - Klompe";"https://woolf.hr/klompe-s-jastukom-proizvod-12869/"
"BIANCOMOLINA KLOMPE S JASTUKOM";"KOA01_HEART_K";"BIANCOMOLINA";"kom";"47,99";"47,99";"DA";"Akcija";"47,99";"";"Dostupno";"Žensko - Obuća - Anatomska obuća - Klompe";"https://woolf.hr/klompe-s-jastukom-proizvod-12913/"
"BIANCOMOLINA KLOMPE S OPRUGOM";"F01_RED_NN";"BIANCOMOLINA";"kom";"52,99";"52,99";"DA";"Akcija";"52,99";"";"Dostupno";"Žensko - Obuća - Anatomska obuća - Klompe";"https://woolf.hr/klompe-s-oprugom-proizvod-5078/"
"BIANCOMOLINA KLOMPE S OPRUGOM";"F01_BLACK_NN";"BIANCOMOLINA";"kom";"49,99";"49,99";"DA";"Akcija";"49,99";"";"Dostupno";"Žensko - Obuća - Anatomska obuća - Klompe";"https://woolf.hr/klompe-s-oprugom-proizvod-5079/"
"BIANCOMOLINA KLOMPE S OPRUGOM";"F01_HEART_C";"BIANCOMOLINA";"kom";"52,99";"52,99";"DA";"Akcija";"52,99";"";"Dostupno";"Žensko - Obuća - Anatomska obuća - Klompe";"https://woolf.hr/klompe-s-oprugom-proizvod-6838/"
"BIANCOMOLINA KLOMPE S OPRUGOM";"F05_FLOWER_CP";"BIANCOMOLINA";"kom";"54,99";"54,99";"DA";"Akcija";"54,99";"";"Dostupno";"Žensko - Obuća - Anatomska obuća - Klompe";"https://woolf.hr/klompe-s-oprugom-proizvod-6839/"
"BIANCOMOLINA KLOMPE S OPRUGOM";"F01_RED_C";"BIANCOMOLINA";"kom";"44,99";"44,99";"DA";"Akcija";"44,99";"";"Dostupno";"Žensko - Obuća - Anatomska obuća - Klompe";"https://woolf.hr/klompe-s-oprugom-proizvod-7100/"
"BIANCOMOLINA KLOMPE S OPRUGOM";"F05_FLOWER_1C";"BIANCOMOLINA";"kom";"54,99";"54,99";"DA";"Akcija";"54,99";"";"Dostupno";"Žensko - Obuća - Anatomska obuća - Klompe";"https://woolf.hr/klompe-s-oprugom-proizvod-9774/"
"BIANCOMOLINA KLOMPE S OPRUGOM";"KOF200_RED";"BIANCOMOLINA";"kom";"47,99";"47,99";"DA";"Akcija";"47,99";"";"Dostupno";"Žensko - Obuća - Anatomska obuća - Klompe";"https://woolf.hr/klompe-s-oprugom-proizvod-10668/"
"BIANCOMOLINA KLOMPE S OPRUGOM";"FF01_1_BLACK";"BIANCOMOLINA";"kom";"54,99";"54,99";"DA";"Akcija";"54,99";"";"Dostupno";"Žensko - Obuća - Anatomska obuća - Klompe";"https://woolf.hr/klompe-s-oprugom-proizvod-10828/"
"BIANCOMOLINA KLOMPE S OPRUGOM";"FF05_P_WHITE";"BIANCOMOLINA";"kom";"56,99";"56,99";"DA";"Akcija";"56,99";"";"Dostupno";"Žensko - Obuća - Anatomska obuća - Klompe";"https://woolf.hr/klompe-s-oprugom-proizvod-10924/"
"BIANCOMOLINA KLOMPE S OPRUGOM";"FF01_PERLA";"BIANCOMOLINA";"kom";"54,99";"54,99";"DA";"Akcija";"54,99";"";"Dostupno";"Žensko - Obuća - Anatomska obuća - Klompe";"https://woolf.hr/klompe-s-oprugom-proizvod-10926/"
"BIANCOMOLINA KLOMPE S OPRUGOM";"FF01_HEART";"BIANCOMOLINA";"kom";"54,99";"54,99";"DA";"Akcija";"54,99";"";"Dostupno";"Žensko - Obuća - Anatomska obuća - Klompe";"https://woolf.hr/klompe-s-oprugom-proizvod-11170/"
"BIANCOMOLINA KLOMPE S OPRUGOM";"FF01_1TERAKOTA";"BIANCOMOLINA";"kom";"54,99";"54,99";"DA";"Akcija";"54,99";"";"Dostupno";"Žensko - Obuća - Anatomska obuća - Klompe";"https://woolf.hr/klompe-s-oprugom-proizvod-11206/"
"BIANCOMOLINA KLOMPE S OPRUGOM";"KOF01_BLACK";"BIANCOMOLINA";"kom";"44,99";"44,99";"DA";"Akcija";"44,99";"";"Dostupno";"Žensko - Obuća - Anatomska obuća - Klompe";"https://woolf.hr/klompe-s-oprugom-proizvod-11408/"
"BIANCOMOLINA KLOMPE S OPRUGOM";"KOF01_C1_PINK";"BIANCOMOLINA";"kom";"44,99";"44,99";"DA";"Akcija";"44,99";"";"Dostupno";"Žensko - Obuća - Anatomska obuća - Klompe";"https://woolf.hr/klompe-s-oprugom-proizvod-11412/"
"BIANCOMOLINA KLOMPE S OPRUGOM";"KOF05_FLOWER";"BIANCOMOLINA";"kom";"49,99";"49,99";"DA";"Akcija";"49,99";"";"Dostupno";"Žensko - Obuća - Anatomska obuća - Klompe";"https://woolf.hr/klompe-s-oprugom-proizvod-11413/"
"BIANCOMOLINA KLOMPE S OPRUGOM";"KOF01_C_WHITE";"BIANCOMOLINA";"kom";"49,99";"49,99";"DA";"Akcija";"49,99";"";"Dostupno";"Žensko - Obuća - Anatomska obuća - Klompe";"https://woolf.hr/klompe-s-oprugom-proizvod-11417/"
"BIANCOMOLINA KLOMPE S OPRUGOM";"KOF01_C_RED";"BIANCOMOLINA";"kom";"44,99";"44,99";"DA";"Akcija";"44,99";"";"Dostupno";"Žensko - Obuća - Anatomska obuća - Klompe";"https://woolf.hr/klompe-s-oprugom-proizvod-11423/"
"BIANCOMOLINA KLOMPE S OPRUGOM";"KOF01_2_RED";"BIANCOMOLINA";"kom";"44,99";"44,99";"DA";"Akcija";"44,99";"";"Dostupno";"Žensko - Obuća - Anatomska obuća - Klompe";"https://woolf.hr/klompe-s-oprugom-proizvod-11424/"
"BIANCOMOLINA KLOMPE S OPRUGOM";"KOF01_NN_RED";"BIANCOMOLINA";"kom";"44,99";"44,99";"DA";"Akcija";"44,99";"";"Dostupno";"Žensko - Obuća - Anatomska obuća - Klompe";"https://woolf.hr/klompe-s-oprugom-proizvod-11425/"
"BIANCOMOLINA KLOMPE S OPRUGOM";"KOF01_HEART";"BIANCOMOLINA";"kom";"44,99";"44,99";"DA";"Akcija";"44,99";"";"Dostupno";"Žensko - Obuća - Anatomska obuća - Klompe";"https://woolf.hr/klompe-s-oprugom-proizvod-11429/"
"BIANCOMOLINA KLOMPE S OPRUGOM";"KOF05_C_HEART";"BIANCOMOLINA";"kom";"44,99";"44,99";"DA";"Akcija";"44,99";"";"Dostupno";"Žensko - Obuća - Anatomska obuća - Klompe";"https://woolf.hr/klompe-s-oprugom-proizvod-11432/"
"BIANCOMOLINA KLOMPE S OPRUGOM";"KOF06_SILVER";"BIANCOMOLINA";"kom";"44,99";"44,99";"DA";"Akcija";"44,99";"";"Dostupno";"Žensko - Obuća - Anatomska obuća - Klompe";"https://woolf.hr/klompe-s-oprugom-proizvod-11434/"
"BIANCOMOLINA KLOMPE S OPRUGOM";"KOF01_FLOWER";"BIANCOMOLINA";"kom";"49,99";"49,99";"DA";"Akcija";"49,99";"";"Dostupno";"Žensko - Obuća - Anatomska obuća - Klompe";"https://woolf.hr/klompe-s-oprugom-proizvod-11463/"
"BIANCOMOLINA KLOMPE S OPRUGOM";"KOF01_GREEN";"BIANCOMOLINA";"kom";"44,99";"44,99";"DA";"Akcija";"44,99";"";"Dostupno";"Žensko - Obuća - Anatomska obuća - Klompe";"https://woolf.hr/klompe-s-oprugom-proizvod-11464/"
"BIANCOMOLINA KLOMPE S OPRUGOM";"KOF01_C_GREEN";"BIANCOMOLINA";"kom";"44,99";"44,99";"DA";"Akcija";"44,99";"";"Dostupno";"Žensko - Obuća - Anatomska obuća - Klompe";"https://woolf.hr/klompe-s-oprugom-proizvod-11465/"
"BIANCOMOLINA KLOMPE S OPRUGOM";"KOF01_1_GREEN";"BIANCOMOLINA";"kom";"44,99";"44,99";"DA";"Akcija";"44,99";"";"Dostupno";"Žensko - Obuća - Anatomska obuća - Klompe";"https://woolf.hr/klompe-s-oprugom-proizvod-11466/"
"BIANCOMOLINA KLOMPE S OPRUGOM";"KOF01_Z_GREEN";"BIANCOMOLINA";"kom";"44,99";"44,99";"DA";"Akcija";"44,99";"";"Dostupno";"Žensko - Obuća - Anatomska obuća - Klompe";"https://woolf.hr/klompe-s-oprugom-proizvod-11468/"
"BIANCOMOLINA KLOMPE S OPRUGOM";"FF200_WHITE_P";"BIANCOMOLINA";"kom";"51,99";"51,99";"DA";"Akcija";"51,99";"";"Dostupno";"Žensko - Obuća - Anatomska obuća - Klompe";"https://woolf.hr/klompe-s-oprugom-proizvod-11492/"
"BIANCOMOLINA KLOMPE S OPRUGOM";"KOF01_3RED";"BIANCOMOLINA";"kom";"49,49";"49,49";"DA";"Akcija";"49,49";"";"Dostupno";"Žensko - Obuća - Anatomska obuća - Klompe";"https://woolf.hr/klompe-s-oprugom-proizvod-12302/"
"BIANCOMOLINA KLOMPE S OPRUGOM";"FF01_1_TERAKOTA";"BIANCOMOLINA";"kom";"57,99";"57,99";"DA";"Akcija";"57,99";"";"Dostupno";"Žensko - Obuća - Anatomska obuća - Klompe";"https://woolf.hr/klompe-s-oprugom-proizvod-12394/"
"BIANCOMOLINA NATIKAČE S JASTUKOM";"A200_GREEN_1C";"BIANCOMOLINA";"kom";"46,99";"46,99";"DA";"Akcija";"46,99";"";"Dostupno";"Žensko - Obuća - Anatomska obuća - Klompe";"https://woolf.hr/natikace-s-jastukom-proizvod-10292/"
"BIANCOMOLINA NATIKAČE S JASTUKOM";"AA200_GOLD";"BIANCOMOLINA";"kom";"51,99";"51,99";"DA";"Akcija";"51,99";"";"Dostupno";"Žensko - Obuća - Anatomska obuća - Klompe";"https://woolf.hr/natikace-s-jastukom-proizvod-12782/"
"BIANCOMOLINA NATIKAČE S JASTUKOM";"AA200_WHITERWH";"BIANCOMOLINA";"kom";"56,99";"56,99";"NE";"";"56,99";"";"Dostupno";"Žensko - Obuća - Anatomska obuća - Klompe";"https://woolf.hr/natikace-s-jastukom-proizvod-12846/"
"BIANCOMOLINA NATIKAČE S JASTUKOM";"AA200_GOLDWHT";"BIANCOMOLINA";"kom";"51,99";"51,99";"DA";"Akcija";"51,99";"";"Dostupno";"Žensko - Obuća - Anatomska obuća - Klompe";"https://woolf.hr/natikace-s-jastukom-proizvod-12847/"
"BIANCOMOLINA NATIKAČE S JASTUKOM";"AA200_PERLAWHITE";"BIANCOMOLINA";"kom";"51,29";"51,29";"DA";"Akcija";"51,29";"";"Dostupno";"Žensko - Obuća - Anatomska obuća - Klompe";"https://woolf.hr/natikace-s-jastukom-proizvod-12877/"
"BLU STAR ANATOMSKE KLOMPE";"PC_5002_BLACK";"BLU STAR";"kom";"13,49";"13,49";"DA";"Akcija";"13,49";"";"Dostupno";"Muško - Obuća - Anatomska obuća - Klompe";"https://woolf.hr/anatomske-klompe-proizvod-12640/"
"BLU STAR ANATOMSKE KLOMPE";"PC_5002_WHITE";"BLU STAR";"kom";"13,49";"13,49";"DA";"Akcija";"13,49";"";"Dostupno";"Muško - Obuća - Anatomska obuća - Klompe";"https://woolf.hr/anatomske-klompe-proizvod-12641/"
"BLU STAR ANATOMSKE KLOMPE";"PC_4002_WHITE";"BLU STAR";"kom";"13,49";"13,49";"DA";"Akcija";"13,49";"";"Dostupno";"Žensko - Obuća - Anatomska obuća - Klompe";"https://woolf.hr/anatomske-klompe-proizvod-12642/"
"BLU STAR ANATOMSKE KLOMPE";"PC_4002_BLACK";"BLU STAR";"kom";"13,49";"13,49";"DA";"Akcija";"13,49";"";"Dostupno";"Žensko - Obuća - Anatomska obuća - Klompe";"https://woolf.hr/anatomske-klompe-proizvod-12643/"
"BONINO SVJETLEĆE TENISICE";"EBU_PURPLE";"BONINO";"kom";"19,99";"19,99";"DA";"Akcija";"19,99";"";"Dostupno";"Dječje - Obuća - Tenisice";"https://woolf.hr/svjetlece-tenisice-proizvod-10752/"
"BONINO SVJETLEĆE TENISICE";"EBU_NAVY";"BONINO";"kom";"19,99";"19,99";"DA";"Akcija";"19,99";"";"Dostupno";"Dječje - Obuća - Tenisice";"https://woolf.hr/svjetlece-tenisice-proizvod-10831/"
"BONINO TENISICE";"ENI_BLUE";"BONINO";"kom";"19,99";"19,99";"DA";"Akcija";"19,99";"";"Dostupno";"Dječje - Obuća - Tenisice";"https://woolf.hr/tenisice-proizvod-10753/"
"CENTRALIN CARBON ULOŽAK";"WT023_600306";"CENTRALIN";"kom";"2,99";"2,99";"NE";"";"2,99";"";"Dostupno";"Žensko - Dodaci - Ulošci za cipele";"https://woolf.hr/carbon-ulozak-proizvod-9720/"
"CENTRALIN FROTIR ULOŽAK";"WT023_600207";"CENTRALIN";"kom";"2,99";"2,99";"NE";"";"2,99";"";"Dostupno";"Žensko - Dodaci - Ulošci za cipele";"https://woolf.hr/frotir-ulozak-proizvod-9725/"
"CENTRALIN KOŽNI ULOŽAK";"60107";"CENTRALIN";"kom";"5,09";"5,09";"DA";"Akcija";"5,09";"";"Dostupno";"Žensko - Dodaci - Ulošci za cipele";"https://woolf.hr/kozni-ulozak-proizvod-1807/"
"CENTRALIN ZIMSKI ULOŽAK";"WT023_600542";"CENTRALIN";"kom";"2,99";"2,99";"NE";"";"2,99";"";"Dostupno";"Muško - Muški dodaci - Ulošci za cipele";"https://woolf.hr/zimski-ulozak-proizvod-9711/"
"CHAMPION ČARAPE  3 pack";"CHE241U303_01";"CHAMPION";"kom";"11,99";"11,99";"NE";"";"11,99";"";"Dostupno";"Žensko - Odjeća - Čarape";"https://woolf.hr/carape-3-pack-proizvod-11379/"
"CHAMPION ČARAPE  3 pack";"CHE241U303_03";"CHAMPION";"kom";"11,99";"11,99";"NE";"";"11,99";"";"Dostupno";"Žensko - Odjeća - Čarape";"https://woolf.hr/carape-3-pack-proizvod-11380/"
"CHAMPION ČARAPE  3 pack";"CHE241U303_10";"CHAMPION";"kom";"11,99";"11,99";"NE";"";"11,99";"";"Dostupno";"Žensko - Odjeća - Čarape";"https://woolf.hr/carape-3-pack-proizvod-11381/"
"CHAMPION ČARAPE  3 pack";"CHE241U303_1X";"CHAMPION";"kom";"11,99";"11,99";"NE";"";"11,99";"";"Dostupno";"Žensko - Odjeća - Čarape";"https://woolf.hr/carape-3-pack-proizvod-11382/"
"CHAMPION ČARAPE SNEAKER 3 pack";"CH133U01_02";"CHAMPION";"kom";"8,99";"8,99";"NE";"";"8,99";"";"Dostupno";"Žensko - Odjeća - Čarape";"https://woolf.hr/carape-sneaker-3-pack-proizvod-2482/"
"CHAMPION ČARAPE SNEAKER 3 pack";"CH133U03_02";"CHAMPION";"kom";"8,99";"8,99";"NE";"";"8,99";"";"Dostupno";"Žensko - Odjeća - Čarape";"https://woolf.hr/carape-sneaker-3-pack-proizvod-2686/"
"CHAMPION ČARAPE SNEAKER 3 pack";"CH133U03_04";"CHAMPION";"kom";"8,99";"8,99";"NE";"";"8,99";"";"Dostupno";"Žensko - Odjeća - Čarape";"https://woolf.hr/carape-sneaker-3-pack-proizvod-3006/"
"CHAMPION ČARAPE SNEAKER 3 pack";"CH133U03_03";"CHAMPION";"kom";"8,99";"8,99";"NE";"";"8,99";"";"Dostupno";"Žensko - Odjeća - Čarape";"https://woolf.hr/carape-sneaker-3-pack-proizvod-6290/"
"CHAMPION ČARAPE SNEAKER 3 pack";"CH133U01_04_MIX";"CHAMPION";"kom";"8,99";"8,99";"NE";"";"8,99";"";"Dostupno";"Žensko - Odjeća - Čarape";"https://woolf.hr/carape-sneaker-3-pack-proizvod-9652/"
"CHAMPION ČARAPE SNEAKER 3 pack";"CH133U03_01_WHITE";"CHAMPION";"kom";"10,99";"10,99";"NE";"";"10,99";"";"Dostupno";"Žensko - Odjeća - Čarape";"https://woolf.hr/carape-sneaker-3-pack-proizvod-9653/"
"CHAMPION ČARAPE SNEAKER 3 pack";"CH133U03_02_BLACK";"CHAMPION";"kom";"10,99";"10,99";"NE";"";"10,99";"";"Dostupno";"Žensko - Odjeća - Čarape";"https://woolf.hr/carape-sneaker-3-pack-proizvod-9654/"
"CHAMPION ČARAPE SNEAKER 3 pack";"CH133U03_03_GREY";"CHAMPION";"kom";"10,99";"10,99";"NE";"";"10,99";"";"Dostupno";"Žensko - Odjeća - Čarape";"https://woolf.hr/carape-sneaker-3-pack-proizvod-9655/"
"CHAMPION ČARAPE SNEAKER 3 pack";"CH133U03_04_MIX";"CHAMPION";"kom";"10,99";"10,99";"NE";"";"10,99";"";"Dostupno";"Žensko - Odjeća - Čarape";"https://woolf.hr/carape-sneaker-3-pack-proizvod-9656/"
"CHAMPION ČARAPE SNEAKER 3 pack";"CHE241F307_10";"CHAMPION";"kom";"9,99";"9,99";"NE";"";"9,99";"";"Dostupno";"Žensko - Odjeća - Čarape";"https://woolf.hr/carape-sneaker-3-pack-proizvod-11372/"
"CHAMPION ČARAPE SNEAKER 3 pack";"CHE241F307_1U";"CHAMPION";"kom";"9,99";"9,99";"NE";"";"9,99";"";"Dostupno";"Žensko - Odjeća - Čarape";"https://woolf.hr/carape-sneaker-3-pack-proizvod-11373/"
"CHAMPION ČARAPE SNEAKER 3 pack";"CHE241F307_1X";"CHAMPION";"kom";"9,99";"9,99";"NE";"";"9,99";"";"Dostupno";"Žensko - Odjeća - Čarape";"https://woolf.hr/carape-sneaker-3-pack-proizvod-11374/"
"CHAMPION ČARAPE SNEAKER 3 pack";"CHE241U305_01";"CHAMPION";"kom";"9,99";"9,99";"NE";"";"9,99";"";"Dostupno";"Žensko - Odjeća - Čarape";"https://woolf.hr/carape-sneaker-3-pack-proizvod-11383/"
"CHAMPION ČARAPE SNEAKER 3 pack";"CHE241U305_03";"CHAMPION";"kom";"9,99";"9,99";"NE";"";"9,99";"";"Dostupno";"Žensko - Odjeća - Čarape";"https://woolf.hr/carape-sneaker-3-pack-proizvod-11384/"
"CHAMPION ČARAPE SNEAKER 3 pack";"CHE241U305_10";"CHAMPION";"kom";"9,99";"9,99";"NE";"";"9,99";"";"Dostupno";"Žensko - Odjeća - Čarape - Stopalice";"https://woolf.hr/carape-sneaker-3-pack-proizvod-11385/"
"CHAMPION ČARAPE SNEAKER 3 pack";"CHE241U305_1U";"CHAMPION";"kom";"10,99";"10,99";"NE";"";"10,99";"";"Dostupno";"Žensko - Odjeća - Čarape";"https://woolf.hr/carape-sneaker-3-pack-proizvod-11386/"
"CHAMPION ČARAPE SUPERSNEAKER 3 pack";"CHE241U301_01";"CHAMPION";"kom";"10,99";"10,99";"NE";"";"10,99";"";"Dostupno";"Žensko - Odjeća - Čarape";"https://woolf.hr/carape-supersneaker-3-pack-proizvod-11375/"
"CHAMPION ČARAPE SUPERSNEAKER 3 pack";"CHE241U301_03";"CHAMPION";"kom";"10,99";"10,99";"NE";"";"10,99";"";"Dostupno";"Žensko - Odjeća - Čarape";"https://woolf.hr/carape-supersneaker-3-pack-proizvod-11376/"
"CHAMPION ČARAPE SUPERSNEAKER 3 pack";"CHE241U301_10";"CHAMPION";"kom";"10,99";"10,99";"NE";"";"10,99";"";"Dostupno";"Žensko - Odjeća - Čarape";"https://woolf.hr/carape-supersneaker-3-pack-proizvod-11377/"
"CHAMPION ČARAPE SUPERSNEAKER 3 pack";"CHE241U301_1X";"CHAMPION";"kom";"10,99";"10,99";"NE";"";"10,99";"";"Dostupno";"Žensko - Odjeća - Čarape";"https://woolf.hr/carape-supersneaker-3-pack-proizvod-11378/"
"CHAMPION NATIKAČE ARU";"CHF251B418_22";"CHAMPION";"kom";"14,99";"14,99";"DA";"Akcija";"14,99";"";"Dostupno";"Dječje - Obuća - Natikače";"https://woolf.hr/natikace-aru-proizvod-11565/"
"CHAMPION NATIKAČE BORELY";"S33385_SAR";"CHAMPION";"kom";"14,99";"14,99";"DA";"Akcija";"14,99";"";"Dostupno";"Dječje - Obuća - Natikače";"https://woolf.hr/natikace-borely-proizvod-12860/"
"CHAMPION NATIKAČE CRISTAL";"S22588_BLACK_RED";"CHAMPION";"kom";"17,99";"17,99";"DA";"Akcija";"17,99";"";"Dostupno";"Muško - Obuća - Natikače";"https://woolf.hr/natikace-cristal-proizvod-12858/"
"CHAMPION NATIKAČE CRISTAL";"S22588_BLUE";"CHAMPION";"kom";"17,99";"17,99";"DA";"Akcija";"17,99";"";"Dostupno";"Muško - Obuća - Natikače";"https://woolf.hr/natikace-cristal-proizvod-12859/"
"CHAMPION NATIKAČE KATY";"S11908_BLACK";"CHAMPION";"kom";"17,99";"17,99";"DA";"Akcija";"17,99";"";"Dostupno";"Žensko - Obuća - Natikače";"https://woolf.hr/natikace-katy-proizvod-12855/"
"CHAMPION NATIKAČE KATY";"S11908_WHITE";"CHAMPION";"kom";"17,99";"17,99";"DA";"Akcija";"17,99";"";"Dostupno";"Žensko - Obuća - Natikače";"https://woolf.hr/natikace-katy-proizvod-12856/"
"CHAMPION NATIKAČE ROBO";"CHF241B403_06";"CHAMPION";"kom";"12,99";"12,99";"DA";"Akcija";"12,99";"";"Dostupno";"Dječje - Obuća - Natikače";"https://woolf.hr/natikace-robo-proizvod-10248/"
"CHAMPION NATIKAČE VICTORIA";"S11907_BLACKP";"CHAMPION";"kom";"17,99";"17,99";"DA";"Akcija";"17,99";"";"Dostupno";"Žensko - Obuća - Natikače";"https://woolf.hr/natikace-victoria-proizvod-12854/"
"CHAMPION NATIKAČE VILMA";"S33390_PINK";"CHAMPION";"kom";"14,99";"14,99";"DA";"Akcija";"14,99";"";"Dostupno";"Dječje - Obuća - Natikače";"https://woolf.hr/natikace-vilma-proizvod-12861/"
"CHAMPION RUKSAK";"CHE243M101_01";"CHAMPION";"kom";"34,99";"34,99";"DA";"Akcija";"34,99";"";"Dostupno";"Žensko - Dodaci - Ruksaci";"https://woolf.hr/ruksak-proizvod-11212/"
"CHAMPION TENISICE ABERTO";"S22158_ES007";"CHAMPION";"kom";"35,00";"35,00";"DA";"Akcija";"35,00";"";"Dostupno";"Muško - Obuća - Tenisice";"https://woolf.hr/tenisice-aberto-proizvod-8822/"
"CHAMPION TENISICE ALEXIS";"S32801_WW001";"CHAMPION";"kom";"31,99";"31,99";"DA";"Akcija";"31,99";"";"Dostupno";"Dječje - Obuća - Tenisice";"https://woolf.hr/tenisice-alexis-proizvod-9951/"
"CHAMPION TENISICE ARIS";"S11880_KK001";"CHAMPION";"kom";"47,99";"47,99";"DA";"Akcija";"47,99";"";"Dostupno";"Žensko - Obuća - Tenisice";"https://woolf.hr/tenisice-aris-proizvod-12030/"
"CHAMPION TENISICE ARIS";"S11880_RS520";"CHAMPION";"kom";"47,99";"47,99";"DA";"Akcija";"47,99";"";"Dostupno";"Žensko - Obuća - Tenisice";"https://woolf.hr/tenisice-aris-proizvod-12031/"
"CHAMPION TENISICE B RUN";"S11903_KK01";"CHAMPION";"kom";"43,92";"43,92";"DA";"Akcija";"43,92";"";"Dostupno";"Žensko - Obuća - Tenisice";"https://woolf.hr/tenisice-b-run-proizvod-12673/"
"CHAMPION TENISICE B RUN";"S11903_MS009";"CHAMPION";"kom";"43,92";"43,92";"DA";"Akcija";"43,92";"";"Dostupno";"Žensko - Obuća - Tenisice";"https://woolf.hr/tenisice-b-run-proizvod-12674/"
"CHAMPION TENISICE BALTIC PS";"CHF251B109_61";"CHAMPION";"kom";"29,99";"29,99";"DA";"Akcija";"29,99";"";"Dostupno";"Dječje - Obuća - Tenisice";"https://woolf.hr/tenisice-baltic-ps-proizvod-11308/"
"CHAMPION TENISICE BONNY";"S11537_WW002";"CHAMPION";"kom";"38,00";"38,00";"DA";"Akcija";"38,00";"";"Dostupno";"Žensko - Obuća - Tenisice";"https://woolf.hr/tenisice-bonny-proizvod-9788/"
"CHAMPION TENISICE BORG";"S22548_ES001";"CHAMPION";"kom";"48,00";"48,00";"DA";"Akcija";"48,00";"";"Dostupno";"Muško - Obuća - Tenisice";"https://woolf.hr/tenisice-borg-proizvod-12034/"
"CHAMPION TENISICE CANNA";"CHF251F110_11";"CHAMPION";"kom";"48,00";"48,00";"DA";"Akcija";"48,00";"";"Dostupno";"Žensko - Obuća - Tenisice";"https://woolf.hr/tenisice-canna-proizvod-11305/"
"CHAMPION TENISICE CROL";"S11634_KK001";"CHAMPION";"kom";"41,99";"41,99";"DA";"Akcija";"41,99";"";"Dostupno";"Žensko - Obuća - Tenisice";"https://woolf.hr/tenisice-crol-proizvod-8806/"
"CHAMPION TENISICE CROL";"S22162_KK001";"CHAMPION";"kom";"38,00";"38,00";"DA";"Akcija";"38,00";"";"Dostupno";"Muško - Obuća - Tenisice";"https://woolf.hr/tenisice-crol-proizvod-8808/"
"CHAMPION TENISICE CROL";"S22162_MS034";"CHAMPION";"kom";"38,00";"38,00";"DA";"Akcija";"38,00";"";"Dostupno";"Muško - Obuća - Tenisice";"https://woolf.hr/tenisice-crol-proizvod-8809/"
"CHAMPION TENISICE DORI";"CHF241G125_08_WHITE";"CHAMPION";"kom";"31,99";"31,99";"DA";"Akcija";"31,99";"";"Dostupno";"Dječje - Obuća - Tenisice";"https://woolf.hr/tenisice-dori-proizvod-12026/"
"CHAMPION TENISICE FILL";"S21840_ES010";"CHAMPION";"kom";"35,00";"35,00";"DA";"Akcija";"35,00";"";"Dostupno";"Muško - Obuća - Tenisice";"https://woolf.hr/tenisice-fill-proizvod-8064/"
"CHAMPION TENISICE FINN";"CHF241B125_10_WHITE";"CHAMPION";"kom";"29,99";"29,99";"DA";"Akcija";"29,99";"";"Dostupno";"Dječje - Obuća - Tenisice";"https://woolf.hr/tenisice-finn-proizvod-12025/"
"CHAMPION TENISICE FUZE";"S22584_KK001";"CHAMPION";"kom";"33,29";"33,29";"DA";"Akcija";"33,29";"";"Dostupno";"Muško - Obuća - Tenisice";"https://woolf.hr/tenisice-fuze-proizvod-12675/"
"CHAMPION TENISICE GOMMA PS";"CHF241G151_10";"CHAMPION";"kom";"28,99";"28,99";"DA";"Akcija";"28,99";"";"Dostupno";"Dječje - Obuća - Tenisice";"https://woolf.hr/tenisice-gomma-ps-proizvod-11309/"
"CHAMPION TENISICE HANOY";"S22553_KK001";"CHAMPION";"kom";"39,00";"39,00";"DA";"Akcija";"39,00";"";"Dostupno";"Muško - Obuća - Tenisice";"https://woolf.hr/tenisice-hanoy-proizvod-12038/"
"CHAMPION TENISICE JODEN";"S22155_MS023";"CHAMPION";"kom";"46,99";"46,99";"DA";"Akcija";"46,99";"";"Dostupno";"Muško - Obuća - Tenisice";"https://woolf.hr/tenisice-joden-proizvod-8811/"
"CHAMPION TENISICE LARRY";"S31093_KK001_BLACK";"CHAMPION";"kom";"29,99";"29,99";"DA";"Akcija";"29,99";"";"Dostupno";"Dječje - Obuća - Tenisice";"https://woolf.hr/tenisice-larry-proizvod-1993/"
"CHAMPION TENISICE MAKS";"S22551_GS518";"CHAMPION";"kom";"51,99";"51,99";"DA";"Akcija";"51,99";"";"Dostupno";"Muško - Obuća - Gležnjače";"https://woolf.hr/tenisice-maks-proizvod-12036/"
"CHAMPION TENISICE MAKS";"S22551_KK001";"CHAMPION";"kom";"51,99";"51,99";"DA";"Akcija";"51,99";"";"Dostupno";"Muško - Obuća - Gležnjače";"https://woolf.hr/tenisice-maks-proizvod-12037/"
"CHAMPION TENISICE NOEN";"S22159_GS517";"CHAMPION";"kom";"47,50";"47,50";"DA";"Akcija";"47,50";"";"Dostupno";"Muško - Obuća - Tenisice";"https://woolf.hr/tenisice-noen-proizvod-8821/"
"CHAMPION TENISICE PANDA TD";"CHF251G105_01";"CHAMPION";"kom";"29,99";"29,99";"DA";"Akcija";"29,99";"";"Dostupno";"Dječje - Obuća - Tenisice";"https://woolf.hr/tenisice-panda-td-proizvod-11306/"
"CHAMPION TENISICE REYLI";"CHF251M117_30";"CHAMPION";"kom";"39,99";"39,99";"DA";"Akcija";"39,99";"";"Dostupno";"Muško - Obuća - Tenisice";"https://woolf.hr/tenisice-reyli-proizvod-11388/"
"CHAMPION TENISICE REYLI";"CHF251M117_02";"CHAMPION";"kom";"39,90";"39,90";"DA";"Akcija";"39,90";"";"Dostupno";"Muško - Obuća - Tenisice";"https://woolf.hr/tenisice-reyli-proizvod-12028/"
"CHAMPION TENISICE RODONA";"CHF251F105_01_BLACK";"CHAMPION";"kom";"39,00";"39,00";"DA";"Akcija";"39,00";"";"Dostupno";"Žensko - Obuća - Tenisice";"https://woolf.hr/tenisice-rodona-proizvod-12027/"
"CHAMPION TENISICE RODONA";"S11879_KK001";"CHAMPION";"kom";"45,00";"45,00";"DA";"Akcija";"45,00";"";"Dostupno";"Žensko - Obuća - Tenisice";"https://woolf.hr/tenisice-rodona-proizvod-12029/"
"CHAMPION TENISICE SANO";"CHF241B150_02";"CHAMPION";"kom";"28,90";"28,90";"DA";"Akcija";"28,90";"";"Dostupno";"Dječje - Obuća - Tenisice";"https://woolf.hr/tenisice-sano-proizvod-10156/"
"CHAMPION TENISICE SPHERA";"CHF251F120_06";"CHAMPION";"kom";"39,00";"39,00";"DA";"Akcija";"39,00";"";"Dostupno";"Žensko - Obuća - Tenisice";"https://woolf.hr/tenisice-sphera-proizvod-11303/"
"CHAMPION TENISICE SPHERA";"CHF251F120_10";"CHAMPION";"kom";"45,00";"45,00";"DA";"Akcija";"45,00";"";"Dostupno";"Žensko - Obuća - Tenisice";"https://woolf.hr/tenisice-sphera-proizvod-11311/"
"CHAMPION TENISICE STELAR";"CHF241M100_01";"CHAMPION";"kom";"36,99";"36,99";"DA";"Akcija";"36,99";"";"Dostupno";"Muško - Obuća - Tenisice";"https://woolf.hr/tenisice-stelar-proizvod-11301/"
"CHAMPION TENISICE TORRENS";"CHF261M111_02";"CHAMPION";"kom";"43,92";"43,92";"DA";"Akcija";"43,92";"";"Dostupno";"Muško - Obuća - Tenisice";"https://woolf.hr/tenisice-torrens-proizvod-12672/"
"CHAMPION TORBA ONEBASIC SMALL";"CHE251M102_01";"CHAMPION";"kom";"14,99";"14,99";"DA";"Akcija";"14,99";"";"Dostupno";"Žensko - Dodaci - Torbe - Torbice";"https://woolf.hr/torba-onebasic-small-proizvod-11705/"
"CHAMPION TORBA ONEBASIC SMALL";"CHE251M102_02";"CHAMPION";"kom";"14,99";"14,99";"DA";"Akcija";"14,99";"";"Dostupno";"Žensko - Dodaci - Torbe - Torbice";"https://woolf.hr/torba-onebasic-small-proizvod-11706/"
"CLASS LIFE ANATOMSKE KLOMPE";"20337_BEIGE";"CLASS LIFE";"kom";"19,99";"19,99";"DA";"Akcija";"19,99";"";"Dostupno";"Žensko - Obuća - Anatomska obuća - Klompe";"https://woolf.hr/anatomske-klompe-proizvod-10019/"
"CLASS LIFE ANATOMSKE KLOMPE";"203399_GREY";"CLASS LIFE";"kom";"26,99";"26,99";"NE";"";"26,99";"";"Dostupno";"Žensko - Obuća - Anatomska obuća - Klompe";"https://woolf.hr/anatomske-klompe-proizvod-10584/"
"CLASS LIFE ANATOMSKE KLOMPE";"20337_PINK";"CLASS LIFE";"kom";"22,49";"22,49";"DA";"Akcija";"22,49";"";"Dostupno";"Žensko - Obuća - Anatomska obuća - Klompe";"https://woolf.hr/anatomske-klompe-proizvod-12767/"
"COMER NATIKAČE";"SAR35_GREEN";"COMER";"kom";"16,99";"16,99";"DA";"Akcija";"16,99";"";"Dostupno";"Žensko - Obuća - Natikače";"https://woolf.hr/natikace-proizvod-10226/"
"COMER NATIKAČE";"SAR37_PINK";"COMER";"kom";"15,99";"15,99";"DA";"Akcija";"15,99";"";"Dostupno";"Žensko - Obuća - Natikače";"https://woolf.hr/natikace-proizvod-10611/"
"COMER NATIKAČE";"SAR37_BLACK";"COMER";"kom";"15,99";"15,99";"DA";"Akcija";"15,99";"";"Dostupno";"Žensko - Obuća - Natikače";"https://woolf.hr/natikace-proizvod-10632/"
"COMER NATIKAČE";"SAR37_RED";"COMER";"kom";"15,99";"15,99";"DA";"Akcija";"15,99";"";"Dostupno";"Žensko - Obuća - Natikače";"https://woolf.hr/natikace-proizvod-11561/"
"COMER NATIKAČE";"SAR60_WHITE";"COMER";"kom";"14,99";"14,99";"DA";"Akcija";"14,99";"";"Dostupno";"Žensko - Obuća - Natikače";"https://woolf.hr/natikace-proizvod-11656/"
"COMER NATIKAČE";"SAR37_GOLD";"COMER";"kom";"15,99";"15,99";"DA";"Akcija";"15,99";"";"Dostupno";"Žensko - Obuća - Natikače";"https://woolf.hr/natikace-proizvod-11685/"
"COMER NATIKAČE";"BG166_RED";"COMER";"kom";"16,19";"16,19";"DA";"Akcija";"16,19";"";"Dostupno";"Žensko - Obuća - Natikače";"https://woolf.hr/natikace-proizvod-12788/"
"COMER NATIKAČE";"SAR60_GOLD";"COMER";"kom";"16,99";"16,99";"DA";"Akcija";"16,99";"";"Dostupno";"Žensko - Obuća - Natikače";"https://woolf.hr/natikace-proizvod-12827/"
"COMFORT STEP ANATOMSKE KLOMPE";"812_WHITE";"COMFORT STEP";"kom";"33,99";"33,99";"DA";"Akcija";"33,99";"";"Dostupno";"Žensko - Obuća - Anatomska obuća - Klompe";"https://woolf.hr/anatomske-klompe-proizvod-10931/"
"Conway GUMENE VRTNE KLOMPE";"SAN_CRNE";"Conway";"kom";"6,99";"6,99";"DA";"Akcija";"6,99";"";"Dostupno";"Žensko - Obuća - Gumene klompe";"https://woolf.hr/vrtne-klompe-proizvod-478/"
"Conway GUMENE VRTNE KLOMPE";"SAN_NERO";"Conway";"kom";"7,99";"7,99";"DA";"Akcija";"7,99";"";"Dostupno";"Muško - Obuća - Gumene klompe";"https://woolf.hr/vrtne-klompe-proizvod-3729/"
"Conway KOŽNE GLEŽNJAČE";"SCHMITTENHOHE_GREEN";"Conway";"kom";"39,99";"39,99";"DA";"Akcija";"39,99";"";"Dostupno";"Muško - Obuća - Gležnjače";"https://woolf.hr/kozne-gleznjace-proizvod-1835/"
"Conway KOŽNE GLEŽNJAČE";"ERZBERG_GREY";"Conway";"kom";"39,99";"39,99";"DA";"Akcija";"39,99";"";"Dostupno";"Žensko - Obuća - Gležnjače";"https://woolf.hr/kozne-gleznjace-proizvod-7350/"
"Conway ŠKOLSKE PAPUČE";"AB7788_NAVY";"Conway";"kom";"6,49";"6,49";"NE";"";"6,49";"";"Dostupno";"Sve papuče za razred";"https://woolf.hr/skolske-papuce-proizvod-3017/"
"Conway TENISICE";"A8369_PINK";"Conway";"kom";"9,99";"9,99";"DA";"Akcija";"9,99";"";"Dostupno";"Dječje - Obuća - Tenisice";"https://woolf.hr/tenisice-proizvod-4634/"
"Conway TENISICE";"A8358_RED";"Conway";"kom";"11,99";"11,99";"DA";"Akcija";"11,99";"";"Dostupno";"Dječje - Obuća - Tenisice";"https://woolf.hr/tenisice-proizvod-4640/"
"Conway TENISICE";"N27_BLACK";"Conway";"kom";"12,00";"12,00";"DA";"Akcija";"12,00";"";"Dostupno";"Dječje - Obuća - Tenisice";"https://woolf.hr/tenisice-proizvod-7841/"
"Conway TENISICE";"712_PINK";"Conway";"kom";"17,09";"17,09";"DA";"Akcija";"17,09";"";"Dostupno";"Dječje - Obuća - Tenisice";"https://woolf.hr/tenisice-proizvod-8830/"
"Conway TREKKING TENISICE";"UNTERSBERG_GREY";"Conway";"kom";"39,69";"39,69";"DA";"Akcija";"39,69";"";"Dostupno";"Žensko - Obuća - Tenisice";"https://woolf.hr/trekking-tenisice-proizvod-3255/"
"Conway TREKKING TENISICE";"ORTLER_GREY";"Conway";"kom";"25,00";"25,00";"DA";"Akcija";"25,00";"";"Dostupno";"Žensko - Obuća - Tenisice";"https://woolf.hr/trekking-tenisice-proizvod-7248/"
"Conway ZIMSKE BUCE";"ASPEN_BLACK_1";"Conway";"kom";"11,99";"11,99";"DA";"Akcija";"11,99";"";"Dostupno";"Dječje - Obuća - Buce";"https://woolf.hr/zimske-buce-proizvod-7360/"
"Conway ZIMSKE BUCE";"ASPEN_NAVY_1";"Conway";"kom";"11,99";"11,99";"DA";"Akcija";"11,99";"";"Dostupno";"Dječje - Obuća - Buce";"https://woolf.hr/zimske-buce-proizvod-7361/"
"CORINA ŽENSKE CIPELE";"C8051_BLACK";"CORINA";"kom";"15,99";"15,99";"DA";"Akcija";"15,99";"";"Dostupno";"Žensko - Obuća - Cipele";"https://woolf.hr/zenske-cipele-proizvod-9944/"
"CRIJEVO ZA SUP PUMPU";"6502157_CV";"";"kom";"7,99";"7,99";"DA";"Akcija";"7,99";"";"Dostupno";"Fitnes - SPRAVE I DODACI - Pribor";"https://woolf.hr/crijevo-za-sup-pumpu-proizvod-12679/"
"CSCK.S GUMENE ČIZME";"X2211_BLUE";"CSCK.S";"kom";"17,99";"17,99";"DA";"Akcija";"17,99";"";"Dostupno";"Dječje - Obuća - Čizme - Gumene čizme";"https://woolf.hr/gumene-cizme-proizvod-9469/"
"CSCK.S GUMENE ČIZME";"HJ61_BLACK";"CSCK.S";"kom";"17,99";"17,99";"DA";"Akcija";"17,99";"";"Dostupno";"Dječje - Obuća - Čizme - Gumene čizme";"https://woolf.hr/gumene-cizme-proizvod-10837/"
"CSCK.S GUMENE ČIZME";"HJ53_NAVY";"CSCK.S";"kom";"17,99";"17,99";"DA";"Akcija";"17,99";"";"Dostupno";"Dječje - Obuća - Čizme - Gumene čizme";"https://woolf.hr/gumene-cizme-proizvod-10842/"
"CSCK.S GUMENE ČIZME";"HJ52_NAVY";"CSCK.S";"kom";"17,99";"17,99";"DA";"Akcija";"17,99";"";"Dostupno";"Dječje - Obuća - Čizme - Gumene čizme";"https://woolf.hr/gumene-cizme-proizvod-10843/"
"CSCK.S GUMENE ČIZME";"HJ73_PINK";"CSCK.S";"kom";"18,99";"18,99";"DA";"Akcija";"18,99";"";"Dostupno";"Dječje - Obuća - Čizme - Gumene čizme";"https://woolf.hr/gumene-cizme-proizvod-11972/"
"CSCK.S GUMENE ČIZME";"HJ79_BLACK";"CSCK.S";"kom";"19,99";"19,99";"DA";"Akcija";"19,99";"";"Dostupno";"Dječje - Obuća - Čizme - Gumene čizme";"https://woolf.hr/gumene-cizme-proizvod-11973/"
"CSCK.S GUMENE ČIZME";"HJ81_BLACK";"CSCK.S";"kom";"19,99";"19,99";"DA";"Akcija";"19,99";"";"Dostupno";"Dječje - Obuća - Čizme - Gumene čizme";"https://woolf.hr/gumene-cizme-proizvod-11974/"
"CSCK.S TENISICE";"X77182A_BLACK";"CSCK.S";"kom";"16,99";"16,99";"DA";"Akcija";"16,99";"";"Dostupno";"Dječje - Obuća - Tenisice";"https://woolf.hr/tenisice-proizvod-9476/"
"D.T. NEW YORK SVJETLEĆE TENISICE";"B893695_NAVY";"D.T. NEW YORK";"kom";"19,99";"19,99";"DA";"Akcija";"19,99";"";"Dostupno";"Dječje - Obuća - Tenisice";"https://woolf.hr/svjetlece-tenisice-proizvod-9322/"
"D.T. NEW YORK TENISICE";"B186870_BROWN";"D.T. NEW YORK";"kom";"21,99";"21,99";"DA";"Akcija";"21,99";"";"Dostupno";"Dječje - Obuća - Tenisice";"https://woolf.hr/tenisice-proizvod-9306/"
"D.T. NEW YORK TENISICE";"B851340_BLACK";"D.T. NEW YORK";"kom";"32,49";"32,49";"DA";"Akcija";"32,49";"";"Dostupno";"Žensko - Obuća - Tenisice";"https://woolf.hr/tenisice-proizvod-9314/"
"DISNEY SANDALE LITTLE MERMAID";"WLFP203_PURPLE";"DISNEY";"kom";"4,99";"4,99";"DA";"Akcija";"4,99";"";"Dostupno";"Dječje - Obuća - Sandale";"https://woolf.hr/sandale-little-mermaid-proizvod-9212/"
"DISNEY SANDALE MERMAID";"WLFP0139_GREEN";"DISNEY";"kom";"4,99";"4,99";"DA";"Akcija";"4,99";"";"Dostupno";"Dječje - Obuća - Sandale";"https://woolf.hr/sandale-mermaid-proizvod-9650/"
"DISNEY SANDALE MINNIE MOUSE";"WLFP203_GREEN";"DISNEY";"kom";"4,99";"4,99";"DA";"Akcija";"4,99";"";"Dostupno";"Dječje - Obuća - Sandale";"https://woolf.hr/sandale-minnie-mouse-proizvod-8630/"
"DISNEY SANDALE NEMO";"WLFP0140_BLUE";"DISNEY";"kom";"4,99";"4,99";"DA";"Akcija";"4,99";"";"Dostupno";"Dječje - Obuća - Sandale";"https://woolf.hr/sandale-nemo-proizvod-9685/"
"Dr. Jack ANATOMSKE PAPUČE";"T034_RED";"Dr. Jack";"kom";"16,99";"16,99";"DA";"Akcija";"16,99";"";"Dostupno";"Žensko - Obuća - Papuče";"https://woolf.hr/anatomske-papuce-proizvod-11179/"
"Dr. Jack ANATOMSKE PAPUČE";"JPF370_BLACK";"Dr. Jack";"kom";"16,99";"16,99";"DA";"Akcija";"16,99";"";"Dostupno";"Žensko - Obuća - Papuče";"https://woolf.hr/anatomske-papuce-proizvod-11871/"
"Dr. Jack ANATOMSKE PAPUČE";"JPF370_GREY";"Dr. Jack";"kom";"16,99";"16,99";"DA";"Akcija";"16,99";"";"Dostupno";"Žensko - Obuća - Papuče";"https://woolf.hr/anatomske-papuce-proizvod-11872/"
"Dr. Jack ANATOMSKE PAPUČE";"JPF370_1GREY";"Dr. Jack";"kom";"16,99";"16,99";"DA";"Akcija";"16,99";"";"Dostupno";"Žensko - Obuća - Papuče";"https://woolf.hr/anatomske-papuce-proizvod-11873/"
"Dr. Jack ANATOMSKE PAPUČE";"JPF370_PURPLE";"Dr. Jack";"kom";"16,99";"16,99";"DA";"Akcija";"16,99";"";"Dostupno";"Žensko - Obuća - Papuče";"https://woolf.hr/anatomske-papuce-proizvod-11874/"
"Dr. Jack ANATOMSKE PAPUČE";"JPF370_YELLOW";"Dr. Jack";"kom";"16,99";"16,99";"DA";"Akcija";"16,99";"";"Dostupno";"Žensko - Obuća - Papuče";"https://woolf.hr/anatomske-papuce-proizvod-11875/"
"Dr. Jack ANATOMSKE PAPUČE";"JPF370_RED";"Dr. Jack";"kom";"16,99";"16,99";"DA";"Akcija";"16,99";"";"Dostupno";"Žensko - Obuća - Papuče";"https://woolf.hr/anatomske-papuce-proizvod-11876/"
"Dr. Jack ANATOMSKE PAPUČE";"JPF370_PINK";"Dr. Jack";"kom";"16,99";"16,99";"DA";"Akcija";"16,99";"";"Dostupno";"Žensko - Obuća - Papuče";"https://woolf.hr/anatomske-papuce-proizvod-11877/"
"Dr. Jack ANATOMSKE PAPUČE";"JPF370_GREEN";"Dr. Jack";"kom";"16,99";"16,99";"DA";"Akcija";"16,99";"";"Dostupno";"Žensko - Obuća - Papuče";"https://woolf.hr/anatomske-papuce-proizvod-11878/"
"Eletronbike ELETRONBIKE OC20 električni bicikl - bež";"sm-001540";"Eletronbike";"kom";"1099,00";"1099,00";"NE";"";"1099,00";"0736649998438";"Dostupno";"Uređaji - TEHNIKA - Električni motocikli";"https://woolf.hr/eletronbike-oc20-elektricni-bicikl-bez-proizvod-12892/"
"Eletronbike ELETRONBIKE OC26 električni bicikl - plavi";"sm-001535";"Eletronbike";"kom";"1499,00";"1499,00";"NE";"";"1499,00";"0736649998476";"Dostupno";"Uređaji - TEHNIKA - Električni motocikli";"https://woolf.hr/eletronbike-oc26-elektricni-bicikl-plavi-proizvod-12903/"
"Eletronbike ELETRONBIKE OC26 električni bicikl - smeđi";"sm-001533";"Eletronbike";"kom";"1499,00";"1499,00";"NE";"";"1499,00";"0736649998490";"Dostupno";"Uređaji - TEHNIKA - Električni motocikli";"https://woolf.hr/eletronbike-oc26-elektricni-bicikl-smedi-proizvod-12897/"
"Eletronbike ELETRONBIKE OD20 električni bicikl - crni";"sm-001525";"Eletronbike";"kom";"999,00";"999,00";"DA";"Akcija";"999,00";"0736649998520";"Dostupno";"Uređaji - TEHNIKA - Električni motocikli";"https://woolf.hr/eletronbike-od20-elektricni-bicikl-crni-proizvod-12898/"
"Eletronbike ELETRONBIKE OG20 električni bicikl - sivi";"sm-001536";"Eletronbike";"kom";"1499,00";"1499,00";"NE";"";"1499,00";"0736649998452";"Dostupno";"Uređaji - TEHNIKA - Električni motocikli";"https://woolf.hr/eletronbike-og20-elektricni-bicikl-sivi-proizvod-12893/"
"Eletronbike ELETRONBIKE OG20 električni bicikl - zeleni";"sm-001537";"Eletronbike";"kom";"1499,00";"1499,00";"NE";"";"1499,00";"0736649998445";"Dostupno";"Uređaji - TEHNIKA - Električni motocikli";"https://woolf.hr/eletronbike-og20-elektricni-bicikl-zeleni-proizvod-12902/"
"EMAKS GLEŽNJAČE";"W2193GW_ROYAL";"EMAKS";"kom";"41,99";"41,99";"DA";"Akcija";"41,99";"";"Dostupno";"Žensko - Obuća - Gležnjače";"https://woolf.hr/gleznjace-proizvod-11128/"
"ESSKIMO KAPA ZA DJECU 1 DO 2g";"I_LOVE_MAMA_CRNA";"ESSKIMO";"kom";"7,79";"7,79";"DA";"Akcija";"7,79";"";"Dostupno";"Dječje - Odjeća - Kape";"https://woolf.hr/vunena-kapa-za-djecu-1-2g-proizvod-2090/"
"ESSKIMO KAPA ZA DJECU 1 DO 2g";"I_LOVE_MAMA_SIVA";"ESSKIMO";"kom";"7,79";"7,79";"DA";"Akcija";"7,79";"";"Dostupno";"Dječje - Odjeća - Kape";"https://woolf.hr/vunena-kapa-za-djecu-1-2g-proizvod-2091/"
"ESSKIMO KAPA ZA DJECU 1 DO 2g";"I_LOVE_PAPA_PLAVA";"ESSKIMO";"kom";"7,79";"7,79";"DA";"Akcija";"7,79";"";"Dostupno";"Dječje - Odjeća - Kape";"https://woolf.hr/vunena-kapa-za-djecu-1-2g-proizvod-2092/"
"ESSKIMO KAPA ZA DJECU 1 DO 2g";"I_LOVE_PAPA_SVPLAVA";"ESSKIMO";"kom";"7,79";"7,79";"DA";"Akcija";"7,79";"";"Dostupno";"Dječje - Odjeća - Kape";"https://woolf.hr/vunena-kapa-za-djecu-1-2g-proizvod-2093/"
"ESSKIMO KAPA ZA DJECU 1 DO 2g";"I_LOVE_PAPA_SIVA";"ESSKIMO";"kom";"7,79";"7,79";"DA";"Akcija";"7,79";"";"Dostupno";"Dječje - Odjeća - Kape";"https://woolf.hr/vunena-kapa-za-djecu-1-2g-proizvod-2095/"
"ESSKIMO KAPA ZA DJECU 3 DO 5g";"HAMBURG_CRVENA";"ESSKIMO";"kom";"7,79";"7,79";"DA";"Akcija";"7,79";"";"Dostupno";"Dječje - Odjeća - Kape";"https://woolf.hr/vunena-kapa-za-djecu-3-5g-proizvod-2097/"
"ESSKIMO VUNENA KAPA ZA ODRASLE";"OPATIJA_PLAVA";"ESSKIMO";"kom";"11,49";"11,49";"DA";"Akcija";"11,49";"";"Dostupno";"Žensko - Odjeća - Kape";"https://woolf.hr/vunena-kapa-za-odrasle-proizvod-1999/"
"ESSKIMO VUNENA KAPA ZA ODRASLE";"OPATIJA_CRVENA";"ESSKIMO";"kom";"11,49";"11,49";"DA";"Akcija";"11,49";"";"Dostupno";"Žensko - Odjeća - Kape";"https://woolf.hr/vunena-kapa-za-odrasle-proizvod-2000/"
"ESSKIMO VUNENA KAPA ZA ODRASLE";"SPLIT_CRNA";"ESSKIMO";"kom";"11,49";"11,49";"DA";"Akcija";"11,49";"";"Dostupno";"Žensko - Odjeća - Kape";"https://woolf.hr/vunena-kapa-za-odrasle-proizvod-2004/"
"ESSKIMO VUNENA KAPA ZA ODRASLE";"RIJEKA_CRNA";"ESSKIMO";"kom";"11,49";"11,49";"DA";"Akcija";"11,49";"";"Dostupno";"Žensko - Odjeća - Kape";"https://woolf.hr/vunena-kapa-za-odrasle-proizvod-2006/"
"ESSKIMO VUNENA KAPA ZA ODRASLE";"SPLIT_BIJELA";"ESSKIMO";"kom";"11,49";"11,49";"DA";"Akcija";"11,49";"";"Dostupno";"Žensko - Odjeća - Kape";"https://woolf.hr/vunena-kapa-za-odrasle-proizvod-2166/"
"ESSKIMO VUNENA KAPA ZA ODRASLE";"OPATIJA_BLACK";"ESSKIMO";"kom";"11,49";"11,49";"DA";"Akcija";"11,49";"";"Dostupno";"Žensko - Odjeća - Kape";"https://woolf.hr/vunena-kapa-za-odrasle-proizvod-2178/"
"ESSKIMO VUNENA KAPA ZA ODRASLE";"OPATIJA_BEIGE";"ESSKIMO";"kom";"11,49";"11,49";"DA";"Akcija";"11,49";"";"Dostupno";"Žensko - Odjeća - Kape - Zimske kape";"https://woolf.hr/vunena-kapa-za-odrasle-proizvod-5931/"
"ESSKIMO VUNENA KAPA ZA ODRASLE";"HR22_BLUE";"ESSKIMO";"kom";"13,14";"13,14";"NE";"";"13,14";"";"Dostupno";"Žensko - Odjeća - Kape";"https://woolf.hr/vunena-kapa-za-odrasle-proizvod-8234/"
"ESSKIMO VUNENA KAPA ZA ODRASLE";"VISTA_RED";"ESSKIMO";"kom";"10,49";"10,49";"DA";"Akcija";"10,49";"";"Dostupno";"Žensko - Odjeća - Kape";"https://woolf.hr/vunena-kapa-za-odrasle-proizvod-9670/"
"ESSKIMO VUNENA KAPA ZA ODRASLE";"RIJEKA_GREY";"ESSKIMO";"kom";"11,49";"11,49";"DA";"Akcija";"11,49";"";"Dostupno";"Žensko - Odjeća - Kape";"https://woolf.hr/vunena-kapa-za-odrasle-proizvod-9671/"
"ESSKIMO VUNENA KAPA ZA ODRASLE";"OPATIJA_ROYAL";"ESSKIMO";"kom";"11,49";"11,49";"DA";"Akcija";"11,49";"";"Dostupno";"Žensko - Odjeća - Kape";"https://woolf.hr/vunena-kapa-za-odrasle-proizvod-9673/"
"ESSKIMO VUNENA KAPA ZA ODRASLE";"SV_MARTIN_WHITE";"ESSKIMO";"kom";"11,49";"11,49";"DA";"Akcija";"11,49";"";"Dostupno";"Žensko - Odjeća - Kape";"https://woolf.hr/vunena-kapa-za-odrasle-proizvod-9676/"
"FASHION SANDALE";"598_01_BEIGE";"FASHION";"kom";"14,99";"14,99";"DA";"Akcija";"14,99";"";"Dostupno";"Žensko - Obuća - Sandale";"https://woolf.hr/sandale-proizvod-11716/"
"FASHION TENISICE";"4148_Y_NAVY";"FASHION";"kom";"24,99";"24,99";"DA";"Akcija";"24,99";"";"Dostupno";"Žensko - Obuća - Tenisice";"https://woolf.hr/tenisice-proizvod-12046/"
"Flexy line CIPELE";"MING_BROWN";"Flexy line";"kom";"18,99";"18,99";"DA";"Akcija";"18,99";"";"Dostupno";"Muško - Obuća - Cipele";"https://woolf.hr/cipele-proizvod-6626/"
"Flexy line CIPELE";"TANER_BLACK";"Flexy line";"kom";"26,99";"26,99";"DA";"Akcija";"26,99";"";"Dostupno";"Muško - Obuća - Cipele";"https://woolf.hr/cipele-proizvod-10011/"
"Flexy line CIPELE";"TANO_BLACK";"Flexy line";"kom";"26,99";"26,99";"DA";"Akcija";"26,99";"";"Dostupno";"Muško - Obuća - Cipele";"https://woolf.hr/cipele-proizvod-10012/"
"Flexy line LJETNE CIPELE SANDALE";"METE_BLACK";"Flexy line";"kom";"18,99";"18,99";"DA";"Akcija";"18,99";"";"Dostupno";"Muško - Obuća - Sandale";"https://woolf.hr/ljetne-cipele-sandale-proizvod-4827/"
"Flexy line SANDALE";"MYLO_1BLACK";"Flexy line";"kom";"19,99";"19,99";"DA";"Akcija";"19,99";"";"Dostupno";"Muško - Obuća - Sandale";"https://woolf.hr/sandale-proizvod-9001/"
"Flexy line SANDALE";"MYLO_1_BROWN";"Flexy line";"kom";"19,99";"19,99";"DA";"Akcija";"19,99";"";"Dostupno";"Muško - Obuća - Sandale";"https://woolf.hr/sandale-proizvod-9002/"
"FLUFOR CIPELE";"G30_BEIGE";"FLUFOR";"kom";"27,99";"27,99";"DA";"Akcija";"27,99";"";"Dostupno";"Žensko - Obuća - Cipele";"https://woolf.hr/cipele-proizvod-11331/"
"FRATELLI BABB ANATOMSKE KLOMPE";"D_314_WHITE";"FRATELLI BABB";"kom";"47,99";"47,99";"DA";"Akcija";"47,99";"";"Dostupno";"Žensko - Obuća - Anatomska obuća - Klompe";"https://woolf.hr/anatomske-klompe-proizvod-10587/"
"FRATELLI BABB ANATOMSKE KLOMPE";"D_315_FLOWER";"FRATELLI BABB";"kom";"48,99";"48,99";"DA";"Akcija";"48,99";"";"Dostupno";"Žensko - Obuća - Anatomska obuća - Klompe";"https://woolf.hr/anatomske-klompe-proizvod-10588/"
"FRATELLI BABB ANATOMSKE KLOMPE";"D_312_FLOWER";"FRATELLI BABB";"kom";"37,99";"37,99";"DA";"Akcija";"37,99";"";"Dostupno";"Žensko - Obuća - Anatomska obuća - Klompe";"https://woolf.hr/anatomske-klompe-proizvod-10589/"
"FRATELLI BABB ANATOMSKE KLOMPE";"D_316_FLOWER";"FRATELLI BABB";"kom";"47,99";"47,99";"DA";"Akcija";"47,99";"";"Dostupno";"Žensko - Obuća - Anatomska obuća - Klompe";"https://woolf.hr/anatomske-klompe-proizvod-10696/"
"FRATELLI BABB ANATOMSKE KLOMPE";"D_312_SILVER";"FRATELLI BABB";"kom";"41,99";"41,99";"DA";"Akcija";"41,99";"";"Dostupno";"Žensko - Obuća - Anatomska obuća - Klompe";"https://woolf.hr/anatomske-klompe-proizvod-10697/"
"FRATELLI BABB ANATOMSKE KLOMPE";"D_312_DOKTOR";"FRATELLI BABB";"kom";"41,99";"41,99";"DA";"Akcija";"41,99";"";"Dostupno";"Žensko - Obuća - Anatomska obuća - Klompe";"https://woolf.hr/anatomske-klompe-proizvod-10698/"
"FRATELLI BABB ANATOMSKE KLOMPE";"D_300_FLOWER";"FRATELLI BABB";"kom";"42,74";"42,74";"DA";"Akcija";"42,74";"";"Dostupno";"Žensko - Obuća - Anatomska obuća - Klompe";"https://woolf.hr/anatomske-klompe-proizvod-10700/"
"FRATELLI BABB ANATOMSKE KLOMPE";"D_316_BRONZE";"FRATELLI BABB";"kom";"48,99";"48,99";"DA";"Akcija";"48,99";"";"Dostupno";"Žensko - Obuća - Anatomska obuća - Klompe";"https://woolf.hr/anatomske-klompe-proizvod-11058/"
"FRATELLI BABB ANATOMSKE KLOMPE";"D_316_BLACK";"FRATELLI BABB";"kom";"48,99";"48,99";"DA";"Akcija";"48,99";"";"Dostupno";"Žensko - Obuća - Anatomska obuća - Klompe";"https://woolf.hr/anatomske-klompe-proizvod-11059/"
"FRATELLI BABB ANATOMSKE KLOMPE";"D_316_SILVER";"FRATELLI BABB";"kom";"48,99";"48,99";"DA";"Akcija";"48,99";"";"Dostupno";"Žensko - Obuća - Anatomska obuća - Klompe";"https://woolf.hr/anatomske-klompe-proizvod-11060/"
"FRATELLI BABB ANATOMSKE KLOMPE";"D314_PERLA";"FRATELLI BABB";"kom";"46,99";"46,99";"DA";"Akcija";"46,99";"";"Dostupno";"Žensko - Obuća - Anatomska obuća - Klompe";"https://woolf.hr/anatomske-klompe-proizvod-11767/"
"FRATELLI BABB ANATOMSKE KLOMPE";"D314_WHITE";"FRATELLI BABB";"kom";"46,99";"46,99";"DA";"Akcija";"46,99";"";"Dostupno";"Žensko - Obuća - Anatomska obuća - Klompe";"https://woolf.hr/anatomske-klompe-proizvod-11768/"
"FRATELLI BABB ANATOMSKE KLOMPE";"D315_FLOWER";"FRATELLI BABB";"kom";"46,99";"46,99";"DA";"Akcija";"46,99";"";"Dostupno";"Žensko - Obuća - Anatomska obuća - Klompe";"https://woolf.hr/anatomske-klompe-proizvod-11769/"
"FRATELLI BABB ANATOMSKE KLOMPE";"D_300_BLACK";"FRATELLI BABB";"kom";"40,49";"40,49";"DA";"Akcija";"40,49";"";"Dostupno";"Žensko - Obuća - Anatomska obuća - Klompe";"https://woolf.hr/anatomske-klompe-proizvod-12739/"
"FRATELLI BABB ANATOMSKE KLOMPE";"D_312_FLOWER_K";"FRATELLI BABB";"kom";"38,69";"38,69";"DA";"Akcija";"38,69";"";"Dostupno";"Žensko - Obuća - Anatomska obuća - Klompe";"https://woolf.hr/anatomske-klompe-proizvod-12740/"
"FRATELLI BABB ANATOMSKE KLOMPE";"D_316_WHITE_K";"FRATELLI BABB";"kom";"48,99";"48,99";"DA";"Akcija";"48,99";"";"Dostupno";"Žensko - Obuća - Anatomska obuća - Klompe";"https://woolf.hr/anatomske-klompe-proizvod-12741/"
"FRATELLI BABB ANATOMSKE KLOMPE";"D_322_PWDSILV_K";"FRATELLI BABB";"kom";"47,69";"47,69";"DA";"Akcija";"47,69";"";"Dostupno";"Žensko - Obuća - Anatomska obuća - Klompe";"https://woolf.hr/anatomske-klompe-proizvod-12742/"
"FRATELLI BABB ANATOMSKE KLOMPE";"D_317_K_BLACK";"FRATELLI BABB";"kom";"48,99";"48,99";"DA";"Akcija";"48,99";"";"Dostupno";"Žensko - Obuća - Anatomska obuća - Klompe";"https://woolf.hr/anatomske-klompe-proizvod-12848/"
"FRATELLI BABB ANATOMSKE KLOMPE";"U_31_WHITE";"FRATELLI BABB";"kom";"47,69";"47,69";"DA";"Akcija";"47,69";"";"Dostupno";"Muško - Obuća - Anatomska obuća - Klompe";"https://woolf.hr/anatomske-klompe-proizvod-12905/"
"FRATELLI BABB ANATOMSKE KLOMPE";"D_300_BRONZE";"FRATELLI BABB";"kom";"42,99";"42,99";"DA";"Akcija";"42,99";"";"Dostupno";"Žensko - Obuća - Anatomska obuća - Klompe";"https://woolf.hr/anatomske-klompe-proizvod-12906/"
"FRATELLI BABB ANATOMSKE KLOMPE";"D_312_PLUTASILVER";"FRATELLI BABB";"kom";"44,99";"44,99";"DA";"Akcija";"44,99";"";"Dostupno";"Žensko - Obuća - Anatomska obuća - Klompe";"https://woolf.hr/anatomske-klompe-proizvod-12907/"
"FRATELLI BABB NATIKAČE";"D_175_BLACK";"FRATELLI BABB";"kom";"36,99";"36,99";"DA";"Akcija";"36,99";"";"Dostupno";"Žensko - Obuća - Natikače";"https://woolf.hr/natikace-proizvod-10531/"
"FREELAND TENISICE";"4148_7_NAVY";"FREELAND";"kom";"22,49";"22,49";"DA";"Akcija";"22,49";"";"Dostupno";"Muško - Obuća - Tenisice";"https://woolf.hr/tenisice-proizvod-6441/"
"FREELAND TENISICE";"4148_Y_BLACK";"FREELAND";"kom";"24,99";"24,99";"DA";"Akcija";"24,99";"";"Dostupno";"Žensko - Obuća - Tenisice";"https://woolf.hr/tenisice-proizvod-12047/"
"FREELAND TENISICE";"4148_1_SMEDA";"FREELAND";"kom";"22,49";"22,49";"DA";"Akcija";"22,49";"";"Dostupno";"Muško - Obuća - Tenisice";"https://woolf.hr/tenisice-proizvod-12426/"
"FUDALI CIPELE";"5370_BLACK";"FUDALI";"kom";"22,99";"22,99";"DA";"Akcija";"22,99";"";"Dostupno";"Žensko - Obuća - Cipele";"https://woolf.hr/cipele-proizvod-10207/"
"FUDALI MODNE ČIZME";"3130_BLACK";"FUDALI";"kom";"29,99";"29,99";"DA";"Akcija";"29,99";"";"Dostupno";"Žensko - Obuća - Čizme";"https://woolf.hr/modne-cizme-proizvod-11082/"
"FUDALI SANDALE";"LET651_BLACK";"FUDALI";"kom";"22,99";"22,99";"DA";"Akcija";"22,99";"";"Dostupno";"Žensko - Obuća - Sandale";"https://woolf.hr/sandale-proizvod-11488/"
"FUDALI SANDALE";"968_BLACK";"FUDALI";"kom";"19,99";"19,99";"DA";"Akcija";"19,99";"";"Dostupno";"Žensko - Obuća - Sandale";"https://woolf.hr/sandale-proizvod-11555/"
"GAN'S KOŽNE CIPELE";"SVANTE_NAVY";"GAN'S";"kom";"40,99";"40,99";"DA";"Akcija";"40,99";"";"Dostupno";"Muško - Obuća - Cipele";"https://woolf.hr/kozne-cipele-proizvod-483/"
"GAVIAL ČETKA ZA NUBUK I TEKSTIL";"1040_BLACK";"GAVIAL";"kom";"3,99";"3,99";"NE";"";"3,99";"";"Dostupno";"Žensko - Dodaci - Četke za cipele";"https://woolf.hr/cetka-za-nubuk-i-tekstil-proizvod-10770/"
"GAVIAL KREMA ZA CIPELE GAVIAL 50ML";"1060_BROWN";"GAVIAL";"kom";"2,99";"2,99";"NE";"";"2,99";"";"Dostupno";"Žensko - Dodaci - Kreme za cipele";"https://woolf.hr/krema-za-cipele-gavial-50ml-proizvod-10777/"
"GAVIAL KREMA ZA CIPELE GAVIAL 50ML";"1060_NEUTRAL";"GAVIAL";"kom";"2,99";"2,99";"NE";"";"2,99";"";"Dostupno";"Žensko - Dodaci - Kreme za cipele";"https://woolf.hr/krema-za-cipele-gavial-50ml-proizvod-11197/"
"GAVIAL KREMA ZA KOŽU 70ML";"1100_NATUR";"GAVIAL";"kom";"9,49";"9,49";"NE";"";"9,49";"";"Dostupno";"Žensko - Dodaci - Kreme za cipele";"https://woolf.hr/krema-za-kozu-70ml-proizvod-11977/"
"GAVIAL SPUŽVICA ZA OBUĆU";"1020_BLACK";"GAVIAL";"kom";"2,99";"2,99";"NE";"";"2,99";"";"Dostupno";"Muško - Muški dodaci - Četke za cipele";"https://woolf.hr/spuzvica-za-obucu-proizvod-11988/"
"GAVIAL TEKUĆE SJAJILO 75ML";"1070_BLACK";"GAVIAL";"kom";"3,99";"3,99";"NE";"";"3,99";"";"Dostupno";"Žensko - Dodaci - Kreme za cipele";"https://woolf.hr/tekuce-sjajilo-75ml-proizvod-10895/"
"GAVIAL VEZICE  RAVNE";"2500_WHITE";"GAVIAL";"kom";"2,49";"2,49";"NE";"";"2,49";"";"Dostupno";"Žensko - Dodaci - Vezice za obuću";"https://woolf.hr/vezice-ravne-proizvod-10781/"
"GAVIAL VEZICE  RAVNE";"110_WHITE";"GAVIAL";"kom";"2,49";"2,49";"NE";"";"2,49";"";"Dostupno";"Žensko - Dodaci - Vezice za obuću";"https://woolf.hr/vezice-ravne-proizvod-12138/"
"GAVIAL VEZICE  RAVNE";"2500_1_BLACK";"GAVIAL";"kom";"2,49";"2,49";"NE";"";"2,49";"";"Dostupno";"Žensko - Dodaci - Vezice za obuću";"https://woolf.hr/vezice-ravne-proizvod-12141/"
"GAVIAL VEZICE  RAVNE";"2500_1_WHITE";"GAVIAL";"kom";"3,49";"3,49";"NE";"";"3,49";"";"Dostupno";"Žensko - Dodaci - Vezice za obuću";"https://woolf.hr/vezice-ravne-proizvod-12142/"
"GAVIAL VEZICE  RAVNE";"2500_CRNA";"GAVIAL";"kom";"3,49";"3,49";"NE";"";"3,49";"";"Dostupno";"Žensko - Dodaci - Vezice za obuću";"https://woolf.hr/vezice-ravne-proizvod-12144/"
"GAVIAL VEZICE  RAVNE";"2500_BROWN";"GAVIAL";"kom";"3,49";"3,49";"NE";"";"3,49";"";"Dostupno";"Žensko - Dodaci - Vezice za obuću";"https://woolf.hr/vezice-ravne-proizvod-12145/"
"GEZER ANATOMSKE KLOMPE";"15158_WHITE";"GEZER";"kom";"19,99";"19,99";"DA";"Akcija";"19,99";"";"Dostupno";"Žensko - Obuća - Anatomska obuća - Klompe";"https://woolf.hr/anatomske-klompe-proizvod-9188/"
"GEZER ANATOMSKE KLOMPE";"15158_1WHITE";"GEZER";"kom";"19,99";"19,99";"DA";"Akcija";"19,99";"";"Dostupno";"Žensko - Obuća - Anatomska obuća - Klompe";"https://woolf.hr/anatomske-klompe-proizvod-9189/"
"GEZER ANATOMSKE KLOMPE";"13466_1FLOWER";"GEZER";"kom";"19,99";"19,99";"DA";"Akcija";"19,99";"";"Dostupno";"Žensko - Obuća - Anatomska obuća - Klompe";"https://woolf.hr/anatomske-klompe-proizvod-9222/"
"GEZER ANATOMSKE KLOMPE";"15158_2WHITE";"GEZER";"kom";"19,99";"19,99";"DA";"Akcija";"19,99";"";"Dostupno";"Žensko - Obuća - Anatomska obuća - Klompe";"https://woolf.hr/anatomske-klompe-proizvod-9733/"
"GEZER ANATOMSKE KLOMPE";"13466_BLACK_FLOW";"GEZER";"kom";"19,99";"19,99";"DA";"Akcija";"19,99";"";"Dostupno";"Žensko - Obuća - Anatomska obuća - Klompe";"https://woolf.hr/anatomske-klompe-proizvod-9813/"
"GEZER ANATOMSKE NATIKAČE";"13464_BEIGEB";"GEZER";"kom";"17,99";"17,99";"DA";"Akcija";"17,99";"";"Dostupno";"Žensko - Obuća - Natikače";"https://woolf.hr/anatomske-natikace-proizvod-6707/"
"GEZER ANATOMSKE NATIKAČE";"13464_BEIGEN";"GEZER";"kom";"17,99";"17,99";"DA";"Akcija";"17,99";"";"Dostupno";"Žensko - Obuća - Natikače";"https://woolf.hr/anatomske-natikace-proizvod-6708/"
"GEZER ANATOMSKE NATIKAČE";"13464_BORDOW";"GEZER";"kom";"17,99";"17,99";"DA";"Akcija";"17,99";"";"Dostupno";"Žensko - Obuća - Natikače";"https://woolf.hr/anatomske-natikace-proizvod-6710/"
"GEZER ANATOMSKE NATIKAČE";"13464_BEIGEBL";"GEZER";"kom";"17,99";"17,99";"DA";"Akcija";"17,99";"";"Dostupno";"Žensko - Obuća - Natikače";"https://woolf.hr/anatomske-natikace-proizvod-6764/"
"GEZER ANATOMSKE NATIKAČE";"13464_BLACKB";"GEZER";"kom";"17,99";"17,99";"DA";"Akcija";"17,99";"";"Dostupno";"Žensko - Obuća - Natikače";"https://woolf.hr/anatomske-natikace-proizvod-6765/"
"GEZER NATIKAČE";"14634_BLACK";"GEZER";"kom";"15,99";"15,99";"DA";"Akcija";"15,99";"";"Dostupno";"Žensko - Obuća - Natikače";"https://woolf.hr/natikace-proizvod-8909/"
"GEZER NATIKAČE";"14634_NAVY";"GEZER";"kom";"15,99";"15,99";"DA";"Akcija";"15,99";"";"Dostupno";"Žensko - Obuća - Natikače";"https://woolf.hr/natikace-proizvod-8910/"
"GEZER NATIKAČE";"14634_WHITE";"GEZER";"kom";"15,99";"15,99";"DA";"Akcija";"15,99";"";"Dostupno";"Žensko - Obuća - Natikače";"https://woolf.hr/natikace-proizvod-8911/"
"GEZER NATIKAČE";"14634_PINK";"GEZER";"kom";"15,99";"15,99";"DA";"Akcija";"15,99";"";"Dostupno";"Žensko - Obuća - Natikače";"https://woolf.hr/natikace-proizvod-9055/"
"GEZER NATIKAČE";"14634_1RED";"GEZER";"kom";"15,99";"15,99";"DA";"Akcija";"15,99";"";"Dostupno";"Žensko - Obuća - Natikače";"https://woolf.hr/natikace-proizvod-11635/"
"GEZER NATIKAČE SANDALE";"09878_1BLACK";"GEZER";"kom";"16,99";"16,99";"DA";"Akcija";"16,99";"";"Dostupno";"Muško - Obuća - Natikače";"https://woolf.hr/natikace-sandale-proizvod-11539/"
"GEZER NATIKAČE SANDALE";"09878_1BROWN";"GEZER";"kom";"16,99";"16,99";"DA";"Akcija";"16,99";"";"Dostupno";"Muško - Obuća - Natikače";"https://woolf.hr/natikace-sandale-proizvod-11672/"
"GEZER PAPUČE";"02580_MAVI";"GEZER";"kom";"6,49";"6,49";"DA";"Akcija";"6,49";"";"Dostupno";"Dječje - Obuća - Papuče";"https://woolf.hr/papuce-proizvod-1980/"
"GEZER PAPUČE";"03085_RED_NAVY";"GEZER";"kom";"7,99";"7,99";"DA";"Akcija";"7,99";"";"Dostupno";"Dječje - Obuća - Papuče";"https://woolf.hr/papuce-proizvod-7357/"
"GEZER PAPUČE";"03205";"GEZER";"kom";"9,09";"9,09";"NE";"";"9,09";"";"Dostupno";"Dječje - Obuća - Papuče";"https://woolf.hr/papuce-proizvod-11155/"
"GEZER TENISICE";"03034_BLUE";"GEZER";"kom";"7,99";"7,99";"DA";"Akcija";"7,99";"";"Dostupno";"Dječje - Obuća - Tenisice";"https://woolf.hr/papuce-proizvod-6912/"
"GEZER TENISICE";"02884_PINK";"GEZER";"kom";"7,99";"7,99";"DA";"Akcija";"7,99";"";"Dostupno";"Dječje - Obuća - Tenisice";"https://woolf.hr/papuce-proizvod-6917/"
"GEZER TENISICE";"03101_BLACK";"GEZER";"kom";"9,09";"9,09";"NE";"";"9,09";"";"Dostupno";"Dječje - Obuća - Papuče";"https://woolf.hr/tenisice-proizvod-7139/"
"GIS KUĆNE PAPUČE";"100_NAVY";"GIS";"kom";"14,99";"14,99";"DA";"Akcija";"14,99";"";"Dostupno";"Žensko - Obuća - Papuče";"https://woolf.hr/kucne-papuce-proizvod-11140/"
"GT NAPINJAČ ZA CIPELE";"WT023_720074";"GT";"kom";"14,99";"14,99";"NE";"";"14,99";"";"Dostupno";"Žensko - Dodaci";"https://woolf.hr/napinjac-za-cipele-proizvod-9716/"
"GT NAPINJAČ ZA CIPELE";"WT023_720075";"GT";"kom";"14,99";"14,99";"NE";"";"14,99";"";"Dostupno";"Žensko - Dodaci";"https://woolf.hr/napinjac-za-cipele-proizvod-9717/"
"GT SMEĐI SJAJ ZA CIPELE";"021218_BROWN";"GT";"kom";"2,49";"2,49";"NE";"";"2,49";"";"Dostupno";"Žensko - Dodaci - Kreme za cipele";"https://woolf.hr/smedi-sjaj-za-cipele-proizvod-9249/"
"GT ULOŠCI ZIMSKI";"6120615_BLACK";"GT";"kom";"3,19";"3,19";"NE";"";"3,19";"";"Dostupno";"Žensko - Dodaci - Ulošci za cipele";"https://woolf.hr/ulosci-zimski-proizvod-9807/"
"HIT SHOES ANATOMSKE KLOMPE";"HPM360_S041_WHITE";"HIT SHOES";"kom";"18,99";"18,99";"DA";"Akcija";"18,99";"";"Dostupno";"Muško - Obuća - Anatomska obuća - Klompe";"https://woolf.hr/anatomske-klompe-proizvod-10344/"
"HIT SHOES ANATOMSKE KLOMPE";"HPF352_S62_BROWN";"HIT SHOES";"kom";"18,99";"18,99";"DA";"Akcija";"18,99";"";"Dostupno";"Žensko - Obuća - Anatomska obuća - Klompe";"https://woolf.hr/anatomske-klompe-proizvod-10805/"
"HIT SHOES ANATOMSKE KLOMPE";"HPF352_S12_WHITE";"HIT SHOES";"kom";"18,99";"18,99";"DA";"Akcija";"18,99";"";"Dostupno";"Žensko - Obuća - Anatomska obuća - Klompe";"https://woolf.hr/anatomske-klompe-proizvod-10922/"
"HIT SHOES ANATOMSKE KLOMPE";"HPM360_S042_WHITE";"HIT SHOES";"kom";"19,99";"19,99";"DA";"Akcija";"19,99";"";"Dostupno";"Muško - Obuća - Anatomska obuća - Klompe";"https://woolf.hr/anatomske-klompe-proizvod-12291/"
"HIT SHOES ANATOMSKE KLOMPE";"HPF352S003_BLACK";"HIT SHOES";"kom";"18,99";"18,99";"DA";"Akcija";"18,99";"";"Dostupno";"Žensko - Obuća - Anatomska obuća - Klompe";"https://woolf.hr/anatomske-klompe-proizvod-12294/"
"HIT SHOES ANATOMSKE KLOMPE";"HPF352_S003BLACK";"HIT SHOES";"kom";"19,99";"19,99";"DA";"Akcija";"19,99";"";"Dostupno";"Žensko - Obuća - Anatomska obuća - Klompe";"https://woolf.hr/anatomske-klompe-proizvod-12866/"
"HIT SHOES ANATOMSKE KLOMPE";"HPF352_S001_PINKBUTERFY";"HIT SHOES";"kom";"21,99";"21,99";"DA";"Akcija";"21,99";"";"Dostupno";"Žensko - Obuća - Anatomska obuća - Klompe";"https://woolf.hr/anatomske-klompe-proizvod-12867/"
"HIT SHOES ANATOMSKE SANDALE";"HG22883_GOLD";"HIT SHOES";"kom";"11,99";"11,99";"DA";"Akcija";"11,99";"";"Dostupno";"Žensko - Obuća - Sandale";"https://woolf.hr/anatomske-sandale-proizvod-6970/"
"HITNEX KUĆNE PAPUČE";"QPF351_T001_BLACK";"HITNEX";"kom";"6,49";"6,49";"NE";"";"6,49";"";"Dostupno";"Žensko - Obuća - Papuče - Kućne papuče";"https://woolf.hr/kucne-papuce-proizvod-8276/"
"HITNEX KUĆNE PAPUČE";"QPF351_T001_BLUE";"HITNEX";"kom";"6,49";"6,49";"NE";"";"6,49";"";"Dostupno";"Žensko - Obuća - Papuče - Kućne papuče";"https://woolf.hr/kucne-papuce-proizvod-8277/"
"HITNEX KUĆNE PAPUČE";"QPF351_T001_PURPLE";"HITNEX";"kom";"6,49";"6,49";"NE";"";"6,49";"";"Dostupno";"Žensko - Obuća - Papuče - Kućne papuče";"https://woolf.hr/kucne-papuce-proizvod-8278/"
"Hollyland Hollyland Lark A1 Combo - bežični mikrofon";"sm-001429";"Hollyland";"kom";"69,99";"69,99";"NE";"";"69,99";"6976068118336";"Dostupno";"Uređaji - TEHNIKA - Mikrofoni";"https://woolf.hr/hollyland-lark-a1-combo-bezicni-mikrofon-proizvod-12478/"
"Hollyland Hollyland Lark A1 Duo - bežični mikrofon";"sm-001436";"Hollyland";"kom";"49,99";"49,99";"NE";"";"49,99";"6976068118374";"Dostupno";"Uređaji - TEHNIKA - Mikrofoni";"https://woolf.hr/hollyland-lark-a1-duo-bezicni-mikrofon-proizvod-12562/"
"Hollyland Hollyland Lark M2 Combo - bežični mikrofon";"sm-001433";"Hollyland";"kom";"159,00";"159,00";"NE";"";"159,00";"6976068112747";"Dostupno";"Uređaji - TEHNIKA - Mikrofoni";"https://woolf.hr/hollyland-lark-m2-combo-bezicni-mikrofon-proizvod-12516/"
"Hollyland Hollyland Lark M2 Mobile USB-C (Duo) - bežični mikrofon";"sm-001430";"Hollyland";"kom";"119,00";"119,00";"NE";"";"119,00";"6976068114444";"Dostupno";"Uređaji - TEHNIKA - Mikrofoni";"https://woolf.hr/hollyland-lark-m2-mobile-usb-c-duo-bezicni-mikrofon-proizvod-12538/"
"Hollyland Hollyland Lark MAX 2 Combo - bežični mikrofon";"sm-001437";"Hollyland";"kom";"269,00";"269,00";"NE";"";"269,00";"6976068117193";"Dostupno";"Uređaji - TEHNIKA - Mikrofoni";"https://woolf.hr/hollyland-lark-max-2-combo-bezicni-mikrofon-proizvod-12451/"
"Hollyland Hollyland Lark MAX 2 Ultimate Combo - bežični mikrofon sa OWS slušalicama";"sm-001444";"Hollyland";"kom";"319,00";"319,00";"NE";"";"319,00";"6976068118695";"Dostupno";"Uređaji - TEHNIKA - Mikrofoni";"https://woolf.hr/hollyland-lark-max-2-ultimate-combo-bezicni-mikrofon-sa-ows-slusalicama-proizvod-12556/"
"HYPER GOGO HYPER GOGO Challenger 12 električni motocikl za djecu - narančasti";"sm-1040981";"HYPER GOGO";"kom";"329,00";"329,00";"NE";"";"329,00";"6975606872839";"Dostupno";"Uređaji - TEHNIKA - Električni motocikli";"https://woolf.hr/hyper-gogo-challenger-12-elektricni-motocikl-za-djecu-narancasti-proizvod-12712/"
"HYPER GOGO HYPER GOGO Challenger 12 Plus (APP) električni motocikl za djecu - narančasti";"sm-1040972";"HYPER GOGO";"kom";"499,00";"499,00";"NE";"";"499,00";"6975606872747";"Dostupno";"Uređaji - TEHNIKA - Električni motocikli";"https://woolf.hr/hyper-gogo-challenger-12-plus-app-elektricni-motocikl-za-djecu-narancasti-proizvod-12715/"
"HYPER GOGO HYPER GOGO Cruiser 12 električni motocikl za djecu - plavi";"sm-1020467";"HYPER GOGO";"kom";"329,00";"329,00";"NE";"";"329,00";"6975606872167";"Dostupno";"Uređaji - TEHNIKA - Električni motocikli";"https://woolf.hr/hyper-gogo-cruiser-12-elektricni-motocikl-za-djecu-plavi-proizvod-12721/"
"HYPER GOGO HYPER GOGO Cruiser 12 Plus (APP) električni motocikl za djecu - narančasti";"sm-1020487";"HYPER GOGO";"kom";"499,00";"499,00";"NE";"";"499,00";"6975606872235";"Dostupno";"Uređaji - TEHNIKA - Električni motocikli";"https://woolf.hr/hyper-gogo-cruiser-12-plus-app-elektricni-motocikl-za-djecu-narancasti-proizvod-12722/"
"HYPER GOGO HYPER GOGO Cruiser 12 Plus (APP) električni motocikl za djecu - plavi";"sm-1020486";"HYPER GOGO";"kom";"499,00";"499,00";"NE";"";"499,00";"6975606872211";"Dostupno";"Uređaji - TEHNIKA - Električni motocikli";"https://woolf.hr/hyper-gogo-cruiser-12-plus-app-elektricni-motocikl-za-djecu-plavi-proizvod-12713/"
"HYPER GOGO HYPER GOGO Cruiser 12 Plus (APP) električni motocikl za djecu - zeleni";"sm-1020488";"HYPER GOGO";"kom";"499,00";"499,00";"NE";"";"499,00";"6975606872228";"Dostupno";"Uređaji - TEHNIKA - Električni motocikli";"https://woolf.hr/hyper-gogo-cruiser-12-plus-app-elektricni-motocikl-za-djecu-zeleni-proizvod-12716/"
"HYPER GOGO HYPER GOGO Cruiser 12 Plus električni motocikl za djecu - crni";"sm-1034756";"HYPER GOGO";"kom";"429,00";"429,00";"NE";"";"429,00";"6975606873485";"Dostupno";"Uređaji - TEHNIKA - Električni motocikli";"https://woolf.hr/hyper-gogo-cruiser-12-plus-elektricni-motocikl-za-djecu-crni-proizvod-12723/"
"HYPER GOGO HYPER GOGO Cruiser 12 Plus električni motocikl za djecu - narančasti";"sm-1020472";"HYPER GOGO";"kom";"429,00";"429,00";"NE";"";"429,00";"6975606872198";"Dostupno";"Uređaji - TEHNIKA - Električni motocikli";"https://woolf.hr/hyper-gogo-cruiser-12-plus-elektricni-motocikl-za-djecu-narancasti-proizvod-12714/"
"HYPER GOGO HYPER GOGO Cruiser 12 Plus električni motocikl za djecu - plavi";"sm-1020471";"HYPER GOGO";"kom";"429,00";"429,00";"NE";"";"429,00";"6975606872204";"Dostupno";"Uređaji - TEHNIKA - Električni motocikli";"https://woolf.hr/hyper-gogo-cruiser-12-plus-elektricni-motocikl-za-djecu-plavi-proizvod-12717/"
"HYPER GOGO HYPER GOGO Cruiser 12 Plus električni motocikl za djecu - zeleni";"sm-1020473";"HYPER GOGO";"kom";"429,00";"429,00";"NE";"";"429,00";"6975606872181";"Dostupno";"Uređaji - TEHNIKA - Električni motocikli";"https://woolf.hr/hyper-gogo-cruiser-12-plus-elektricni-motocikl-za-djecu-zeleni-proizvod-12724/"
"HYPER GOGO HYPER GOGO Pioneer 12 električni motocikl za djecu - crni";"sm-1034180";"HYPER GOGO";"kom";"329,00";"329,00";"NE";"";"329,00";"6975606872631";"Dostupno";"Uređaji - TEHNIKA - Električni motocikli";"https://woolf.hr/hyper-gogo-pioneer-12-elektricni-motocikl-za-djecu-crni-proizvod-12720/"
"HYPER GOGO HYPER GOGO Pioneer 12 Plus električni motocikl za djecu - crni";"sm-1034184";"HYPER GOGO";"kom";"429,00";"429,00";"NE";"";"429,00";"6975606872679";"Dostupno";"Uređaji - TEHNIKA - Električni motocikli";"https://woolf.hr/hyper-gogo-pioneer-12-plus-elektricni-motocikl-za-djecu-crni-proizvod-12725/"
"HYPER GOGO HYPER GOGO Pioneer 12 Plus električni motocikl za djecu - narančasti";"sm-1034186";"HYPER GOGO";"kom";"429,00";"429,00";"NE";"";"429,00";"6975606872693";"Dostupno";"Uređaji - TEHNIKA - Električni motocikli";"https://woolf.hr/hyper-gogo-pioneer-12-plus-elektricni-motocikl-za-djecu-narancasti-proizvod-12719/"
"HYPER GOGO HYPER GOGO Pioneer 12 Plus električni motocikl za djecu - zeleni";"sm-1034187";"HYPER GOGO";"kom";"429,00";"429,00";"NE";"";"429,00";"6975606872709";"Dostupno";"Uređaji - TEHNIKA - Električni motocikli";"https://woolf.hr/hyper-gogo-pioneer-12-plus-elektricni-motocikl-za-djecu-zeleni-proizvod-12718/"
"IN DESIGNO TENISICE";"EMY_RED";"IN DESIGNO";"kom";"19,99";"19,99";"DA";"Akcija";"19,99";"";"Dostupno";"Žensko - Obuća - Tenisice";"https://woolf.hr/tenisice-proizvod-12008/"
"IPANEMA JAPANKE CLASSIC XII";"83470_AO899_20812";"IPANEMA";"kom";"12,99";"12,99";"DA";"Akcija";"12,99";"";"Dostupno";"Žensko - Obuća - Japanke";"https://woolf.hr/japanke-classic-xii-proizvod-10450/"
"IPANEMA JAPANKE CLASSIC XIII KIDS";"83621_AZ046_05809";"IPANEMA";"kom";"13,99";"13,99";"DA";"Akcija";"13,99";"";"Dostupno";"Dječje - Obuća - Japanke";"https://woolf.hr/japanke-classic-xiii-kids-proizvod-11513/"
"IPANEMA JAPANKE CLASSICA HAPPY XII";"83582_AW914_08679";"IPANEMA";"kom";"12,99";"12,99";"DA";"Akcija";"12,99";"";"Dostupno";"Žensko - Obuća - Japanke";"https://woolf.hr/japanke-classica-happy-xii-proizvod-11500/"
"IPANEMA JAPANKE KIREI KIDS";"83543_AQ993_33665";"IPANEMA";"kom";"14,99";"14,99";"DA";"Akcija";"14,99";"";"Dostupno";"Dječje - Obuća - Japanke";"https://woolf.hr/japanke-kirei-kids-proizvod-10455/"
"IPANEMA JAPANKE KIREI KIDS";"83543_24006_41531";"IPANEMA";"kom";"14,99";"14,99";"DA";"Akcija";"14,99";"";"Dostupno";"Žensko - Obuća - Japanke";"https://woolf.hr/japanke-kirei-kids-proizvod-10456/"
"IPANEMA JAPANKE MAXI FASHION KIDS";"82598_AS039_20676";"IPANEMA";"kom";"21,99";"21,99";"DA";"Akcija";"21,99";"";"Dostupno";"Dječje - Obuća - Japanke";"https://woolf.hr/japanke-maxi-fashion-kids-proizvod-10457/"
"IPANEMA JAPANKE MESH CHICK PLAT";"83386_AJ500_02064";"IPANEMA";"kom";"17,99";"17,99";"DA";"Akcija";"17,99";"";"Dostupno";"Žensko - Obuća - Japanke";"https://woolf.hr/japanke-mesh-chick-plat-proizvod-9122/"
"IPANEMA JAPANKE TEMAS XV KIDS";"83609_AZ064_05809";"IPANEMA";"kom";"13,99";"13,99";"DA";"Akcija";"13,99";"";"Dostupno";"Žensko - Obuća - Japanke";"https://woolf.hr/japanke-temas-xv-kids-proizvod-11505/"
"IPANEMA JAPANKE URBAN THONG AD";"83629_BC877_02007";"IPANEMA";"kom";"17,99";"17,99";"DA";"Akcija";"17,99";"";"Dostupno";"Muško - Obuća - Japanke";"https://woolf.hr/japanke-urban-thong-ad-proizvod-11524/"
"IPANEMA NATIKAČE MEU SOL";"83606_AW816_50230";"IPANEMA";"kom";"21,99";"21,99";"DA";"Akcija";"21,99";"";"Dostupno";"Žensko - Obuća - Natikače";"https://woolf.hr/natikace-meu-sol-proizvod-10445/"
"IPANEMA NATIKAČE RENDA II";"83243_AS021_02102";"IPANEMA";"kom";"22,99";"22,99";"DA";"Akcija";"22,99";"";"Dostupno";"Žensko - Obuća - Natikače";"https://woolf.hr/natikace-renda-ii-proizvod-11495/"
"IPANEMA NATIKAČE STREET II";"83244_20766_02234";"IPANEMA";"kom";"22,99";"22,99";"DA";"Akcija";"22,99";"";"Dostupno";"Žensko - Obuća - Natikače";"https://woolf.hr/natikace-street-ii-proizvod-9099/"
"IPANEMA NATIKAČE STREET II";"83244_BD842_02102";"IPANEMA";"kom";"20,99";"20,99";"DA";"Akcija";"20,99";"";"Dostupno";"Žensko - Obuća - Natikače";"https://woolf.hr/natikace-street-ii-proizvod-11501/"
"IPANEMA NATIKAČE URBAN IV";"83349_AH867_05857";"IPANEMA";"kom";"14,99";"14,99";"DA";"Akcija";"14,99";"";"Dostupno";"Dječje - Obuća - Natikače";"https://woolf.hr/natikace-urban-iv-proizvod-9105/"
"IPANEMA NATIKAČE URBAN IV";"83349_AH869_05857";"IPANEMA";"kom";"14,99";"14,99";"DA";"Akcija";"14,99";"";"Dostupno";"Dječje - Obuća - Natikače";"https://woolf.hr/natikace-urban-iv-proizvod-9107/"
"IPANEMA NATIKAČE URBAN SLIDE KIDS";"83614_AY571_36063";"IPANEMA";"kom";"21,99";"21,99";"DA";"Akcija";"21,99";"";"Dostupno";"Dječje - Obuća - Natikače";"https://woolf.hr/natikace-urban-slide-kids-proizvod-11515/"
"IPANEMA NATIKAČE URBAN SLIDE KIDS";"83614_AY575_36063";"IPANEMA";"kom";"19,99";"19,99";"DA";"Akcija";"19,99";"";"Dostupno";"Dječje - Obuća - Natikače";"https://woolf.hr/natikace-urban-slide-kids-proizvod-11516/"
"IPANEMA SANDALA CLASS ARTESANIA";"26669_AB480_02064";"IPANEMA";"kom";"14,99";"14,99";"DA";"Akcija";"14,99";"";"Dostupno";"Žensko - Obuća - Sandale";"https://woolf.hr/sandala-class-artesania-proizvod-9079/"
"IPANEMA SANDALE BUTTERFLY BABY";"83659_BB879_35357";"IPANEMA";"kom";"17,99";"17,99";"DA";"Akcija";"17,99";"";"Dostupno";"Dječje - Obuća - Sandale";"https://woolf.hr/sandale-butterfly-baby-proizvod-11507/"
"IPANEMA SANDALE CLASS BLOWN UP";"83585_AT220_33165";"IPANEMA";"kom";"24,99";"24,99";"DA";"Akcija";"24,99";"";"Dostupno";"Žensko - Obuća - Sandale";"https://woolf.hr/sandale-class-blown-up-proizvod-10454/"
"IPANEMA SANDALE CLASS FLORA";"27018_AF383_20797";"IPANEMA";"kom";"19,99";"19,99";"DA";"Akcija";"19,99";"";"Dostupno";"Dječje - Obuća - Sandale";"https://woolf.hr/sandale-class-flora-proizvod-9084/"
"IPANEMA SANDALE CLASS INFINITY";"83660_BC739_08679";"IPANEMA";"kom";"20,99";"20,99";"DA";"Akcija";"20,99";"";"Dostupno";"Žensko - Obuća - Sandale";"https://woolf.hr/sandale-class-infinity-proizvod-11494/"
"IPANEMA SANDALE FASHION SANDS";"83335_AH731_04121";"IPANEMA";"kom";"19,99";"19,99";"DA";"Akcija";"19,99";"";"Dostupno";"Dječje - Obuća - Sandale";"https://woolf.hr/sandale-fashion-sands-proizvod-9102/"
"IPANEMA SANDALE MY FIRST BABY";"81997_BC815_35357";"IPANEMA";"kom";"17,99";"17,99";"DA";"Akcija";"17,99";"";"Dostupno";"Dječje - Obuća - Sandale";"https://woolf.hr/sandale-my-first-baby-proizvod-11510/"
"IPANEMA SANDALE SEMPRE NOVA DIVERSA";"27238_BH322_02586";"IPANEMA";"kom";"29,99";"29,99";"DA";"Akcija";"29,99";"";"Dostupno";"Žensko - Obuća - Sandale";"https://woolf.hr/sandale-sempre-nova-diversa-proizvod-11499/"
"IPANEMA SANDALE SUMMER BABY";"83485_AR576_09942";"IPANEMA";"kom";"24,99";"24,99";"DA";"Akcija";"24,99";"";"Dostupno";"Dječje - Obuća - Sandale";"https://woolf.hr/sandale-summer-baby-proizvod-10468/"
"IPANEMA SANDALE SUMMER BABY";"83615_BC950_09942";"IPANEMA";"kom";"26,99";"26,99";"DA";"Akcija";"26,99";"";"Dostupno";"Dječje - Obuća - Sandale";"https://woolf.hr/sandale-summer-baby-proizvod-11509/"
"IPANEMA SANDALE SUMMER BABY";"83615_BC943_09942";"IPANEMA";"kom";"26,99";"26,99";"DA";"Akcija";"26,99";"";"Dostupno";"Dječje - Obuća - Sandale";"https://woolf.hr/sandale-summer-baby-proizvod-11511/"
"ISABAC NATIKAČE";"2378_GREY";"ISABAC";"kom";"15,99";"15,99";"DA";"Akcija";"15,99";"";"Dostupno";"Žensko - Obuća - Anatomska obuća - Natikače";"https://woolf.hr/natikace-proizvod-12862/"
"ISABAC NATIKAČE";"2378_BLACK";"ISABAC";"kom";"15,99";"15,99";"DA";"Akcija";"15,99";"";"Dostupno";"Žensko - Obuća - Anatomska obuća - Natikače";"https://woolf.hr/natikace-proizvod-12863/"
"ISABAC NATIKAČE";"2378_KHAKI";"ISABAC";"kom";"15,99";"15,99";"DA";"Akcija";"15,99";"";"Dostupno";"Žensko - Obuća - Anatomska obuća - Natikače";"https://woolf.hr/natikace-proizvod-12864/"
"ISABAC SANDALE";"3520_BEIGE";"ISABAC";"kom";"17,99";"17,99";"DA";"Akcija";"17,99";"";"Dostupno";"Žensko - Obuća - Sandale";"https://woolf.hr/sandale-proizvod-11724/"
"Jela GLEŽNJAČE";"GROSSGLOCKNER_GREY_FUCHSIA";"Jela";"kom";"26,99";"26,99";"DA";"Akcija";"26,99";"";"Dostupno";"Dječje - Obuća - Gležnjače";"https://woolf.hr/gleznjace-proizvod-7355/"
"Jela KOŽNE BUCE";"HOGUN_GREY_ORANGE";"Jela";"kom";"32,99";"32,99";"DA";"Akcija";"32,99";"";"Dostupno";"Dječje - Obuća - Buce";"https://woolf.hr/kozne-buce-proizvod-7353/"
"Jela KOŽNE ČIZME";"LYDIA_BEIGE";"Jela";"kom";"34,99";"34,99";"DA";"Akcija";"34,99";"";"Dostupno";"Dječje - Obuća - Buce";"https://woolf.hr/kozne-cizme-proizvod-7352/"
"JES MILE MODNE ČIZME";"K391_BLACK";"JES MILE";"kom";"20,99";"20,99";"DA";"Akcija";"20,99";"";"Dostupno";"Žensko - Obuća - Gležnjače";"https://woolf.hr/modne-cizme-proizvod-11086/"
"JIMMY JIMMY AF3 2u1 pekač i friteza na vrući zrak";"sm-001219";"JIMMY";"kom";"129,00";"129,00";"NE";"";"129,00";"6946499313129";"Dostupno";"Uređaji - TEHNIKA - Pametan dom - Kućna pomagala";"https://woolf.hr/jimmy-af3-2u1-pekac-i-friteza-na-vruci-zrak-proizvod-12483/"
"JIMMY JIMMY BX5 PRO ručni UV usisivač - sivi";"sm-001196";"JIMMY";"kom";"99,00";"99,00";"NE";"";"99,00";"6946499312221";"Dostupno";"Uređaji - TEHNIKA - Pametan dom - Ručni usisavači";"https://woolf.hr/jimmy-bx5-pro-rucni-uv-usisivac-sivi-proizvod-12504/"
"JIMMY JIMMY BX6 ručni UV usisivač";"sm-000789";"JIMMY";"kom";"119,00";"119,00";"NE";"";"119,00";"6946499310951";"Dostupno";"Uređaji - TEHNIKA - Pametan dom - Ručni usisavači";"https://woolf.hr/jimmy-bx6-rucni-uv-usisivac-proizvod-12606/"
"JIMMY JIMMY BX7 Dual ručni UV usisivač - sivi";"sm-001231";"JIMMY";"kom";"149,00";"149,00";"NE";"";"149,00";"6946499312214";"Dostupno";"Uređaji - TEHNIKA - Pametan dom - Ručni usisavači";"https://woolf.hr/jimmy-bx7-dual-rucni-uv-usisivac-sivi-proizvod-12578/"
"JIMMY JIMMY BX7 Pro MAX ručni UV usisivač - sivi";"sm-001328";"JIMMY";"kom";"169,00";"169,00";"NE";"";"169,00";"6946499314416";"Dostupno";"Uređaji - TEHNIKA - Pametan dom - Ručni usisavači";"https://woolf.hr/jimmy-bx7-pro-max-rucni-uv-usisivac-sivi-proizvod-12618/"
"JIMMY JIMMY BX7 PRO ručni UV usisivač - plavi";"sm-000787";"JIMMY";"kom";"149,00";"149,00";"NE";"";"149,00";"6946499310975";"Dostupno";"Uređaji - TEHNIKA - Pametan dom - Ručni usisavači";"https://woolf.hr/jimmy-bx7-pro-rucni-uv-usisivac-plavi-proizvod-12688/"
"JIMMY JIMMY BX7 PRO ručni UV usisivač - sivi";"sm-001022";"JIMMY";"kom";"149,00";"149,00";"NE";"";"149,00";"6946499311330";"Dostupno";"Uređaji - TEHNIKA - Pametan dom - Ručni usisavači";"https://woolf.hr/jimmy-bx7-pro-rucni-uv-usisivac-sivi-proizvod-12587/"
"JIMMY JIMMY BX8 Pro ručni UV usisivač";"sm-001504";"JIMMY";"kom";"179,00";"179,00";"NE";"";"179,00";"6946499317646";"Dostupno";"Uređaji - TEHNIKA - Pametan dom - Ručni usisavači";"https://woolf.hr/jimmy-bx8-pro-rucni-uv-usisivac-proizvod-12801/"
"JIMMY JIMMY BX8 ručni UV usisivač";"sm-001348";"JIMMY";"kom";"159,00";"159,00";"NE";"";"159,00";"6946499314201";"Dostupno";"Uređaji - TEHNIKA - Pametan dom - Ručni usisavači";"https://woolf.hr/jimmy-bx8-rucni-uv-usisivac-proizvod-12800/"
"JIMMY JIMMY F2 Nano sušilo za kosu";"sm-000588";"JIMMY";"kom";"59,99";"59,99";"NE";"";"59,99";"6946499310128";"Dostupno";"Uređaji - TEHNIKA - Osobna njega";"https://woolf.hr/jimmy-f2-nano-susilo-za-kosu-proizvod-12593/"
"JIMMY JIMMY F7 Nano Ultrasonic sušilo za kosu";"sm-001214";"JIMMY";"kom";"149,00";"149,00";"NE";"";"149,00";"6946499312368";"Dostupno";"Uređaji - TEHNIKA - Osobna njega";"https://woolf.hr/jimmy-f7-nano-ultrasonic-susilo-za-kosu-proizvod-12535/"
"JIMMY JIMMY F8 Nano Ultrasonic sušilo za kosu";"sm-001039";"JIMMY";"kom";"199,00";"199,00";"NE";"";"199,00";"6946499311408";"Dostupno";"Uređaji - TEHNIKA - Osobna njega";"https://woolf.hr/jimmy-f8-nano-ultrasonic-susilo-za-kosu-proizvod-12577/"
"JIMMY JIMMY H8 Flex - bežični usisivač";"sm-001081";"JIMMY";"kom";"269,00";"269,00";"NE";"";"269,00";"6946499311668";"Dostupno";"Uređaji - TEHNIKA - Pametan dom - Ručni usisavači";"https://woolf.hr/jimmy-h8-flex-bezicni-usisivac-proizvod-12548/"
"JIMMY JIMMY H8 Upgraded - bežični usisivač";"sm-001069";"JIMMY";"kom";"239,00";"239,00";"NE";"";"239,00";"6946499309856";"Dostupno";"Uređaji - TEHNIKA - Pametan dom - Ručni usisavači";"https://woolf.hr/jimmy-h8-upgraded-bezicni-usisivac-proizvod-12441/"
"JIMMY JIMMY H9 Pro bežični usisivač";"sm-442199";"JIMMY";"kom";"369,00";"369,00";"NE";"";"369,00";"6946499309924";"Dostupno";"Uređaji - TEHNIKA - Pametan dom - Ručni usisavači";"https://woolf.hr/jimmy-h9-pro-bezicni-usisivac-proizvod-12522/"
"JIMMY JIMMY H10 Flex bežični usisivač";"sm-001156";"JIMMY";"kom";"349,00";"349,00";"NE";"";"349,00";"6946499312177";"Dostupno";"Uređaji - TEHNIKA - Pametan dom - Ručni usisavači";"https://woolf.hr/jimmy-h10-flex-bezicni-usisivac-proizvod-12557/"
"JIMMY JIMMY H11 Pro bežični usisivač";"sm-001344";"JIMMY";"kom";"449,00";"449,00";"NE";"";"449,00";"6946499314911";"Dostupno";"Uređaji - TEHNIKA - Pametan dom - Ručni usisavači";"https://woolf.hr/jimmy-h11-pro-bezicni-usisivac-proizvod-12527/"
"JIMMY JIMMY HF9 Hair Multi-styler - stilizator za oblikovanje kose";"sm-001345";"JIMMY";"kom";"159,00";"159,00";"NE";"";"159,00";"6946499314959";"Dostupno";"Uređaji - TEHNIKA - Osobna njega";"https://woolf.hr/jimmy-hf9-hair-multi-styler-stilizator-za-oblikovanje-kose-proizvod-12600/"
"JIMMY JIMMY JV9 Pro Aqua bežični usisivač";"sm-001398";"JIMMY";"kom";"349,00";"349,00";"NE";"";"349,00";"6946499315734";"Dostupno";"Uređaji - TEHNIKA - Pametan dom - Ručni usisavači";"https://woolf.hr/jimmy-jv9-pro-aqua-bezicni-usisivac-proizvod-12594/"
"JIMMY JIMMY JV35 Ručni UV Usisivač - sivi";"sm-369827";"JIMMY";"kom";"119,00";"119,00";"NE";"";"119,00";"6946499308446";"Dostupno";"Uređaji - TEHNIKA - Pametan dom - Ručni usisavači";"https://woolf.hr/jimmy-jv35-rucni-uv-usisivac-sivi-proizvod-12561/"
"JIMMY JIMMY JV83 Pro bežični usisivač";"sm-001301";"JIMMY";"kom";"219,00";"219,00";"NE";"";"219,00";"6946499313709";"Dostupno";"Uređaji - TEHNIKA - Pametan dom - Ručni usisavači";"https://woolf.hr/jimmy-jv83-pro-bezicni-usisivac-proizvod-12492/"
"JIMMY JIMMY JV85 bežični usisivač - plavi";"sm-372191";"JIMMY";"kom";"179,00";"179,00";"DA";"Akcija";"179,00";"6946499308897";"Dostupno";"Uređaji - TEHNIKA - Pametan dom - Ručni usisavači";"https://woolf.hr/jimmy-jv85-bezicni-usisivac-plavi-proizvod-12528/"
"JIMMY JIMMY JV85 Pro bežični usisivač - ljubičasti";"sm-371162";"JIMMY";"kom";"289,00";"289,00";"NE";"";"289,00";"6946499308903";"Dostupno";"Uređaji - TEHNIKA - Pametan dom - Ručni usisavači";"https://woolf.hr/jimmy-jv85-pro-bezicni-usisivac-ljubicasti-proizvod-12532/"
"JIMMY JIMMY Matrix I9 modul - ledomat s drobilicom";"sm-001509";"JIMMY";"kom";"349,00";"349,00";"NE";"";"349,00";"6946499317233";"Dostupno";"Uređaji - TEHNIKA - Pametan dom - Kućna pomagala";"https://woolf.hr/jimmy-matrix-i9-modul-ledomat-s-drobilicom-proizvod-12829/"
"JIMMY JIMMY Matrix M9 Pro - modularni sustav za pročišćavanje vode";"sm-001505";"JIMMY";"kom";"399,00";"399,00";"NE";"";"399,00";"6946499317219";"Dostupno";"Uređaji - TEHNIKA - Pametan dom - Kućna pomagala";"https://woolf.hr/jimmy-matrix-m9-pro-modularni-sustav-za-prociscavanje-vode-proizvod-12831/"
"JIMMY JIMMY Matrix S9 modul - za gaziranje vode";"sm-001508";"JIMMY";"kom";"199,00";"199,00";"NE";"";"199,00";"6946499317226";"Dostupno";"Uređaji - TEHNIKA - Pametan dom - Kućna pomagala";"https://woolf.hr/jimmy-matrix-s9-modul-za-gaziranje-vode-proizvod-12830/"
"JIMMY Jimmy PW11 Plus bežični usisivač za suho i mokro čišćenje";"sm-001488";"JIMMY";"kom";"399,00";"399,00";"NE";"";"399,00";"";"Dostupno";"Uređaji - TEHNIKA - Pametan dom - Ručni usisavači";"https://woolf.hr/jimmy-pw11-plus-bezicni-usisivac-za-suho-i-mokro-ciscenje-proizvod-12645/"
"JIMMY Jimmy PW11 Pro Max bežični usisivač za suho i mokro čišćenje";"sm-001255";"JIMMY";"kom";"599,00";"599,00";"NE";"";"599,00";"6946499313662";"Dostupno";"Uređaji - TEHNIKA - Pametan dom - Ručni usisavači";"https://woolf.hr/jimmy-pw11-pro-max-bezicni-usisivac-za-suho-i-mokro-ciscenje-proizvod-12518/"
"JIMMY Jimmy PW11 Pro Max bežični usisivač za suho i mokro čišćenje (Upgraded)";"sm-001491";"JIMMY";"kom";"599,00";"599,00";"NE";"";"599,00";"6946499316496";"Dostupno";"Uređaji - TEHNIKA - Pametan dom - Ručni usisavači";"https://woolf.hr/jimmy-pw11-pro-max-bezicni-usisivac-za-suho-i-mokro-ciscenje-upgraded-proizvod-12928/"
"JIMMY JIMMY R9 PRO - sustav za pročišćavanje vode";"sm-001445";"JIMMY";"kom";"439,00";"439,00";"DA";"Akcija";"439,00";"6946499317202";"Dostupno";"Uređaji - TEHNIKA - Pametan dom - Pročišćivači i ventilatori";"https://woolf.hr/jimmy-r9-pro-sustav-za-prociscavanje-vode-proizvod-12648/"
"JIMMY JIMMY WB73 ručni UV usisivač";"sm-000788";"JIMMY";"kom";"129,00";"129,00";"NE";"";"129,00";"6946499310944";"Dostupno";"Uređaji - TEHNIKA - Pametan dom - Ručni usisavači";"https://woolf.hr/jimmy-wb73-rucni-uv-usisivac-proizvod-12489/"
"JIMMY Originalna baterija za JIMMY H8 bežični usisivač";"sm-000455";"JIMMY";"kom";"69,99";"69,99";"NE";"";"69,99";"6946499383474";"Dostupno";"Uređaji - TEHNIKA - Pametan dom - Ručni usisavači";"https://woolf.hr/originalna-baterija-za-jimmy-h8-bezicni-usisivac-proizvod-12596/"
"JIMMY Originalna baterija za JIMMY H8 Flex";"sm-001147";"JIMMY";"kom";"69,99";"69,99";"NE";"";"69,99";"6946499384822";"Dostupno";"Uređaji - TEHNIKA - Pametan dom - Ručni usisavači";"https://woolf.hr/originalna-baterija-za-jimmy-h8-flex-proizvod-12545/"
"JIMMY Originalna baterija za JIMMY H9 Flex bežični usisivač";"sm-001087";"JIMMY";"kom";"79,50";"79,50";"NE";"";"79,50";"6946499384815";"Dostupno";"Uređaji - TEHNIKA - Pametan dom - Ručni usisavači";"https://woolf.hr/originalna-baterija-za-jimmy-h9-flex-bezicni-usisivac-proizvod-12444/"
"JIMMY Originalna baterija za JIMMY H9 Pro bežični usisivač";"sm-000459";"JIMMY";"kom";"79,50";"79,50";"NE";"";"79,50";"6946499383511";"Dostupno";"Uređaji - TEHNIKA - Pametan dom - Ručni usisavači";"https://woolf.hr/originalna-baterija-za-jimmy-h9-pro-bezicni-usisivac-proizvod-12615/"
"JIMMY Originalna baterija za JIMMY H10 Flex";"sm-001221";"JIMMY";"kom";"99,99";"99,99";"NE";"";"99,99";"6946499384822";"Dostupno";"Uređaji - TEHNIKA - Pametan dom - Ručni usisavači";"https://woolf.hr/originalna-baterija-za-jimmy-h10-flex-proizvod-12506/"
"JIMMY Originalna baterija za JIMMY JV51/JV53/JV53 Lite";"sm-364633";"JIMMY";"kom";"59,99";"59,99";"NE";"";"59,99";"6946499381555";"Dostupno";"Uređaji - TEHNIKA - Pametan dom";"https://woolf.hr/originalna-baterija-za-jimmy-jv51-jv53-jv53-lite-proizvod-12570/"
"JIMMY Originalna glava za Jimmy H8 Upgraded / JV63";"sm-001174";"JIMMY";"kom";"39,99";"39,99";"NE";"";"39,99";"";"Dostupno";"Uređaji - TEHNIKA - Pametan dom - Ručni usisavači";"https://woolf.hr/originalna-glava-za-jimmy-h8-upgraded-jv63-proizvod-12611/"
"JIMMY Originalna glava za Jimmy H9 Flex / H10 Flex / H10 Pro";"sm-001139";"JIMMY";"kom";"44,99";"44,99";"NE";"";"44,99";"";"Dostupno";"Uređaji - TEHNIKA - Pametan dom - Ručni usisavači";"https://woolf.hr/originalna-glava-za-jimmy-h9-flex-h10-flex-h10-pro-proizvod-12598/"
"JIMMY RO-2.0S filter za JIMMY R9 pročišćivač vode - membranski filter za reverznu osmozu";"sm-001422";"JIMMY";"kom";"49,99";"49,99";"NE";"";"49,99";"6946499386222";"Dostupno";"Uređaji - TEHNIKA - Pametan dom - Pročišćivači i ventilatori";"https://woolf.hr/ro-20s-filter-za-jimmy-r9-prociscivac-vode-membranski-filter-za-reverznu-osmozu-proizvod-12539/"
"JOIA SANDALE";"H8308_SILVER";"JOIA";"kom";"26,99";"26,99";"DA";"Akcija";"26,99";"";"Dostupno";"Žensko - Obuća - Sandale";"https://woolf.hr/sandale-proizvod-11485/"
"JOIA SANDALE";"H8308_WHITE";"JOIA";"kom";"26,99";"26,99";"DA";"Akcija";"26,99";"";"Dostupno";"Žensko - Obuća - Sandale";"https://woolf.hr/sandale-proizvod-11486/"
"KADIMAN GLEŽNJAČE";"WL587_BLACK";"KADIMAN";"kom";"30,99";"30,99";"DA";"Akcija";"30,99";"";"Dostupno";"Muško - Obuća - Gležnjače";"https://woolf.hr/gleznjace-proizvod-11110/"
"KADIMAN GLEŽNJAČE";"WL587_BROWN";"KADIMAN";"kom";"30,99";"30,99";"DA";"Akcija";"30,99";"";"Dostupno";"Muško - Obuća - Gležnjače";"https://woolf.hr/gleznjace-proizvod-11154/"
"KangaROOS TENISICE";"10179_NAVY";"KangaROOS";"kom";"38,99";"38,99";"DA";"Akcija";"38,99";"";"Dostupno";"Dječje - Obuća - Tenisice";"https://woolf.hr/tenisice-proizvod-12092/"
"KangaROOS TENISICE";"10179_OLIVE";"KangaROOS";"kom";"38,99";"38,99";"DA";"Akcija";"38,99";"";"Dostupno";"Dječje - Obuća - Tenisice";"https://woolf.hr/tenisice-proizvod-12093/"
"KangaROOS TENISICE";"10274_NAVY";"KangaROOS";"kom";"38,00";"38,00";"DA";"Akcija";"38,00";"";"Dostupno";"Žensko - Obuća - Tenisice";"https://woolf.hr/tenisice-proizvod-12094/"
"KangaROOS TENISICE";"10179_1OLIVE";"KangaROOS";"kom";"42,99";"42,99";"DA";"Akcija";"42,99";"";"Dostupno";"Dječje - Obuća - Tenisice";"https://woolf.hr/tenisice-proizvod-12095/"
"KangaROOS TENISICE";"70210_BLACK";"KangaROOS";"kom";"39,00";"39,00";"DA";"Akcija";"39,00";"";"Dostupno";"Muško - Obuća - Tenisice";"https://woolf.hr/tenisice-proizvod-12659/"
"KangaROOS TENISICE";"30285_BLACK";"KangaROOS";"kom";"39,90";"39,90";"DA";"Akcija";"39,90";"";"Dostupno";"Žensko - Obuća - Tenisice";"https://woolf.hr/tenisice-proizvod-12661/"
"KangaROOS TENISICE";"30283_WHT_PINK";"KangaROOS";"kom";"38,24";"38,24";"DA";"Akcija";"38,24";"";"Dostupno";"Žensko - Obuća - Tenisice";"https://woolf.hr/tenisice-proizvod-12662/"
"KangaROOS TENISICE";"70221_BLK";"KangaROOS";"kom";"39,99";"39,99";"DA";"Akcija";"39,99";"";"Dostupno";"Muško - Obuća - Tenisice";"https://woolf.hr/tenisice-proizvod-12670/"
"KangaROOS TENISICE CREEPIN";"10413_GREY";"KangaROOS";"kom";"38,00";"38,00";"DA";"Akcija";"38,00";"";"Dostupno";"Žensko - Obuća - Tenisice";"https://woolf.hr/tenisice-creepin-proizvod-11811/"
"KangaROOS TENISICE FAIR EV";"10127_WHITE";"KangaROOS";"kom";"29,99";"29,99";"DA";"Akcija";"29,99";"";"Dostupno";"Dječje - Obuća - Tenisice";"https://woolf.hr/tenisice-fair-ev-proizvod-11806/"
"KangaROOS TENISICE K CP BOUNDER EV";"102690_GREY";"KangaROOS";"kom";"26,99";"26,99";"DA";"Akcija";"26,99";"";"Dostupno";"Dječje - Obuća - Tenisice";"https://woolf.hr/tenisice-k-cp-bounder-ev-proizvod-11815/"
"KangaROOS TENISICE K CP Tipin OS";"10268_BLK_WHITE";"KangaROOS";"kom";"36,99";"36,99";"DA";"Akcija";"36,99";"";"Dostupno";"Žensko - Obuća - Tenisice";"https://woolf.hr/tenisice-k-cp-tipin-os-proizvod-11786/"
"KangaROOS TENISICE K ETK ZIG EV";"10408_PINK";"KangaROOS";"kom";"25,99";"25,99";"DA";"Akcija";"25,99";"";"Dostupno";"Dječje - Obuća - Tenisice";"https://woolf.hr/tenisice-k-etk-zig-ev-proizvod-11810/"
"KangaROOS TENISICE K ETK ZIG EV";"10408_NAVY";"KangaROOS";"kom";"25,99";"25,99";"DA";"Akcija";"25,99";"";"Dostupno";"Dječje - Obuća - Tenisice";"https://woolf.hr/tenisice-k-etk-zig-ev-proizvod-11814/"
"KangaROOS TENISICE K RIDYARD EV";"10989_YELLOW";"KangaROOS";"kom";"24,99";"24,99";"DA";"Akcija";"24,99";"";"Dostupno";"Dječje - Obuća - Tenisice";"https://woolf.hr/tenisice-k-ridyard-ev-proizvod-11788/"
"KangaROOS TENISICE K RIDYARD EV";"10989_1_YELLOW";"KangaROOS";"kom";"26,99";"26,99";"DA";"Akcija";"26,99";"";"Dostupno";"Žensko - Obuća - Tenisice";"https://woolf.hr/tenisice-k-ridyard-ev-proizvod-11790/"
"KangaROOS TENISICE K WATCH JET";"39212_BLACK";"KangaROOS";"kom";"39,00";"39,00";"DA";"Akcija";"39,00";"";"Dostupno";"Muško - Obuća - Tenisice";"https://woolf.hr/tenisice-k-watch-jet-proizvod-11805/"
"KangaROOS TENISICE MILES EV";"10297_GREEN";"KangaROOS";"kom";"31,99";"31,99";"DA";"Akcija";"31,99";"";"Dostupno";"Dječje - Obuća - Tenisice";"https://woolf.hr/tenisice-miles-ev-proizvod-11813/"
"KangaROOS TENISICE PAICE";"80059_BLACK";"KangaROOS";"kom";"56,99";"56,99";"NE";"";"56,99";"";"Dostupno";"Muško - Obuća - Tenisice";"https://woolf.hr/tenisice-paice-proizvod-11824/"
"KangaROOS TENISICE READY EV";"10273_PINK";"KangaROOS";"kom";"29,99";"29,99";"DA";"Akcija";"29,99";"";"Dostupno";"Dječje - Obuća - Tenisice";"https://woolf.hr/tenisice-ready-ev-proizvod-11794/"
"KangaROOS TENISICE SOLE MID EV";"10404_NAVY";"KangaROOS";"kom";"38,99";"38,99";"DA";"Akcija";"38,99";"";"Dostupno";"Dječje - Obuća - Tenisice";"https://woolf.hr/tenisice-sole-mid-ev-proizvod-11793/"
"KAPPA BUCE";"15K0323003_NAVY";"KAPPA";"kom";"52,99";"52,99";"DA";"Akcija";"52,99";"";"Dostupno";"Dječje - Obuća - Buce";"https://woolf.hr/buce-proizvod-12090/"
"KAPPA GLEŽNJAČE KOMBO";"241635_BROWN";"KAPPA";"kom";"44,99";"44,99";"DA";"Akcija";"44,99";"";"Dostupno";"Žensko - Obuća - Gležnjače";"https://woolf.hr/gleznjace-kombo-proizvod-10785/"
"KAPPA GLEŽNJAČE KOMBO";"241635_1_BROWN";"KAPPA";"kom";"44,99";"44,99";"DA";"Akcija";"44,99";"";"Dostupno";"Žensko - Obuća - Gležnjače";"https://woolf.hr/gleznjace-kombo-proizvod-10799/"
"KAPPA GLEŽNJAČE SHAB";"243046_OLIVE";"KAPPA";"kom";"48,99";"48,99";"DA";"Akcija";"48,99";"";"Dostupno";"Žensko - Obuća - Tenisice";"https://woolf.hr/gleznjace-shab-proizvod-10786/"
"KAPPA GLEŽNJAČE SHAB";"260991K_OLIVE";"KAPPA";"kom";"34,99";"34,99";"DA";"Akcija";"34,99";"";"Dostupno";"Dječje - Obuća - Tenisice";"https://woolf.hr/gleznjace-shab-proizvod-10870/"
"KAPPA TENISICE";"243380_NAVY";"KAPPA";"kom";"50,99";"50,99";"DA";"Akcija";"50,99";"";"Dostupno";"Žensko - Obuća - Gležnjače";"https://woolf.hr/tenisice-proizvod-9589/"
"KAPPA TENISICE";"243377_BLACK";"KAPPA";"kom";"39,00";"39,00";"DA";"Akcija";"39,00";"";"Dostupno";"Žensko - Obuća - Tenisice";"https://woolf.hr/tenisice-proizvod-9590/"
"KAPPA TENISICE";"26K0051001_BLACK";"KAPPA";"kom";"29,90";"29,90";"DA";"Akcija";"29,90";"";"Dostupno";"Muško - Obuća - Tenisice";"https://woolf.hr/tenisice-proizvod-12655/"
"KAPPA TENISICE";"26K0051001_GREY";"KAPPA";"kom";"29,90";"29,90";"DA";"Akcija";"29,90";"";"Dostupno";"Muško - Obuća - Tenisice";"https://woolf.hr/tenisice-proizvod-12656/"
"KAPPA TENISICE";"26K001201_NAVY_ROSE";"KAPPA";"kom";"49,00";"49,00";"DA";"Akcija";"49,00";"";"Dostupno";"Žensko - Obuća - Tenisice";"https://woolf.hr/tenisice-proizvod-12657/"
"KAPPA TENISICE";"26K0042001_MINT";"KAPPA";"kom";"39,00";"39,00";"DA";"Akcija";"39,00";"";"Dostupno";"Žensko - Obuća - Tenisice";"https://woolf.hr/tenisice-proizvod-12658/"
"KAPPA TENISICE BASH";"242533_BLACK";"KAPPA";"kom";"32,00";"32,00";"DA";"Akcija";"32,00";"";"Dostupno";"Žensko - Obuća - Tenisice";"https://woolf.hr/tenisice-bash-proizvod-10789/"
"KAPPA TENISICE BASIC";"243368_BLACK";"KAPPA";"kom";"39,99";"39,99";"DA";"Akcija";"39,99";"";"Dostupno";"Muško - Obuća - Tenisice";"https://woolf.hr/tenisice-basic-proizvod-10792/"
"KAPPA TENISICE BRADOCK";"243418_BLACK";"KAPPA";"kom";"39,99";"39,99";"DA";"Akcija";"39,99";"";"Dostupno";"Muško - Obuća - Tenisice";"https://woolf.hr/tenisice-bradock-proizvod-10867/"
"KAPPA TENISICE FOGO";"243180_WHITE";"KAPPA";"kom";"35,00";"35,00";"DA";"Akcija";"35,00";"";"Dostupno";"Muško - Obuća - Tenisice";"https://woolf.hr/tenisice-fogo-proizvod-10865/"
"KAPPA TENISICE JONSCHA";"243316_WHITE";"KAPPA";"kom";"49,99";"49,99";"DA";"Akcija";"49,99";"";"Dostupno";"Muško - Obuća - Gležnjače";"https://woolf.hr/tenisice-proizvod-9588/"
"KAPPA TENISICE JONSCHA";"243317_WHITE";"KAPPA";"kom";"49,99";"49,99";"DA";"Akcija";"49,99";"";"Dostupno";"Žensko - Obuća - Tenisice";"https://woolf.hr/tenisice-jonscha-proizvod-10790/"
"KAPPA TENISICE LINEUP";"261071K_RED";"KAPPA";"kom";"34,99";"34,99";"DA";"Akcija";"34,99";"";"Dostupno";"Dječje - Obuća - Tenisice";"https://woolf.hr/tenisice-lineup-proizvod-10871/"
"KAPPA TENISICE LOGO";"95K0783001_NAVY";"KAPPA";"kom";"33,90";"33,90";"DA";"Akcija";"33,90";"";"Dostupno";"Žensko - Obuća - Tenisice";"https://woolf.hr/tenisice-logo-proizvod-11821/"
"KAPPA TENISICE RAVE";"242681_WHITE";"KAPPA";"kom";"44,99";"44,99";"DA";"Akcija";"44,99";"";"Dostupno";"Žensko - Obuća - Tenisice";"https://woolf.hr/tenisice-rave-proizvod-10866/"
"KAPPA TENISICE VALDIS";"2609820_RED";"KAPPA";"kom";"19,99";"19,99";"DA";"Akcija";"19,99";"";"Dostupno";"Dječje - Obuća - Tenisice";"https://woolf.hr/tenisice-valdis-proizvod-10869/"
"KAPPA TREKKING GLEŽNJAČE";"15K0012002_BEIGE";"KAPPA";"kom";"63,99";"63,99";"DA";"Akcija";"63,99";"";"Dostupno";"Žensko - Obuća - Gležnjače";"https://woolf.hr/trekking-gleznjace-proizvod-12083/"
"KAPPA TREKKING GLEŽNJAČE";"15K0313006_NAVY";"KAPPA";"kom";"46,99";"46,99";"DA";"Akcija";"46,99";"";"Dostupno";"Dječje - Obuća - Buce";"https://woolf.hr/trekking-gleznjace-proizvod-12087/"
"KAPPA TREKKING GLEŽNJAČE";"15K0313006_1NAVY";"KAPPA";"kom";"46,99";"46,99";"DA";"Akcija";"46,99";"";"Dostupno";"Dječje - Obuća - Buce";"https://woolf.hr/trekking-gleznjace-proizvod-12089/"
"KingSmith KingSmith Masažer za vrat i ramena";"sm-001260";"KingSmith";"kom";"99,99";"99,99";"NE";"";"99,99";"6405168220262";"Dostupno";"Fitnes - SPRAVE I DODACI";"https://woolf.hr/kingsmith-masazer-za-vrat-i-ramena-proizvod-12599/"
"KingSmith KingSmith multifunkcionalna klupa za vježbu - ultimate model";"sm-001290";"KingSmith";"kom";"549,00";"549,00";"NE";"";"549,00";"6970492718537";"Dostupno";"Fitnes - SPRAVE I DODACI";"https://woolf.hr/kingsmith-multifunkcionalna-klupa-za-vjezbu-ultimate-model-proizvod-12475/"
"KingSmith KingSmith WalkingPad C2 (S1) traka za hodanje";"sm-001047";"KingSmith";"kom";"549,00";"549,00";"NE";"";"549,00";"6970492712139";"Dostupno";"Fitnes - SPRAVE I DODACI - Sprave - Trake za hodanje i trčanje";"https://woolf.hr/kingsmith-walkingpad-c2-s1-traka-za-hodanje-proizvod-12472/"
"KingSmith KingSmith WalkingPad K15 traka za hodanje i trčanje (srebrna)";"sm-001306";"KingSmith";"kom";"699,00";"699,00";"NE";"";"699,00";"6970492711545";"Dostupno";"Fitnes - SPRAVE I DODACI - Sprave - Trake za hodanje i trčanje";"https://woolf.hr/kingsmith-walkingpad-k15-traka-za-hodanje-i-trcanje-srebrna-proizvod-12479/"
"KingSmith KingSmith WalkingPad podloga za trake za trčanje";"sm-001291";"KingSmith";"kom";"39,99";"39,99";"NE";"";"39,99";"6970492710470";"Dostupno";"Fitnes - SPRAVE I DODACI - Sprave - Trake za hodanje i trčanje";"https://woolf.hr/kingsmith-walkingpad-podloga-za-trake-za-trcanje-proizvod-12530/"
"KingSmith KingSmith WalkingPad R3 Hybrid+ traka za hodanje i trčanje";"sm-001338";"KingSmith";"kom";"749,00";"749,00";"DA";"Akcija";"749,00";"6970492718957";"Dostupno";"Fitnes - SPRAVE I DODACI - Sprave - Trake za hodanje i trčanje";"https://woolf.hr/kingsmith-walkingpad-r3-hybrid-traka-za-hodanje-i-trcanje-proizvod-12529/"
"KingSmith KingSmith WalkingPad X21 traka za hodanje i trčanje";"sm-485226";"KingSmith";"kom";"899,00";"899,00";"NE";"";"899,00";"6970492713297";"Dostupno";"Fitnes - SPRAVE I DODACI - Sprave - Trake za hodanje i trčanje";"https://woolf.hr/kingsmith-walkingpad-x21-traka-za-hodanje-i-trcanje-proizvod-12537/"
"KingSmith KingSmith WalkingPad X218 traka za hodanje i trčanje";"sm-001337";"KingSmith";"kom";"1199,00";"1199,00";"NE";"";"1199,00";"6970492719053";"Dostupno";"Fitnes - SPRAVE I DODACI - Sprave - Trake za hodanje i trčanje";"https://woolf.hr/kingsmith-walkingpad-x218-traka-za-hodanje-i-trcanje-proizvod-12494/"
"KingSmith KingSmith WalkingPad X218 traka za hodanje i trčanje - Lavanda";"sm-001474";"KingSmith";"kom";"1199,00";"1199,00";"NE";"";"1199,00";"6977806882632";"Dostupno";"Fitnes - SPRAVE I DODACI - Sprave - Trake za hodanje i trčanje";"https://woolf.hr/kingsmith-walkingpad-x218-traka-za-hodanje-i-trcanje-lavanda-proizvod-12620/"
"KingSmith KingSmith WR1 sklopiva sprava za veslanje";"sm-001046";"KingSmith";"kom";"599,00";"599,00";"NE";"";"599,00";"6970492714744";"Dostupno";"Fitnes - SPRAVE I DODACI - Sprave - Sprave za veslanje";"https://woolf.hr/kingsmith-wr1-sklopiva-sprava-za-veslanje-proizvod-12453/"
"KINGSMITH TRAKA ZA HODANJE   Walkingpad A1PRO";"371450";"KINGSMITH";"kom";"499,00";"499,00";"NE";"";"499,00";"";"Dostupno";"Fitnes - SPRAVE I DODACI - Sprave - Trake za hodanje i trčanje";"https://woolf.hr/traka-za-hodanje-walkingpad-a1pro-proizvod-12168/"
"KINGSMITH TRAKA ZA HODANJE   Walkingpad C2(S1)";"001047";"KINGSMITH";"kom";"449,00";"449,00";"DA";"Akcija";"449,00";"";"Dostupno";"Fitnes - SPRAVE I DODACI - Sprave - Trake za hodanje i trčanje";"https://woolf.hr/traka-za-hodanje-walkingpad-c2s1-proizvod-12169/"
"KINGSMITH TRAKA ZA HODANJE WALKING PAD Z1";"001347";"KINGSMITH";"kom";"499,00";"499,00";"NE";"";"499,00";"";"Dostupno";"Fitnes - SPRAVE I DODACI - Sprave - Trake za hodanje i trčanje";"https://woolf.hr/traka-hodanje-walking-pad-z1-proizvod-12423/"
"KLIN DJEČJE TENISICE";"9421_PINKI";"KLIN";"kom";"18,99";"18,99";"DA";"Akcija";"18,99";"";"Dostupno";"Dječje - Obuća - Tenisice";"https://woolf.hr/djecje-tenisice-proizvod-5254/"
"L.O.L. TENISICE L O L";"TRLOL22_42_BLUE";"L.O.L.";"kom";"12,99";"12,99";"DA";"Akcija";"12,99";"";"Dostupno";"Dječje - Obuća - Tenisice";"https://woolf.hr/tenisice-l-o-l-proizvod-8109/"
"La Bottine Souriante CIPELE";"DBS9139_BEIGE";"La Bottine Souriante";"kom";"22,99";"22,99";"DA";"Akcija";"22,99";"";"Dostupno";"Žensko - Obuća - Cipele";"https://woolf.hr/cipele-proizvod-10900/"
"La Bottine Souriante GLEŽNJAČE";"BKKX7110_BLACK";"La Bottine Souriante";"kom";"21,99";"21,99";"DA";"Akcija";"21,99";"";"Dostupno";"Žensko - Obuća - Gležnjače";"https://woolf.hr/gleznjace-proizvod-11088/"
"LEON ANATOMSKE KLOMPE";"V261_WHITE";"LEON";"kom";"37,99";"37,99";"DA";"Akcija";"37,99";"";"Dostupno";"Žensko - Obuća - Anatomska obuća";"https://woolf.hr/anatomske-klompe-proizvod-2295/"
"LEON ANATOMSKE KLOMPE";"V261_BLACK";"LEON";"kom";"37,99";"37,99";"DA";"Akcija";"37,99";"";"Dostupno";"Žensko - Obuća - Anatomska obuća";"https://woolf.hr/anatomske-klompe-proizvod-2297/"
"LEON ANATOMSKE KLOMPE";"V261_PERLA";"LEON";"kom";"37,99";"37,99";"DA";"Akcija";"37,99";"";"Dostupno";"Žensko - Obuća - Anatomska obuća";"https://woolf.hr/anatomske-klompe-proizvod-2298/"
"LEON ANATOMSKE KLOMPE";"3200_WHITE";"LEON";"kom";"39,99";"39,99";"DA";"Akcija";"39,99";"";"Dostupno";"Žensko - Obuća - Anatomska obuća - Klompe";"https://woolf.hr/anatomske-klompe-proizvod-3202/"
"LEON ANATOMSKE KLOMPE";"3200_BLACK";"LEON";"kom";"39,99";"39,99";"DA";"Akcija";"39,99";"";"Dostupno";"Žensko - Obuća - Anatomska obuća - Klompe";"https://woolf.hr/anatomske-klompe-proizvod-3286/"
"LEON ANATOMSKE KLOMPE";"V261_BLACK_FLOWER";"LEON";"kom";"29,99";"29,99";"DA";"Akcija";"29,99";"";"Dostupno";"Žensko - Obuća - Anatomska obuća - Klompe";"https://woolf.hr/anatomske-klompe-proizvod-3753/"
"LEON ANATOMSKE KLOMPE";"V260_WHITE";"LEON";"kom";"37,99";"37,99";"DA";"Akcija";"37,99";"";"Dostupno";"Žensko - Obuća - Anatomska obuća - Natikače";"https://woolf.hr/anatomske-klompe-proizvod-3972/"
"LEON ANATOMSKE KLOMPE";"700_M_WHITE";"LEON";"kom";"39,99";"39,99";"DA";"Akcija";"39,99";"";"Dostupno";"Muško - Obuća - Anatomska obuća - Klompe";"https://woolf.hr/anatomske-klompe-proizvod-3973/"
"LEON ANATOMSKE KLOMPE";"V260_PERLA";"LEON";"kom";"37,99";"37,99";"DA";"Akcija";"37,99";"";"Dostupno";"Žensko - Obuća - Anatomska obuća - Klompe";"https://woolf.hr/anatomske-klompe-proizvod-5975/"
"LEON ANATOMSKE KLOMPE";"V202_PERLA_1";"LEON";"kom";"38,99";"38,99";"DA";"Akcija";"38,99";"";"Dostupno";"Žensko - Obuća - Anatomska obuća - Klompe";"https://woolf.hr/anatomske-klompe-proizvod-5977/"
"LEON ANATOMSKE KLOMPE";"V202_ROSE";"LEON";"kom";"36,99";"36,99";"DA";"Akcija";"36,99";"";"Dostupno";"Žensko - Obuća - Anatomska obuća - Klompe";"https://woolf.hr/anatomske-klompe-proizvod-6474/"
"LEON ANATOMSKE KLOMPE";"V260_BLACK";"LEON";"kom";"37,99";"37,99";"DA";"Akcija";"37,99";"";"Dostupno";"Žensko - Obuća - Anatomska obuća - Klompe";"https://woolf.hr/anatomske-klompe-proizvod-8722/"
"LEON ANATOMSKE KLOMPE";"V202_M_BLACK";"LEON";"kom";"43,99";"43,99";"DA";"Akcija";"43,99";"";"Dostupno";"Muško - Obuća - Anatomska obuća - Klompe";"https://woolf.hr/anatomske-klompe-proizvod-8727/"
"LEON ANATOMSKE KLOMPE";"V202_N_WHITE";"LEON";"kom";"37,99";"37,99";"DA";"Akcija";"37,99";"";"Dostupno";"Žensko - Obuća - Anatomska obuća - Klompe";"https://woolf.hr/anatomske-klompe-proizvod-8729/"
"LEON ANATOMSKE KLOMPE";"700_M_BLACK";"LEON";"kom";"39,99";"39,99";"DA";"Akcija";"39,99";"";"Dostupno";"Muško - Obuća - Anatomska obuća - Klompe";"https://woolf.hr/anatomske-klompe-proizvod-8730/"
"LEON ANATOMSKE KLOMPE";"V202_M_WHITE";"LEON";"kom";"43,99";"43,99";"DA";"Akcija";"43,99";"";"Dostupno";"Muško - Obuća - Anatomska obuća - Klompe";"https://woolf.hr/anatomske-klompe-proizvod-8850/"
"LEON ANATOMSKE KLOMPE";"V202_N_BLACK";"LEON";"kom";"37,99";"37,99";"DA";"Akcija";"37,99";"";"Dostupno";"Žensko - Obuća - Anatomska obuća - Klompe";"https://woolf.hr/anatomske-klompe-proizvod-8851/"
"LEON ANATOMSKE KLOMPE";"V230_WHITE";"LEON";"kom";"43,99";"43,99";"NE";"";"43,99";"";"Dostupno";"Muško - Obuća - Anatomska obuća - Klompe";"https://woolf.hr/anatomske-klompe-proizvod-8871/"
"LEON ANATOMSKE KLOMPE";"V260_BEIGE";"LEON";"kom";"32,99";"32,99";"DA";"Akcija";"32,99";"";"Dostupno";"Žensko - Obuća - Anatomska obuća - Klompe";"https://woolf.hr/anatomske-klompe-proizvod-9348/"
"LEON ANATOMSKE KLOMPE";"V202_1_NAVY";"LEON";"kom";"32,99";"32,99";"DA";"Akcija";"32,99";"";"Dostupno";"Žensko - Obuća - Anatomska obuća - Klompe";"https://woolf.hr/anatomske-klompe-proizvod-9790/"
"LEON ANATOMSKE KLOMPE";"V202_M_NAVY";"LEON";"kom";"35,99";"35,99";"DA";"Akcija";"35,99";"";"Dostupno";"Muško - Obuća - Anatomska obuća - Klompe";"https://woolf.hr/anatomske-klompe-proizvod-9791/"
"LEON ANATOMSKE KLOMPE";"1024_BLACK";"LEON";"kom";"41,99";"41,99";"DA";"Akcija";"41,99";"";"Dostupno";"Žensko - Obuća - Anatomska obuća - Klompe";"https://woolf.hr/anatomske-klompe-proizvod-10142/"
"LEON ANATOMSKE KLOMPE";"1024_WHITE";"LEON";"kom";"41,99";"41,99";"DA";"Akcija";"41,99";"";"Dostupno";"Žensko - Obuća - Anatomska obuća - Klompe";"https://woolf.hr/anatomske-klompe-proizvod-10161/"
"LEON ANATOMSKE KLOMPE";"3500_BLACK";"LEON";"kom";"36,99";"36,99";"DA";"Akcija";"36,99";"";"Dostupno";"Žensko - Obuća - Anatomska obuća - Klompe";"https://woolf.hr/anatomske-klompe-proizvod-10163/"
"LEON ANATOMSKE KLOMPE";"6005_N_BLACK";"LEON";"kom";"52,99";"52,99";"DA";"Akcija";"52,99";"";"Dostupno";"Žensko - Obuća - Anatomska obuća - Klompe";"https://woolf.hr/anatomske-klompe-proizvod-11526/"
"LEON ANATOMSKE KLOMPE";"6005_N_WHITE";"LEON";"kom";"52,99";"52,99";"DA";"Akcija";"52,99";"";"Dostupno";"Žensko - Obuća - Anatomska obuća - Klompe";"https://woolf.hr/anatomske-klompe-proizvod-11527/"
"LEON ANATOMSKE KLOMPE";"6000_1_BLACK";"LEON";"kom";"51,99";"51,99";"DA";"Akcija";"51,99";"";"Dostupno";"Žensko - Obuća - Anatomska obuća - Klompe";"https://woolf.hr/anatomske-klompe-proizvod-11530/"
"LEON ANATOMSKE KLOMPE";"6000_1_WHITE";"LEON";"kom";"51,99";"51,99";"DA";"Akcija";"51,99";"";"Dostupno";"Žensko - Obuća - Anatomska obuća - Klompe";"https://woolf.hr/anatomske-klompe-proizvod-11531/"
"LEON ANATOMSKE KLOMPE";"V263_1_PINK";"LEON";"kom";"34,99";"34,99";"DA";"Akcija";"34,99";"";"Dostupno";"Žensko - Obuća - Anatomska obuća - Klompe";"https://woolf.hr/anatomske-klompe-proizvod-11532/"
"LEON ANATOMSKE KLOMPE";"3200_N_PERLA";"LEON";"kom";"39,99";"39,99";"DA";"Akcija";"39,99";"";"Dostupno";"Žensko - Obuća - Anatomska obuća - Klompe";"https://woolf.hr/anatomske-klompe-proizvod-11744/"
"LEON ANATOMSKE KLOMPE";"3500_N_BLACK";"LEON";"kom";"39,99";"39,99";"DA";"Akcija";"39,99";"";"Dostupno";"Žensko - Obuća - Anatomska obuća - Klompe";"https://woolf.hr/anatomske-klompe-proizvod-11953/"
"LEON ANATOMSKE KLOMPE";"3500_N_WHITE";"LEON";"kom";"39,99";"39,99";"DA";"Akcija";"39,99";"";"Dostupno";"Žensko - Obuća - Anatomska obuća - Klompe";"https://woolf.hr/anatomske-klompe-proizvod-11954/"
"LEON ANATOMSKE KLOMPE";"300_PERLA";"LEON";"kom";"44,99";"44,99";"DA";"Akcija";"44,99";"";"Dostupno";"Žensko - Obuća - Anatomska obuća - Klompe";"https://woolf.hr/anatomske-klompe-proizvod-12011/"
"LEON ANATOMSKE KLOMPE";"300_WHITE";"LEON";"kom";"44,99";"44,99";"DA";"Akcija";"44,99";"";"Dostupno";"Žensko - Obuća - Anatomska obuća - Klompe";"https://woolf.hr/anatomske-klompe-proizvod-12078/"
"LEON ANATOMSKE KLOMPE";"300M_BLACK";"LEON";"kom";"44,99";"44,99";"DA";"Akcija";"44,99";"";"Dostupno";"Muško - Obuća - Anatomska obuća - Klompe";"https://woolf.hr/anatomske-klompe-proizvod-12149/"
"LEON ANATOMSKE KLOMPE";"300M_WHITE";"LEON";"kom";"44,99";"44,99";"DA";"Akcija";"44,99";"";"Dostupno";"Muško - Obuća - Anatomska obuća - Klompe";"https://woolf.hr/anatomske-klompe-proizvod-12150/"
"LEON ANATOMSKE KLOMPE";"V202_GREEN";"LEON";"kom";"35,99";"35,99";"DA";"Akcija";"35,99";"";"Dostupno";"Žensko - Obuća - Anatomska obuća - Klompe";"https://woolf.hr/anatomske-klompe-proizvod-12418/"
"LEON ANATOMSKE KLOMPE";"300_BLACK";"LEON";"kom";"44,99";"44,99";"DA";"Akcija";"44,99";"";"Dostupno";"Žensko - Obuća - Anatomska obuća - Klompe";"https://woolf.hr/anatomske-klompe-proizvod-12770/"
"LEON ANATOMSKE KLOMPE";"V202_GREEPEARL";"LEON";"kom";"39,99";"39,99";"DA";"Akcija";"39,99";"";"Dostupno";"Žensko - Obuća - Anatomska obuća - Klompe";"https://woolf.hr/anatomske-klompe-proizvod-12818/"
"LEON KOŽNE ANATOMSKE KLOMPE";"PU_100_36_41blk";"LEON";"kom";"31,99";"31,99";"DA";"Akcija";"31,99";"";"Dostupno";"Žensko - Obuća - Anatomska obuća - Klompe";"https://woolf.hr/kozna-anatomska-klompa-proizvod-471/"
"LEON KOŽNE ANATOMSKE KLOMPE";"PU_100_36_41wht";"LEON";"kom";"31,99";"31,99";"DA";"Akcija";"31,99";"";"Dostupno";"Žensko - Obuća - Anatomska obuća - Klompe";"https://woolf.hr/kozna-anatomska-klompa-proizvod-472/"
"LEON KOŽNE ANATOMSKE KLOMPE";"PU_100_MINT";"LEON";"kom";"31,99";"31,99";"DA";"Akcija";"31,99";"";"Dostupno";"Žensko - Obuća - Anatomska obuća - Klompe";"https://woolf.hr/kozne-anatomske-klompe-proizvod-7030/"
"LEON KOŽNE ANATOMSKE KLOMPE";"PU101_BROWN";"LEON";"kom";"24,99";"24,99";"DA";"Akcija";"24,99";"";"Dostupno";"Žensko - Obuća - Anatomska obuća - Klompe";"https://woolf.hr/kozne-anatomske-klompe-proizvod-7200/"
"LEON KOŽNE ANATOMSKE KLOMPE";"4250_BLACK";"LEON";"kom";"44,99";"44,99";"DA";"Akcija";"44,99";"";"Dostupno";"Žensko - Obuća - Anatomska obuća - Klompe";"https://woolf.hr/kozne-anatomske-klompe-proizvod-7451/"
"LEON KOŽNE ANATOMSKE KLOMPE";"PU100_M_BLACK";"LEON";"kom";"33,99";"33,99";"DA";"Akcija";"33,99";"";"Dostupno";"Muško - Obuća - Anatomska obuća - Klompe";"https://woolf.hr/kozne-anatomske-klompe-proizvod-8718/"
"LEON KOŽNE ANATOMSKE KLOMPE";"PU_100_M_WHITE";"LEON";"kom";"33,99";"33,99";"DA";"Akcija";"33,99";"";"Dostupno";"Muško - Obuća - Anatomska obuća - Klompe";"https://woolf.hr/kozne-anatomske-klompe-proizvod-8719/"
"LEON KOŽNE ANATOMSKE KLOMPE";"1250_N_BLACK";"LEON";"kom";"39,99";"39,99";"DA";"Akcija";"39,99";"";"Dostupno";"Muško - Obuća - Anatomska obuća - Klompe";"https://woolf.hr/kozne-anatomske-klompe-proizvod-8721/"
"LEON KOŽNE ANATOMSKE KLOMPE";"902_BLUE";"LEON";"kom";"44,99";"44,99";"DA";"Akcija";"44,99";"";"Dostupno";"Žensko - Obuća - Anatomska obuća - Klompe";"https://woolf.hr/kozne-anatomske-klompe-proizvod-8735/"
"LEON KOŽNE ANATOMSKE KLOMPE";"902_RED";"LEON";"kom";"44,99";"44,99";"DA";"Akcija";"44,99";"";"Dostupno";"Žensko - Obuća - Anatomska obuća - Klompe";"https://woolf.hr/kozne-anatomske-klompe-proizvod-8736/"
"LEON KOŽNE ANATOMSKE KLOMPE";"912_BLACK";"LEON";"kom";"42,99";"42,99";"DA";"Akcija";"42,99";"";"Dostupno";"Žensko - Obuća - Anatomska obuća - Klompe";"https://woolf.hr/kozne-anatomske-klompe-proizvod-8738/"
"LEON KOŽNE ANATOMSKE KLOMPE";"953_BLUE";"LEON";"kom";"43,99";"43,99";"DA";"Akcija";"43,99";"";"Dostupno";"Žensko - Obuća - Anatomska obuća - Klompe";"https://woolf.hr/kozne-anatomske-klompe-proizvod-8739/"
"LEON KOŽNE ANATOMSKE KLOMPE";"953_WHITE";"LEON";"kom";"43,99";"43,99";"DA";"Akcija";"43,99";"";"Dostupno";"Žensko - Obuća - Anatomska obuća - Klompe";"https://woolf.hr/kozne-anatomske-klompe-proizvod-8740/"
"LEON KOŽNE ANATOMSKE KLOMPE";"953_BLACK";"LEON";"kom";"43,99";"43,99";"DA";"Akcija";"43,99";"";"Dostupno";"Žensko - Obuća - Anatomska obuća - Klompe";"https://woolf.hr/kozne-anatomske-klompe-proizvod-8741/"
"LEON KOŽNE ANATOMSKE KLOMPE";"950_WHITE";"LEON";"kom";"39,99";"39,99";"DA";"Akcija";"39,99";"";"Dostupno";"Žensko - Obuća - Anatomska obuća - Klompe";"https://woolf.hr/kozne-anatomske-klompe-proizvod-8742/"
"LEON KOŽNE ANATOMSKE KLOMPE";"950_PERLA";"LEON";"kom";"39,99";"39,99";"DA";"Akcija";"39,99";"";"Dostupno";"Žensko - Obuća - Anatomska obuća - Klompe";"https://woolf.hr/kozne-anatomske-klompe-proizvod-8758/"
"LEON KOŽNE ANATOMSKE KLOMPE";"PU101_N_BLACK";"LEON";"kom";"24,99";"24,99";"DA";"Akcija";"24,99";"";"Dostupno";"Žensko - Obuća - Anatomska obuća - Klompe";"https://woolf.hr/kozne-anatomske-klompe-proizvod-8791/"
"LEON KOŽNE ANATOMSKE KLOMPE";"360_BLACK";"LEON";"kom";"38,99";"38,99";"DA";"Akcija";"38,99";"";"Dostupno";"Žensko - Obuća - Anatomska obuća - Klompe";"https://woolf.hr/kozne-anatomske-klompe-proizvod-8863/"
"LEON KOŽNE ANATOMSKE KLOMPE";"360_RED";"LEON";"kom";"38,99";"38,99";"DA";"Akcija";"38,99";"";"Dostupno";"Žensko - Obuća - Anatomska obuća - Klompe";"https://woolf.hr/kozne-anatomske-klompe-proizvod-8865/"
"LEON KOŽNE ANATOMSKE KLOMPE";"360_1RED";"LEON";"kom";"38,99";"38,99";"DA";"Akcija";"38,99";"";"Dostupno";"Žensko - Obuća - Anatomska obuća - Klompe";"https://woolf.hr/kozne-anatomske-klompe-proizvod-8866/"
"LEON KOŽNE ANATOMSKE KLOMPE";"2019_BLACK";"LEON";"kom";"45,99";"45,99";"DA";"Akcija";"45,99";"";"Dostupno";"Žensko - Obuća - Anatomska obuća - Klompe";"https://woolf.hr/kozne-anatomske-klompe-proizvod-8869/"
"LEON KOŽNE ANATOMSKE KLOMPE";"5001_PERLA";"LEON";"kom";"44,99";"44,99";"DA";"Akcija";"44,99";"";"Dostupno";"Žensko - Obuća - Anatomska obuća - Klompe";"https://woolf.hr/kozne-anatomske-klompe-proizvod-8979/"
"LEON KOŽNE ANATOMSKE KLOMPE";"5001_RED";"LEON";"kom";"36,99";"36,99";"DA";"Akcija";"36,99";"";"Dostupno";"Žensko - Obuća - Anatomska obuća - Klompe";"https://woolf.hr/kozne-anatomske-klompe-proizvod-8980/"
"LEON KOŽNE ANATOMSKE KLOMPE";"5001_WHITE";"LEON";"kom";"44,99";"44,99";"DA";"Akcija";"44,99";"";"Dostupno";"Žensko - Obuća - Anatomska obuća - Klompe";"https://woolf.hr/kozne-anatomske-klompe-proizvod-8981/"
"LEON KOŽNE ANATOMSKE KLOMPE";"950_BLACK";"LEON";"kom";"39,99";"39,99";"DA";"Akcija";"39,99";"";"Dostupno";"Žensko - Obuća - Anatomska obuća - Klompe";"https://woolf.hr/kozne-anatomske-klompe-proizvod-9056/"
"LEON KOŽNE ANATOMSKE KLOMPE";"900_1BLACK";"LEON";"kom";"36,99";"36,99";"DA";"Akcija";"36,99";"";"Dostupno";"Žensko - Obuća - Anatomska obuća - Klompe";"https://woolf.hr/kozne-anatomske-klompe-proizvod-9250/"
"LEON KOŽNE ANATOMSKE KLOMPE";"4250_WHITE";"LEON";"kom";"44,99";"44,99";"DA";"Akcija";"44,99";"";"Dostupno";"Žensko - Obuća - Anatomska obuća - Klompe";"https://woolf.hr/kozne-anatomske-klompe-proizvod-9251/"
"LEON KOŽNE ANATOMSKE KLOMPE";"5001_BLACK";"LEON";"kom";"44,99";"44,99";"DA";"Akcija";"44,99";"";"Dostupno";"Žensko - Obuća - Anatomska obuća - Klompe";"https://woolf.hr/kozne-anatomske-klompe-proizvod-9255/"
"LEON KOŽNE ANATOMSKE KLOMPE";"4251_MINT_SILVER";"LEON";"kom";"42,99";"42,99";"DA";"Akcija";"42,99";"";"Dostupno";"Žensko - Obuća - Anatomska obuća - Klompe";"https://woolf.hr/kozne-anatomske-klompe-proizvod-9257/"
"LEON KOŽNE ANATOMSKE KLOMPE";"900_1WHITE";"LEON";"kom";"36,99";"36,99";"DA";"Akcija";"36,99";"";"Dostupno";"Žensko - Obuća - Anatomska obuća - Klompe";"https://woolf.hr/kozne-anatomske-klompe-proizvod-9646/"
"LEON KOŽNE ANATOMSKE KLOMPE";"4251_PERLA";"LEON";"kom";"42,99";"42,99";"DA";"Akcija";"42,99";"";"Dostupno";"Žensko - Obuća - Anatomska obuća - Klompe";"https://woolf.hr/kozne-anatomske-klompe-proizvod-11068/"
"LEON KOŽNE ANATOMSKE KLOMPE";"PU_100_N_PERLA";"LEON";"kom";"31,99";"31,99";"DA";"Akcija";"31,99";"";"Dostupno";"Žensko - Obuća - Anatomska obuća - Klompe";"https://woolf.hr/kozne-anatomske-klompe-proizvod-11546/"
"LEON KOŽNE ANATOMSKE KLOMPE";"PU_100_N_SILVER";"LEON";"kom";"31,99";"31,99";"DA";"Akcija";"31,99";"";"Dostupno";"Žensko - Obuća - Anatomska obuća - Klompe";"https://woolf.hr/kozne-anatomske-klompe-proizvod-11547/"
"LEON KOŽNE ANATOMSKE KLOMPE";"3300_N_BLACK";"LEON";"kom";"39,99";"39,99";"DA";"Akcija";"39,99";"";"Dostupno";"Žensko - Obuća - Anatomska obuća - Klompe";"https://woolf.hr/kozne-anatomske-klompe-proizvod-11745/"
"LEON KOŽNE ANATOMSKE KLOMPE";"3300_N_PERLA";"LEON";"kom";"39,99";"39,99";"DA";"Akcija";"39,99";"";"Dostupno";"Žensko - Obuća - Anatomska obuća - Klompe";"https://woolf.hr/kozne-anatomske-klompe-proizvod-11746/"
"LEON KOŽNE ANATOMSKE KLOMPE";"3300_N_WHITE";"LEON";"kom";"39,99";"39,99";"DA";"Akcija";"39,99";"";"Dostupno";"Žensko - Obuća - Anatomska obuća - Klompe";"https://woolf.hr/kozne-anatomske-klompe-proizvod-11747/"
"LEON KOŽNE ANATOMSKE KLOMPE";"912_N_WHITE";"LEON";"kom";"45,99";"45,99";"DA";"Akcija";"45,99";"";"Dostupno";"Žensko - Obuća - Anatomska obuća - Klompe";"https://woolf.hr/kozne-anatomske-klompe-proizvod-11748/"
"LEON KOŽNE ANATOMSKE KLOMPE";"2022_N_MINT";"LEON";"kom";"44,99";"44,99";"DA";"Akcija";"44,99";"";"Dostupno";"Žensko - Obuća - Anatomska obuća - Klompe";"https://woolf.hr/kozne-anatomske-klompe-proizvod-11749/"
"LEON KOŽNE ANATOMSKE KLOMPE";"2022_N_WHITE";"LEON";"kom";"44,99";"44,99";"DA";"Akcija";"44,99";"";"Dostupno";"Žensko - Obuća - Anatomska obuća - Klompe";"https://woolf.hr/kozne-anatomske-klompe-proizvod-11750/"
"LEON KOŽNE ANATOMSKE KLOMPE";"2022_N_BLACK";"LEON";"kom";"44,99";"44,99";"DA";"Akcija";"44,99";"";"Dostupno";"Žensko - Obuća - Anatomska obuća - Klompe";"https://woolf.hr/kozne-anatomske-klompe-proizvod-11751/"
"LEON KOŽNE ANATOMSKE KLOMPE";"2022_N_SILVER";"LEON";"kom";"44,99";"44,99";"DA";"Akcija";"44,99";"";"Dostupno";"Žensko - Obuća - Anatomska obuća - Klompe";"https://woolf.hr/kozne-anatomske-klompe-proizvod-11752/"
"LEON KOŽNE ANATOMSKE KLOMPE";"2019_N_BLACK";"LEON";"kom";"49,99";"49,99";"DA";"Akcija";"49,99";"";"Dostupno";"Žensko - Obuća - Anatomska obuća - Klompe";"https://woolf.hr/kozne-anatomske-klompe-proizvod-11754/"
"LEON KOŽNE ANATOMSKE KLOMPE";"5002_N_PERLA";"LEON";"kom";"42,99";"42,99";"DA";"Akcija";"42,99";"";"Dostupno";"Žensko - Obuća - Anatomska obuća - Klompe";"https://woolf.hr/kozne-anatomske-klompe-proizvod-11757/"
"LEON KOŽNE ANATOMSKE KLOMPE";"5002_N_WHITE";"LEON";"kom";"42,99";"42,99";"DA";"Akcija";"42,99";"";"Dostupno";"Žensko - Obuća - Anatomska obuća - Klompe";"https://woolf.hr/kozne-anatomske-klompe-proizvod-11758/"
"LEON KOŽNE ANATOMSKE KLOMPE";"5002_N_BLACK";"LEON";"kom";"42,99";"42,99";"DA";"Akcija";"42,99";"";"Dostupno";"Žensko - Obuća - Anatomska obuća - Klompe";"https://woolf.hr/kozne-anatomske-klompe-proizvod-11759/"
"LEON KOŽNE ANATOMSKE KLOMPE";"2022_N_PERLA";"LEON";"kom";"44,99";"44,99";"DA";"Akcija";"44,99";"";"Dostupno";"Žensko - Obuća - Anatomska obuća - Klompe";"https://woolf.hr/kozne-anatomske-klompe-proizvod-11842/"
"LEON KOŽNE ANATOMSKE KLOMPE";"5001_N_BLACK";"LEON";"kom";"44,99";"44,99";"DA";"Akcija";"44,99";"";"Dostupno";"Žensko - Obuća - Anatomska obuća - Klompe";"https://woolf.hr/kozne-anatomske-klompe-proizvod-11951/"
"LEON KOŽNE ANATOMSKE KLOMPE";"KO953_BLACK";"LEON";"kom";"39,99";"39,99";"DA";"Akcija";"39,99";"";"Dostupno";"Žensko - Obuća - Anatomska obuća - Klompe";"https://woolf.hr/kozne-anatomske-klompe-proizvod-12625/"
"LEON KOŽNE ANATOMSKE KLOMPE";"KO2019_BLACK";"LEON";"kom";"49,99";"49,99";"DA";"Akcija";"49,99";"";"Dostupno";"Žensko - Obuća - Anatomska obuća - Klompe";"https://woolf.hr/kozne-anatomske-klompe-proizvod-12628/"
"LEON KOŽNE ANATOMSKE KLOMPE";"KO2019_RED";"LEON";"kom";"49,99";"49,99";"DA";"Akcija";"49,99";"";"Dostupno";"Žensko - Obuća - Anatomska obuća - Klompe";"https://woolf.hr/kozne-anatomske-klompe-proizvod-12629/"
"LEON KOŽNE ANATOMSKE KLOMPE";"KO2019_WHITE";"LEON";"kom";"49,99";"49,99";"DA";"Akcija";"49,99";"";"Dostupno";"Žensko - Obuća - Anatomska obuća - Klompe";"https://woolf.hr/kozne-anatomske-klompe-proizvod-12630/"
"LEON KOŽNE ANATOMSKE KLOMPE";"KO360_RED";"LEON";"kom";"39,99";"39,99";"DA";"Akcija";"39,99";"";"Dostupno";"Žensko - Obuća - Anatomska obuća - Klompe";"https://woolf.hr/kozne-anatomske-klompe-proizvod-12631/"
"LEON KOŽNE ANATOMSKE KLOMPE";"KO360_BLUE";"LEON";"kom";"39,99";"39,99";"DA";"Akcija";"39,99";"";"Dostupno";"Žensko - Obuća - Anatomska obuća - Klompe";"https://woolf.hr/kozne-anatomske-klompe-proizvod-12632/"
"LEON KOŽNE ANATOMSKE KLOMPE";"KO951_BLACK";"LEON";"kom";"39,99";"39,99";"DA";"Akcija";"39,99";"";"Dostupno";"Žensko - Obuća - Anatomska obuća - Klompe";"https://woolf.hr/kozne-anatomske-klompe-proizvod-12633/"
"LEON KOŽNE ANATOMSKE KLOMPE";"KO154_RED_W";"LEON";"kom";"35,99";"35,99";"DA";"Akcija";"35,99";"";"Dostupno";"Žensko - Obuća - Anatomska obuća - Klompe";"https://woolf.hr/kozne-anatomske-klompe-proizvod-12634/"
"LEON KOŽNE ANATOMSKE KLOMPE";"902_BLACK";"LEON";"kom";"44,99";"44,99";"DA";"Akcija";"44,99";"";"Dostupno";"Žensko - Obuća - Anatomska obuća - Klompe";"https://woolf.hr/kozne-anatomske-klompe-proizvod-12771/"
"LEON KOŽNE ANATOMSKE KLOMPE";"KO360_BLACK";"LEON";"kom";"39,99";"39,99";"DA";"Akcija";"39,99";"";"Dostupno";"Žensko - Obuća - Anatomska obuća - Klompe";"https://woolf.hr/kozne-anatomske-klompe-proizvod-12775/"
"LEON KOŽNE ANATOMSKE KLOMPE";"902_WHITE";"LEON";"kom";"44,99";"44,99";"DA";"Akcija";"44,99";"";"Dostupno";"Žensko - Obuća - Anatomska obuća - Klompe";"https://woolf.hr/kozne-anatomske-klompe-proizvod-12792/"
"LEON KOŽNE ANATOMSKE KLOMPE";"2023_PERLA_L";"LEON";"kom";"44,99";"44,99";"DA";"Akcija";"44,99";"";"Dostupno";"Žensko - Obuća - Anatomska obuća - Klompe";"https://woolf.hr/kozne-anatomske-klompe-proizvod-12793/"
"LEON KOŽNE ANATOMSKE KLOMPE";"2023_BLACK_L";"LEON";"kom";"44,99";"44,99";"DA";"Akcija";"44,99";"";"Dostupno";"Žensko - Obuća - Anatomska obuća - Klompe";"https://woolf.hr/kozne-anatomske-klompe-proizvod-12795/"
"LEON KOŽNE ANATOMSKE KLOMPE";"2023_WHITE_L";"LEON";"kom";"44,99";"44,99";"DA";"Akcija";"44,99";"";"Dostupno";"Žensko - Obuća - Anatomska obuća - Klompe";"https://woolf.hr/kozne-anatomske-klompe-proizvod-12819/"
"LEON KOŽNE ANATOMSKE KLOMPE";"800_WHITE";"LEON";"kom";"35,99";"35,99";"DA";"Akcija";"35,99";"";"Dostupno";"Dječje - Obuća - Klompe";"https://woolf.hr/kozne-anatomske-klompe-proizvod-12885/"
"LEON KOŽNE ANATOMSKE KLOMPE";"KO3100_WHITE";"LEON";"kom";"29,99";"29,99";"DA";"Akcija";"29,99";"";"Dostupno";"Žensko - Obuća - Anatomska obuća - Klompe";"https://woolf.hr/kozne-anatomske-klompe-proizvod-12886/"
"LEON KOŽNE ANATOMSKE KLOMPE";"KO3100_BLACK";"LEON";"kom";"29,99";"29,99";"DA";"Akcija";"29,99";"";"Dostupno";"Žensko - Obuća - Anatomska obuća - Klompe";"https://woolf.hr/kozne-anatomske-klompe-proizvod-12887/"
"LEON KOŽNE ANATOMSKE KLOMPE";"KO950_BLUE";"LEON";"kom";"39,99";"39,99";"DA";"Akcija";"39,99";"";"Dostupno";"Žensko - Obuća - Anatomska obuća - Klompe";"https://woolf.hr/kozne-anatomske-klompe-proizvod-12889/"
"LEON KOŽNE ANATOMSKE KLOMPE";"KOV261_BLUE";"LEON";"kom";"36,99";"36,99";"NE";"";"36,99";"";"Dostupno";"Žensko - Obuća - Anatomska obuća - Klompe";"https://woolf.hr/kozne-anatomske-klompe-proizvod-12890/"
"LEON KOŽNE ANATOMSKE KLOMPE";"KOV202_PINK";"LEON";"kom";"32,99";"32,99";"DA";"Akcija";"32,99";"";"Dostupno";"Žensko - Obuća - Anatomska obuća - Klompe";"https://woolf.hr/kozne-anatomske-klompe-proizvod-12891/"
"LEON KOŽNE NATIKAČE";"KO910_BLACK";"LEON";"kom";"36,99";"36,99";"DA";"Akcija";"36,99";"";"Dostupno";"Žensko - Obuća - Anatomska obuća - Klompe";"https://woolf.hr/kozne-natikace-proizvod-12623/"
"LEON KOŽNE NATIKAČE";"KO910_WHITE";"LEON";"kom";"36,99";"36,99";"DA";"Akcija";"36,99";"";"Dostupno";"Žensko - Obuća - Anatomska obuća - Klompe";"https://woolf.hr/kozne-natikace-proizvod-12624/"
"LEON KOŽNE NATIKAČE";"905_BLACK";"LEON";"kom";"39,59";"39,59";"DA";"Akcija";"39,59";"";"Dostupno";"Žensko - Obuća - Anatomska obuća - Klompe";"https://woolf.hr/kozne-natikace-proizvod-12876/"
"LEONARDA COMFORT ANATOMSKE KLOMPE";"203397_BEIGE";"LEONARDA COMFORT";"kom";"22,99";"22,99";"DA";"Akcija";"22,99";"";"Dostupno";"Žensko - Obuća - Anatomska obuća - Klompe";"https://woolf.hr/anatomske-klompe-proizvod-10362/"
"LEONARDA COMFORT ANATOMSKE KLOMPE";"154412_WHITE";"LEONARDA COMFORT";"kom";"26,99";"26,99";"NE";"";"26,99";"";"Dostupno";"Žensko - Obuća - Anatomska obuća - Klompe";"https://woolf.hr/anatomske-klompe-proizvod-10585/"
"LEONARDA COMFORT ANATOMSKE KLOMPE";"M202_3_WHITE";"LEONARDA COMFORT";"kom";"22,49";"22,49";"DA";"Akcija";"22,49";"";"Dostupno";"Žensko - Obuća - Anatomska obuća - Klompe";"https://woolf.hr/anatomske-klompe-proizvod-12399/"
"LEONARDA COMFORT ANATOMSKE KLOMPE";"M202_LEPTIR";"LEONARDA COMFORT";"kom";"22,49";"22,49";"DA";"Akcija";"22,49";"";"Dostupno";"Žensko - Obuća - Anatomska obuća - Klompe";"https://woolf.hr/anatomske-klompe-proizvod-12764/"
"LEONARDA COMFORT ANATOMSKE KLOMPE";"M202_FLOWER";"LEONARDA COMFORT";"kom";"22,49";"22,49";"DA";"Akcija";"22,49";"";"Dostupno";"Žensko - Obuća - Anatomska obuća - Klompe";"https://woolf.hr/anatomske-klompe-proizvod-12766/"
"LEONARDA COMFORT ANATOMSKE KLOMPE";"M202_1FLOWER";"LEONARDA COMFORT";"kom";"22,49";"22,49";"DA";"Akcija";"22,49";"";"Dostupno";"Žensko - Obuća - Anatomska obuća - Klompe";"https://woolf.hr/anatomske-klompe-proizvod-12817/"
"LEONARDA COMFORT ANATOMSKE KLOMPE";"M202_LEPTIR2";"LEONARDA COMFORT";"kom";"22,99";"22,99";"DA";"Akcija";"22,99";"";"Dostupno";"Žensko - Obuća - Anatomska obuća - Klompe";"https://woolf.hr/anatomske-klompe-proizvod-12839/"
"LEONARDA COMFORT ANATOMSKE KLOMPE";"M202_LEPTIR3";"LEONARDA COMFORT";"kom";"22,99";"22,99";"DA";"Akcija";"22,99";"";"Dostupno";"Žensko - Obuća - Anatomska obuća - Klompe";"https://woolf.hr/anatomske-klompe-proizvod-12840/"
"LEONARDA COMFORT ANATOMSKE KLOMPE";"M202_BLKFLOWER";"LEONARDA COMFORT";"kom";"22,99";"22,99";"DA";"Akcija";"22,99";"";"Dostupno";"Žensko - Obuća - Anatomska obuća - Klompe";"https://woolf.hr/anatomske-klompe-proizvod-12841/"
"LEONARDA COMFORT ANATOMSKE KLOMPE";"203397_HEART";"LEONARDA COMFORT";"kom";"22,99";"22,99";"DA";"Akcija";"22,99";"";"Dostupno";"Žensko - Obuća - Anatomska obuća - Klompe";"https://woolf.hr/anatomske-klompe-proizvod-12842/"
"LEONARDA COMFORT ANATOMSKE KLOMPE";"203397_GIRL";"LEONARDA COMFORT";"kom";"22,99";"22,99";"DA";"Akcija";"22,99";"";"Dostupno";"Žensko - Obuća - Anatomska obuća - Klompe";"https://woolf.hr/anatomske-klompe-proizvod-12937/"
"LEONARDA COMFORT ANATOMSKE KLOMPE";"203397_BLK";"LEONARDA COMFORT";"kom";"22,99";"22,99";"DA";"Akcija";"22,99";"";"Dostupno";"Žensko - Obuća - Anatomska obuća - Klompe";"https://woolf.hr/anatomske-klompe-proizvod-12938/"
"LEONARDA COMFORT ANATOMSKE KLOMPE";"M202_LEPTIR4";"LEONARDA COMFORT";"kom";"22,49";"22,49";"DA";"Akcija";"22,49";"";"Dostupno";"Žensko - Obuća - Anatomska obuća - Klompe";"https://woolf.hr/anatomske-klompe-proizvod-12950/"
"LET GET SANDALE";"99966_BLACK";"LET GET";"kom";"19,99";"19,99";"DA";"Akcija";"19,99";"";"Dostupno";"Žensko - Obuća - Sandale";"https://woolf.hr/sandale-proizvod-10599/"
"LET GET SANDALE";"B9350_BLACK";"LET GET";"kom";"23,99";"23,99";"DA";"Akcija";"23,99";"";"Dostupno";"Žensko - Obuća - Sandale";"https://woolf.hr/sandale-proizvod-10606/"
"LIBER LIGHT KLOMPE";"6204_WHITE";"LIBER LIGHT";"kom";"25,99";"25,99";"DA";"Akcija";"25,99";"";"Dostupno";"Žensko - Obuća - Anatomska obuća - Klompe";"https://woolf.hr/klompe-proizvod-12776/"
"LIBER LIGHT KLOMPE";"6204_BLACK";"LIBER LIGHT";"kom";"25,99";"25,99";"DA";"Akcija";"25,99";"";"Dostupno";"Žensko - Obuća - Anatomska obuća - Klompe";"https://woolf.hr/klompe-proizvod-12777/"
"LIBER LIGHT KLOMPE";"6204_BEIGE";"LIBER LIGHT";"kom";"25,99";"25,99";"DA";"Akcija";"25,99";"";"Dostupno";"Žensko - Obuća - Anatomska obuća - Klompe";"https://woolf.hr/klompe-proizvod-12778/"
"LIBER LIGHT KLOMPE";"6204_BLUE";"LIBER LIGHT";"kom";"25,99";"25,99";"DA";"Akcija";"25,99";"";"Dostupno";"Žensko - Obuća - Anatomska obuća - Klompe";"https://woolf.hr/klompe-proizvod-12911/"
"LIBER LIGHT KOŽNE NATIKAČE";"253_N_BEIGE";"LIBER LIGHT";"kom";"24,99";"24,99";"DA";"Akcija";"24,99";"";"Dostupno";"Žensko - Obuća - Natikače";"https://woolf.hr/kozne-natikace-proizvod-8732/"
"LIBER LIGHT KOŽNE NATIKAČE";"253_N_BLUE";"LIBER LIGHT";"kom";"24,99";"24,99";"DA";"Akcija";"24,99";"";"Dostupno";"Žensko - Obuća - Natikače";"https://woolf.hr/kozne-natikace-proizvod-8733/"
"LIBER LIGHT KOŽNE NATIKAČE";"253_N_BLACK";"LIBER LIGHT";"kom";"24,99";"24,99";"DA";"Akcija";"24,99";"";"Dostupno";"Žensko - Obuća - Natikače";"https://woolf.hr/kozne-natikace-proizvod-8734/"
"LIBER LIGHT KOŽNE NATIKAČE";"1468_BLACK";"LIBER LIGHT";"kom";"22,99";"22,99";"DA";"Akcija";"22,99";"";"Dostupno";"Žensko - Obuća - Papuče";"https://woolf.hr/kozne-natikace-proizvod-9125/"
"LIBER LIGHT KOŽNE NATIKAČE";"23438_BORDO";"LIBER LIGHT";"kom";"24,99";"24,99";"DA";"Akcija";"24,99";"";"Dostupno";"Žensko - Obuća - Papuče";"https://woolf.hr/kozne-natikace-proizvod-10834/"
"LIBERTY PAPUČE ZA VODU";"10615_PINK";"LIBERTY";"kom";"9,99";"9,99";"DA";"Akcija";"9,99";"";"Dostupno";"Dječje - Obuća - Papuče - Papuče za vodu";"https://woolf.hr/papuce-za-vodu-proizvod-10398/"
"LIBERTY PAPUČE ZA VODU";"10615_GREEN";"LIBERTY";"kom";"9,99";"9,99";"DA";"Akcija";"9,99";"";"Dostupno";"Dječje - Obuća - Papuče - Papuče za vodu";"https://woolf.hr/papuce-za-vodu-proizvod-10399/"
"LIBERTY PAPUČE ZA VODU";"10615_BLUE";"LIBERTY";"kom";"9,99";"9,99";"DA";"Akcija";"9,99";"";"Dostupno";"Dječje - Obuća - Papuče - Papuče za vodu";"https://woolf.hr/papuce-za-vodu-proizvod-10400/"
"LIBERTY PAPUČE ZA VODU";"10615_PURPLE";"LIBERTY";"kom";"9,99";"9,99";"DA";"Akcija";"9,99";"";"Dostupno";"Dječje - Obuća - Papuče - Papuče za vodu";"https://woolf.hr/papuce-za-vodu-proizvod-10401/"
"LIBERTY PAPUČE ZA VODU";"10989_BLACK";"LIBERTY";"kom";"9,99";"9,99";"DA";"Akcija";"9,99";"";"Dostupno";"Muško - Obuća - Papuče - Papuče za vodu";"https://woolf.hr/papuce-za-vodu-proizvod-10404/"
"LIBERTY PAPUČE ZA VODU";"10615_PINKY";"LIBERTY";"kom";"9,99";"9,99";"DA";"Akcija";"9,99";"";"Dostupno";"Dječje - Obuća - Papuče - Papuče za vodu";"https://woolf.hr/papuce-za-vodu-proizvod-11618/"
"LIBERTY PAPUČE ZA VODU";"11448_BLUE";"LIBERTY";"kom";"9,99";"9,99";"DA";"Akcija";"9,99";"";"Dostupno";"Muško - Obuća - Papuče - Papuče za vodu";"https://woolf.hr/papuce-za-vodu-proizvod-12878/"
"LIBERTY PAPUČE ZA VODU";"11448_BLACK";"LIBERTY";"kom";"9,99";"9,99";"DA";"Akcija";"9,99";"";"Dostupno";"Muško - Obuća - Papuče - Papuče za vodu";"https://woolf.hr/papuce-za-vodu-proizvod-12879/"
"LIBERTY PAPUČE ZA VODU";"11448_D_BLUE";"LIBERTY";"kom";"9,99";"9,99";"DA";"Akcija";"9,99";"";"Dostupno";"Muško - Obuća - Papuče - Papuče za vodu";"https://woolf.hr/papuce-za-vodu-proizvod-12880/"
"LIBERTY PAPUČE ZA VODU";"11449_PINK";"LIBERTY";"kom";"9,99";"9,99";"DA";"Akcija";"9,99";"";"Dostupno";"Žensko - Obuća - Papuče - Papuče za vodu";"https://woolf.hr/papuce-za-vodu-proizvod-12881/"
"LIBERTY PAPUČE ZA VODU";"11449_GREEN";"LIBERTY";"kom";"9,99";"9,99";"DA";"Akcija";"9,99";"";"Dostupno";"Žensko - Obuća - Papuče - Papuče za vodu";"https://woolf.hr/papuce-za-vodu-proizvod-12882/"
"LIBERTY PAPUČE ZA VODU";"11449_BLACK";"LIBERTY";"kom";"9,99";"9,99";"DA";"Akcija";"9,99";"";"Dostupno";"Žensko - Obuća - Papuče - Papuče za vodu";"https://woolf.hr/papuce-za-vodu-proizvod-12883/"
"LIBERTY PAPUČE ZA VODU";"11449_LILA";"LIBERTY";"kom";"9,99";"9,99";"DA";"Akcija";"9,99";"";"Dostupno";"Žensko - Obuća - Papuče - Papuče za vodu";"https://woolf.hr/papuce-za-vodu-proizvod-12884/"
"LICO TENISICE FLOW VS";"590561_NAVY";"LICO";"kom";"19,99";"19,99";"DA";"Akcija";"19,99";"";"Dostupno";"Dječje - Obuća - Tenisice";"https://woolf.hr/tenisice-flow-vs-proizvod-8092/"
"LICO TENISICE NAPIER VS";"590543_GREEN";"LICO";"kom";"19,99";"19,99";"DA";"Akcija";"19,99";"";"Dostupno";"Dječje - Obuća - Tenisice";"https://woolf.hr/tenisice-napier-vs-proizvod-8089/"
"LICO TENISICE SERENT VS";"590553_PINK";"LICO";"kom";"19,99";"19,99";"DA";"Akcija";"19,99";"";"Dostupno";"Dječje - Obuća - Tenisice";"https://woolf.hr/tenisice-serent-vs-proizvod-8088/"
"LICO TENISICE SKIP VS";"590592_BLUE";"LICO";"kom";"18,99";"18,99";"DA";"Akcija";"18,99";"";"Dostupno";"Dječje - Obuća - Tenisice";"https://woolf.hr/tenisice-skip-vs-proizvod-8094/"
"LOTTO GLEŽNJAČE MAEMOORE MID";"2400350U_BLACK";"LOTTO";"kom";"45,99";"45,99";"DA";"Akcija";"45,99";"";"Dostupno";"Žensko - Obuća - Gležnjače";"https://woolf.hr/gleznjace-maemoore-mid-proizvod-11262/"
"LOTTO KOPAČKE ALFFA";"LTF241B111_01";"LOTTO";"kom";"32,99";"32,99";"DA";"Akcija";"32,99";"";"Dostupno";"Dječje - Obuća - Tenisice - Kopačke";"https://woolf.hr/kopacke-alffa-proizvod-10110/"
"LOTTO KOPAČKE MEDO";"LTF241B117_64";"LOTTO";"kom";"32,99";"32,99";"DA";"Akcija";"32,99";"";"Dostupno";"Dječje - Obuća - Tenisice - Kopačke";"https://woolf.hr/kopacke-medo-proizvod-11090/"
"LOTTO KOPAČKE MEDO";"LTF241M125_64";"LOTTO";"kom";"39,99";"39,99";"DA";"Akcija";"39,99";"";"Dostupno";"Muško - Obuća - Tenisice - Kopačke";"https://woolf.hr/kopacke-medo-proizvod-11092/"
"LOTTO NATIKAČE";"FLYDE_BLK_WHT";"LOTTO";"kom";"18,99";"18,99";"DA";"Akcija";"18,99";"";"Dostupno";"Žensko - Obuća - Natikače";"https://woolf.hr/natikace-proizvod-12663/"
"LOTTO NATIKAČE";"SLAY_BEIGE";"LOTTO";"kom";"16,99";"16,99";"DA";"Akcija";"16,99";"";"Dostupno";"Žensko - Obuća - Natikače";"https://woolf.hr/natikace-proizvod-12664/"
"LOTTO NATIKAČE BIMINI";"LTF261F401_WHITE";"LOTTO";"kom";"16,99";"16,99";"DA";"Akcija";"16,99";"";"Dostupno";"Žensko - Obuća - Natikače";"https://woolf.hr/natikace-bimini-proizvod-12852/"
"LOTTO NATIKAČE BIMINI";"LTF261F401_LILA";"LOTTO";"kom";"16,99";"16,99";"DA";"Akcija";"16,99";"";"Dostupno";"Žensko - Obuća - Natikače";"https://woolf.hr/natikace-bimini-proizvod-12853/"
"LOTTO NATIKAČE SHELL";"LTF241G404_46";"LOTTO";"kom";"9,99";"9,99";"DA";"Akcija";"9,99";"";"Dostupno";"Dječje - Obuća - Natikače";"https://woolf.hr/natikace-shell-proizvod-10282/"
"LOTTO SANDALE MOTEMA";"2600710K_NAVY";"LOTTO";"kom";"24,99";"24,99";"DA";"Akcija";"24,99";"";"Dostupno";"Dječje - Obuća - Sandale";"https://woolf.hr/sandale-motema-proizvod-11339/"
"LOTTO TENISICE";"RAYSE_BLACK";"LOTTO";"kom";"39,99";"39,99";"DA";"Akcija";"39,99";"";"Dostupno";"Žensko - Obuća - Tenisice";"https://woolf.hr/tenisice-proizvod-12665/"
"LOTTO TENISICE";"RELAZIO_TAUPE_SAND";"LOTTO";"kom";"35,90";"35,90";"DA";"Akcija";"35,90";"";"Dostupno";"Žensko - Obuća - Tenisice";"https://woolf.hr/tenisice-proizvod-12666/"
"LOTTO TENISICE";"RELAZIO_BLACK_GREY";"LOTTO";"kom";"35,90";"35,90";"DA";"Akcija";"35,90";"";"Dostupno";"Muško - Obuća - Tenisice";"https://woolf.hr/tenisice-proizvod-12667/"
"LOTTO TENISICE";"CONNECT_BLK_GREY";"LOTTO";"kom";"35,99";"35,99";"DA";"Akcija";"35,99";"";"Dostupno";"Muško - Obuća - Tenisice";"https://woolf.hr/tenisice-proizvod-12668/"
"LOTTO TENISICE";"CONNECT_RED_WHT";"LOTTO";"kom";"35,99";"35,99";"DA";"Akcija";"35,99";"";"Dostupno";"Muško - Obuća - Tenisice";"https://woolf.hr/tenisice-proizvod-12669/"
"LOTTO TENISICE";"CONNECT_BLACK_WHT";"LOTTO";"kom";"35,99";"35,99";"DA";"Akcija";"35,99";"";"Dostupno";"Muško - Obuća - Tenisice";"https://woolf.hr/tenisice-proizvod-12676/"
"LOTTO TENISICE AKIMOTO OC";"2400571U_BLACK";"LOTTO";"kom";"39,00";"39,00";"DA";"Akcija";"39,00";"";"Dostupno";"Muško - Obuća - Tenisice";"https://woolf.hr/tenisice-akimoto-oc-proizvod-11337/"
"LOTTO TENISICE BATY";"LTF243B101_02";"LOTTO";"kom";"32,99";"32,99";"DA";"Akcija";"32,99";"";"Dostupno";"Dječje - Obuća - Tenisice";"https://woolf.hr/tenisice-baty-proizvod-11093/"
"LOTTO TENISICE BLUR";"LTF231M101_62";"LOTTO";"kom";"39,00";"39,00";"DA";"Akcija";"39,00";"";"Dostupno";"Muško - Obuća - Tenisice";"https://woolf.hr/tenisice-blur-proizvod-8751/"
"LOTTO TENISICE BURGAS";"1060_WHITE_G";"LOTTO";"kom";"19,99";"19,99";"DA";"Akcija";"19,99";"";"Dostupno";"Dječje - Obuća - Tenisice";"https://woolf.hr/tenisice-burgas-proizvod-10880/"
"LOTTO TENISICE BURGAS";"1082_WHITE";"LOTTO";"kom";"16,99";"16,99";"DA";"Akcija";"16,99";"";"Dostupno";"Dječje - Obuća - Tenisice";"https://woolf.hr/tenisice-burgas-proizvod-10881/"
"LOTTO TENISICE COMBINE";"1642_GREY";"LOTTO";"kom";"23,99";"23,99";"DA";"Akcija";"23,99";"";"Dostupno";"Dječje - Obuća - Tenisice";"https://woolf.hr/tenisice-combine-proizvod-10761/"
"LOTTO TENISICE COMBINE";"2400121U_BLACK";"LOTTO";"kom";"35,00";"35,00";"DA";"Akcija";"35,00";"";"Dostupno";"Muško - Obuća - Tenisice";"https://woolf.hr/tenisice-combine-proizvod-11257/"
"LOTTO TENISICE CONNECT";"2600000_BLACK";"LOTTO";"kom";"19,99";"19,99";"DA";"Akcija";"19,99";"";"Dostupno";"Dječje - Obuća - Tenisice";"https://woolf.hr/tenisice-connect-proizvod-10876/"
"LOTTO TENISICE CONNECT";"2600000_PINK";"LOTTO";"kom";"21,99";"21,99";"DA";"Akcija";"21,99";"";"Dostupno";"Dječje - Obuća - Tenisice";"https://woolf.hr/tenisice-connect-proizvod-10877/"
"LOTTO TENISICE CONNECT OC";"2400001U_WHITE";"LOTTO";"kom";"36,99";"36,99";"DA";"Akcija";"36,99";"";"Dostupno";"Žensko - Obuća - Tenisice";"https://woolf.hr/tenisice-connect-oc-proizvod-11270/"
"LOTTO TENISICE CONNECT OC XL";"2400001X_WHITE";"LOTTO";"kom";"38,00";"38,00";"DA";"Akcija";"38,00";"";"Dostupno";"Muško - Obuća - Tenisice";"https://woolf.hr/tenisice-connect-oc-xl-proizvod-11273/"
"LOTTO TENISICE CONNECT XL";"2400000X_GREY";"LOTTO";"kom";"38,00";"38,00";"DA";"Akcija";"38,00";"";"Dostupno";"Muško - Obuća - Tenisice";"https://woolf.hr/tenisice-connect-xl-proizvod-11269/"
"LOTTO TENISICE CONNECT XL";"2400001X_RED";"LOTTO";"kom";"38,00";"38,00";"DA";"Akcija";"38,00";"";"Dostupno";"Muško - Obuća - Tenisice";"https://woolf.hr/tenisice-connect-xl-proizvod-11272/"
"LOTTO TENISICE COURT LOGO AMF XX";"220635_1H8";"LOTTO";"kom";"49,00";"49,00";"DA";"Akcija";"49,00";"";"Dostupno";"Muško - Obuća - Tenisice";"https://woolf.hr/tenisice-court-logo-amf-xx-proizvod-11284/"
"LOTTO TENISICE DASHER";"2600920K_NAVY";"LOTTO";"kom";"19,99";"19,99";"DA";"Akcija";"19,99";"";"Dostupno";"Dječje - Obuća - Tenisice";"https://woolf.hr/tenisice-dasher-proizvod-11817/"
"LOTTO TENISICE DEBRA";"LTF203F101_01";"LOTTO";"kom";"38,29";"38,29";"DA";"Akcija";"38,29";"";"Dostupno";"Žensko - Obuća - Gležnjače";"https://woolf.hr/tenisice-debra-proizvod-8385/"
"LOTTO TENISICE FLITTER";"1150_BLACK";"LOTTO";"kom";"26,99";"26,99";"DA";"Akcija";"26,99";"";"Dostupno";"Žensko - Obuća - Tenisice";"https://woolf.hr/tenisice-flitter-proizvod-10765/"
"LOTTO TENISICE FLURRY";"LTF231G104_07";"LOTTO";"kom";"26,90";"26,90";"DA";"Akcija";"26,90";"";"Dostupno";"Dječje - Obuća - Tenisice";"https://woolf.hr/tenisice-flurry-proizvod-8750/"
"LOTTO TENISICE GROTON";"2400330X_BLACK";"LOTTO";"kom";"39,00";"39,00";"DA";"Akcija";"39,00";"";"Dostupno";"Muško - Obuća - Tenisice";"https://woolf.hr/tenisice-groton-proizvod-11261/"
"LOTTO TENISICE HELA";"LTF241F107_10";"LOTTO";"kom";"37,99";"37,99";"DA";"Akcija";"37,99";"";"Dostupno";"Žensko - Obuća - Tenisice";"https://woolf.hr/tenisice-hela-proizvod-11710/"
"LOTTO TENISICE HELA";"LTF241F107_1X";"LOTTO";"kom";"39,00";"39,00";"DA";"Akcija";"39,00";"";"Dostupno";"Žensko - Obuća - Tenisice";"https://woolf.hr/tenisice-hela-proizvod-11711/"
"LOTTO TENISICE KETCHAM";"2600341T_BLACK";"LOTTO";"kom";"36,00";"36,00";"DA";"Akcija";"36,00";"";"Dostupno";"Žensko - Obuća - Tenisice";"https://woolf.hr/tenisice-ketcham-proizvod-11791/"
"LOTTO TENISICE LEXI";"LTF231G100_03";"LOTTO";"kom";"28,99";"28,99";"DA";"Akcija";"28,99";"";"Dostupno";"Dječje - Obuća - Tenisice";"https://woolf.hr/tenisice-lexi-proizvod-9950/"
"LOTTO TENISICE MARAN";"LTF251M109_10";"LOTTO";"kom";"39,00";"39,00";"DA";"Akcija";"39,00";"";"Dostupno";"Muško - Obuća - Tenisice";"https://woolf.hr/tenisice-maran-proizvod-11713/"
"LOTTO TENISICE MEDO";"LTF241B119_64";"LOTTO";"kom";"29,00";"29,00";"DA";"Akcija";"29,00";"";"Dostupno";"Žensko - Obuća - Tenisice";"https://woolf.hr/tenisice-medo-proizvod-11709/"
"LOTTO TENISICE NAHUNTA";"2400340_BLACK";"LOTTO";"kom";"39,00";"39,00";"DA";"Akcija";"39,00";"";"Dostupno";"Muško - Obuća - Tenisice";"https://woolf.hr/tenisice-nahunta-proizvod-11797/"
"LOTTO TENISICE NAHUNTA";"2400340U_BEIGE";"LOTTO";"kom";"39,99";"39,99";"DA";"Akcija";"39,99";"";"Dostupno";"Muško - Obuća - Tenisice";"https://woolf.hr/tenisice-nahunta-proizvod-11818/"
"LOTTO TENISICE NOLIN PS";"LTF221G106_10";"LOTTO";"kom";"29,99";"29,99";"DA";"Akcija";"29,99";"";"Dostupno";"Dječje - Obuća - Tenisice";"https://woolf.hr/tenisice-nolin-ps-proizvod-9949/"
"LOTTO TENISICE PACER";"5011_BLUE";"LOTTO";"kom";"19,99";"19,99";"DA";"Akcija";"19,99";"";"Dostupno";"Dječje - Obuća - Tenisice";"https://woolf.hr/tenisice-pacer-proizvod-10766/"
"LOTTO TENISICE PILO OC";"2400630W_BLACK";"LOTTO";"kom";"39,00";"39,00";"DA";"Akcija";"39,00";"";"Dostupno";"Žensko - Obuća - Tenisice";"https://woolf.hr/tenisice-pilo-oc-proizvod-11819/"
"LOTTO TENISICE PREHNA";"6711_OLIVE";"LOTTO";"kom";"32,99";"32,99";"DA";"Akcija";"32,99";"";"Dostupno";"Dječje - Obuća - Tenisice";"https://woolf.hr/tenisice-prehna-proizvod-10879/"
"LOTTO TENISICE RELATE K";"2601220K_NAVY";"LOTTO";"kom";"19,99";"19,99";"DA";"Akcija";"19,99";"";"Dostupno";"Dječje - Obuća - Tenisice";"https://woolf.hr/tenisice-relate-k-proizvod-11808/"
"LOTTO TENISICE SCOPI";"1041_WHITE";"LOTTO";"kom";"18,99";"18,99";"DA";"Akcija";"18,99";"";"Dostupno";"Dječje - Obuća - Tenisice";"https://woolf.hr/tenisice-scopi-proizvod-10760/"
"LOTTO TENISICE STACKY AN";"2400483_BEIGE";"LOTTO";"kom";"39,00";"39,00";"DA";"Akcija";"39,00";"";"Dostupno";"Žensko - Obuća - Tenisice";"https://woolf.hr/tenisice-stacky-an-proizvod-11796/"
"LOTTO TENISICE TARUVA K";"4944_PURPLE";"LOTTO";"kom";"28,99";"28,99";"DA";"Akcija";"28,99";"";"Dostupno";"Dječje - Obuća - Tenisice";"https://woolf.hr/tenisice-taruva-k-proizvod-11803/"
"LOTTO TENISICE TRAP";"LTF231M103_01";"LOTTO";"kom";"35,99";"35,99";"DA";"Akcija";"35,99";"";"Dostupno";"Muško - Obuća - Tenisice";"https://woolf.hr/tenisice-trap-proizvod-8752/"
"LOTTO TENISICE UTKA";"LTF243G103_01";"LOTTO";"kom";"34,99";"34,99";"DA";"Akcija";"34,99";"";"Dostupno";"Dječje - Obuća - Tenisice";"https://woolf.hr/tenisice-utka-proizvod-11095/"
"LOTTO TENISICE VAAL";"LTF251F105_82";"LOTTO";"kom";"44,99";"44,99";"DA";"Akcija";"44,99";"";"Dostupno";"Žensko - Obuća - Tenisice";"https://woolf.hr/tenisice-vaal-proizvod-11712/"
"LOTTO TENISICE VINTAL";"1110_BLACK";"LOTTO";"kom";"28,99";"28,99";"DA";"Akcija";"28,99";"";"Dostupno";"Žensko - Obuća - Tenisice";"https://woolf.hr/tenisice-vintal-proizvod-10757/"
"LOTTO TENISICE WHIZZER";"2600120K_BLACK";"LOTTO";"kom";"19,99";"19,99";"DA";"Akcija";"19,99";"";"Dostupno";"Dječje - Obuća - Tenisice";"https://woolf.hr/tenisice-whizzer-proizvod-11809/"
"LOTTO TENISICE ZUKO";"LTF231M108_01";"LOTTO";"kom";"39,99";"39,99";"DA";"Akcija";"39,99";"";"Dostupno";"Muško - Obuća - Tenisice";"https://woolf.hr/tenisice-zuko-proizvod-12066/"
"LOVE BALLERINS ANATOMSKE TENISICE";"LB111_GRAY";"LOVE BALLERINS";"kom";"64,99";"64,99";"DA";"Akcija";"64,99";"";"Dostupno";"Žensko - Obuća - Tenisice";"https://woolf.hr/anatomske-tenisice-proizvod-9763/"
"LOVE BALLERINS ANATOMSKE TENISICE";"LB111_TURKUAZ";"LOVE BALLERINS";"kom";"64,99";"64,99";"DA";"Akcija";"64,99";"";"Dostupno";"Žensko - Obuća - Tenisice";"https://woolf.hr/anatomske-tenisice-proizvod-9764/"
"LOVE BALLERINS ANATOMSKE TENISICE";"LB111_BLACK";"LOVE BALLERINS";"kom";"64,99";"64,99";"DA";"Akcija";"64,99";"";"Dostupno";"Žensko - Obuća - Tenisice";"https://woolf.hr/anatomske-tenisice-proizvod-9765/"
"LOVE BALLERINS ANATOMSKE TENISICE";"LB111_BLUE";"LOVE BALLERINS";"kom";"64,99";"64,99";"DA";"Akcija";"64,99";"";"Dostupno";"Žensko - Obuća - Tenisice";"https://woolf.hr/anatomske-tenisice-proizvod-9766/"
"m.t ŠKOLSKE PAPUČE";"A66_BLACK";"m.t";"kom";"14,99";"14,99";"NE";"";"14,99";"";"Dostupno";"Dječje - Obuća - Papuče - Papuče za razred";"https://woolf.hr/skolske-papuce-proizvod-11854/"
"m.t ŠKOLSKE PAPUČE";"A66_BLACKW";"m.t";"kom";"14,99";"14,99";"NE";"";"14,99";"";"Dostupno";"Dječje - Obuća - Papuče - Papuče za razred";"https://woolf.hr/skolske-papuce-proizvod-12870/"
"m.t ŠKOLSKE PAPUČE";"A66_WHITE";"m.t";"kom";"12,99";"12,99";"DA";"Akcija";"12,99";"";"Dostupno";"Dječje - Obuća - Papuče - Papuče za razred";"https://woolf.hr/skolske-papuce-proizvod-12871/"
"m.t ŠKOLSKE PAPUČE";"A66_GREY";"m.t";"kom";"14,99";"14,99";"NE";"";"14,99";"";"Dostupno";"Dječje - Obuća - Papuče - Papuče za razred";"https://woolf.hr/skolske-papuce-proizvod-12946/"
"MOUNTAIN TENISICE";"B142_BLACK";"MOUNTAIN";"kom";"13,99";"13,99";"DA";"Akcija";"13,99";"";"Dostupno";"Dječje - Obuća - Tenisice";"https://woolf.hr/tenisice-proizvod-9331/"
"MOUNTAIN TENISICE";"B104_PINKI";"MOUNTAIN";"kom";"13,99";"13,99";"DA";"Akcija";"13,99";"";"Dostupno";"Dječje - Obuća - Tenisice";"https://woolf.hr/tenisice-proizvod-9334/"
"NALLAN ANATOMSKE KLOMPE";"N357_3_FLOWER";"NALLAN";"kom";"35,99";"35,99";"DA";"Akcija";"35,99";"";"Dostupno";"Žensko - Obuća - Anatomska obuća - Klompe";"https://woolf.hr/anatomske-klompe-proizvod-11476/"
"NALLAN ANATOMSKE KLOMPE";"NPF352_A14";"NALLAN";"kom";"24,99";"24,99";"DA";"Akcija";"24,99";"";"Dostupno";"Žensko - Obuća - Anatomska obuća - Klompe";"https://woolf.hr/anatomske-klompe-proizvod-12758/"
"NALLAN ANATOMSKE KLOMPE";"NPF352_A15";"NALLAN";"kom";"24,99";"24,99";"DA";"Akcija";"24,99";"";"Dostupno";"Žensko - Obuća - Anatomska obuća - Klompe";"https://woolf.hr/anatomske-klompe-proizvod-12759/"
"NALLAN ANATOMSKE KLOMPE";"NPF352_A24";"NALLAN";"kom";"24,99";"24,99";"DA";"Akcija";"24,99";"";"Dostupno";"Žensko - Obuća - Anatomska obuća - Klompe";"https://woolf.hr/anatomske-klompe-proizvod-12760/"
"NALLAN ANATOMSKE KLOMPE";"NPF352_A25";"NALLAN";"kom";"24,99";"24,99";"DA";"Akcija";"24,99";"";"Dostupno";"Žensko - Obuća - Anatomska obuća - Klompe";"https://woolf.hr/anatomske-klompe-proizvod-12761/"
"NALLAN ANATOMSKE KLOMPE";"NPF352_A26";"NALLAN";"kom";"24,99";"24,99";"DA";"Akcija";"24,99";"";"Dostupno";"Žensko - Obuća - Anatomska obuća - Klompe";"https://woolf.hr/anatomske-klompe-proizvod-12762/"
"NALLAN ANATOMSKE KLOMPE";"NPF352_A27";"NALLAN";"kom";"24,99";"24,99";"DA";"Akcija";"24,99";"";"Dostupno";"Žensko - Obuća - Anatomska obuća - Klompe";"https://woolf.hr/anatomske-klompe-proizvod-12763/"
"NALLAN ANATOMSKE NATIKAČE";"NPF380_YELLOW";"NALLAN";"kom";"24,99";"24,99";"DA";"Akcija";"24,99";"";"Dostupno";"Žensko - Obuća - Natikače";"https://woolf.hr/anatomske-natikace-proizvod-11583/"
"NALLAN ANATOMSKE NATIKAČE";"NPF380_BLACK";"NALLAN";"kom";"24,99";"24,99";"DA";"Akcija";"24,99";"";"Dostupno";"Žensko - Obuća - Natikače";"https://woolf.hr/anatomske-natikace-proizvod-11585/"
"NALLAN ANATOMSKE NATIKAČE";"NPF380_1BROWN";"NALLAN";"kom";"24,99";"24,99";"DA";"Akcija";"24,99";"";"Dostupno";"Žensko - Obuća - Natikače";"https://woolf.hr/anatomske-natikace-proizvod-11586/"
"NALLAN ANATOMSKE NATIKAČE";"NPF380_2_BROWN";"NALLAN";"kom";"24,99";"24,99";"DA";"Akcija";"24,99";"";"Dostupno";"Žensko - Obuća - Natikače";"https://woolf.hr/anatomske-natikace-proizvod-11588/"
"NALLAN ANATOMSKE NATIKAČE";"NPF352_LA012_GREEN";"NALLAN";"kom";"24,99";"24,99";"DA";"Akcija";"24,99";"";"Dostupno";"Žensko - Obuća - Natikače";"https://woolf.hr/anatomske-natikace-proizvod-11606/"
"NALLAN ANATOMSKE NATIKAČE";"NPF380_LA003_1GREEN";"NALLAN";"kom";"24,99";"24,99";"DA";"Akcija";"24,99";"";"Dostupno";"Žensko - Obuća - Natikače";"https://woolf.hr/anatomske-natikace-proizvod-11608/"
"NALLAN ANATOMSKE NATIKAČE";"NPF352_LA012_BORDO";"NALLAN";"kom";"24,99";"24,99";"DA";"Akcija";"24,99";"";"Dostupno";"Žensko - Obuća - Natikače";"https://woolf.hr/anatomske-natikace-proizvod-11611/"
"NALLAN ANATOMSKE NATIKAČE";"NPF380_LA003_WHITE";"NALLAN";"kom";"24,99";"24,99";"DA";"Akcija";"24,99";"";"Dostupno";"Žensko - Obuća - Natikače";"https://woolf.hr/anatomske-natikace-proizvod-11704/"
"NALLAN ANATOMSKE NATIKAČE";"NPF362_K_GOLDEN";"NALLAN";"kom";"24,99";"24,99";"DA";"Akcija";"24,99";"";"Dostupno";"Žensko - Obuća - Natikače";"https://woolf.hr/anatomske-natikace-proizvod-12746/"
"NALLAN ANATOMSKE NATIKAČE";"NPF380_K_GREY";"NALLAN";"kom";"25,19";"25,19";"DA";"Akcija";"25,19";"";"Dostupno";"Žensko - Obuća - Natikače";"https://woolf.hr/anatomske-natikace-proizvod-12756/"
"NARWAL Narwal Flow 2 - komplet zamjenskih dijelova";"sm-001522";"NARWAL";"kom";"199,00";"199,00";"NE";"";"199,00";"6972075735542";"Dostupno";"Uređaji - TEHNIKA - Pametan dom - Robotski usisavači";"https://woolf.hr/narwal-flow-2-komplet-zamjenskih-dijelova-proizvod-12822/"
"NARWAL Narwal Flow 2 robotski usisivač - sivi";"sm-001496";"NARWAL";"kom";"1299,00";"1299,00";"NE";"";"1299,00";"6972075738536";"Dostupno";"Uređaji - TEHNIKA - Pametan dom - Robotski usisavači";"https://woolf.hr/narwal-flow-2-robotski-usisivac-sivi-proizvod-12798/"
"NARWAL Narwal Freo S robotski usisivač - bijeli";"sm-001424";"NARWAL";"kom";"279,00";"279,00";"NE";"";"279,00";"6972075737232";"Dostupno";"Uređaji - TEHNIKA - Pametan dom - Robotski usisavači";"https://woolf.hr/narwal-freo-s-robotski-usisivac-bijeli-proizvod-12507/"
"NARWAL Narwal Freo X Plus - komplet zamjenskih dijelova";"sm-001455";"NARWAL";"kom";"129,00";"129,00";"NE";"";"129,00";"";"Dostupno";"Uređaji - TEHNIKA - Pametan dom - Robotski usisavači";"https://woolf.hr/narwal-freo-x-plus-komplet-zamjenskih-dijelova-proizvod-12647/"
"NARWAL Narwal Freo X Ultra - komplet zamjenskih dijelova";"sm-001275";"NARWAL";"kom";"149,00";"149,00";"NE";"";"149,00";"";"Dostupno";"Uređaji - TEHNIKA - Pametan dom - Robotski usisavači";"https://woolf.hr/narwal-freo-x-ultra-komplet-zamjenskih-dijelova-proizvod-12605/"
"NARWAL Narwal Freo Z Ultra - komplet zamjenskih dijelova";"sm-001320";"NARWAL";"kom";"169,00";"169,00";"NE";"";"169,00";"6972075733722";"Dostupno";"Uređaji - TEHNIKA - Pametan dom - Robotski usisavači";"https://woolf.hr/narwal-freo-z-ultra-komplet-zamjenskih-dijelova-proizvod-12542/"
"NARWAL Narwal Freo Z10 robotski usisivač - bijeli";"sm-001380";"NARWAL";"kom";"599,00";"599,00";"NE";"";"599,00";"6972075734767";"Dostupno";"Uređaji - TEHNIKA - Pametan dom - Robotski usisavači";"https://woolf.hr/narwal-freo-z10-robotski-usisivac-bijeli-proizvod-12509/"
"NARWAL Narwal Freo Z10 Ultra - komplet zamjenskih dijelova";"sm-001374";"NARWAL";"kom";"169,00";"169,00";"NE";"";"169,00";"6972075733722";"Dostupno";"Uređaji - TEHNIKA - Pametan dom - Robotski usisavači";"https://woolf.hr/narwal-freo-z10-ultra-komplet-zamjenskih-dijelova-proizvod-12540/"
"NARWAL Narwal Freo Z10 Ultra robotski usisivač - bijeli";"sm-001393";"NARWAL";"kom";"799,00";"799,00";"NE";"";"799,00";"6972075735092";"Dostupno";"Uređaji - TEHNIKA - Pametan dom - Robotski usisavači";"https://woolf.hr/narwal-freo-z10-ultra-robotski-usisivac-bijeli-proizvod-12602/"
"NARWAL Narwal Freo Z10 Ultra robotski usisivač - sivi";"sm-001358";"NARWAL";"kom";"799,00";"799,00";"NE";"";"799,00";"6972075735047";"Dostupno";"Uređaji - TEHNIKA - Pametan dom - Robotski usisavači";"https://woolf.hr/narwal-freo-z10-ultra-robotski-usisivac-sivi-proizvod-12487/"
"NARWAL Narwal sustav za automatsku izmjenu vode";"sm-001333";"NARWAL";"kom";"249,00";"249,00";"NE";"";"249,00";"6972075732664";"Dostupno";"Uređaji - TEHNIKA - Pametan dom - Robotski usisavači";"https://woolf.hr/narwal-sustav-za-automatsku-izmjenu-vode-proizvod-12456/"
"NASLON ZA SUP";"6502156N";"";"kom";"7,99";"7,99";"DA";"Akcija";"7,99";"";"Dostupno";"Fitnes - SPRAVE I DODACI - Pribor - Kajak naslon";"https://woolf.hr/kajak-naslon-sup-proizvod-9058/"
"NASLON ZA SUP";"6502156G";"";"kom";"7,99";"7,99";"DA";"Akcija";"7,99";"";"Dostupno";"Fitnes - SPRAVE I DODACI - Pribor - Kajak naslon";"https://woolf.hr/naslon-za-sup-proizvod-10194/"
"NICKELODEON GUMENE ČIZME PAW PATROL";"URCPP21_13_PURPLE";"NICKELODEON";"kom";"19,99";"19,99";"DA";"Akcija";"19,99";"";"Dostupno";"Dječje - Obuća - Čizme - Gumene čizme";"https://woolf.hr/gumene-cizme-paw-patrol-proizvod-8373/"
"NICKELODEON GUMENE KLOMPE";"ACROLOO_12_PINK";"NICKELODEON";"kom";"6,49";"6,49";"NE";"";"6,49";"";"Dostupno";"Dječje - Obuća - Klompe - Gumene klompe";"https://woolf.hr/gumene-klompe-proizvod-7965/"
"NOVČANIK S RFID ZAŠTITOM";"326106_BLACK";"";"kom";"9,99";"9,99";"DA";"Akcija";"9,99";"";"Dostupno";"Žensko - Dodaci - Novčanici";"https://woolf.hr/novcanik-s-rfid-zastitom-proizvod-7109/"
"NOVČANIK S RFID ZAŠTITOM";"326106_NAVY";"";"kom";"9,99";"9,99";"DA";"Akcija";"9,99";"";"Dostupno";"Žensko - Dodaci - Novčanici";"https://woolf.hr/novcanik-s-rfid-zastitom-proizvod-7110/"
"NOVČANIK S RFID ZAŠTITOM";"326106_BROWN";"";"kom";"9,99";"9,99";"DA";"Akcija";"9,99";"";"Dostupno";"Žensko - Dodaci - Novčanici";"https://woolf.hr/novcanik-s-rfid-zastitom-proizvod-7111/"
"NW AKUPRESURNA PROSTIRKA";"WLFP452025_GREY";"NW";"kom";"19,99";"19,99";"NE";"";"19,99";"";"Dostupno";"Fitnes - SPRAVE I DODACI";"https://woolf.hr/akupresurna-prostirka-proizvod-11990/"
"NW AKUPRESURNA PROSTIRKA";"WLFP452025_PURPLE";"NW";"kom";"19,99";"19,99";"NE";"";"19,99";"";"Dostupno";"Fitnes - SPRAVE I DODACI";"https://woolf.hr/akupresurna-prostirka-proizvod-11991/"
"NW BABY PAPUČE 12 18 mj";"WLF22_73_BLUE";"NW";"kom";"5,09";"5,09";"NE";"";"5,09";"";"Dostupno";"Dječje - Obuća - Papuče - Baby papuče";"https://woolf.hr/baby-papuce-12-18-mj-proizvod-7634/"
"NW BABY PAPUČE 12 18 mj";"WLF22_73_NAVY";"NW";"kom";"5,09";"5,09";"NE";"";"5,09";"";"Dostupno";"Dječje - Obuća - Papuče - Baby papuče";"https://woolf.hr/baby-papuce-12-18-mj-proizvod-7637/"
"NW BABY PAPUČE 12 18 mj";"WLF22_73_GREY2";"NW";"kom";"5,09";"5,09";"NE";"";"5,09";"";"Dostupno";"Dječje - Obuća - Papuče - Baby papuče";"https://woolf.hr/baby-papuce-12-18-mj-proizvod-7638/"
"NW BABY PAPUČE 12 18 mj";"WLF22_73_GREY4";"NW";"kom";"5,09";"5,09";"NE";"";"5,09";"";"Dostupno";"Dječje - Obuća - Papuče - Baby papuče";"https://woolf.hr/baby-papuce-12-18-mj-proizvod-7640/"
"NW BUCE";"1060_PURPLE";"NW";"kom";"12,99";"12,99";"DA";"Akcija";"12,99";"";"Dostupno";"Dječje - Obuća - Buce";"https://woolf.hr/buce-proizvod-7212/"
"NW BUCE";"1060_PINK";"NW";"kom";"12,99";"12,99";"DA";"Akcija";"12,99";"";"Dostupno";"Dječje - Obuća - Buce";"https://woolf.hr/buce-proizvod-7216/"
"NW BUCE";"WLFP1372025_PINK";"NW";"kom";"24,99";"24,99";"DA";"Akcija";"24,99";"";"Dostupno";"Dječje - Obuća - Buce";"https://woolf.hr/buce-proizvod-12304/"
"NW BUCE";"WLFP1372025_BLUE";"NW";"kom";"24,99";"24,99";"DA";"Akcija";"24,99";"";"Dostupno";"Dječje - Obuća - Buce";"https://woolf.hr/buce-proizvod-12305/"
"NW CARBON ULOŽAK";"WT023_600313";"NW";"kom";"2,99";"2,99";"NE";"";"2,99";"";"Dostupno";"Žensko - Dodaci - Ulošci za cipele";"https://woolf.hr/carbon-ulozak-proizvod-9721/"
"NW CIPELE";"2019_92_BORDO";"NW";"kom";"7,99";"7,99";"DA";"Akcija";"7,99";"";"Dostupno";"Žensko - Obuća - Cipele";"https://woolf.hr/cipele-proizvod-3360/"
"NW CIPELE";"2019_93_BLUE";"NW";"kom";"7,99";"7,99";"DA";"Akcija";"7,99";"";"Dostupno";"Žensko - Obuća - Cipele";"https://woolf.hr/cipele-proizvod-3361/"
"NW CIPELE";"82935_BLUE";"NW";"kom";"19,99";"19,99";"DA";"Akcija";"19,99";"";"Dostupno";"Muško - Obuća - Cipele";"https://woolf.hr/muske-cipele-proizvod-3585/"
"NW CIPELE";"C128C_RED";"NW";"kom";"17,99";"17,99";"DA";"Akcija";"17,99";"";"Dostupno";"Žensko - Obuća - Cipele";"https://woolf.hr/cipele-proizvod-7864/"
"NW ČARAPE BEZ GUMICE";"1112_CRNA";"NW";"kom";"2,25";"2,25";"DA";"Akcija";"2,25";"";"Dostupno";"Muško - Odjeća - Čarape";"https://woolf.hr/carape-bez-gumice-proizvod-3738/"
"NW ČARAPE BEZ GUMICE";"1112_SIVA";"NW";"kom";"2,25";"2,25";"DA";"Akcija";"2,25";"";"Dostupno";"Muško - Odjeća - Čarape";"https://woolf.hr/carape-bez-gumice-proizvod-3739/"
"NW ČARAPE BEZ GUMICE 3 PACK";"11123_GREY";"NW";"kom";"6,00";"6,00";"DA";"Akcija";"6,00";"";"Dostupno";"Muško - Odjeća - Čarape";"https://woolf.hr/carape-bez-gumice-3-pack-proizvod-7474/"
"NW ČARAPE BEZ GUMICE 5 PACK";"5971MED";"NW";"kom";"11,99";"11,99";"DA";"Akcija";"11,99";"";"Dostupno";"Muško - Odjeća - Čarape";"https://woolf.hr/carape-bez-gumice-5-pack-proizvod-12939/"
"NW ČARAPE INTARZIJA";"01120_111_CRNA";"NW";"kom";"2,19";"2,19";"NE";"";"2,19";"";"Dostupno";"Muško - Odjeća - Čarape";"https://woolf.hr/carape-intarzija-proizvod-2294/"
"NW ČETKA LAŠTILICA";"3011_BLACK";"NW";"kom";"4,99";"4,99";"NE";"";"4,99";"";"Dostupno";"Žensko - Dodaci - Četke za cipele";"https://woolf.hr/cetka-lastilica-proizvod-10771/"
"NW ČETKA LAŠTILICA";"3011_BEIGE";"NW";"kom";"4,99";"4,99";"NE";"";"4,99";"";"Dostupno";"Žensko - Dodaci - Četke za cipele";"https://woolf.hr/cetka-lastilica-proizvod-10772/"
"NW ČETKA ZA NUBUK I TEKSTIL";"3115_MIX";"NW";"kom";"4,99";"4,99";"NE";"";"4,99";"";"Dostupno";"Žensko - Dodaci - Četke za cipele";"https://woolf.hr/cetka-za-nubuk-i-tekstil-proizvod-11399/"
"NW GLEŽNJAČE";"203053B_BEIGE";"NW";"kom";"17,99";"17,99";"DA";"Akcija";"17,99";"";"Dostupno";"Dječje - Obuća - Gležnjače";"https://woolf.hr/gleznjace-proizvod-11113/"
"NW GUMENE ČIZME";"B850060_PINK";"NW";"kom";"20,99";"20,99";"DA";"Akcija";"20,99";"";"Dostupno";"Dječje - Obuća - Čizme - Gumene čizme";"https://woolf.hr/gumene-cizme-proizvod-9300/"
"NW GUMENE ČIZME";"B907240_GREY";"NW";"kom";"20,99";"20,99";"DA";"Akcija";"20,99";"";"Dostupno";"Dječje - Obuća - Čizme - Gumene čizme";"https://woolf.hr/gumene-cizme-proizvod-9324/"
"NW GUMENE ČIZME";"WLFP0230_BLUE";"NW";"kom";"14,99";"14,99";"DA";"Akcija";"14,99";"";"Dostupno";"Dječje - Obuća - Čizme - Gumene čizme";"https://woolf.hr/gumene-cizme-proizvod-10299/"
"NW GUMENE ČIZME";"WLFP0230_PINK";"NW";"kom";"14,99";"14,99";"DA";"Akcija";"14,99";"";"Dostupno";"Dječje - Obuća - Čizme - Gumene čizme";"https://woolf.hr/gumene-cizme-proizvod-10300/"
"NW GUMENE ČIZME";"WLFP0230_NAVY";"NW";"kom";"14,99";"14,99";"DA";"Akcija";"14,99";"";"Dostupno";"Dječje - Obuća - Čizme - Gumene čizme";"https://woolf.hr/gumene-cizme-proizvod-10301/"
"NW GUMENE ČIZME";"WLFP0230_1BLUE";"NW";"kom";"14,99";"14,99";"DA";"Akcija";"14,99";"";"Dostupno";"Dječje - Obuća - Čizme - Gumene čizme";"https://woolf.hr/gumene-cizme-proizvod-10302/"
"NW GUMENE ČIZME";"Y017_GREEN";"NW";"kom";"17,99";"17,99";"DA";"Akcija";"17,99";"";"Dostupno";"Dječje - Obuća - Čizme - Gumene čizme";"https://woolf.hr/gumene-cizme-proizvod-10840/"
"NW GUMENE ČIZME";"HJ76_BLACK";"NW";"kom";"19,99";"19,99";"DA";"Akcija";"19,99";"";"Dostupno";"Dječje - Obuća - Čizme - Gumene čizme";"https://woolf.hr/gumene-cizme-proizvod-11318/"
"NW GUMENE ČIZME";"X2205_PINK";"NW";"kom";"19,99";"19,99";"DA";"Akcija";"19,99";"";"Dostupno";"Dječje - Obuća - Čizme - Gumene čizme";"https://woolf.hr/gumene-cizme-proizvod-11319/"
"NW GUMENE ČIZME";"HJ71_PINK";"NW";"kom";"19,99";"19,99";"DA";"Akcija";"19,99";"";"Dostupno";"Dječje - Obuća - Čizme - Gumene čizme";"https://woolf.hr/gumene-cizme-proizvod-11320/"
"NW GUMENE ČIZME";"HJ70_PINK";"NW";"kom";"19,99";"19,99";"DA";"Akcija";"19,99";"";"Dostupno";"Dječje - Obuća - Čizme - Gumene čizme";"https://woolf.hr/gumene-cizme-proizvod-11322/"
"NW GUMENE ČIZME";"HJ65_BLACK";"NW";"kom";"19,99";"19,99";"DA";"Akcija";"19,99";"";"Dostupno";"Dječje - Obuća - Čizme - Gumene čizme";"https://woolf.hr/gumene-cizme-proizvod-11323/"
"NW GUMENE ČIZME";"WLFP292025_BLUE";"NW";"kom";"14,99";"14,99";"DA";"Akcija";"14,99";"";"Dostupno";"Dječje - Obuća - Čizme - Gumene čizme";"https://woolf.hr/gumene-cizme-proizvod-11914/"
"NW GUMENE ČIZME";"WLFP342025_NAVY";"NW";"kom";"14,99";"14,99";"DA";"Akcija";"14,99";"";"Dostupno";"Žensko - Obuća - Čizme - Gumene čizme";"https://woolf.hr/gumene-cizme-proizvod-11919/"
"NW GUMENE ČIZME";"WLFP262025_BLUE";"NW";"kom";"14,99";"14,99";"DA";"Akcija";"14,99";"";"Dostupno";"Dječje - Obuća - Čizme - Gumene čizme";"https://woolf.hr/gumene-cizme-proizvod-11923/"
"NW GUMENE ČIZME";"WLFP0230_1PINK";"NW";"kom";"14,99";"14,99";"DA";"Akcija";"14,99";"";"Dostupno";"Dječje - Obuća - Čizme - Gumene čizme";"https://woolf.hr/gumene-cizme-proizvod-11971/"
"NW GUMENE ČIZME";"WLFP1432025_NAVY";"NW";"kom";"16,99";"16,99";"NE";"";"16,99";"";"Dostupno";"Žensko - Obuća - Čizme - Gumene čizme";"https://woolf.hr/gumene-cizme-proizvod-12321/"
"NW GUMENE GLEŽNJAČE";"PLAM_BLACK";"NW";"kom";"14,99";"14,99";"NE";"";"14,99";"";"Dostupno";"Žensko - Obuća - Gležnjače";"https://woolf.hr/gumene-gleznjace-proizvod-12080/"
"NW GUMENE KLOMPE";"WLFP208_GREEN";"NW";"kom";"3,79";"3,79";"NE";"";"3,79";"";"Dostupno";"Dječje - Obuća - Klompe - Gumene klompe";"https://woolf.hr/gumene-klompe-proizvod-8635/"
"NW GUMENE KLOMPE";"B859270_NAVY";"NW";"kom";"8,99";"8,99";"DA";"Akcija";"8,99";"";"Dostupno";"Dječje - Obuća - Klompe - Gumene klompe";"https://woolf.hr/gumene-klompe-proizvod-9025/"
"NW JAPANKE";"WLF22_142_BROWN";"NW";"kom";"6,99";"6,99";"DA";"Akcija";"6,99";"";"Dostupno";"Žensko - Obuća - Japanke";"https://woolf.hr/japanke-proizvod-9203/"
"NW JAPANKE";"WLF22_142_TOURQUISE";"NW";"kom";"6,99";"6,99";"DA";"Akcija";"6,99";"";"Dostupno";"Žensko - Obuća - Japanke";"https://woolf.hr/japanke-proizvod-9204/"
"NW JAPANKE";"WLF22_142_PEACH";"NW";"kom";"6,99";"6,99";"DA";"Akcija";"6,99";"";"Dostupno";"Žensko - Obuća - Japanke";"https://woolf.hr/japanke-proizvod-9205/"
"NW JAPANKE";"WLF22_142_1BROWN";"NW";"kom";"6,99";"6,99";"DA";"Akcija";"6,99";"";"Dostupno";"Žensko - Obuća - Japanke";"https://woolf.hr/japanke-proizvod-10129/"
"NW JAPANKE";"501_WHITE";"NW";"kom";"8,99";"8,99";"DA";"Akcija";"8,99";"";"Dostupno";"Žensko - Obuća - Japanke";"https://woolf.hr/japanke-proizvod-11589/"
"NW JAPANKE";"B376_BLACK";"NW";"kom";"6,29";"6,29";"DA";"Akcija";"6,29";"";"Dostupno";"Žensko - Obuća - Japanke";"https://woolf.hr/japanke-proizvod-11739/"
"NW JAPANKE";"B376_PINK";"NW";"kom";"6,29";"6,29";"DA";"Akcija";"6,29";"";"Dostupno";"Žensko - Obuća - Japanke";"https://woolf.hr/japanke-proizvod-11741/"
"NW JAPANKE";"B376_BLUE";"NW";"kom";"6,29";"6,29";"DA";"Akcija";"6,29";"";"Dostupno";"Žensko - Obuća - Japanke";"https://woolf.hr/japanke-proizvod-11742/"
"NW JUMP DJEČJI ULOŽAK";"WT023_061030";"NW";"kom";"1,99";"1,99";"NE";"";"1,99";"";"Dostupno";"Dječje - Dječji dodaci - Ulošci za cipele";"https://woolf.hr/jump-djecji-ulozak-proizvod-9724/"
"NW KAPA ŠILTERICA";"C2455_BEIGE";"NW";"kom";"7,99";"7,99";"DA";"Akcija";"7,99";"";"Dostupno";"Dječje - Odjeća - Kape - Šilterice";"https://woolf.hr/kapa-silterica-proizvod-10433/"
"NW KOŽNE NATIKACE";"2636_NERO2";"NW";"kom";"16,99";"16,99";"DA";"Akcija";"16,99";"";"Dostupno";"Muško - Obuća - Natikače";"https://woolf.hr/kozne-natikace-proizvod-4948/"
"NW KOŽNE NATIKACE";"15003";"NW";"kom";"24,99";"24,99";"DA";"Akcija";"24,99";"";"Dostupno";"Muško - Obuća - Sandale";"https://woolf.hr/kozne-natikace-proizvod-12726/"
"NW KOŽNE NATIKACE SANDALE";"15005_NERO";"NW";"kom";"24,99";"24,99";"DA";"Akcija";"24,99";"";"Dostupno";"Muško - Obuća - Sandale";"https://woolf.hr/kozne-natikace-proizvod-12727/"
"NW KOŽNE NATIKAČE";"WLF22_70_BLACK";"NW";"kom";"24,99";"24,99";"NE";"";"24,99";"";"Dostupno";"Žensko - Obuća - Natikače";"https://woolf.hr/kozne-natikace-proizvod-7625/"
"NW KOŽNE NATIKAČE";"WLF22_70_BEIGE";"NW";"kom";"24,99";"24,99";"NE";"";"24,99";"";"Dostupno";"Žensko - Obuća - Natikače";"https://woolf.hr/kozne-natikace-proizvod-7626/"
"NW KOŽNE SANDALE";"WLFP173_BLACK";"NW";"kom";"19,99";"19,99";"DA";"Akcija";"19,99";"";"Dostupno";"Žensko - Obuća - Sandale";"https://woolf.hr/kozne-sandale-proizvod-8538/"
"NW KOŽNE SANDALE";"WLFP173_BROWN";"NW";"kom";"24,99";"24,99";"NE";"";"24,99";"";"Dostupno";"Muško - Obuća - Sandale";"https://woolf.hr/kozne-sandale-proizvod-8539/"
"NW KOŽNI ULOŽAK";"WT023_600825";"NW";"kom";"2,99";"2,99";"NE";"";"2,99";"";"Dostupno";"Žensko - Dodaci - Ulošci za cipele";"https://woolf.hr/kozni-ulozak-proizvod-9718/"
"NW KUĆNE PAPUČE";"2578_PURPLE";"NW";"kom";"3,79";"3,79";"NE";"";"3,79";"";"Dostupno";"Žensko - Obuća - Papuče";"https://woolf.hr/kucne-papuce-proizvod-5414/"
"NW KUĆNE PAPUČE";"2584_RED_BLACK";"NW";"kom";"3,79";"3,79";"NE";"";"3,79";"";"Dostupno";"Žensko - Obuća - Papuče";"https://woolf.hr/kucne-papuce-proizvod-5429/"
"NW KUĆNE PAPUČE";"2585_BROWN";"NW";"kom";"3,79";"3,79";"NE";"";"3,79";"";"Dostupno";"Žensko - Obuća - Papuče";"https://woolf.hr/kucne-papuce-proizvod-5430/"
"NW KUĆNE PAPUČE";"2587_BLACK";"NW";"kom";"3,79";"3,79";"NE";"";"3,79";"";"Dostupno";"Žensko - Obuća - Papuče";"https://woolf.hr/kucne-papuce-proizvod-5433/"
"NW KUĆNE PAPUČE";"2588_GREY";"NW";"kom";"3,79";"3,79";"NE";"";"3,79";"";"Dostupno";"Žensko - Obuća - Papuče";"https://woolf.hr/kucne-papuce-proizvod-5436/"
"NW KUĆNE PAPUČE";"2591_BLUE";"NW";"kom";"3,79";"3,79";"NE";"";"3,79";"";"Dostupno";"Žensko - Obuća - Papuče";"https://woolf.hr/kucne-papuce-proizvod-5439/"
"NW KUĆNE PAPUČE";"2591_GREEN";"NW";"kom";"3,79";"3,79";"NE";"";"3,79";"";"Dostupno";"Žensko - Obuća - Papuče";"https://woolf.hr/kucne-papuce-proizvod-5440/"
"NW KUĆNE PAPUČE";"2592_GREY";"NW";"kom";"3,79";"3,79";"NE";"";"3,79";"";"Dostupno";"Žensko - Obuća - Papuče";"https://woolf.hr/kucne-papuce-proizvod-5441/"
"NW KUĆNE PAPUČE";"2597_RED";"NW";"kom";"3,79";"3,79";"NE";"";"3,79";"";"Dostupno";"Žensko - Obuća - Papuče";"https://woolf.hr/kucne-papuce-proizvod-5447/"
"NW KUĆNE PAPUČE";"2598_BLACK";"NW";"kom";"3,79";"3,79";"NE";"";"3,79";"";"Dostupno";"Žensko - Obuća - Papuče";"https://woolf.hr/kucne-papuce-proizvod-5448/"
"NW KUĆNE PAPUČE";"2610_GREY";"NW";"kom";"3,79";"3,79";"NE";"";"3,79";"";"Dostupno";"Žensko - Obuća - Papuče";"https://woolf.hr/kucne-papuce-proizvod-5461/"
"NW KUĆNE PAPUČE";"2610_NAVY";"NW";"kom";"3,79";"3,79";"NE";"";"3,79";"";"Dostupno";"Žensko - Obuća - Papuče";"https://woolf.hr/kucne-papuce-proizvod-5462/"
"NW KUĆNE PAPUČE";"2613_WHITE";"NW";"kom";"3,79";"3,79";"NE";"";"3,79";"";"Dostupno";"Žensko - Obuća - Papuče";"https://woolf.hr/kucne-papuce-proizvod-5468/"
"NW KUĆNE PAPUČE";"2612_BLUE";"NW";"kom";"3,79";"3,79";"NE";"";"3,79";"";"Dostupno";"Žensko - Obuća - Papuče";"https://woolf.hr/kucne-papuce-proizvod-5469/"
"NW KUĆNE PAPUČE";"2617_RED";"NW";"kom";"5,09";"5,09";"NE";"";"5,09";"";"Dostupno";"Žensko - Obuća - Papuče";"https://woolf.hr/kucne-papuce-proizvod-5474/"
"NW KUĆNE PAPUČE";"2618_PINK_1";"NW";"kom";"5,09";"5,09";"NE";"";"5,09";"";"Dostupno";"Žensko - Obuća - Papuče";"https://woolf.hr/kucne-papuce-proizvod-5480/"
"NW KUĆNE PAPUČE";"WLF22_52_PINK";"NW";"kom";"5,09";"5,09";"NE";"";"5,09";"";"Dostupno";"Žensko - Obuća - Papuče";"https://woolf.hr/skolske-papuce-proizvod-7597/"
"NW KUĆNE PAPUČE";"WLF22_55_PINK";"NW";"kom";"5,09";"5,09";"NE";"";"5,09";"";"Dostupno";"Žensko - Obuća - Papuče - Kućne papuče";"https://woolf.hr/kucne-papuce-proizvod-7604/"
"NW KUĆNE PAPUČE";"WLF22_76_GREY";"NW";"kom";"5,99";"5,99";"NE";"";"5,99";"";"Dostupno";"Žensko - Obuća - Papuče";"https://woolf.hr/kucne-papuce-proizvod-7643/"
"NW KUĆNE PAPUČE";"WLF22_80_BROWN";"NW";"kom";"5,09";"5,09";"NE";"";"5,09";"";"Dostupno";"Žensko - Obuća - Papuče - Kućne papuče";"https://woolf.hr/kucne-papuce-proizvod-7654/"
"NW KUĆNE PAPUČE";"WLF22_80_BLACK";"NW";"kom";"5,09";"5,09";"NE";"";"5,09";"";"Dostupno";"Žensko - Obuća - Papuče - Kućne papuče";"https://woolf.hr/kucne-papuce-proizvod-7655/"
"NW KUĆNE PAPUČE";"WLFP82_NAVY";"NW";"kom";"5,99";"5,99";"NE";"";"5,99";"";"Dostupno";"Žensko - Obuća - Papuče - Kućne papuče";"https://woolf.hr/kucne-papuce-proizvod-8349/"
"NW KUĆNE PAPUČE";"WLFP82_PINK";"NW";"kom";"5,99";"5,99";"NE";"";"5,99";"";"Dostupno";"Žensko - Obuća - Papuče";"https://woolf.hr/kucne-papuce-proizvod-8352/"
"NW KUĆNE PAPUČE";"WLF22_85_BEIGE";"NW";"kom";"5,99";"5,99";"NE";"";"5,99";"";"Dostupno";"Žensko - Obuća - Papuče";"https://woolf.hr/kucne-papuce-proizvod-8353/"
"NW KUĆNE PAPUČE";"WLFP94_BORDO";"NW";"kom";"5,99";"5,99";"NE";"";"5,99";"";"Dostupno";"Žensko - Obuća - Papuče";"https://woolf.hr/kucne-papuce-proizvod-8370/"
"NW KUĆNE PAPUČE";"WLFP190_BLACK";"NW";"kom";"5,99";"5,99";"NE";"";"5,99";"";"Dostupno";"Muško - Obuća - Papuče";"https://woolf.hr/kucne-papuce-proizvod-8562/"
"NW KUĆNE PAPUČE";"WLFP190_GREY";"NW";"kom";"5,09";"5,09";"NE";"";"5,09";"";"Dostupno";"Muško - Obuća - Papuče";"https://woolf.hr/kucne-papuce-proizvod-8564/"
"NW KUĆNE PAPUČE";"WLFP191_GREY";"NW";"kom";"5,09";"5,09";"NE";"";"5,09";"";"Dostupno";"Žensko - Obuća - Papuče";"https://woolf.hr/kucne-papuce-proizvod-8565/"
"NW KUĆNE PAPUČE";"WLFP191_1GREY";"NW";"kom";"5,09";"5,09";"NE";"";"5,09";"";"Dostupno";"Žensko - Obuća - Papuče";"https://woolf.hr/kucne-papuce-proizvod-8566/"
"NW KUĆNE PAPUČE";"WLF22_80_1BROWN";"NW";"kom";"5,09";"5,09";"NE";"";"5,09";"";"Dostupno";"Žensko - Obuća - Papuče";"https://woolf.hr/kucne-papuce-proizvod-8567/"
"NW KUĆNE PAPUČE";"WLF22_80_1BLACK";"NW";"kom";"5,09";"5,09";"NE";"";"5,09";"";"Dostupno";"Žensko - Obuća - Papuče";"https://woolf.hr/kucne-papuce-proizvod-8568/"
"NW KUĆNE PAPUČE";"WLFP191_PURPLE";"NW";"kom";"5,09";"5,09";"NE";"";"5,09";"";"Dostupno";"Žensko - Obuća - Papuče";"https://woolf.hr/kucne-papuce-proizvod-8570/"
"NW KUĆNE PAPUČE";"WLFP193_GREY";"NW";"kom";"5,09";"5,09";"NE";"";"5,09";"";"Dostupno";"Žensko - Obuća - Papuče";"https://woolf.hr/kucne-papuce-proizvod-8571/"
"NW KUĆNE PAPUČE";"WLFP192_PINK";"NW";"kom";"5,09";"5,09";"NE";"";"5,09";"";"Dostupno";"Žensko - Obuća - Papuče";"https://woolf.hr/kucne-papuce-proizvod-8572/"
"NW KUĆNE PAPUČE";"WLFP076_NAVY";"NW";"kom";"12,99";"12,99";"NE";"";"12,99";"";"Dostupno";"Žensko - Obuća - Papuče - Kućne papuče";"https://woolf.hr/kucne-papuce-proizvod-9437/"
"NW KUĆNE PAPUČE";"WLFP0207_GREY";"NW";"kom";"9,99";"9,99";"DA";"Akcija";"9,99";"";"Dostupno";"Žensko - Obuća - Papuče";"https://woolf.hr/kucne-papuce-proizvod-9955/"
"NW KUĆNE PAPUČE";"WLFP62025_GREY";"NW";"kom";"9,99";"9,99";"NE";"";"9,99";"";"Dostupno";"Žensko - Obuća - Papuče";"https://woolf.hr/kucne-papuce-proizvod-11879/"
"NW KUĆNE PAPUČE";"WLFP62025_BLUE";"NW";"kom";"9,99";"9,99";"NE";"";"9,99";"";"Dostupno";"Žensko - Obuća - Papuče";"https://woolf.hr/kucne-papuce-proizvod-11880/"
"NW KUĆNE PAPUČE";"WLFP492025_BEIGE";"NW";"kom";"5,99";"5,99";"NE";"";"5,99";"";"Dostupno";"Žensko - Obuća - Papuče";"https://woolf.hr/kucne-papuce-proizvod-11995/"
"NW KUĆNE PAPUČE";"WLFP492025_BORDO";"NW";"kom";"5,99";"5,99";"NE";"";"5,99";"";"Dostupno";"Žensko - Obuća - Papuče";"https://woolf.hr/kucne-papuce-proizvod-11996/"
"NW KUĆNE PAPUČE";"WLFP492025_NAVY";"NW";"kom";"5,99";"5,99";"NE";"";"5,99";"";"Dostupno";"Žensko - Obuća - Papuče";"https://woolf.hr/kucne-papuce-proizvod-11997/"
"NW KUĆNE PAPUČE";"WLFP502025_NAVY";"NW";"kom";"5,99";"5,99";"NE";"";"5,99";"";"Dostupno";"Žensko - Obuća - Papuče";"https://woolf.hr/kucne-papuce-proizvod-11998/"
"NW KUĆNE PAPUČE";"0321_BLUE";"NW";"kom";"10,99";"10,99";"NE";"";"10,99";"";"Dostupno";"Muško - Obuća - Papuče";"https://woolf.hr/kucne-papuce-proizvod-12134/"
"NW KUĆNE PAPUČE";"3036_1_GREY";"NW";"kom";"9,99";"9,99";"NE";"";"9,99";"";"Dostupno";"Žensko - Obuća - Papuče";"https://woolf.hr/kucne-papuce-proizvod-12174/"
"NW KUĆNE PAPUČE";"WLFP892025_BLACK";"NW";"kom";"3,99";"3,99";"DA";"Akcija";"3,99";"";"Dostupno";"Žensko - Obuća - Papuče";"https://woolf.hr/kucne-papuce-proizvod-12206/"
"NW KUĆNE PAPUČE";"WLFP892025_1_BLACK";"NW";"kom";"3,99";"3,99";"DA";"Akcija";"3,99";"";"Dostupno";"Žensko - Obuća - Papuče";"https://woolf.hr/kucne-papuce-proizvod-12207/"
"NW KUĆNE PAPUČE DO GLEŽNJA";"NIF2357_BLACK";"NW";"kom";"11,99";"11,99";"NE";"";"11,99";"";"Dostupno";"Žensko - Obuća - Papuče";"https://woolf.hr/kucne-papuce-proizvod-9658/"
"NW KUĆNE PAPUČE DO GLEŽNJA";"NIF2357_GREY";"NW";"kom";"11,99";"11,99";"NE";"";"11,99";"";"Dostupno";"Muško - Obuća - Papuče";"https://woolf.hr/kucne-papuce-do-gleznja-proizvod-12412/"
"NW LATEX ULOŽAK";"WT023_600702";"NW";"kom";"2,99";"2,99";"NE";"";"2,99";"";"Dostupno";"Žensko - Dodaci - Ulošci za cipele";"https://woolf.hr/latex-ulozak-proizvod-9719/"
"NW LATEX ULOŽAK";"WT023_600030";"NW";"kom";"2,99";"2,99";"NE";"";"2,99";"";"Dostupno";"Muško - Muški dodaci - Ulošci za cipele";"https://woolf.hr/latex-ulozak-proizvod-9722/"
"NW MODNE ČIZME";"WLFP46_PINK";"NW";"kom";"12,99";"12,99";"DA";"Akcija";"12,99";"";"Dostupno";"Dječje - Obuća - Čizme";"https://woolf.hr/modne-cizme-proizvod-8226/"
"NW MODNE ČIZME";"WLFP47_GREY";"NW";"kom";"12,99";"12,99";"DA";"Akcija";"12,99";"";"Dostupno";"Dječje - Obuća - Čizme";"https://woolf.hr/modne-cizme-proizvod-8227/"
"NW NATIKAČE";"295685_NAVY";"NW";"kom";"3,99";"3,99";"DA";"Akcija";"3,99";"";"Dostupno";"Dječje - Obuća - Natikače";"https://woolf.hr/natikace-proizvod-7103/"
"NW NATIKAČE";"295685_GREEN";"NW";"kom";"3,99";"3,99";"DA";"Akcija";"3,99";"";"Dostupno";"Dječje - Obuća - Natikače";"https://woolf.hr/natikace-proizvod-7104/"
"NW NATIKAČE";"WLF22_120_WHITE";"NW";"kom";"7,99";"7,99";"DA";"Akcija";"7,99";"";"Dostupno";"Muško - Obuća - Natikače";"https://woolf.hr/natikace-proizvod-7782/"
"NW NATIKAČE";"3502117_BORDO";"NW";"kom";"5,99";"5,99";"NE";"";"5,99";"";"Dostupno";"Žensko - Obuća - Natikače";"https://woolf.hr/natikace-proizvod-8762/"
"NW NATIKAČE";"WLFP031_WHITE";"NW";"kom";"5,99";"5,99";"DA";"Akcija";"5,99";"";"Dostupno";"Muško - Obuća - Natikače";"https://woolf.hr/natikace-proizvod-9198/"
"NW NATIKAČE";"WLF22_100_PINKY";"NW";"kom";"5,99";"5,99";"NE";"";"5,99";"";"Dostupno";"Dječje - Obuća - Natikače";"https://woolf.hr/natikace-proizvod-9214/"
"NW NATIKAČE";"WLF22_100_NAVY";"NW";"kom";"5,99";"5,99";"NE";"";"5,99";"";"Dostupno";"Dječje - Obuća - Natikače";"https://woolf.hr/natikace-proizvod-9215/"
"NW NATIKAČE";"WLF22_100_1NAVY";"NW";"kom";"5,99";"5,99";"NE";"";"5,99";"";"Dostupno";"Dječje - Obuća - Natikače";"https://woolf.hr/natikace-proizvod-9218/"
"NW NATIKAČE";"WLF22_100_2PINK";"NW";"kom";"5,99";"5,99";"NE";"";"5,99";"";"Dostupno";"Dječje - Obuća - Natikače";"https://woolf.hr/natikace-proizvod-9220/"
"NW NATIKAČE";"WLF22_100_BLUE";"NW";"kom";"5,99";"5,99";"NE";"";"5,99";"";"Dostupno";"Dječje - Obuća - Natikače";"https://woolf.hr/natikace-proizvod-9223/"
"NW NATIKAČE";"WLF22_100_BLACK";"NW";"kom";"5,99";"5,99";"NE";"";"5,99";"";"Dostupno";"Dječje - Obuća - Natikače";"https://woolf.hr/natikace-proizvod-9224/"
"NW NATIKAČE";"WLFP0333_PURPLE";"NW";"kom";"5,99";"5,99";"NE";"";"5,99";"";"Dostupno";"Dječje - Obuća - Natikače";"https://woolf.hr/natikace-proizvod-10130/"
"NW NATIKAČE";"SFF_10_BLACK";"NW";"kom";"5,99";"5,99";"DA";"Akcija";"5,99";"";"Dostupno";"Muško - Obuća - Natikače";"https://woolf.hr/natikace-proizvod-11280/"
"NW NATIKAČE";"WLFP52025_YELLOW";"NW";"kom";"5,99";"5,99";"DA";"Akcija";"5,99";"";"Dostupno";"Žensko - Obuća - Papuče";"https://woolf.hr/natikace-proizvod-11783/"
"NW NATIKAČE";"WLFP52025_BLUE";"NW";"kom";"5,99";"5,99";"DA";"Akcija";"5,99";"";"Dostupno";"Žensko - Obuća - Papuče";"https://woolf.hr/natikace-proizvod-11784/"
"NW NATIKAČE";"T057_BLACKROSE";"NW";"kom";"6,99";"6,99";"DA";"Akcija";"6,99";"";"Dostupno";"Žensko - Obuća - Natikače";"https://woolf.hr/natikace-proizvod-12803/"
"NW NATIKAČE";"T057_ROSEPINK";"NW";"kom";"6,99";"6,99";"DA";"Akcija";"6,99";"";"Dostupno";"Žensko - Obuća - Natikače";"https://woolf.hr/natikace-proizvod-12804/"
"NW NATIKAČE";"T057_BLACKWHITE";"NW";"kom";"6,99";"6,99";"DA";"Akcija";"6,99";"";"Dostupno";"Žensko - Obuća - Natikače";"https://woolf.hr/natikace-proizvod-12805/"
"NW NATIKAČE";"T057_NAVYBLUE";"NW";"kom";"6,99";"6,99";"DA";"Akcija";"6,99";"";"Dostupno";"Žensko - Obuća - Natikače";"https://woolf.hr/natikace-proizvod-12806/"
"NW NATIKAČE";"8940A_BLACKGREY";"NW";"kom";"6,99";"6,99";"DA";"Akcija";"6,99";"";"Dostupno";"Muško - Obuća - Natikače";"https://woolf.hr/natikace-proizvod-12807/"
"NW NATIKAČE";"8940A_BLACKWHITE";"NW";"kom";"6,99";"6,99";"DA";"Akcija";"6,99";"";"Dostupno";"Muško - Obuća - Natikače";"https://woolf.hr/natikace-proizvod-12808/"
"NW NATIKAČE";"8940A_NAVYWHITE";"NW";"kom";"6,99";"6,99";"DA";"Akcija";"6,99";"";"Dostupno";"Muško - Obuća - Natikače";"https://woolf.hr/natikace-proizvod-12809/"
"NW NEPROPUSNE BUCE";"2681_NAVY";"NW";"kom";"19,99";"19,99";"DA";"Akcija";"19,99";"";"Dostupno";"Dječje - Obuća - Buce";"https://woolf.hr/buce-proizvod-5638/"
"NW NEPROPUSNE BUCE";"WLFP53_NAVY";"NW";"kom";"19,99";"19,99";"DA";"Akcija";"19,99";"";"Dostupno";"Dječje - Obuća - Buce";"https://woolf.hr/nepropusne-buce-proizvod-8238/"
"NW NEPROPUSNE BUCE";"3502053_BLUE";"NW";"kom";"19,99";"19,99";"DA";"Akcija";"19,99";"";"Dostupno";"Dječje - Obuća - Buce";"https://woolf.hr/nepropusne-buce-proizvod-8573/"
"NW NEPROPUSNE BUCE";"3502053_NAVY";"NW";"kom";"19,99";"19,99";"DA";"Akcija";"19,99";"";"Dostupno";"Dječje - Obuća - Buce";"https://woolf.hr/nepropusne-buce-proizvod-8574/"
"NW NEPROPUSNE BUCE";"3501944_BLUE";"NW";"kom";"19,99";"19,99";"DA";"Akcija";"19,99";"";"Dostupno";"Dječje - Obuća - Buce";"https://woolf.hr/nepropusne-buce-proizvod-8586/"
"NW NEPROPUSNE BUCE";"3501944_GREY";"NW";"kom";"19,99";"19,99";"DA";"Akcija";"19,99";"";"Dostupno";"Dječje - Obuća - Buce";"https://woolf.hr/nepropusne-buce-proizvod-8587/"
"NW NEPROPUSNE BUCE";"WLFP752025_BLACK";"NW";"kom";"24,99";"24,99";"DA";"Akcija";"24,99";"";"Dostupno";"Dječje - Obuća - Buce";"https://woolf.hr/nepropusne-buce-proizvod-12181/"
"NW NEPROPUSNE BUCE";"WLFP752025_BLUE";"NW";"kom";"24,99";"24,99";"DA";"Akcija";"24,99";"";"Dostupno";"Dječje - Obuća - Buce";"https://woolf.hr/nepropusne-buce-proizvod-12182/"
"NW NEPROPUSNE BUCE";"WLFP812025_NAVY";"NW";"kom";"24,99";"24,99";"NE";"";"24,99";"";"Dostupno";"Dječje - Obuća - Buce";"https://woolf.hr/nepropusne-buce-proizvod-12195/"
"NW NEPROPUSNE BUCE";"WLFP852025_NAVY";"NW";"kom";"19,99";"19,99";"NE";"";"19,99";"";"Dostupno";"Dječje - Obuća - Buce";"https://woolf.hr/nepropusne-buce-proizvod-12201/"
"NW NEPROPUSNE BUCE";"WLFP862025_BLACK";"NW";"kom";"29,99";"29,99";"NE";"";"29,99";"";"Dostupno";"Dječje - Obuća - Buce";"https://woolf.hr/nepropusne-buce-proizvod-12202/"
"NW NEPROPUSNE BUCE";"WLFP882025_BLUE";"NW";"kom";"24,99";"24,99";"DA";"Akcija";"24,99";"";"Dostupno";"Dječje - Obuća - Buce";"https://woolf.hr/nepropusne-buce-proizvod-12205/"
"NW NEPROPUSNE BUCE";"WLFP752025_BEIGE";"NW";"kom";"29,99";"29,99";"NE";"";"29,99";"";"Dostupno";"Dječje - Obuća - Buce";"https://woolf.hr/nepropusne-buce-proizvod-12308/"
"NW NEPROPUSNE GLEŽNJAČE";"WLFP0420_1NAVY";"NW";"kom";"19,99";"19,99";"DA";"Akcija";"19,99";"";"Dostupno";"Dječje - Obuća - Gležnjače";"https://woolf.hr/nepropusne-gleznjace-proizvod-10972/"
"NW NOSILJKA ZA BEBE";"316642_N_NAVY";"NW";"kom";"14,99";"14,99";"DA";"Akcija";"14,99";"";"Dostupno";"Žensko - Dodaci - Nosiljka za bebe";"https://woolf.hr/nosiljka-za-bebe-proizvod-11205/"
"NW PAMUČNA SPORTSKA ČARAPA 5 PACK";"5413_WHITE";"NW";"kom";"9,99";"9,99";"NE";"";"9,99";"";"Dostupno";"Žensko - Odjeća - Čarape";"https://woolf.hr/pamucna-sportska-carapa-5-pack-proizvod-12680/"
"NW PAMUČNA SPORTSKA ČARAPA 5 PACK";"5413_BLACK";"NW";"kom";"9,99";"9,99";"NE";"";"9,99";"";"Dostupno";"Muško - Odjeća - Čarape";"https://woolf.hr/pamucna-sportska-carapa-5-pack-proizvod-12681/"
"NW PAMUČNE STOPALICE 5 PACK";"5971Z_BLACK";"NW";"kom";"8,99";"8,99";"NE";"";"8,99";"";"Dostupno";"Žensko - Odjeća - Čarape - Stopalice";"https://woolf.hr/pamucne-stopalice-5-pack-proizvod-12682/"
"NW PAMUČNE STOPALICE 5 PACK";"5971M_BLACK";"NW";"kom";"8,99";"8,99";"NE";"";"8,99";"";"Dostupno";"Muško - Odjeća - Čarape - Stopalice";"https://woolf.hr/pamucne-stopalice-5-pack-proizvod-12683/"
"NW PAMUČNE STOPALICE 5 PACK";"5971MZ_WHITE";"NW";"kom";"8,99";"8,99";"NE";"";"8,99";"";"Dostupno";"Žensko - Odjeća - Čarape - Stopalice";"https://woolf.hr/pamucne-stopalice-5-pack-proizvod-12684/"
"NW PAPUČE";"2019_39_BLACK";"NW";"kom";"5,09";"5,09";"DA";"Akcija";"5,09";"";"Dostupno";"Dječje - Obuća - Papuče - Kućne papuče";"https://woolf.hr/papuce-proizvod-3078/"
"NW PAPUČE";"AMY_BROWN";"NW";"kom";"9,09";"9,09";"DA";"Akcija";"9,09";"";"Dostupno";"Žensko - Obuća - Papuče";"https://woolf.hr/zenske-papuce-proizvod-3292/"
"NW PAPUČE";"2019_41_GREY_1";"NW";"kom";"5,09";"5,09";"DA";"Akcija";"5,09";"";"Dostupno";"Dječje - Obuća - Papuče";"https://woolf.hr/papuce-proizvod-5399/"
"NW PAPUČE";"2019_40_BEIGE_1";"NW";"kom";"5,09";"5,09";"DA";"Akcija";"5,09";"";"Dostupno";"Dječje - Obuća - Papuče";"https://woolf.hr/papuce-proizvod-5402/"
"NW PAPUČE";"AYLA_BROWN";"NW";"kom";"7,79";"7,79";"DA";"Akcija";"7,79";"";"Dostupno";"Žensko - Obuća - Papuče";"https://woolf.hr/papuce-proizvod-5651/"
"NW PAPUČE";"AYLA_GREY";"NW";"kom";"7,79";"7,79";"DA";"Akcija";"7,79";"";"Dostupno";"Žensko - Obuća - Papuče";"https://woolf.hr/papuce-proizvod-5652/"
"NW PAPUČE";"AFZAL_GREY";"NW";"kom";"7,79";"7,79";"DA";"Akcija";"7,79";"";"Dostupno";"Muško - Obuća - Papuče";"https://woolf.hr/papuce-proizvod-5653/"
"NW PAPUČE";"AFZAL_BROWN";"NW";"kom";"7,79";"7,79";"DA";"Akcija";"7,79";"";"Dostupno";"Muško - Obuća - Papuče";"https://woolf.hr/papuce-proizvod-5654/"
"NW PAPUČE";"AYLA_BLUE";"NW";"kom";"7,79";"7,79";"DA";"Akcija";"7,79";"";"Dostupno";"Žensko - Obuća - Papuče";"https://woolf.hr/papuce-proizvod-5658/"
"NW PAPUČE";"WLFP196_PINK";"NW";"kom";"3,99";"3,99";"DA";"Akcija";"3,99";"";"Dostupno";"Dječje - Obuća - Papuče";"https://woolf.hr/papuce-proizvod-8609/"
"NW PAPUČE";"WLFP065_GREY";"NW";"kom";"5,09";"5,09";"NE";"";"5,09";"";"Dostupno";"Dječje - Obuća - Papuče - Kućne papuče";"https://woolf.hr/papuce-proizvod-9422/"
"NW PAPUČE";"WLFP096_BLACK";"NW";"kom";"5,99";"5,99";"NE";"";"5,99";"";"Dostupno";"Žensko - Obuća - Papuče";"https://woolf.hr/papuce-proizvod-9502/"
"NW PAPUČE";"WLFP_73_1BLUE";"NW";"kom";"10,49";"10,49";"NE";"";"10,49";"";"Dostupno";"Dječje - Obuća - Tenisice";"https://woolf.hr/papuce-proizvod-10102/"
"NW PAPUČE";"2003JC_BLUE";"NW";"kom";"6,99";"6,99";"NE";"";"6,99";"";"Dostupno";"Dječje - Obuća - Papuče";"https://woolf.hr/papuce-proizvod-11156/"
"NW PAPUČE";"261603PL_NAVY";"NW";"kom";"7,99";"7,99";"DA";"Akcija";"7,99";"";"Dostupno";"Dječje - Obuća - Papuče - Papuče za razred";"https://woolf.hr/papuce-proizvod-11826/"
"NW PAPUČE";"WLFP196_PINKI";"NW";"kom";"3,99";"3,99";"DA";"Akcija";"3,99";"";"Dostupno";"Dječje - Obuća - Papuče";"https://woolf.hr/papuce-proizvod-11886/"
"NW PAPUČE";"WLFP196_1GREY";"NW";"kom";"3,99";"3,99";"DA";"Akcija";"3,99";"";"Dostupno";"Dječje - Obuća - Papuče";"https://woolf.hr/papuce-proizvod-11887/"
"NW PAPUČE";"WLFP102025_NAVY";"NW";"kom";"5,99";"5,99";"NE";"";"5,99";"";"Dostupno";"Dječje - Obuća - Papuče";"https://woolf.hr/papuce-proizvod-11889/"
"NW PAPUČE";"30191_BLUE";"NW";"kom";"9,99";"9,99";"NE";"";"9,99";"";"Dostupno";"Muško - Obuća - Papuče";"https://woolf.hr/papuce-proizvod-12172/"
"NW PAPUČE";"30191_GREY";"NW";"kom";"9,99";"9,99";"NE";"";"9,99";"";"Dostupno";"Muško - Obuća - Papuče";"https://woolf.hr/papuce-proizvod-12173/"
"NW PAPUČE";"WLFP1272025_BROWN";"NW";"kom";"8,99";"8,99";"NE";"";"8,99";"";"Dostupno";"Dječje - Obuća - Papuče";"https://woolf.hr/papuce-proizvod-12260/"
"NW PAPUČE";"WLFP072_2BEIGE";"NW";"kom";"5,99";"5,99";"NE";"";"5,99";"";"Dostupno";"Žensko - Obuća - Papuče";"https://woolf.hr/papuce-proizvod-12415/"
"NW PAPUČE";"WLFP072_BROWN";"NW";"kom";"5,99";"5,99";"NE";"";"5,99";"";"Dostupno";"Žensko - Obuća - Papuče";"https://woolf.hr/papuce-proizvod-12416/"
"NW PAPUČE ZA VODU";"WLFP0373_PURPLE";"NW";"kom";"6,99";"6,99";"NE";"";"6,99";"";"Dostupno";"Dječje - Obuća - Papuče - Papuče za vodu";"https://woolf.hr/papuce-za-vodu-proizvod-10490/"
"NW PLATNENE TENISICE";"3501911_BLUE";"NW";"kom";"9,99";"9,99";"DA";"Akcija";"9,99";"";"Dostupno";"Žensko - Obuća - Tenisice";"https://woolf.hr/platnene-tenisice-proizvod-8993/"
"NW PLATNENE TENISICE";"3501911_WHITE";"NW";"kom";"9,99";"9,99";"DA";"Akcija";"9,99";"";"Dostupno";"Muško - Obuća - Tenisice";"https://woolf.hr/platnene-tenisice-proizvod-8994/"
"NW PLATNENE TENISICE";"3501911_BLACK";"NW";"kom";"9,99";"9,99";"DA";"Akcija";"9,99";"";"Dostupno";"Muško - Obuća - Tenisice";"https://woolf.hr/platnene-tenisice-proizvod-8995/"
"NW POWER TOWER";"65025PT_A";"NW";"kom";"169,99";"169,99";"DA";"Akcija";"169,99";"";"Dostupno";"Fitnes - SPRAVE I DODACI - Sprave - Powertower";"https://woolf.hr/power-tower-proizvod-12103/"
"NW POWER TOWER";"65025PT_B";"NW";"kom";"139,99";"139,99";"DA";"Akcija";"139,99";"";"Dostupno";"Fitnes - SPRAVE I DODACI - Sprave - Powertower";"https://woolf.hr/power-tower-proizvod-12422/"
"NW SAMOLJEPLJIVI POLUĐON";"WT023_865012";"NW";"kom";"2,49";"2,49";"NE";"";"2,49";"";"Dostupno";"Žensko - Dodaci - Ulošci za cipele";"https://woolf.hr/samoljepljivi-poludon-proizvod-9712/"
"NW SANDALE";"WLF347_BLUE";"NW";"kom";"7,99";"7,99";"DA";"Akcija";"7,99";"";"Dostupno";"Dječje - Obuća - Sandale";"https://woolf.hr/sandale-proizvod-6491/"
"NW SANDALE";"F81021_BLACK";"NW";"kom";"13,09";"13,09";"DA";"Akcija";"13,09";"";"Dostupno";"Žensko - Obuća - Sandale";"https://woolf.hr/sandale-proizvod-7936/"
"NW SANDALE";"WLFP0332_PINK";"NW";"kom";"15,99";"15,99";"DA";"Akcija";"15,99";"";"Dostupno";"Žensko - Obuća - Sandale";"https://woolf.hr/sandale-proizvod-10118/"
"NW SANDALE";"WLFP0332_BROWN";"NW";"kom";"15,99";"15,99";"DA";"Akcija";"15,99";"";"Dostupno";"Žensko - Obuća - Sandale";"https://woolf.hr/sandale-proizvod-10120/"
"NW SANDALE";"WLFP0342_NAVY";"NW";"kom";"7,99";"7,99";"DA";"Akcija";"7,99";"";"Dostupno";"Dječje - Obuća - Sandale";"https://woolf.hr/sandale-proizvod-10171/"
"NW SPORTSKA ČARAPA 3 PACK";"1175_WHITE";"NW";"kom";"5,50";"5,50";"DA";"Akcija";"5,50";"";"Dostupno";"Muško - Odjeća - Čarape";"https://woolf.hr/sportska-carapa-proizvod-7237/"
"NW SPORTSKA ČARAPA 6 PACK";"0101_WHITE";"NW";"kom";"9,99";"9,99";"DA";"Akcija";"9,99";"";"Dostupno";"Žensko - Odjeća - Čarape";"https://woolf.hr/sportska-carapa-6-pack-proizvod-11668/"
"NW SPORTSKE ČARAPE";"01175_110_BIJELA";"NW";"kom";"2,25";"2,25";"DA";"Akcija";"2,25";"";"Dostupno";"Muško - Odjeća - Čarape";"https://woolf.hr/sportska-carapa-proizvod-2262/"
"NW SPORTSKI ULOŽAK";"WT023_061044";"NW";"kom";"2,99";"2,99";"NE";"";"2,99";"";"Dostupno";"Žensko - Dodaci - Ulošci za cipele";"https://woolf.hr/sportski-ulozak-proizvod-9726/"
"NW STOPALICE";"01129_110";"NW";"kom";"1,65";"1,65";"DA";"Akcija";"1,65";"";"Dostupno";"Muško - Odjeća - Čarape";"https://woolf.hr/stopalice-proizvod-2519/"
"NW STOPALICE";"02230_090";"NW";"kom";"1,60";"1,60";"DA";"Akcija";"1,60";"";"Dostupno";"Žensko - Odjeća - Čarape";"https://woolf.hr/stopalice-proizvod-2522/"
"NW STOPALICE 2pack";"02235_096";"NW";"kom";"2,75";"2,75";"DA";"Akcija";"2,75";"";"Dostupno";"Žensko - Odjeća - Čarape - Stopalice";"https://woolf.hr/stopalice-proizvod-9878/"
"NW STOPALICE 3 pack";"260_110";"NW";"kom";"4,25";"4,25";"DA";"Akcija";"4,25";"";"Dostupno";"Muško - Odjeća - Čarape - Stopalice";"https://woolf.hr/stopalice-3-pack-proizvod-2570/"
"NW STOPALICE 3 PACK";"260_119";"NW";"kom";"4,25";"4,25";"DA";"Akcija";"4,25";"";"Dostupno";"Žensko - Odjeća - Čarape - Stopalice";"https://woolf.hr/stopalice-3-pack-proizvod-7944/"
"NW SVJETLEĆE TENISICE";"3500914_GREY_BLACK";"NW";"kom";"14,99";"14,99";"DA";"Akcija";"14,99";"";"Dostupno";"Dječje - Obuća - Tenisice";"https://woolf.hr/svjetlece-tenisice-proizvod-4482/"
"NW ŠKOLSKE PAPUČE";"AC011_RED";"NW";"kom";"6,49";"6,49";"DA";"Akcija";"6,49";"";"Dostupno";"Dječje - Obuća - Papuče - Papuče za razred";"https://woolf.hr/skolske-papuce-proizvod-1641/"
"NW ŠKOLSKE PAPUČE";"WS20_K12_NAVY";"NW";"kom";"9,09";"9,09";"NE";"";"9,09";"";"Dostupno";"Dječje - Obuća - Papuče - Papuče za razred";"https://woolf.hr/skolske-papuce-proizvod-7059/"
"NW ŠKOLSKE PAPUČE";"261561_1PL_PINK";"NW";"kom";"7,99";"7,99";"DA";"Akcija";"7,99";"";"Dostupno";"Dječje - Obuća - Papuče - Papuče za razred";"https://woolf.hr/skolske-papuce-proizvod-8916/"
"NW ŠKOLSKE PAPUČE";"261561PL_PINK";"NW";"kom";"8,99";"8,99";"DA";"Akcija";"8,99";"";"Dostupno";"Dječje - Obuća - Papuče - Papuče za razred";"https://woolf.hr/skolske-papuce-proizvod-8919/"
"NW ŠKOLSKE PAPUČE";"261561PL_BLUE";"NW";"kom";"9,99";"9,99";"NE";"";"9,99";"";"Dostupno";"Dječje - Obuća - Papuče - Papuče za razred";"https://woolf.hr/skolske-papuce-proizvod-8923/"
"NW ŠKOLSKE PAPUČE";"261587PL_PINKY";"NW";"kom";"11,99";"11,99";"NE";"";"11,99";"";"Dostupno";"Dječje - Obuća - Papuče - Papuče za razred";"https://woolf.hr/skolske-papuce-proizvod-10651/"
"NW ŠKOLSKE PAPUČE";"261584PL_J_NAVY";"NW";"kom";"11,99";"11,99";"NE";"";"11,99";"";"Dostupno";"Dječje - Obuća - Papuče - Papuče za razred";"https://woolf.hr/skolske-papuce-proizvod-10652/"
"NW ŠKOLSKE PAPUČE";"261584PL_G_BLUE";"NW";"kom";"11,99";"11,99";"NE";"";"11,99";"";"Dostupno";"Dječje - Obuća - Papuče - Papuče za razred";"https://woolf.hr/skolske-papuce-proizvod-10654/"
"NW ŠKOLSKE PAPUČE";"261588PL_PINK";"NW";"kom";"9,99";"9,99";"NE";"";"9,99";"";"Dostupno";"Dječje - Obuća - Papuče - Papuče za razred";"https://woolf.hr/skolske-papuce-proizvod-10660/"
"NW ŠKOLSKE PAPUČE";"261584PL_C_GREY";"NW";"kom";"11,99";"11,99";"NE";"";"11,99";"";"Dostupno";"Dječje - Obuća - Papuče - Papuče za razred";"https://woolf.hr/skolske-papuce-proizvod-10661/"
"NW ŠKOLSKE PAPUČE";"261584_LT_GREY";"NW";"kom";"11,99";"11,99";"NE";"";"11,99";"";"Dostupno";"Dječje - Obuća - Papuče - Papuče za razred";"https://woolf.hr/skolske-papuce-proizvod-11827/"
"NW ŠKOLSKE PAPUČE";"261587PL_NAVY";"NW";"kom";"11,99";"11,99";"NE";"";"11,99";"";"Dostupno";"Dječje - Obuća - Papuče - Papuče za razred";"https://woolf.hr/skolske-papuce-proizvod-11828/"
"NW ŠKOLSKE PAPUČE";"261587_PINK";"NW";"kom";"11,99";"11,99";"NE";"";"11,99";"";"Dostupno";"Dječje - Obuća - Papuče - Papuče za razred";"https://woolf.hr/skolske-papuce-proizvod-11832/"
"NW ŠKOLSKE PAPUČE";"261584_PL_GREY";"NW";"kom";"11,99";"11,99";"NE";"";"11,99";"";"Dostupno";"Dječje - Obuća - Papuče - Papuče za razred";"https://woolf.hr/skolske-papuce-proizvod-11833/"
"NW ŠKOLSKE PAPUČE";"261584_PL_BLUE";"NW";"kom";"11,99";"11,99";"NE";"";"11,99";"";"Dostupno";"Dječje - Obuća - Papuče - Papuče za razred";"https://woolf.hr/skolske-papuce-proizvod-11834/"
"NW ŠKOLSKE PAPUČE";"2171_BLACK";"NW";"kom";"14,99";"14,99";"NE";"";"14,99";"";"Dostupno";"Dječje - Obuća - Papuče - Papuče za razred";"https://woolf.hr/skolske-papuce-proizvod-12873/"
"NW ŠKOLSKE PAPUČE";"A270_WHITE";"NW";"kom";"12,99";"12,99";"NE";"";"12,99";"";"Dostupno";"Dječje - Obuća - Papuče - Papuče za razred";"https://woolf.hr/skolske-papuce-proizvod-12874/"
"NW ŠKOLSKE PAPUČE";"2018002_BLUE";"NW";"kom";"14,99";"14,99";"NE";"";"14,99";"";"Dostupno";"Dječje - Obuća - Papuče - Papuče za razred";"https://woolf.hr/skolske-papuce-proizvod-12945/"
"NW ŠKOLSKE PAPUČE";"2018002_BLACK";"NW";"kom";"14,99";"14,99";"NE";"";"14,99";"";"Dostupno";"Dječje - Obuća - Papuče - Papuče za razred";"https://woolf.hr/skolske-papuce-proizvod-12947/"
"NW ŠKOLSKE PAPUČE";"2921_NAVY";"NW";"kom";"14,99";"14,99";"NE";"";"14,99";"";"Dostupno";"Dječje - Obuća - Papuče - Papuče za razred";"https://woolf.hr/skolske-papuce-proizvod-12954/"
"NW ŠKOLSKE PAPUČE";"2921_BLACK";"NW";"kom";"14,99";"14,99";"NE";"";"14,99";"";"Dostupno";"Dječje - Obuća - Papuče - Papuče za razred";"https://woolf.hr/skolske-papuce-proizvod-12955/"
"NW ŠKOLSKE PAPUČE";"2921_BLUE";"NW";"kom";"14,99";"14,99";"NE";"";"14,99";"";"Dostupno";"Dječje - Obuća - Papuče - Papuče za razred";"https://woolf.hr/skolske-papuce-proizvod-12956/"
"NW ŠPAGERICE";"WLF22_59_BEIGE";"NW";"kom";"14,99";"14,99";"DA";"Akcija";"14,99";"";"Dostupno";"Muško - Obuća - Špagerice";"https://woolf.hr/spagerice-proizvod-7609/"
"NW ŠPAGERICE";"WLF22_104_NAVY";"NW";"kom";"13,09";"13,09";"DA";"Akcija";"13,09";"";"Dostupno";"Žensko - Obuća - Špagerice";"https://woolf.hr/spagerice-proizvod-7743/"
"NW ŠPAGERICE";"WLFP198_PINK";"NW";"kom";"13,09";"13,09";"DA";"Akcija";"13,09";"";"Dostupno";"Muško - Obuća - Tenisice";"https://woolf.hr/spagerice-proizvod-8625/"
"NW TANKA SPORTSKA ČARAPA 6 PACK";"0102_WHITE";"NW";"kom";"6,99";"6,99";"DA";"Akcija";"6,99";"";"Dostupno";"Žensko - Odjeća - Čarape";"https://woolf.hr/tanka-sportska-carapa-6-pack-proizvod-11671/"
"NW TENISICE";"2019_13_PLAVA";"NW";"kom";"6,99";"6,99";"DA";"Akcija";"6,99";"";"Dostupno";"Dječje - Obuća - Tenisice";"https://woolf.hr/tenisice-proizvod-2774/"
"NW TENISICE";"2162_RED";"NW";"kom";"10,39";"10,39";"DA";"Akcija";"10,39";"";"Dostupno";"Žensko - Obuća - Tenisice";"https://woolf.hr/tenisice-proizvod-4002/"
"NW TENISICE";"2008_WHITE";"NW";"kom";"21,09";"21,09";"DA";"Akcija";"21,09";"";"Dostupno";"Žensko - Obuća - Tenisice";"https://woolf.hr/tenisice-proizvod-8312/"
"NW TENISICE";"WLFP121_BLACK";"NW";"kom";"14,99";"14,99";"DA";"Akcija";"14,99";"";"Dostupno";"Žensko - Obuća - Tenisice";"https://woolf.hr/tenisice-proizvod-8448/"
"NW TENISICE";"WLFP121_BEIGE";"NW";"kom";"24,99";"24,99";"DA";"Akcija";"24,99";"";"Dostupno";"Žensko - Obuća - Tenisice";"https://woolf.hr/tenisice-proizvod-8449/"
"NW TENISICE";"WW069_WHITE";"NW";"kom";"13,99";"13,99";"DA";"Akcija";"13,99";"";"Dostupno";"Dječje - Obuća - Tenisice";"https://woolf.hr/tenisice-proizvod-9325/"
"NW TENISICE";"WW069_BLACK";"NW";"kom";"13,99";"13,99";"DA";"Akcija";"13,99";"";"Dostupno";"Dječje - Obuća - Tenisice";"https://woolf.hr/tenisice-proizvod-9326/"
"NW TENISICE";"WLFP088_RED";"NW";"kom";"7,99";"7,99";"DA";"Akcija";"7,99";"";"Dostupno";"Žensko - Obuća - Tenisice";"https://woolf.hr/tenisice-proizvod-9455/"
"NW TENISICE";"WLFP122025_WHITE";"NW";"kom";"19,99";"19,99";"DA";"Akcija";"19,99";"";"Dostupno";"Muško - Obuća - Tenisice";"https://woolf.hr/tenisice-za-golf-proizvod-11891/"
"NW TENISICE";"WLFP122025_BLUE";"NW";"kom";"19,99";"19,99";"DA";"Akcija";"19,99";"";"Dostupno";"Muško - Obuća - Tenisice";"https://woolf.hr/tenisice-za-golf-proizvod-11892/"
"NW TENISICE";"WLFP642025_NAVY";"NW";"kom";"19,99";"19,99";"DA";"Akcija";"19,99";"";"Dostupno";"Žensko - Obuća - Tenisice";"https://woolf.hr/tenisice-proizvod-12023/"
"NW TENISICE";"LT417_BLACK";"NW";"kom";"23,99";"23,99";"DA";"Akcija";"23,99";"";"Dostupno";"Žensko - Obuća - Tenisice";"https://woolf.hr/tenisice-proizvod-12051/"
"NW TENISICE";"W7035A_BLACK";"NW";"kom";"35,99";"35,99";"DA";"Akcija";"35,99";"";"Dostupno";"Muško - Obuća - Tenisice";"https://woolf.hr/tenisice-proizvod-12061/"
"NW TENISICE";"WLFP1302025_BLACK";"NW";"kom";"19,99";"19,99";"DA";"Akcija";"19,99";"";"Dostupno";"Žensko - Obuća - Tenisice";"https://woolf.hr/tenisice-proizvod-12266/"
"NW TENISICE";"WLFP1702025_WHITE";"NW";"kom";"19,99";"19,99";"DA";"Akcija";"19,99";"";"Dostupno";"Žensko - Obuća - Tenisice";"https://woolf.hr/tenisice-proizvod-12365/"
"NW TENISICE";"WLFP122025_BLACK";"NW";"kom";"19,99";"19,99";"DA";"Akcija";"19,99";"";"Dostupno";"Muško - Obuća - Tenisice";"https://woolf.hr/tenisice-proizvod-12407/"
"NW TENISICE";"WLFP112025_RED_NAVY";"NW";"kom";"19,99";"19,99";"DA";"Akcija";"19,99";"";"Dostupno";"Žensko - Obuća - Tenisice";"https://woolf.hr/tenisice-za-golf-proizvod-12409/"
"NW TENISICE";"WLFP112025_WHITE_BLUE";"NW";"kom";"19,99";"19,99";"DA";"Akcija";"19,99";"";"Dostupno";"Žensko - Obuća - Tenisice";"https://woolf.hr/tenisice-za-golf-proizvod-12410/"
"NW TENISICE";"W7035A_SIVA";"NW";"kom";"35,99";"35,99";"DA";"Akcija";"35,99";"";"Dostupno";"Muško - Obuća - Tenisice";"https://woolf.hr/tenisice-proizvod-12427/"
"NW TENISICE";"W7031_GREY";"NW";"kom";"35,99";"35,99";"DA";"Akcija";"35,99";"";"Dostupno";"Muško - Obuća - Tenisice";"https://woolf.hr/tenisice-proizvod-12428/"
"NW TENISICE ZA GOLF";"0246_WHITE";"NW";"kom";"19,99";"19,99";"DA";"Akcija";"19,99";"";"Dostupno";"Muško - Obuća - Tenisice";"https://woolf.hr/tenisice-za-golf-proizvod-6085/"
"NW TENISICE ZA GOLF";"0247_WHITE";"NW";"kom";"19,99";"19,99";"DA";"Akcija";"19,99";"";"Dostupno";"Žensko - Obuća - Tenisice";"https://woolf.hr/tenisice-za-golf-proizvod-6086/"
"NW TENISICE ZA GOLF";"WLFP112025_NAVY";"NW";"kom";"19,99";"19,99";"DA";"Akcija";"19,99";"";"Dostupno";"Žensko - Obuća - Tenisice";"https://woolf.hr/tenisice-za-golf-proizvod-11890/"
"NW TENISICE ZA TRČANJE";"WLFP1352025_BLACK";"NW";"kom";"19,99";"19,99";"DA";"Akcija";"19,99";"";"Dostupno";"Žensko - Obuća - Tenisice";"https://woolf.hr/tenisice-za-trcanje-proizvod-12299/"
"NW TREKKING TENISICE";"WLFP02025_BROWN";"NW";"kom";"24,99";"24,99";"DA";"Akcija";"24,99";"";"Dostupno";"Žensko - Obuća - Tenisice";"https://woolf.hr/trekking-tenisice-proizvod-11571/"
"NW TREKKING TENISICE";"WLFP92025_GREY";"NW";"kom";"24,99";"24,99";"DA";"Akcija";"24,99";"";"Dostupno";"Žensko - Obuća - Tenisice";"https://woolf.hr/trekking-tenisice-proizvod-11885/"
"NW TREKKING TENISICE";"WLFP682025_BLUE";"NW";"kom";"14,90";"14,90";"DA";"Akcija";"14,90";"";"Dostupno";"Dječje - Obuća - Tenisice";"https://woolf.hr/trekking-tenisice-proizvod-12122/"
"NW TREKKING TENISICE";"WLFP982025_BEIGE";"NW";"kom";"23,99";"23,99";"DA";"Akcija";"23,99";"";"Dostupno";"Žensko - Obuća - Tenisice";"https://woolf.hr/trekking-tenisice-proizvod-12221/"
"NW TREKKING TENISICE";"WLFP992025_GREY";"NW";"kom";"29,99";"29,99";"NE";"";"29,99";"";"Dostupno";"Muško - Obuća - Tenisice";"https://woolf.hr/trekking-tenisice-proizvod-12222/"
"NW ULOŠCI ZA TRČANJE";"WLFP402025_BLUE";"NW";"kom";"4,99";"4,99";"NE";"";"4,99";"";"Dostupno";"Žensko - Dodaci - Ulošci za cipele";"https://woolf.hr/ulosci-za-trcanje-proizvod-11957/"
"NW ZIMSKI ULOŽAK";"WT023_011235";"NW";"kom";"2,99";"2,99";"NE";"";"2,99";"";"Dostupno";"Žensko - Dodaci - Ulošci za cipele";"https://woolf.hr/zimski-ulozak-proizvod-9709/"
"NW ŽENSKE CIPELE";"2490A_NAVY";"NW";"kom";"15,99";"15,99";"DA";"Akcija";"15,99";"";"Dostupno";"Žensko - Obuća - Štikle";"https://woolf.hr/zenske-cipele-proizvod-7955/"
"NW ŽLICA ZA CIPELE";"2001_GOLD";"NW";"kom";"2,99";"2,99";"NE";"";"2,99";"";"Dostupno";"Žensko - Dodaci - Žlice za cipele";"https://woolf.hr/zlica-za-cipele-proizvod-10311/"
"NW ŽLICA ZA CIPELE";"2001_SILVER";"NW";"kom";"2,99";"2,99";"NE";"";"2,99";"";"Dostupno";"Žensko - Dodaci - Žlice za cipele";"https://woolf.hr/zlica-za-cipele-proizvod-10312/"
"NW ŽLICA ZA CIPELE 160mm";"2008_RED";"NW";"kom";"1,49";"1,49";"NE";"";"1,49";"";"Dostupno";"Žensko - Dodaci - Žlice za cipele";"https://woolf.hr/zlica-za-cipele-160mm-proizvod-11986/"
"NW ŽLICA ZA CIPELE 600mm";"2001_GREY";"NW";"kom";"2,99";"2,99";"NE";"";"2,99";"";"Dostupno";"Žensko - Dodaci - Žlice za cipele";"https://woolf.hr/zlica-za-cipele-proizvod-10313/"
"OBOSTRANO VESLO ZA SUP DASKU";"6502157V";"";"kom";"49,99";"49,99";"NE";"";"49,99";"";"Dostupno";"Fitnes - SPRAVE I DODACI - Pribor";"https://woolf.hr/obostrano-veslo-za-sup-dasku-proizvod-8755/"
"OBOSTRANO VESLO ZA SUP DASKU";"6502157VB";"";"kom";"39,99";"39,99";"DA";"Akcija";"39,99";"";"Dostupno";"Fitnes - SPRAVE I DODACI - Pribor";"https://woolf.hr/obostrano-veslo-za-sup-dasku-proizvod-9046/"
"ONEDOTLEFT VAKUMSKI DRŽAČ ZA MOBITEL";"OD_ACID_GREEN";"ONEDOTLEFT";"kom";"7,90";"7,90";"DA";"Akcija";"7,90";"";"Dostupno";"Žensko - Dodaci - Nosači za mobitel";"https://woolf.hr/vakumski-drzac-za-mobitel-proizvod-9692/"
"ONEDOTLEFT VAKUMSKI DRŽAČ ZA MOBITEL";"OD_ELECTR_YELLOW";"ONEDOTLEFT";"kom";"7,90";"7,90";"DA";"Akcija";"7,90";"";"Dostupno";"Žensko - Dodaci - Nosači za mobitel";"https://woolf.hr/vakumski-drzac-za-mobitel-proizvod-9695/"
"ONEDOTLEFT VAKUMSKI DRŽAČ ZA MOBITEL";"OD_MELLOW_YELLOW";"ONEDOTLEFT";"kom";"7,90";"7,90";"DA";"Akcija";"7,90";"";"Dostupno";"Žensko - Dodaci - Nosači za mobitel";"https://woolf.hr/vakumski-drzac-za-mobitel-proizvod-9696/"
"ONEDOTLEFT VAKUMSKI DRŽAČ ZA MOBITEL";"OD_RUBY_HAZE";"ONEDOTLEFT";"kom";"7,90";"7,90";"DA";"Akcija";"7,90";"";"Dostupno";"Žensko - Dodaci - Nosači za mobitel";"https://woolf.hr/vakumski-drzac-za-mobitel-proizvod-9700/"
"PAPUČE ZA VODU";"WLFP0806_1BLUE";"";"kom";"9,99";"9,99";"NE";"";"9,99";"";"Dostupno";"Dječje - Obuća - Papuče - Papuče za vodu";"https://woolf.hr/papuce-za-vodu-proizvod-12832/"
"PAPUČE ZA VODU";"WLFP0806_GREEN";"";"kom";"9,99";"9,99";"NE";"";"9,99";"";"Dostupno";"Dječje - Obuća - Papuče - Papuče za vodu";"https://woolf.hr/papuce-za-vodu-proizvod-12834/"
"PAPUČE ZA VODU";"WLFP0806_LIME";"";"kom";"9,99";"9,99";"NE";"";"9,99";"";"Dostupno";"Dječje - Obuća - Papuče - Papuče za vodu";"https://woolf.hr/papuce-za-vodu-proizvod-12835/"
"PAPUČE ZA VODU";"WLFP0806_RED";"";"kom";"9,99";"9,99";"NE";"";"9,99";"";"Dostupno";"Dječje - Obuća - Papuče - Papuče za vodu";"https://woolf.hr/papuce-za-vodu-proizvod-12837/"
"PAPUČE ZA VODU";"WLF0806_DGREEN";"";"kom";"9,99";"9,99";"NE";"";"9,99";"";"Dostupno";"Dječje - Obuća - Papuče - Papuče za vodu";"https://woolf.hr/papuce-za-vodu-proizvod-12838/"
"PERAJA ZA SUP";"6502157P";"";"kom";"9,99";"9,99";"DA";"Akcija";"9,99";"";"Dostupno";"Fitnes - SPRAVE I DODACI - Pribor";"https://woolf.hr/paraja-za-sup-dasku-proizvod-10639/"
"Petkit Petkit AirClipper 5-u-1 set za njegu kućnih ljubimaca";"sm-001368";"Petkit";"kom";"149,00";"149,00";"NE";"";"149,00";"";"Dostupno";"Uređaji - TEHNIKA - Kućni ljubimci";"https://woolf.hr/petkit-airclipper-5-u-1-set-za-njegu-kucnih-ljubimaca-proizvod-12544/"
"Petkit Petkit Pura MAX 2 - samočisteći pametni WC za mačke";"sm-001335";"Petkit";"kom";"599,00";"599,00";"NE";"";"599,00";"6975069305028";"Dostupno";"Uređaji - TEHNIKA - Kućni ljubimci";"https://woolf.hr/petkit-pura-max-2-samocisteci-pametni-wc-za-macke-proizvod-12459/"
"Petkit Petkit Purobot Crystal Duo - pametni WC za mačke s AI kamerom";"sm-001483";"Petkit";"kom";"279,00";"279,00";"NE";"";"279,00";"6975069307244";"Dostupno";"Uređaji - TEHNIKA - Kućni ljubimci";"https://woolf.hr/petkit-purobot-crystal-duo-pametni-wc-za-macke-s-ai-kamerom-proizvod-12448/"
"Petkit Petkit Purobot Ultra - samočisteći pametni WC za mačke";"sm-001336";"Petkit";"kom";"1099,00";"1099,00";"NE";"";"1099,00";"6975069305523";"Dostupno";"Uređaji - TEHNIKA - Kućni ljubimci";"https://woolf.hr/petkit-purobot-ultra-samocisteci-pametni-wc-za-macke-proizvod-12486/"
"PMTČ VEZICE PAMUČNE";"06356_BROWN";"PMTČ";"kom";"1,19";"1,19";"NE";"";"1,19";"";"Dostupno";"Žensko - Dodaci - Vezice za obuću";"https://woolf.hr/vezice-pamucne-proizvod-2042/"
"POKLON BON";"PB20";"";"kom";"20,00";"20,00";"NE";"";"20,00";"";"Dostupno";"Žensko - Obuća - Poklon bonovi";"https://woolf.hr/poklon-bon-proizvod-8712/"
"POKLON BON";"PB30";"";"kom";"30,00";"30,00";"NE";"";"30,00";"";"Dostupno";"Žensko - Obuća - Poklon bonovi";"https://woolf.hr/poklon-bon-proizvod-8713/"
"POKLON BON";"PB40";"";"kom";"40,00";"40,00";"NE";"";"40,00";"";"Dostupno";"Žensko - Obuća - Poklon bonovi";"https://woolf.hr/poklon-bon-proizvod-8714/"
"POKLON BON";"PB50";"";"kom";"50,00";"50,00";"NE";"";"50,00";"";"Dostupno";"Žensko - Obuća - Poklon bonovi";"https://woolf.hr/poklon-bon-proizvod-8715/"
"POKLON BON";"PB15";"";"kom";"15,00";"15,00";"NE";"";"15,00";"";"Dostupno";"Žensko - Obuća - Poklon bonovi";"https://woolf.hr/poklon-bon-proizvod-8716/"
"PRESTIGE DEZODORANS ZA OBUĆU MENTOL 100ML";"3065_NATUR";"PRESTIGE";"kom";"8,99";"8,99";"NE";"";"8,99";"";"Dostupno";"Žensko - Dodaci - Sprejevi za cipele";"https://woolf.hr/dezodorans-za-obucu-mentol-100ml-proizvod-11196/"
"PRESTIGE IMPREGNACIJSKI SPREJ  250 ML";"3040_NATUR";"PRESTIGE";"kom";"7,49";"7,49";"NE";"";"7,49";"";"Dostupno";"Žensko - Dodaci - Sprejevi za cipele";"https://woolf.hr/impregnacijski-sprej-250-ml-proizvod-11282/"
"PRESTIGE IMPREGNACIJSKI SPREJ 75ML";"3090_BEZBOJNI";"PRESTIGE";"kom";"5,99";"5,99";"NE";"";"5,99";"";"Dostupno";"Žensko - Dodaci - Sprejevi za cipele";"https://woolf.hr/impregnacijski-sprej-75ml-proizvod-11976/"
"PRESTIGE IMPREGNACIJSKI SPREJ 500ML";"1190_BEZBOJNI";"PRESTIGE";"kom";"9,99";"9,99";"NE";"";"9,99";"";"Dostupno";"Žensko - Dodaci - Sprejevi za cipele";"https://woolf.hr/impregnacijski-sprej-500ml-proizvod-10882/"
"PRESTIGE KREMA ZA CIPELE 50ML";"3007_BLACK";"PRESTIGE";"kom";"4,99";"4,99";"NE";"";"4,99";"";"Dostupno";"Žensko - Dodaci - Kreme za cipele";"https://woolf.hr/krema-za-cipele-50ml-proizvod-10883/"
"PRESTIGE MEMORY ULOŽAK";"3451_BLACK";"PRESTIGE";"kom";"11,99";"11,99";"NE";"";"11,99";"";"Dostupno";"Žensko - Dodaci - Ulošci za cipele";"https://woolf.hr/memory-ulozak-proizvod-10778/"
"PRESTIGE MEMORY ULOŽAK";"3451_BLUE";"PRESTIGE";"kom";"11,99";"11,99";"NE";"";"11,99";"";"Dostupno";"Žensko - Dodaci - Ulošci za cipele";"https://woolf.hr/memory-ulozak-proizvod-10779/"
"PRESTIGE RENOVATOR ZA  ANTILOP I NUBUK 250ML";"3038_1BLACK";"PRESTIGE";"kom";"7,99";"7,99";"NE";"";"7,99";"";"Dostupno";"Žensko - Dodaci - Sprejevi za cipele";"https://woolf.hr/renovator-za-antilop-i-nubuk-250ml-proizvod-11982/"
"PRESTIGE SPORTSKI ULOŽAK";"3420_BLUE";"PRESTIGE";"kom";"7,99";"7,99";"NE";"";"7,99";"";"Dostupno";"Žensko - Dodaci - Ulošci za cipele";"https://woolf.hr/sportski-ulozak-proizvod-10780/"
"PRESTIGE ULOŠCI ZA IZREZIVANJE";"3439_NAVY";"PRESTIGE";"kom";"3,99";"3,99";"NE";"";"3,99";"";"Dostupno";"Žensko - Dodaci - Ulošci za cipele";"https://woolf.hr/ulosci-za-izrezivanje-proizvod-10894/"
"PRESTIGE VEZICE  RAVNE";"2501_BROWN";"PRESTIGE";"kom";"2,49";"2,49";"NE";"";"2,49";"";"Dostupno";"Žensko - Dodaci - Vezice za obuću";"https://woolf.hr/vezice-ravne-proizvod-10783/"
"PRESTIGE VEZICE  RAVNE";"001_WHITE";"PRESTIGE";"kom";"2,49";"2,49";"NE";"";"2,49";"";"Dostupno";"Žensko - Dodaci - Vezice za obuću";"https://woolf.hr/vezice-ravne-proizvod-12135/"
"PRESTIGE VEZICE  RAVNE";"700_BLACK";"PRESTIGE";"kom";"2,49";"2,49";"NE";"";"2,49";"";"Dostupno";"Žensko - Dodaci - Vezice za obuću";"https://woolf.hr/vezice-ravne-proizvod-12137/"
"PRESTIGE VEZICE  RAVNE";"700_1_BLACK";"PRESTIGE";"kom";"3,49";"3,49";"NE";"";"3,49";"";"Dostupno";"Žensko - Dodaci - Vezice za obuću";"https://woolf.hr/vezice-ravne-proizvod-12143/"
"RAZVRSTAVANJE ROBE ETUI ZA KARTICE";"WLFP0410_RED";"RAZVRSTAVANJE ROBE";"kom";"5,99";"5,99";"NE";"";"5,99";"";"Dostupno";"Žensko - Dodaci - Novčanici";"https://woolf.hr/etui-za-kartice-proizvod-10565/"
"RIDER JAPANKE IMPULSE THONG AD";"83527_BB402_02976";"RIDER";"kom";"25,99";"25,99";"DA";"Akcija";"25,99";"";"Dostupno";"Muško - Obuća - Japanke";"https://woolf.hr/japanke-impulse-thong-ad-proizvod-11518/"
"RIDER JAPANKE UNIVERSAL KIDS";"82670_20032_04297";"RIDER";"kom";"12,99";"12,99";"DA";"Akcija";"12,99";"";"Dostupno";"Dječje - Obuća - Japanke";"https://woolf.hr/japanke-universal-kids-proizvod-7008/"
"RIDER NATIKAČE WALK SLIDE AD";"12394_BB533_06601";"RIDER";"kom";"27,99";"27,99";"DA";"Akcija";"27,99";"";"Dostupno";"Muško - Obuća - Natikače";"https://woolf.hr/natikace-walk-slide-ad-proizvod-11519/"
"ROCK SPRING TENISICE";"ALEX_GREY";"ROCK SPRING";"kom";"48,99";"48,99";"DA";"Akcija";"48,99";"";"Dostupno";"Dječje - Obuća - Tenisice";"https://woolf.hr/tenisice-proizvod-11643/"
"ROCK SPRING TENISICE";"SYNDEY_GREY";"ROCK SPRING";"kom";"48,99";"48,99";"DA";"Akcija";"48,99";"";"Dostupno";"Dječje - Obuća - Tenisice";"https://woolf.hr/tenisice-proizvod-11644/"
"ROLY SPORTSKE HLAČE BERMUDA";"PA04532505_BLUE";"ROLY";"kom";"6,49";"6,49";"NE";"";"6,49";"";"Dostupno";"Dječje - Odjeća - Hlače - Kratke hlače";"https://woolf.hr/sportske-hlace-bermuda-shorts-proizvod-1626/"
"ROLY SPORTSKE HLAČE BERMUDA";"PA04532202_BLACK";"ROLY";"kom";"6,49";"6,49";"NE";"";"6,49";"";"Dostupno";"Dječje - Odjeća - Hlače - Kratke hlače";"https://woolf.hr/sportske-hlace-bermuda-shorts-proizvod-1627/"
"ROLY SPORTSKE HLAČE BERMUDA";"BE67054102_BLACK";"ROLY";"kom";"7,79";"7,79";"NE";"";"7,79";"";"Dostupno";"Muško - Odjeća - Hlače - Kratke hlače";"https://woolf.hr/sportske-hlace-bermuda-proizvod-8082/"
"ROLY SPORTSKE HLAČE BERMUDA";"BE67054102_BLUE";"ROLY";"kom";"7,79";"7,79";"NE";"";"7,79";"";"Dostupno";"Muško - Odjeća - Hlače - Kratke hlače";"https://woolf.hr/sportske-hlace-bermuda-proizvod-8083/"
"ROLY SPORTSKE HLAČE TROUSER";"PA04532555_NAVY";"ROLY";"kom";"6,49";"6,49";"NE";"";"6,49";"";"Dostupno";"Dječje - Odjeća - Hlače - Kratke hlače";"https://woolf.hr/sportske-hlace-trouser-proizvod-919/"
"ROLY SPORTSKE HLAČE TROUSER";"PA04532560";"ROLY";"kom";"6,49";"6,49";"NE";"";"6,49";"";"Dostupno";"Dječje - Odjeća - Hlače - Kratke hlače";"https://woolf.hr/sportske-hlace-trouser-proizvod-920/"
"ROSSELLA LOPES NATIKAČE";"ARLA_PURPLE";"ROSSELLA LOPES";"kom";"14,99";"14,99";"DA";"Akcija";"14,99";"";"Dostupno";"Žensko - Obuća - Natikače";"https://woolf.hr/natikace-proizvod-12784/"
"ROSSELLA LOPES NATIKAČE";"ARLA_FUXIA";"ROSSELLA LOPES";"kom";"14,99";"14,99";"DA";"Akcija";"14,99";"";"Dostupno";"Žensko - Obuća - Natikače";"https://woolf.hr/natikace-proizvod-12785/"
"ROSSELLA LOPES NATIKAČE";"ARLA_BLACK";"ROSSELLA LOPES";"kom";"14,99";"14,99";"DA";"Akcija";"14,99";"";"Dostupno";"Žensko - Obuća - Natikače";"https://woolf.hr/natikace-proizvod-12786/"
"ROSSELLA LOPES SANDALE";"H9102_BEIGE";"ROSSELLA LOPES";"kom";"24,99";"24,99";"DA";"Akcija";"24,99";"";"Dostupno";"Žensko - Obuća - Sandale";"https://woolf.hr/sandale-proizvod-11543/"
"ROSSELLA LOPES ŠPAGERICE";"BALIS_SILVER";"ROSSELLA LOPES";"kom";"17,09";"17,09";"DA";"Akcija";"17,09";"";"Dostupno";"Žensko - Obuća - Tenisice";"https://woolf.hr/modne-tenisice-proizvod-2205/"
"RUČNA PUMPA ZA SUP DASKU";"6502157";"";"kom";"13,99";"13,99";"DA";"Akcija";"13,99";"";"Dostupno";"Fitnes - SPRAVE I DODACI - Pribor - Pumpe za SUP";"https://woolf.hr/rucna-pumpa-za-sup-dasku-proizvod-8754/"
"RUČNA PUMPA ZA SUP DASKU";"6502157_B";"";"kom";"11,99";"11,99";"DA";"Akcija";"11,99";"";"Dostupno";"Fitnes - SPRAVE I DODACI - Pribor - Pumpe za SUP";"https://woolf.hr/rucna-pumpa-za-sup-dasku-proizvod-10138/"
"S.C ŠKOLSKE PAPUČE";"H2195_BLACK";"S.C";"kom";"14,99";"14,99";"NE";"";"14,99";"";"Dostupno";"Muško - Obuća - Papuče - Papuče za razred";"https://woolf.hr/skolske-papuce-proizvod-11852/"
"S.C ŠKOLSKE PAPUČE";"A67_BLACKW";"S.C";"kom";"14,99";"14,99";"NE";"";"14,99";"";"Dostupno";"Muško - Obuća - Papuče - Papuče za razred";"https://woolf.hr/skolske-papuce-proizvod-12872/"
"S.C ŠKOLSKE PAPUČE";"A67_BLACK";"S.C";"kom";"14,99";"14,99";"NE";"";"14,99";"";"Dostupno";"Muško - Obuća - Papuče - Papuče za vodu";"https://woolf.hr/skolske-papuce-proizvod-12941/"
"S.S CIPELE";"R105_BLACK";"S.S";"kom";"26,99";"26,99";"DA";"Akcija";"26,99";"";"Dostupno";"Žensko - Obuća - Cipele";"https://woolf.hr/cipele-proizvod-12055/"
"S.SUNNY CIPELE";"JH375_PINK";"S.SUNNY";"kom";"26,99";"26,99";"DA";"Akcija";"26,99";"";"Dostupno";"Žensko - Obuća - Cipele";"https://woolf.hr/cipele-proizvod-10899/"
"SAFETY JOGGER RADNE CIPELE S3";"BESTBOY_BLACK";"SAFETY JOGGER";"kom";"34,99";"34,99";"DA";"Akcija";"34,99";"";"Dostupno";"Muško - Obuća - Radna obuća";"https://woolf.hr/radne-cipele-s3-proizvod-10644/"
"SAFETY JOGGER RADNE CIPELE S3";"BESTRUN_BLACK";"SAFETY JOGGER";"kom";"34,99";"34,99";"DA";"Akcija";"34,99";"";"Dostupno";"Muško - Obuća - Radna obuća";"https://woolf.hr/radne-cipele-s3-proizvod-10645/"
"SAFRAN ŠPAGERICE";"022005_WHITE";"SAFRAN";"kom";"17,09";"17,09";"DA";"Akcija";"17,09";"";"Dostupno";"Žensko - Obuća - Špagerice";"https://woolf.hr/spagerice-proizvod-4684/"
"SANDALE";"S21_BLACK";"";"kom";"25,99";"25,99";"DA";"Akcija";"25,99";"";"Dostupno";"Žensko - Obuća - Sandale";"https://woolf.hr/sandale-proizvod-11725/"
"SANITAL ANATOMSKE KLOMPE";"4350_FLOWER";"SANITAL";"kom";"26,99";"26,99";"DA";"Akcija";"26,99";"";"Dostupno";"Žensko - Obuća - Anatomska obuća - Klompe";"https://woolf.hr/anatomske-klompe-proizvod-8683/"
"SANITAL ANATOMSKE KLOMPE";"1772_BLUE";"SANITAL";"kom";"29,99";"29,99";"DA";"Akcija";"29,99";"";"Dostupno";"Muško - Obuća - Anatomska obuća - Klompe";"https://woolf.hr/anatomske-klompe-proizvod-8772/"
"SANITAL ANATOMSKE KLOMPE";"1372_NAVY";"SANITAL";"kom";"24,99";"24,99";"DA";"Akcija";"24,99";"";"Dostupno";"Žensko - Obuća - Anatomska obuća - Klompe";"https://woolf.hr/anatomske-klompe-proizvod-9815/"
"SANITAL ANATOMSKE KLOMPE";"1372_1BLACK";"SANITAL";"kom";"24,99";"24,99";"DA";"Akcija";"24,99";"";"Dostupno";"Žensko - Obuća - Anatomska obuća - Klompe";"https://woolf.hr/anatomske-klompe-proizvod-9816/"
"SANITAL ANATOMSKE KLOMPE";"1372_WHITE";"SANITAL";"kom";"24,99";"24,99";"DA";"Akcija";"24,99";"";"Dostupno";"Žensko - Obuća - Anatomska obuća - Klompe";"https://woolf.hr/anatomske-klompe-proizvod-9817/"
"SANITAL ANATOMSKE KLOMPE";"1352_1WHITE";"SANITAL";"kom";"24,99";"24,99";"DA";"Akcija";"24,99";"";"Dostupno";"Žensko - Obuća - Anatomska obuća - Klompe";"https://woolf.hr/anatomske-klompe-proizvod-9818/"
"SANITAL ANATOMSKE KLOMPE";"1352_1BLACK";"SANITAL";"kom";"24,99";"24,99";"DA";"Akcija";"24,99";"";"Dostupno";"Žensko - Obuća - Anatomska obuća - Klompe";"https://woolf.hr/anatomske-klompe-proizvod-9819/"
"SANITAL ANATOMSKE KLOMPE";"1352_1BLUE";"SANITAL";"kom";"24,99";"24,99";"DA";"Akcija";"24,99";"";"Dostupno";"Žensko - Obuća - Anatomska obuća - Klompe";"https://woolf.hr/anatomske-klompe-proizvod-9820/"
"SANITAL ANATOMSKE KLOMPE";"1350_1BLACK";"SANITAL";"kom";"24,99";"24,99";"DA";"Akcija";"24,99";"";"Dostupno";"Žensko - Obuća - Anatomska obuća - Klompe";"https://woolf.hr/anatomske-klompe-proizvod-9821/"
"SANITAL ANATOMSKE KLOMPE";"1350_1WHITE";"SANITAL";"kom";"24,99";"24,99";"DA";"Akcija";"24,99";"";"Dostupno";"Žensko - Obuća - Anatomska obuća - Klompe";"https://woolf.hr/anatomske-klompe-proizvod-9822/"
"SANITAL ANATOMSKE KLOMPE";"4372_1FLOWER";"SANITAL";"kom";"26,99";"26,99";"DA";"Akcija";"26,99";"";"Dostupno";"Žensko - Obuća - Anatomska obuća - Klompe";"https://woolf.hr/anatomske-klompe-proizvod-9825/"
"SANITAL ANATOMSKE KLOMPE";"4372_BLK_FLOWER";"SANITAL";"kom";"24,99";"24,99";"DA";"Akcija";"24,99";"";"Dostupno";"Žensko - Obuća - Anatomska obuća - Klompe";"https://woolf.hr/anatomske-klompe-proizvod-9826/"
"SANITAL ANATOMSKE KLOMPE";"4352_1FLOWER";"SANITAL";"kom";"29,99";"29,99";"DA";"Akcija";"29,99";"";"Dostupno";"Žensko - Obuća - Anatomska obuća - Klompe";"https://woolf.hr/anatomske-klompe-proizvod-9827/"
"SANITAL ANATOMSKE KLOMPE";"750_1BLACK";"SANITAL";"kom";"29,99";"29,99";"DA";"Akcija";"29,99";"";"Dostupno";"Muško - Obuća - Anatomska obuća - Klompe";"https://woolf.hr/anatomske-klompe-proizvod-9828/"
"SANITAL ANATOMSKE KLOMPE";"750_1WHITE";"SANITAL";"kom";"29,99";"29,99";"DA";"Akcija";"29,99";"";"Dostupno";"Muško - Obuća - Anatomska obuća - Klompe";"https://woolf.hr/anatomske-klompe-proizvod-9829/"
"SANITAL ANATOMSKE KLOMPE";"750_1BLUE";"SANITAL";"kom";"29,99";"29,99";"DA";"Akcija";"29,99";"";"Dostupno";"Muško - Obuća - Anatomska obuća - Klompe";"https://woolf.hr/anatomske-klompe-proizvod-9830/"
"SANITAL ANATOMSKE KLOMPE";"4367_FLOWER_BLK";"SANITAL";"kom";"29,99";"29,99";"DA";"Akcija";"29,99";"";"Dostupno";"Žensko - Obuća - Anatomska obuća - Klompe";"https://woolf.hr/anatomske-klompe-proizvod-9928/"
"SANITAL ANATOMSKE KLOMPE";"4350_HEARTS";"SANITAL";"kom";"29,99";"29,99";"DA";"Akcija";"29,99";"";"Dostupno";"Žensko - Obuća - Anatomska obuća - Klompe";"https://woolf.hr/anatomske-klompe-proizvod-9929/"
"SANITAL ANATOMSKE KLOMPE";"4350_FLOWER_WHT";"SANITAL";"kom";"29,99";"29,99";"DA";"Akcija";"29,99";"";"Dostupno";"Žensko - Obuća - Anatomska obuća - Klompe";"https://woolf.hr/anatomske-klompe-proizvod-9930/"
"SANITAL ANATOMSKE KLOMPE";"1772_WHITE";"SANITAL";"kom";"29,99";"29,99";"DA";"Akcija";"29,99";"";"Dostupno";"Muško - Obuća - Anatomska obuća - Klompe";"https://woolf.hr/anatomske-klompe-proizvod-10297/"
"SANITAL ANATOMSKE KLOMPE";"4367_WHT_FLOWER";"SANITAL";"kom";"29,99";"29,99";"DA";"Akcija";"29,99";"";"Dostupno";"Žensko - Obuća - Anatomska obuća - Klompe";"https://woolf.hr/anatomske-klompe-proizvod-12794/"
"SANITAL ANATOMSKE NATIKAČE";"1364_BLUE";"SANITAL";"kom";"24,99";"24,99";"DA";"Akcija";"24,99";"";"Dostupno";"Žensko - Obuća - Natikače";"https://woolf.hr/anatomske-natikace-proizvod-2563/"
"SANITAL ANATOMSKE NATIKAČE";"4371_WHITE";"SANITAL";"kom";"29,99";"29,99";"DA";"Akcija";"29,99";"";"Dostupno";"Žensko - Obuća - Natikače";"https://woolf.hr/anatomske-natikace-proizvod-7780/"
"SEASTAR CIPELE";"JH375_BLACK";"SEASTAR";"kom";"26,99";"26,99";"DA";"Akcija";"26,99";"";"Dostupno";"Žensko - Obuća - Cipele";"https://woolf.hr/cipele-proizvod-10898/"
"SEASTAR CIPELE";"ZA22_BLACK";"SEASTAR";"kom";"16,99";"16,99";"DA";"Akcija";"16,99";"";"Dostupno";"Žensko - Obuća - Cipele";"https://woolf.hr/cipele-proizvod-11330/"
"SEASTAR CIPELE";"GS58P_BEIGE";"SEASTAR";"kom";"21,99";"21,99";"DA";"Akcija";"21,99";"";"Dostupno";"Žensko - Obuća - Cipele";"https://woolf.hr/cipele-proizvod-12040/"
"SEASTAR CIPELE";"JH390_BEIGE";"SEASTAR";"kom";"26,99";"26,99";"DA";"Akcija";"26,99";"";"Dostupno";"Žensko - Obuća - Cipele";"https://woolf.hr/cipele-proizvod-12057/"
"SEASTAR MODNE ČIZME";"RB157_BROWN";"SEASTAR";"kom";"29,99";"29,99";"DA";"Akcija";"29,99";"";"Dostupno";"Žensko - Obuća - Čizme";"https://woolf.hr/modne-cizme-proizvod-11080/"
"SEASTAR SANDALE";"WD166_BRONZE";"SEASTAR";"kom";"24,99";"24,99";"DA";"Akcija";"24,99";"";"Dostupno";"Žensko - Obuća - Sandale";"https://woolf.hr/sandale-proizvod-10391/"
"SEASTAR SANDALE";"L973_BLACK";"SEASTAR";"kom";"23,99";"23,99";"DA";"Akcija";"23,99";"";"Dostupno";"Žensko - Obuća - Sandale";"https://woolf.hr/sandale-proizvod-11558/"
"SEASTAR SANDALE";"JH332_BLACK";"SEASTAR";"kom";"22,99";"22,99";"DA";"Akcija";"22,99";"";"Dostupno";"Žensko - Obuća - Sandale";"https://woolf.hr/sandale-proizvod-11726/"
"SEKLO KUĆNE PAPUČE";"0032201_BROWN";"SEKLO";"kom";"21,99";"21,99";"NE";"";"21,99";"";"Dostupno";"Žensko - Obuća - Papuče";"https://woolf.hr/kucne-papuce-proizvod-10917/"
"SEKLO KUĆNE PAPUČE";"0032201_BORDO";"SEKLO";"kom";"21,99";"21,99";"NE";"";"21,99";"";"Dostupno";"Žensko - Obuća - Papuče";"https://woolf.hr/kucne-papuce-proizvod-10919/"
"SEKLO KUĆNE PAPUČE";"0032201_BLUE";"SEKLO";"kom";"21,99";"21,99";"NE";"";"21,99";"";"Dostupno";"Žensko - Obuća - Papuče";"https://woolf.hr/kucne-papuce-proizvod-10920/"
"SEKLO KUĆNE PAPUČE";"0032201_BLACK";"SEKLO";"kom";"21,99";"21,99";"NE";"";"21,99";"";"Dostupno";"Žensko - Obuća - Papuče";"https://woolf.hr/kucne-papuce-proizvod-10921/"
"SEKLO KUĆNE PAPUČE";"100617_BROWN";"SEKLO";"kom";"21,99";"21,99";"NE";"";"21,99";"";"Dostupno";"Muško - Obuća - Papuče";"https://woolf.hr/kucne-papuce-proizvod-11867/"
"SENVARE ŽENSKI PARFEM SANVARE";"SANVARE_N01";"SENVARE";"kom";"23,99";"23,99";"NE";"";"23,99";"";"Dostupno";"Žensko - Dodaci - Parfemi";"https://woolf.hr/zenski-parfem-proizvod-12943/"
"SERGIO TODZI CIPELE";"F419_BLACK";"SERGIO TODZI";"kom";"26,99";"26,99";"DA";"Akcija";"26,99";"";"Dostupno";"Žensko - Obuća - Štikle";"https://woolf.hr/cipele-proizvod-11358/"
"SET DODATAKA ZA SUP";"1001426_START";"";"kom";"29,99";"29,99";"NE";"";"29,99";"";"Dostupno";"Fitnes - SPRAVE I DODACI - Pribor - Setovi opreme za SUP";"https://woolf.hr/set-dodataka-za-sup-proizvod-12908/"
"SET DODATAKA ZA SUP";"1001426_ADVENTURE";"";"kom";"49,99";"49,99";"NE";"";"49,99";"";"Dostupno";"Fitnes - SPRAVE I DODACI - Pribor - Setovi opreme za SUP";"https://woolf.hr/set-dodataka-za-sup-proizvod-12909/"
"SET DODATAKA ZA SUP";"1001426_PRO";"";"kom";"79,99";"79,99";"NE";"";"79,99";"";"Dostupno";"Fitnes - SPRAVE I DODACI - Pribor - Setovi opreme za SUP";"https://woolf.hr/set-dodataka-za-sup-proizvod-12910/"
"SET ZA POPRAVAK";"6502156RKG";"";"kom";"4,99";"4,99";"DA";"Akcija";"4,99";"";"Dostupno";"Fitnes - SPRAVE I DODACI - Pribor - Set za popravak";"https://woolf.hr/set-popravak-proizvod-10192/"
"SET ZA POPRAVAK";"6502156RK";"";"kom";"4,99";"4,99";"DA";"Akcija";"4,99";"";"Dostupno";"Fitnes - SPRAVE I DODACI - Pribor - Set za popravak";"https://woolf.hr/set-popravak-proizvod-10193/"
"SIGURNOSNI KONOPAC ZA SUP";"6502156SK";"";"kom";"6,99";"6,99";"DA";"Akcija";"6,99";"";"Dostupno";"Fitnes - SPRAVE I DODACI - Pribor - Sigurnosno uže";"https://woolf.hr/sigurnosno-uze-sup-proizvod-9057/"
"SIXTH SENS GLEŽNJAČE";"C882_BLACK";"SIXTH SENS";"kom";"30,99";"30,99";"DA";"Akcija";"30,99";"";"Dostupno";"Žensko - Obuća - Gležnjače";"https://woolf.hr/gleznjace-proizvod-11150/"
"SKECHERS TENISICE BOBS ARCH COMFORT B";"117561_PURPLE";"SKECHERS";"kom";"49,00";"49,00";"DA";"Akcija";"49,00";"";"Dostupno";"Žensko - Obuća - Tenisice";"https://woolf.hr/tenisice-bobs-arch-comfort-b-proizvod-11838/"
"SKECHERS TENISICE BOBS B LOVE";"117617_PINK";"SKECHERS";"kom";"59,00";"59,00";"DA";"Akcija";"59,00";"";"Dostupno";"Žensko - Obuća - Tenisice";"https://woolf.hr/tenisice-bobs-b-love-proizvod-11839/"
"SKECHERS TENISICE BOBS SQUAD TOUGH";"32504_BEIGE";"SKECHERS";"kom";"49,00";"49,00";"DA";"Akcija";"49,00";"";"Dostupno";"Žensko - Obuća - Tenisice";"https://woolf.hr/tenisice-bobs-squad-tough-proizvod-11840/"
"SKECHERS TENISICE D LITES";"13087_WHITE";"SKECHERS";"kom";"59,00";"59,00";"DA";"Akcija";"59,00";"";"Dostupno";"Žensko - Obuća - Tenisice";"https://woolf.hr/tenisice-d-lites-proizvod-11849/"
"SKECHERS TENISICE DYNAMIGHT";"149691_BLACK";"SKECHERS";"kom";"49,00";"49,00";"DA";"Akcija";"49,00";"";"Dostupno";"Žensko - Obuća - Tenisice";"https://woolf.hr/tenisice-dynamight-proizvod-11851/"
"SKECHERS TENISICE SKECHERS";"150111_BLACK";"SKECHERS";"kom";"39,00";"39,00";"DA";"Akcija";"39,00";"";"Dostupno";"Žensko - Obuća - Tenisice";"https://woolf.hr/tenisice-skechers-proizvod-12337/"
"SKECHERS TENISICE SKECHERS";"155196_BLACK";"SKECHERS";"kom";"45,00";"45,00";"DA";"Akcija";"45,00";"";"Dostupno";"Žensko - Obuća - Tenisice";"https://woolf.hr/tenisice-skechers-proizvod-12338/"
"SKECHERS TENISICE SKECHERS SPORT";"232399_BLACK";"SKECHERS";"kom";"49,00";"49,00";"DA";"Akcija";"49,00";"";"Dostupno";"Muško - Obuća - Tenisice";"https://woolf.hr/tenisice-skechers-sport-proizvod-11846/"
"SKECHERS TENISICE SKECHERS SUMMITS AT";"237704_BLACK";"SKECHERS";"kom";"49,99";"49,99";"DA";"Akcija";"49,99";"";"Dostupno";"Muško - Obuća - Tenisice";"https://woolf.hr/tenisice-skechers-summits-at-proizvod-12074/"
"SKECHERS TENISICE SKECHERS VAPOR";"150025_WHITE";"SKECHERS";"kom";"49,00";"49,00";"DA";"Akcija";"49,00";"";"Dostupno";"Žensko - Obuća - Tenisice";"https://woolf.hr/tenisice-skechers-vapor-proizvod-11845/"
"SKECHERS TENISICE SUMMITS";"149536_PINK";"SKECHERS";"kom";"39,00";"39,00";"DA";"Akcija";"39,00";"";"Dostupno";"Žensko - Obuća - Tenisice";"https://woolf.hr/tenisice-summits-proizvod-11850/"
"SKECHERS TENISICE SUMMITS";"12615_GREY";"SKECHERS";"kom";"46,00";"46,00";"DA";"Akcija";"46,00";"";"Dostupno";"Žensko - Obuća - Tenisice";"https://woolf.hr/tenisice-summits-proizvod-12123/"
"SKECHERS TENISICE SUMMITS";"12980_WHITE";"SKECHERS";"kom";"49,00";"49,00";"DA";"Akcija";"49,00";"";"Dostupno";"Žensko - Obuća - Tenisice";"https://woolf.hr/tenisice-summits-proizvod-12336/"
"SOFT LINE ANATOMSKE KLOMPE";"110_BLACK";"SOFT LINE";"kom";"49,99";"49,99";"DA";"Akcija";"49,99";"";"Dostupno";"Žensko - Obuća - Anatomska obuća - Klompe";"https://woolf.hr/anatomske-klompe-proizvod-9729/"
"SOFT LINE ANATOMSKE KLOMPE";"145_WHITE";"SOFT LINE";"kom";"49,99";"49,99";"DA";"Akcija";"49,99";"";"Dostupno";"Žensko - Obuća - Anatomska obuća - Klompe";"https://woolf.hr/anatomske-klompe-proizvod-10808/"
"SOFT LINE ANATOMSKE KLOMPE";"119_BLACK";"SOFT LINE";"kom";"49,99";"49,99";"DA";"Akcija";"49,99";"";"Dostupno";"Žensko - Obuća - Anatomska obuća - Klompe";"https://woolf.hr/anatomske-klompe-proizvod-11200/"
"Soft Space SANDALE";"SF861_BLACK";"Soft Space";"kom";"24,99";"24,99";"DA";"Akcija";"24,99";"";"Dostupno";"Žensko - Obuća - Sandale";"https://woolf.hr/sandale-proizvod-11542/"
"SPROX ŠKOLSKE PAPUČE";"273913_WHITE";"SPROX";"kom";"14,99";"14,99";"NE";"";"14,99";"";"Dostupno";"Dječje - Obuća - Papuče - Papuče za razred";"https://woolf.hr/skolske-papuce-proizvod-10659/"
"Stedman UNISEX MAJICA";"ST2000_BLUE";"Stedman";"kom";"6,49";"6,49";"NE";"";"6,49";"";"Dostupno";"Žensko - Odjeća - Majice - T-shirt";"https://woolf.hr/muska-majica-proizvod-7483/"
"Stedman UNISEX MAJICA";"ST2000_GREY";"Stedman";"kom";"6,49";"6,49";"NE";"";"6,49";"";"Dostupno";"Žensko - Odjeća - Majice - T-shirt";"https://woolf.hr/muska-majica-proizvod-7486/"
"Stedman UNISEX MAJICA";"ST2000_OLIVE";"Stedman";"kom";"6,49";"6,49";"NE";"";"6,49";"";"Dostupno";"Žensko - Odjeća - Majice - T-shirt";"https://woolf.hr/muska-majica-proizvod-7488/"
"Stedman UNISEX MAJICA";"ST2000_1NAVY";"Stedman";"kom";"6,49";"6,49";"NE";"";"6,49";"";"Dostupno";"Žensko - Odjeća - Majice";"https://woolf.hr/unisex-majica-proizvod-10048/"
"Stedman UNISEX MAJICA";"ST200_1GREY";"Stedman";"kom";"6,49";"6,49";"NE";"";"6,49";"";"Dostupno";"Žensko - Odjeća - Majice";"https://woolf.hr/unisex-majica-proizvod-10049/"
"Stedman ŽENSKA  MAJICA";"ST2600_BLACK";"Stedman";"kom";"6,49";"6,49";"NE";"";"6,49";"";"Dostupno";"Žensko - Odjeća - Majice - T-shirt";"https://woolf.hr/zenska-majica-proizvod-7494/"
"Stedman ŽENSKA  MAJICA";"ST2600_NAVY";"Stedman";"kom";"6,49";"6,49";"NE";"";"6,49";"";"Dostupno";"Žensko - Odjeća - Majice - T-shirt";"https://woolf.hr/zenska-majica-proizvod-7495/"
"Stedman ŽENSKA  MAJICA";"ST2600_ORANGE";"Stedman";"kom";"6,49";"6,49";"NE";"";"6,49";"";"Dostupno";"Žensko - Odjeća - Majice - T-shirt";"https://woolf.hr/zenska-majica-proizvod-7496/"
"Stedman ŽENSKA  MAJICA";"ST2600_RED";"Stedman";"kom";"6,49";"6,49";"NE";"";"6,49";"";"Dostupno";"Žensko - Odjeća - Majice";"https://woolf.hr/zenska-majica-proizvod-10052/"
"Stedman ŽENSKA  MAJICA";"ST2600_1BLUE";"Stedman";"kom";"6,49";"6,49";"NE";"";"6,49";"";"Dostupno";"Žensko - Odjeća - Majice";"https://woolf.hr/zenska-majica-proizvod-11580/"
"SUP DASKA ZA VESLANJE";"6502156_C";"";"kom";"149,00";"149,00";"DA";"Akcija";"149,00";"";"Dostupno";"Fitnes - SPRAVE I DODACI - SUP Daska za veslanje";"https://woolf.hr/sup-daska-za-veslanje-proizvod-7829/"
"T SHIRT DOGO PREMIUM";"CA65024201";"";"kom";"4,99";"4,99";"NE";"";"4,99";"";"Dostupno";"Žensko - Odjeća - Majice - T-shirt";"https://woolf.hr/t-shirt-dogo-premium-proizvod-1674/"
"T SHIRT DOGO PREMIUM";"CA65024201_WHITE";"";"kom";"4,99";"4,99";"NE";"";"4,99";"";"Dostupno";"Žensko - Odjeća - Majice - T-shirt";"https://woolf.hr/t-shirt-dogo-premium-proizvod-8853/"
"T SHIRT DOGO PREMIUM";"CA65024201_WHT";"";"kom";"7,99";"7,99";"NE";"";"7,99";"";"Dostupno";"Muško - Odjeća - Majice - T-shirt";"https://woolf.hr/t-shirt-dogo-premium-proizvod-9400/"
"TAIM D.O.O. VEZICE  OKRUGLE";"007_BLUE";"TAIM D.O.O.";"kom";"1,19";"1,19";"NE";"";"1,19";"";"Dostupno";"Žensko - Dodaci - Vezice za obuću";"https://woolf.hr/vezice-pamucne-okrugle-proizvod-5984/"
"TAIM D.O.O. VEZICE  OKRUGLE";"116_PURPLE";"TAIM D.O.O.";"kom";"1,19";"1,19";"NE";"";"1,19";"";"Dostupno";"Žensko - Dodaci - Vezice za obuću";"https://woolf.hr/vezice-pamucne-okrugle-proizvod-5989/"
"TAIM D.O.O. VEZICE  OKRUGLE";"200_ORANGE";"TAIM D.O.O.";"kom";"1,19";"1,19";"NE";"";"1,19";"";"Dostupno";"Žensko - Dodaci - Vezice za obuću";"https://woolf.hr/vezice-pamucne-okrugle-proizvod-5996/"
"TAIM D.O.O. VEZICE  OKRUGLE";"2000_ORANGE";"TAIM D.O.O.";"kom";"1,19";"1,19";"NE";"";"1,19";"";"Dostupno";"Žensko - Dodaci - Vezice za obuću";"https://woolf.hr/vezice-pamucne-okrugle-proizvod-5997/"
"TAIM D.O.O. VEZICE  OKRUGLE";"2001_ORANGE";"TAIM D.O.O.";"kom";"1,19";"1,19";"NE";"";"1,19";"";"Dostupno";"Žensko - Dodaci - Vezice za obuću";"https://woolf.hr/vezice-pamucne-okrugle-proizvod-5998/"
"TAIM D.O.O. VEZICE  OKRUGLE";"112_YELLOW";"TAIM D.O.O.";"kom";"1,19";"1,19";"NE";"";"1,19";"";"Dostupno";"Žensko - Dodaci - Vezice za obuću";"https://woolf.hr/vezice-pamucne-okrugle-proizvod-6001/"
"TAIM D.O.O. VEZICE  OKRUGLE";"007_RED";"TAIM D.O.O.";"kom";"1,19";"1,19";"NE";"";"1,19";"";"Dostupno";"Žensko - Dodaci - Vezice za obuću";"https://woolf.hr/vezice-pamucne-okrugle-proizvod-6011/"
"TAIM D.O.O. VEZICE  OKRUGLE";"111_BLACK";"TAIM D.O.O.";"kom";"1,19";"1,19";"NE";"";"1,19";"";"Dostupno";"Žensko - Dodaci - Vezice za obuću";"https://woolf.hr/vezice-pamucne-okrugle-proizvod-6020/"
"TAIM D.O.O. VEZICE  RAVNE";"119_GREEN";"TAIM D.O.O.";"kom";"1,19";"1,19";"NE";"";"1,19";"";"Dostupno";"Žensko - Dodaci - Vezice za obuću";"https://woolf.hr/vezice-pamucne-ravne-proizvod-5974/"
"TAIM D.O.O. VEZICE  RAVNE";"1071_BLUE";"TAIM D.O.O.";"kom";"1,19";"1,19";"NE";"";"1,19";"";"Dostupno";"Žensko - Dodaci - Vezice za obuću";"https://woolf.hr/vezice-pamucne-ravne-proizvod-5986/"
"TAIM D.O.O. VEZICE  RAVNE";"107_NAVY";"TAIM D.O.O.";"kom";"1,19";"1,19";"NE";"";"1,19";"";"Dostupno";"Žensko - Dodaci - Vezice za obuću";"https://woolf.hr/vezice-pamucne-ravne-proizvod-5987/"
"TAIM D.O.O. VEZICE  RAVNE";"080_GREY";"TAIM D.O.O.";"kom";"1,19";"1,19";"NE";"";"1,19";"";"Dostupno";"Žensko - Dodaci - Vezice za obuću";"https://woolf.hr/vezice-pamucne-ravne-proizvod-5993/"
"TAIM D.O.O. VEZICE  RAVNE";"090_BEIGE";"TAIM D.O.O.";"kom";"1,19";"1,19";"NE";"";"1,19";"";"Dostupno";"Žensko - Dodaci - Vezice za obuću";"https://woolf.hr/vezice-pamucne-ravne-proizvod-5995/"
"TAIM D.O.O. VEZICE  RAVNE";"2100_ORANGE";"TAIM D.O.O.";"kom";"1,19";"1,19";"NE";"";"1,19";"";"Dostupno";"Žensko - Dodaci - Vezice za obuću";"https://woolf.hr/vezice-pamucne-ravne-proizvod-6000/"
"TAIM D.O.O. VEZICE  RAVNE";"115_PINK";"TAIM D.O.O.";"kom";"1,19";"1,19";"NE";"";"1,19";"";"Dostupno";"Žensko - Dodaci - Vezice za obuću";"https://woolf.hr/vezice-pamucne-ravne-proizvod-6023/"
"TAIM D.O.O. VEZICE OKRUGLE";"114_PINK";"TAIM D.O.O.";"kom";"1,19";"1,19";"NE";"";"1,19";"";"Dostupno";"Žensko - Dodaci - Vezice za obuću";"https://woolf.hr/vezice-pamucne-okrugle-proizvod-5988/"
"TAIM D.O.O. VEZICE OKRUGLE";"001_BLACK";"TAIM D.O.O.";"kom";"1,19";"1,19";"NE";"";"1,19";"";"Dostupno";"Žensko - Dodaci - Vezice za obuću";"https://woolf.hr/vezice-pamucne-okrugle-proizvod-6004/"
"TAIM D.O.O. VEZICE OKRUGLE";"003_WHITE";"TAIM D.O.O.";"kom";"1,19";"1,19";"NE";"";"1,19";"";"Dostupno";"Žensko - Dodaci - Vezice za obuću";"https://woolf.hr/vezice-pamucne-okrugle-proizvod-6007/"
"TAIM D.O.O. VEZICE OKRUGLE";"1111_DBROWN";"TAIM D.O.O.";"kom";"1,19";"1,19";"NE";"";"1,19";"";"Dostupno";"Žensko - Dodaci - Vezice za obuću";"https://woolf.hr/vezice-pamucne-okrugle-proizvod-6022/"
"TAIM D.O.O. VEZICE OKRUGLE";"116_1_PURPLE";"TAIM D.O.O.";"kom";"1,19";"1,19";"NE";"";"1,19";"";"Dostupno";"Žensko - Dodaci - Vezice za obuću";"https://woolf.hr/vezice-okrugle-proizvod-8860/"
"TAIM D.O.O. VEZICE RAVNE";"117_PURPLE";"TAIM D.O.O.";"kom";"1,19";"1,19";"NE";"";"1,19";"";"Dostupno";"Žensko - Dodaci - Vezice za obuću";"https://woolf.hr/vezice-pamucne-ravne-proizvod-5991/"
"TAIM D.O.O. VEZICE RAVNE";"210_ORANGE";"TAIM D.O.O.";"kom";"1,19";"1,19";"NE";"";"1,19";"";"Dostupno";"Žensko - Dodaci - Vezice za obuću";"https://woolf.hr/vezice-pamucne-ravne-proizvod-5999/"
"TAIM D.O.O. VEZICE RAVNE";"1130_YELLOW";"TAIM D.O.O.";"kom";"1,19";"1,19";"NE";"";"1,19";"";"Dostupno";"Žensko - Dodaci - Vezice za obuću";"https://woolf.hr/vezice-pamucne-ravne-proizvod-6003/"
"TAIM D.O.O. VEZICE RAVNE";"004_BLACK";"TAIM D.O.O.";"kom";"1,19";"1,19";"NE";"";"1,19";"";"Dostupno";"Žensko - Dodaci - Vezice za obuću";"https://woolf.hr/vezice-pamucne-ravne-proizvod-6005/"
"TAIM D.O.O. VEZICE RAVNE";"005_BROWN";"TAIM D.O.O.";"kom";"1,19";"1,19";"NE";"";"1,19";"";"Dostupno";"Žensko - Dodaci - Vezice za obuću";"https://woolf.hr/vezice-pamucne-ravne-proizvod-6010/"
"TAIM D.O.O. VEZICE RAVNE";"0711_OLIVE";"TAIM D.O.O.";"kom";"1,19";"1,19";"NE";"";"1,19";"";"Dostupno";"Žensko - Dodaci - Vezice za obuću";"https://woolf.hr/vezice-pamucne-ravne-proizvod-6017/"
"TAIM D.O.O. VEZICE SPORTSKE OKRUGLE";"011_BLACK";"TAIM D.O.O.";"kom";"1,19";"1,19";"NE";"";"1,19";"";"Dostupno";"Žensko - Dodaci - Vezice za obuću";"https://woolf.hr/vezice-sportske-okrugle-proizvod-6018/"
"TAIM D.O.O. VEZICE SPORTSKE OKRUGLE";"010_WHITE";"TAIM D.O.O.";"kom";"1,19";"1,19";"NE";"";"1,19";"";"Dostupno";"Žensko - Dodaci - Vezice za obuću";"https://woolf.hr/vezice-sportske-okrugle-proizvod-6019/"
"TIGERLINE NATIKAČE";"B02_BLACK";"TIGERLINE";"kom";"17,99";"17,99";"DA";"Akcija";"17,99";"";"Dostupno";"Muško - Obuća - Natikače";"https://woolf.hr/natikace-proizvod-11478/"
"TISSAIA TENISICE";"B429463_BLACK";"TISSAIA";"kom";"23,99";"23,99";"DA";"Akcija";"23,99";"";"Dostupno";"Žensko - Obuća - Tenisice";"https://woolf.hr/tenisice-proizvod-9038/"
"TOPWAY COMFORT CIPELE";"B862280_NAVY";"TOPWAY COMFORT";"kom";"24,99";"24,99";"DA";"Akcija";"24,99";"";"Dostupno";"Žensko - Obuća - Cipele";"https://woolf.hr/cipele-proizvod-9037/"
"TOPWAY SANDALE";"B821203_BEIGE";"TOPWAY";"kom";"18,99";"18,99";"DA";"Akcija";"18,99";"";"Dostupno";"Žensko - Obuća - Sandale";"https://woolf.hr/sandale-proizvod-9036/"
"TORBA RUKSAK ZA SUP DASKU";"6502156_TA";"";"kom";"14,99";"14,99";"DA";"Akcija";"14,99";"";"Dostupno";"Fitnes - SPRAVE I DODACI - Pribor";"https://woolf.hr/torba-ruksak-za-sup-dasku-proizvod-11396/"
"TORBA RUKSAK ZA SUP DASKU";"1001426_TA";"";"kom";"14,99";"14,99";"DA";"Akcija";"14,99";"";"Dostupno";"Fitnes - SPRAVE I DODACI - Pribor";"https://woolf.hr/torba-ruksak-za-sup-dasku-proizvod-11397/"
"TRAKA ZA TRČANJE";"6500944B";"";"kom";"649,00";"649,00";"DA";"Akcija";"649,00";"";"Dostupno";"Fitnes - SPRAVE I DODACI - Sprave - Trake za hodanje i trčanje";"https://woolf.hr/traka-za-trcanje-proizvod-7183/"
"TRAKA ZA TRČANJE";"6500944BC";"";"kom";"649,00";"649,00";"DA";"Akcija";"649,00";"";"Dostupno";"Fitnes - SPRAVE I DODACI - Sprave - Trake za hodanje i trčanje";"https://woolf.hr/traka-za-trcanje-proizvod-7195/"
"TRAKA ZA TRČANJE";"6500944_21";"";"kom";"649,00";"649,00";"DA";"Akcija";"599,00";"";"Dostupno";"Fitnes - SPRAVE I DODACI - Sprave - Trake za hodanje i trčanje";"https://woolf.hr/traka-za-trcanje-proizvod-7204/"
"TULIPANO NATIKAČE";"P1741_18_BROWN";"TULIPANO";"kom";"18,99";"18,99";"DA";"Akcija";"18,99";"";"Dostupno";"Žensko - Obuća - Natikače";"https://woolf.hr/natikace-proizvod-11368/"
"TULIPANO NATIKAČE";"P1741_18_BLACK";"TULIPANO";"kom";"18,99";"18,99";"DA";"Akcija";"18,99";"";"Dostupno";"Žensko - Obuća - Natikače";"https://woolf.hr/natikace-proizvod-11696/"
"UMBRO ČARAPE 3 pack";"UMEFX193054004_10_";"UMBRO";"kom";"8,99";"8,99";"NE";"";"8,99";"";"Dostupno";"Žensko - Odjeća - Čarape";"https://woolf.hr/carape-3-pack-proizvod-3401/"
"UMBRO ČARAPE 3 pack";"UMEFX193054001_10";"UMBRO";"kom";"7,19";"7,19";"NE";"";"7,19";"";"Dostupno";"Žensko - Odjeća - Čarape";"https://woolf.hr/carape-3-pack-proizvod-3839/"
"UMBRO ČARAPE 3 pack";"UMEFX193054007_10";"UMBRO";"kom";"5,99";"5,99";"NE";"";"5,99";"";"Dostupno";"Žensko - Odjeća - Čarape";"https://woolf.hr/carape-3-pack-proizvod-4011/"
"UMBRO KAPA ZA ODRASLE";"UME233M400_41";"UMBRO";"kom";"10,99";"10,99";"NE";"";"10,99";"";"Dostupno";"Muško - Odjeća - Kape - Zimske kape";"https://woolf.hr/kapa-za-odrasle-proizvod-9566/"
"UMBRO KOPAČKE LUA";"81875U_LUA";"UMBRO";"kom";"35,00";"35,00";"DA";"Akcija";"35,00";"";"Dostupno";"Muško - Obuća - Tenisice - Kopačke";"https://woolf.hr/kopacke-lua-proizvod-10025/"
"UMBRO KOPAČKE LUA";"8188OU_LUA";"UMBRO";"kom";"34,99";"34,99";"DA";"Akcija";"34,99";"";"Dostupno";"Dječje - Obuća - Tenisice - Kopačke";"https://woolf.hr/kopacke-lua-proizvod-10026/"
"UMBRO KOPAČKE TOCCO II LEAGUE FG";"81753U_LEE";"UMBRO";"kom";"34,99";"34,99";"DA";"Akcija";"34,99";"";"Dostupno";"Dječje - Obuća - Tenisice - Kopačke";"https://woolf.hr/kopacke-tocco-ii-league-fg-proizvod-8662/"
"UMBRO NOGOMETNA LOPTA NEO FUTSAL 4";"21338U_LWB";"UMBRO";"kom";"23,99";"23,99";"NE";"";"23,99";"";"Dostupno";"Žensko - Dodaci - Lopte";"https://woolf.hr/nogometna-lopta-neo-futsal-4-proizvod-9644/"
"UMBRO ŠTUCNE";"UMEFX193056001_05";"UMBRO";"kom";"6,99";"6,99";"NE";"";"6,99";"";"Dostupno";"Žensko - Odjeća - Čarape - Štucne";"https://woolf.hr/stucne-nogomet-proizvod-9361/"
"UMBRO TENISICE  DEFENCE";"UMF231M108_02";"UMBRO";"kom";"29,99";"29,99";"DA";"Akcija";"29,99";"";"Dostupno";"Muško - Obuća - Tenisice";"https://woolf.hr/tenisice-defence-proizvod-12064/"
"UMBRO TENISICE COVER IC";"UMF231M104_67";"UMBRO";"kom";"29,99";"29,99";"DA";"Akcija";"29,99";"";"Dostupno";"Muško - Obuća - Tenisice";"https://woolf.hr/tenisice-cover-ic-proizvod-8768/"
"UMBRO TENISICE DEFENCE 2 IC";"UMF231M108_1U";"UMBRO";"kom";"29,99";"29,99";"DA";"Akcija";"29,99";"";"Dostupno";"Muško - Obuća - Tenisice";"https://woolf.hr/tenisice-defence-2-tf-proizvod-12071/"
"UMBRO TENISICE DEFENCE 2 IC";"UMF231M108_45";"UMBRO";"kom";"29,99";"29,99";"DA";"Akcija";"29,99";"";"Dostupno";"Muško - Obuća - Tenisice";"https://woolf.hr/tenisice-defence-2-ic-proizvod-12072/"
"UMBRO TENISICE DEFENCE 2 TF";"UMF231M109_1U";"UMBRO";"kom";"29,99";"29,99";"DA";"Akcija";"29,99";"";"Dostupno";"Muško - Obuća - Tenisice";"https://woolf.hr/tenisice-defence-2-tf-proizvod-9768/"
"UMBRO TENISICE DEFENCE IC";"UMF223M115_25";"UMBRO";"kom";"29,99";"29,99";"DA";"Akcija";"29,99";"";"Dostupno";"Muško - Obuća - Tenisice";"https://woolf.hr/tenisice-defence-ic-proizvod-8265/"
"UMBRO TENISICE FLANKE TF";"UMF223B117_42";"UMBRO";"kom";"35,69";"35,69";"DA";"Akcija";"35,69";"";"Dostupno";"Dječje - Obuća - Tenisice";"https://woolf.hr/tenisice-flanke-tf-proizvod-8263/"
"UMBRO TENISICE LOGO JNR IC";"UMF231B114_02";"UMBRO";"kom";"29,99";"29,99";"DA";"Akcija";"29,99";"";"Dostupno";"Dječje - Obuća - Tenisice";"https://woolf.hr/tenisice-logo-jnr-ic-proizvod-8766/"
"UMBRO TENISICE MAISON";"UMF211M102_1V";"UMBRO";"kom";"29,99";"29,99";"DA";"Akcija";"29,99";"";"Dostupno";"Muško - Obuća - Tenisice";"https://woolf.hr/tenisice-maison-proizvod-12067/"
"UMBRO TENISICE MIZ 2 PU";"UMF211M102_01";"UMBRO";"kom";"29,99";"29,99";"DA";"Akcija";"29,99";"";"Dostupno";"Muško - Obuća - Tenisice";"https://woolf.hr/tenisice-miz-2-pu-proizvod-8046/"
"UMBRO TENISICE PIVOT IC";"UMF223M109_10";"UMBRO";"kom";"29,99";"29,99";"DA";"Akcija";"29,99";"";"Dostupno";"Muško - Obuća - Tenisice";"https://woolf.hr/tenisice-pivot-ic-proizvod-8202/"
"UMBRO TENISICE PRINTED JNR TF";"UMF231B113_01";"UMBRO";"kom";"29,99";"29,99";"DA";"Akcija";"29,99";"";"Dostupno";"Dječje - Obuća - Tenisice";"https://woolf.hr/tenisice-printed-jnr-tf-proizvod-9767/"
"UMBRO TENISICE SALA 2 IC";"UMF231M121_02";"UMBRO";"kom";"29,99";"29,99";"DA";"Akcija";"29,99";"";"Dostupno";"Muško - Obuća - Tenisice";"https://woolf.hr/tenisice-sala-2-ic-proizvod-8769/"
"UMBRO TENISICE SWEEPER 2 JNR TF";"UMF231B119_01";"UMBRO";"kom";"29,99";"29,99";"DA";"Akcija";"29,99";"";"Dostupno";"Dječje - Obuća - Tenisice";"https://woolf.hr/tenisice-sweeper-2-jnr-tf-proizvod-8767/"
"UMBRO TENISICE SWEEPER 2 JNR TF";"UMF231B119_20";"UMBRO";"kom";"29,99";"29,99";"DA";"Akcija";"29,99";"";"Dostupno";"Dječje - Obuća - Tenisice";"https://woolf.hr/tenisice-sweeper-2-jnr-tf-proizvod-12070/"
"UMBRO TENISICE SWEEPER IC";"UMF231M118_20";"UMBRO";"kom";"29,99";"29,99";"DA";"Akcija";"29,99";"";"Dostupno";"Muško - Obuća - Tenisice";"https://woolf.hr/tenisice-sweeper-ic-proizvod-12073/"
"VRTNI TRAMPOLIN 396 CM";"6502704_A_396";"";"kom";"129,00";"129,00";"DA";"Akcija";"129,00";"";"Dostupno";"Fitnes - SPRAVE I DODACI - Sprave - Trampolini";"https://woolf.hr/vrtni-trampolin-396-cm-proizvod-11774/"
"WALKX KUĆNE PAPUČE";"WLFP231_PINK";"WALKX";"kom";"17,99";"17,99";"DA";"Akcija";"17,99";"";"Dostupno";"Žensko - Obuća - Papuče";"https://woolf.hr/kucne-papuce-proizvod-9488/"
"WALKX PAPUČE WALKX";"3500148_NAVY";"WALKX";"kom";"7,79";"7,79";"DA";"Akcija";"7,79";"";"Dostupno";"Dječje - Obuća - Papuče";"https://woolf.hr/papuce-walkx-proizvod-5517/"
"WALKX PAPUČE WALKX";"3502016_GREY";"WALKX";"kom";"10,49";"10,49";"NE";"";"10,49";"";"Dostupno";"Dječje - Obuća - Papuče";"https://woolf.hr/papuce-walkx-proizvod-8855/"
"WALKX PAPUČE WALKX";"3502016_NAVY";"WALKX";"kom";"10,49";"10,49";"NE";"";"10,49";"";"Dostupno";"Dječje - Obuća - Papuče";"https://woolf.hr/papuce-walkx-proizvod-8857/"
"WALKX PAPUČE WALKX";"3502016_1PINK";"WALKX";"kom";"10,49";"10,49";"NE";"";"10,49";"";"Dostupno";"Dječje - Obuća - Papuče";"https://woolf.hr/papuce-walkx-proizvod-9514/"
"WEIDE CIPELE";"YO636_BLACK";"WEIDE";"kom";"19,99";"19,99";"DA";"Akcija";"19,99";"";"Dostupno";"Žensko - Obuća - Cipele";"https://woolf.hr/cipele-proizvod-10902/"
"WOOLF BUCE";"2655_BLACK";"WOOLF";"kom";"24,99";"24,99";"NE";"";"24,99";"";"Dostupno";"Dječje - Obuća - Buce";"https://woolf.hr/buce-proizvod-5571/"
"WOOLF d.o.o. TENISICE";"B185230_GREY";"WOOLF d.o.o.";"kom";"14,99";"14,99";"DA";"Akcija";"14,99";"";"Dostupno";"Dječje - Obuća - Tenisice";"https://woolf.hr/tenisice-proizvod-9305/"
"WOOLF ETUI ZA KARTICE";"WLFP060_BLACK";"WOOLF";"kom";"9,16";"9,16";"NE";"";"9,16";"";"Dostupno";"Žensko - Dodaci - Novčanici";"https://woolf.hr/etui-za-kartice-proizvod-9394/"
"WOOLF ETUI ZA KARTICE";"WLFP060_PINK";"WOOLF";"kom";"9,16";"9,16";"NE";"";"9,16";"";"Dostupno";"Žensko - Dodaci - Novčanici";"https://woolf.hr/etui-za-kartice-proizvod-9395/"
"WOOLF ETUI ZA KARTICE";"WLFP060_GREY";"WOOLF";"kom";"9,16";"9,16";"NE";"";"9,16";"";"Dostupno";"Žensko - Dodaci - Novčanici";"https://woolf.hr/etui-za-kartice-proizvod-9398/"
"WOOLF ETUI ZA KARTICE";"WLFP0410_1RED";"WOOLF";"kom";"5,99";"5,99";"NE";"";"5,99";"";"Dostupno";"Žensko - Dodaci - Novčanici";"https://woolf.hr/etui-za-kartice-proizvod-10566/"
"WOOLF GUMENE KLOMPE";"KROKO_ORANGE";"WOOLF";"kom";"3,79";"3,79";"DA";"Akcija";"3,79";"";"Dostupno";"Dječje - Obuća - Klompe - Gumene klompe";"https://woolf.hr/gumene-klompe-proizvod-1076/"
"WOOLF GUMENE KLOMPE";"1999434_G_37_40";"WOOLF";"kom";"3,79";"3,79";"DA";"Akcija";"3,79";"";"Dostupno";"Žensko - Obuća - Gumene klompe";"https://woolf.hr/gumene-klompe-proizvod-1592/"
"WOOLF GUMENE KLOMPE";"1999434_LIME";"WOOLF";"kom";"3,79";"3,79";"DA";"Akcija";"3,79";"";"Dostupno";"Dječje - Obuća - Klompe - Gumene klompe";"https://woolf.hr/gumene-klompe-proizvod-1593/"
"WOOLF GUMENE KLOMPE";"3501080_NAVY";"WOOLF";"kom";"3,85";"3,85";"DA";"Akcija";"3,85";"";"Dostupno";"Dječje - Obuća - Klompe - Gumene klompe";"https://woolf.hr/gumene-klompe-proizvod-4631/"
"WOOLF GUMENE KLOMPE";"3501080_PINKY";"WOOLF";"kom";"3,79";"3,79";"DA";"Akcija";"3,79";"";"Dostupno";"Dječje - Obuća - Klompe - Gumene klompe";"https://woolf.hr/gumene-klompe-proizvod-4632/"
"WOOLF GUMENE KLOMPE";"SABBAS_BLACK";"WOOLF";"kom";"6,49";"6,49";"NE";"";"6,49";"";"Dostupno";"Muško - Obuća - Gumene klompe";"https://woolf.hr/gumene-klompe-proizvod-4647/"
"WOOLF GUMENE KLOMPE";"3502293_NAVY";"WOOLF";"kom";"5,99";"5,99";"NE";"";"5,99";"";"Dostupno";"Dječje - Obuća - Klompe - Gumene klompe";"https://woolf.hr/gumene-klompe-proizvod-9225/"
"WOOLF GUMENE KLOMPE";"3502293_BLUE";"WOOLF";"kom";"5,99";"5,99";"NE";"";"5,99";"";"Dostupno";"Dječje - Obuća - Klompe - Gumene klompe";"https://woolf.hr/gumene-klompe-proizvod-9226/"
"WOOLF GUMENE KLOMPE";"K3502293_BLUE";"WOOLF";"kom";"4,79";"4,79";"DA";"Akcija";"4,79";"";"Dostupno";"Dječje - Obuća - Klompe - Gumene klompe";"https://woolf.hr/gumene-klompe-proizvod-9231/"
"WOOLF GUMENE KLOMPE";"K3502293_GREEN";"WOOLF";"kom";"4,79";"4,79";"DA";"Akcija";"4,79";"";"Dostupno";"Dječje - Obuća - Klompe - Gumene klompe";"https://woolf.hr/gumene-klompe-proizvod-9232/"
"WOOLF GUMENE KLOMPE";"K3502293_PINK";"WOOLF";"kom";"4,79";"4,79";"DA";"Akcija";"4,79";"";"Dostupno";"Dječje - Obuća - Klompe - Gumene klompe";"https://woolf.hr/gumene-klompe-proizvod-9233/"
"WOOLF GUMENE KLOMPE";"3502293_PINK";"WOOLF";"kom";"5,99";"5,99";"NE";"";"5,99";"";"Dostupno";"Dječje - Obuća - Klompe - Gumene klompe";"https://woolf.hr/gumene-klompe-proizvod-9246/"
"WOOLF GUMENE KLOMPE";"K3502293_1PINK";"WOOLF";"kom";"4,79";"4,79";"DA";"Akcija";"4,79";"";"Dostupno";"Dječje - Obuća - Klompe - Gumene klompe";"https://woolf.hr/gumene-klompe-proizvod-10191/"
"WOOLF GUMENE KLOMPE S KRZNOM";"KROKO_RED";"WOOLF";"kom";"3,85";"3,85";"DA";"Akcija";"3,85";"";"Dostupno";"Dječje - Obuća - Klompe - Gumene klompe";"https://woolf.hr/gumene-klompe-proizvod-2123/"
"WOOLF GUMENE KLOMPE S KRZNOM";"3500769_RED";"WOOLF";"kom";"5,99";"5,99";"DA";"Akcija";"5,99";"";"Dostupno";"Dječje - Obuća - Klompe - Gumene klompe";"https://woolf.hr/gumene-klompe-s-krznom-proizvod-3665/"
"WOOLF GUMENE KLOMPE S KRZNOM";"3500769_PINK";"WOOLF";"kom";"5,09";"5,09";"DA";"Akcija";"5,09";"";"Dostupno";"Dječje - Obuća - Klompe - Gumene klompe";"https://woolf.hr/gumene-klompe-s-krznom-proizvod-3667/"
"WOOLF GUMENE KLOMPE S KRZNOM";"3500769_BLUE";"WOOLF";"kom";"5,99";"5,99";"DA";"Akcija";"5,99";"";"Dostupno";"Dječje - Obuća - Klompe - Gumene klompe";"https://woolf.hr/gumene-klompe-s-krznom-proizvod-3668/"
"WOOLF GUMENE KLOMPE S KRZNOM";"3500769_PINKI";"WOOLF";"kom";"5,99";"5,99";"DA";"Akcija";"5,99";"";"Dostupno";"Dječje - Obuća - Klompe - Gumene klompe";"https://woolf.hr/gumene-klompe-s-krznom-proizvod-7618/"
"WOOLF KOŽNE TENISICE";"3501699_NAVY";"WOOLF";"kom";"14,99";"14,99";"DA";"Akcija";"14,99";"";"Dostupno";"Žensko - Obuća - Tenisice";"https://woolf.hr/kozne-tenisice-proizvod-7437/"
"WOOLF NATIKAČE";"WLFP221_PINK";"WOOLF";"kom";"4,99";"4,99";"DA";"Akcija";"4,99";"";"Dostupno";"Žensko - Obuća - Natikače";"https://woolf.hr/japanke-proizvod-8677/"
"WOOLF NATIKAČE";"WLFP222_NAVY";"WOOLF";"kom";"4,99";"4,99";"DA";"Akcija";"4,99";"";"Dostupno";"Žensko - Obuća - Natikače";"https://woolf.hr/japanke-proizvod-8679/"
"WOOLF NEPROPUSNE BUCE";"3500275_BROWN";"WOOLF";"kom";"19,99";"19,99";"DA";"Akcija";"19,99";"";"Dostupno";"Dječje - Obuća - Buce";"https://woolf.hr/nepropusne-buce-proizvod-1973/"
"WOOLF NEPROPUSNE BUCE";"SIMON_SPIRALE_BLUE_ORANGE";"WOOLF";"kom";"19,99";"19,99";"DA";"Akcija";"19,99";"";"Dostupno";"Dječje - Obuća - Buce";"https://woolf.hr/nepropusne-buce-proizvod-6024/"
"WOOLF NEPROPUSNE BUCE";"ERIC_ORANGE_BLUE";"WOOLF";"kom";"24,99";"24,99";"DA";"Akcija";"24,99";"";"Dostupno";"Dječje - Obuća - Buce";"https://woolf.hr/nepropusne-buce-proizvod-7193/"
"WOOLF NEPROPUSNE BUCE";"3501668_NAVY";"WOOLF";"kom";"19,99";"19,99";"DA";"Akcija";"19,99";"";"Dostupno";"Dječje - Obuća - Buce";"https://woolf.hr/nepropusne-buce-proizvod-7239/"
"WOOLF NEPROPUSNE BUCE";"3502055_NAVY";"WOOLF";"kom";"19,99";"19,99";"DA";"Akcija";"19,99";"";"Dostupno";"Dječje - Obuća - Buce";"https://woolf.hr/nepropusne-buce-proizvod-8597/"
"WOOLF NEPROPUSNE BUCE";"3501947_BLACK";"WOOLF";"kom";"19,99";"19,99";"DA";"Akcija";"19,99";"";"Dostupno";"Dječje - Obuća - Buce";"https://woolf.hr/nepropusne-buce-proizvod-8598/"
"WOOLF NEPROPUSNE BUCE";"ERIC_FUXIA";"WOOLF";"kom";"29,99";"29,99";"DA";"Akcija";"29,99";"";"Dostupno";"Dječje - Obuća - Buce";"https://woolf.hr/nepropusne-buce-proizvod-9707/"
"WOOLF NEPROPUSNE BUCE";"ERIC_ORANGE";"WOOLF";"kom";"29,99";"29,99";"DA";"Akcija";"29,99";"";"Dostupno";"Dječje - Obuća - Buce";"https://woolf.hr/nepropusne-buce-proizvod-9708/"
"WOOLF NEPROPUSNE BUCE";"3502055_1_BLUE";"WOOLF";"kom";"19,99";"19,99";"DA";"Akcija";"19,99";"";"Dostupno";"Dječje - Obuća - Buce";"https://woolf.hr/nepropusne-buce-proizvod-12220/"
"WOOLF NEPROPUSNE BUCE";"WLFP1222025_BLUE";"WOOLF";"kom";"19,99";"19,99";"DA";"Akcija";"19,99";"";"Dostupno";"Dječje - Obuća - Buce";"https://woolf.hr/nepropusne-buce-proizvod-12253/"
"WOOLF NEPROPUSNE BUCE";"3502055_GREY";"WOOLF";"kom";"24,99";"24,99";"NE";"";"24,99";"";"Dostupno";"Dječje - Obuća - Buce";"https://woolf.hr/nepropusne-buce-proizvod-12313/"
"WOOLF NEPROPUSNE BUCE";"3502055_1_GREY";"WOOLF";"kom";"24,99";"24,99";"NE";"";"24,99";"";"Dostupno";"Dječje - Obuća - Buce";"https://woolf.hr/nepropusne-buce-proizvod-12314/"
"WOOLF NEPROPUSNE GLEŽNJAČE";"3500941_PINK";"WOOLF";"kom";"22,39";"22,39";"DA";"Akcija";"22,39";"";"Dostupno";"Dječje - Obuća - Gležnjače";"https://woolf.hr/nepropusne-gleznjace-proizvod-4725/"
"WOOLF NEPROPUSNE GLEŽNJAČE";"3501394_GREY";"WOOLF";"kom";"18,99";"18,99";"DA";"Akcija";"18,99";"";"Dostupno";"Dječje - Obuća - Gležnjače";"https://woolf.hr/nepropusne-gleznjace-proizvod-7024/"
"WOOLF NEPROPUSNE GLEŽNJAČE";"3502467_BLACK";"WOOLF";"kom";"19,99";"19,99";"DA";"Akcija";"19,99";"";"Dostupno";"Dječje - Obuća - Buce";"https://woolf.hr/nepropusne-gleznjace-proizvod-9703/"
"WOOLF NEPROPUSNE GLEŽNJAČE";"3502467_GREY";"WOOLF";"kom";"19,99";"19,99";"DA";"Akcija";"19,99";"";"Dostupno";"Dječje - Obuća - Buce";"https://woolf.hr/nepropusne-gleznjace-proizvod-9704/"
"WOOLF OBUĆA ZA OPORAVAK";"WLFP26_WHITE";"WOOLF";"kom";"12,99";"12,99";"DA";"Akcija";"12,99";"";"Dostupno";"Žensko - Obuća - Gumene klompe";"https://woolf.hr/obuca-za-oporavak-proizvod-12810/"
"WOOLF OBUĆA ZA OPORAVAK";"WLFP26_PINK";"WOOLF";"kom";"12,99";"12,99";"DA";"Akcija";"12,99";"";"Dostupno";"Žensko - Obuća - Gumene klompe";"https://woolf.hr/obuca-za-oporavak-proizvod-12811/"
"WOOLF OBUĆA ZA OPORAVAK";"WLFP26_GREY1";"WOOLF";"kom";"12,99";"12,99";"DA";"Akcija";"12,99";"";"Dostupno";"Muško - Obuća - Gumene klompe";"https://woolf.hr/obuca-za-oporavak-proizvod-12812/"
"WOOLF OBUĆA ZA OPORAVAK";"WLFP26_BLUE";"WOOLF";"kom";"12,99";"12,99";"DA";"Akcija";"12,99";"";"Dostupno";"Žensko - Obuća - Gumene klompe";"https://woolf.hr/obuca-za-oporavak-proizvod-12813/"
"WOOLF PAPUČE ZA VODU";"2746200";"WOOLF";"kom";"5,09";"5,09";"DA";"Akcija";"5,09";"";"Dostupno";"Dječje - Obuća - Papuče - Papuče za vodu";"https://woolf.hr/papuce-za-vodu-proizvod-1484/"
"WOOLF PAPUČE ZA VODU";"11_0324_17_NAVY";"WOOLF";"kom";"5,09";"5,09";"DA";"Akcija";"5,09";"";"Dostupno";"Dječje - Obuća - Papuče - Papuče za vodu";"https://woolf.hr/papuce-za-vodu-proizvod-1485/"
"WOOLF PLANINARSKI ULOŠCI";"WLFP107_1BORDO";"WOOLF";"kom";"3,99";"3,99";"NE";"";"3,99";"";"Dostupno";"Žensko - Dodaci - Ulošci za cipele";"https://woolf.hr/planinarski-ulosci-proizvod-11937/"
"WOOLF PLANINARSKI ULOŠCI";"WLFP107_RED";"WOOLF";"kom";"3,99";"3,99";"NE";"";"3,99";"";"Dostupno";"Žensko - Dodaci - Ulošci za cipele";"https://woolf.hr/planinarski-ulosci-proizvod-11939/"
"WOOLF PLATNENE TENISICE";"2837_NAVY";"WOOLF";"kom";"6,99";"6,99";"DA";"Akcija";"6,99";"";"Dostupno";"Dječje - Obuća - Tenisice";"https://woolf.hr/platnene-tenisice-proizvod-5967/"
"WOOLF TENISICE";"WLFP0146_NAVY";"WOOLF";"kom";"19,99";"19,99";"DA";"Akcija";"19,99";"";"Dostupno";"Žensko - Obuća - Tenisice";"https://woolf.hr/tenisice-proizvod-9866/"
"WOOLF TENISICE";"WLFP0158_NAVY";"WOOLF";"kom";"19,99";"19,99";"DA";"Akcija";"19,99";"";"Dostupno";"Žensko - Obuća - Tenisice";"https://woolf.hr/tenisice-proizvod-9889/"
"WOOLF TENISICE";"WLF622025_BORDO";"WOOLF";"kom";"24,99";"24,99";"DA";"Akcija";"24,99";"";"Dostupno";"Žensko - Obuća - Tenisice";"https://woolf.hr/tenisice-proizvod-12020/"
"WOOLF TREKKING TENISICE";"3501052";"WOOLF";"kom";"14,99";"14,99";"DA";"Akcija";"14,99";"";"Dostupno";"Dječje - Obuća - Tenisice";"https://woolf.hr/trekking-tenisice-proizvod-5190/"
"WOOLF TREKKING TENISICE";"3501052_BLUE";"WOOLF";"kom";"9,99";"9,99";"DA";"Akcija";"9,99";"";"Dostupno";"Dječje - Obuća - Tenisice";"https://woolf.hr/trekking-tenisice-proizvod-5191/"
"Wybot Wybot A1 bežični robot za čišćenje bazena (crni)";"sm-001497";"Wybot";"kom";"199,00";"199,00";"DA";"Akcija";"199,00";"";"Dostupno";"Uređaji - TEHNIKA - Pametan dom - Robotski usisavači";"https://woolf.hr/wybot-a1-bezicni-robot-za-ciscenje-bazena-crni-proizvod-12799/"
"Wybot Wybot B1 bežični robot za čišćenje bazena (crni)";"sm-001545";"Wybot";"kom";"379,00";"379,00";"DA";"Akcija";"379,00";"";"Dostupno";"Uređaji - TEHNIKA - Pametan dom - Robotski usisavači";"https://woolf.hr/wybot-b1-bezicni-robot-za-ciscenje-bazena-crni-proizvod-12896/"
"Wybot Wybot C2 bežični robot za čišćenje bazena (crni)";"sm-001498";"Wybot";"kom";"699,00";"699,00";"NE";"";"699,00";"6975843747358";"Dostupno";"Uređaji - TEHNIKA - Pametan dom";"https://woolf.hr/wybot-c2-bezicni-robot-za-ciscenje-bazena-crni-proizvod-12781/"
"Wybot Wybot S3 bežični robot za čišćenje bazena s AI Vision i postajom za samopražnjenjem (crni)";"sm-001546";"Wybot";"kom";"2399,00";"2399,00";"DA";"Akcija";"2399,00";"";"Dostupno";"Uređaji - TEHNIKA - Pametan dom - Robotski usisavači";"https://woolf.hr/wybot-s3-bezicni-robot-za-ciscenje-bazena-s-ai-vision-i-postajom-za-samopraznjenjem-crni-proizvod-12901/"
"YESOUL A1 PAMETNI SOBNI BICIKL - SPINNING BIKE";"001323";"YESOUL";"kom";"279,00";"279,00";"NE";"";"279,00";"";"Dostupno";"Fitnes - SPRAVE I DODACI - Sprave - Sobni bicikli";"https://woolf.hr/a1-pametni-sobni-bicikl-spinning-bike-proizvod-12384/"
"YESOUL YESOUL A1 pametni sobni bicikl - crni";"sm-001323";"YESOUL";"kom";"279,00";"279,00";"NE";"";"279,00";"6971300262358";"Dostupno";"Fitnes - SPRAVE I DODACI - Sprave - Sobni bicikli";"https://woolf.hr/yesoul-a1-pametni-sobni-bicikl-crni-proizvod-12555/"
"YESOUL YESOUL C1A pametni magnetni sobni bicikl - crni";"sm-001322";"YESOUL";"kom";"349,00";"349,00";"NE";"";"349,00";"6971300262259";"Dostupno";"Fitnes - SPRAVE I DODACI - Sprave - Sobni bicikli";"https://woolf.hr/yesoul-c1a-pametni-magnetni-sobni-bicikl-crni-proizvod-12513/"
"YESOUL YESOUL EF25EV - pametni eliptični trenažer";"sm-001324";"YESOUL";"kom";"699,00";"699,00";"NE";"";"699,00";"6971300261887";"Dostupno";"Fitnes - SPRAVE I DODACI - Sprave - Sobni bicikli";"https://woolf.hr/yesoul-ef25ev-pametni-elipticni-trenazer-proizvod-12589/"
"YESOUL YESOUL G1M Plus - pametni magnetni sobni bicikl - crni";"sm-001254";"YESOUL";"kom";"699,00";"699,00";"NE";"";"699,00";"6971300262167";"Dostupno";"Fitnes - SPRAVE I DODACI - Sprave - Sobni bicikli";"https://woolf.hr/yesoul-g1m-plus-pametni-magnetni-sobni-bicikl-crni-proizvod-12466/"
"YESOUL YESOUL R1 PLUS - sklopiva sprava za veslanje";"sm-001484";"YESOUL";"kom";"649,00";"649,00";"NE";"";"649,00";"6971300262471";"Dostupno";"Fitnes - SPRAVE I DODACI - Sprave - Sprave za veslanje";"https://woolf.hr/yesoul-r1-plus-sklopiva-sprava-za-veslanje-proizvod-12455/"
"YESOUL YESOUL S3 - pametni magnetni sobni bicikl - bijeli";"sm-001086";"YESOUL";"kom";"319,00";"319,00";"DA";"Akcija";"319,00";"6971300260989";"Dostupno";"Fitnes - SPRAVE I DODACI - Sprave - Sobni bicikli";"https://woolf.hr/yesoul-s3-pametni-magnetni-sobni-bicikl-bijeli-proizvod-12592/"
"YESOUL YESOUL S3 - pametni magnetni sobni bicikl - crni";"sm-001058";"YESOUL";"kom";"399,00";"399,00";"NE";"";"399,00";"6971300260217";"Dostupno";"Fitnes - SPRAVE I DODACI - Sprave - Sobni bicikli";"https://woolf.hr/yesoul-s3-pametni-magnetni-sobni-bicikl-crni-proizvod-12565/"
"YESOUL Yesoul T3 Plus - traka za hodanje i trčanje";"sm-001420";"YESOUL";"kom";"999,00";"999,00";"NE";"";"999,00";"6971300262709";"Dostupno";"Fitnes - SPRAVE I DODACI - Sprave - Trake za hodanje i trčanje";"https://woolf.hr/yesoul-t3-plus-traka-za-hodanje-i-trcanje-proizvod-12579/"
"YESOUL Yesoul T3 Pro - traka za hodanje i trčanje";"sm-001447";"YESOUL";"kom";"699,00";"699,00";"NE";"";"699,00";"6971300262693";"Dostupno";"Fitnes - SPRAVE I DODACI - Sprave - Trake za hodanje i trčanje";"https://woolf.hr/yesoul-t3-pro-traka-za-hodanje-i-trcanje-proizvod-12554/"
"YESOUL Yesoul W2 Pro traka za hodanje";"sm-001475";"YESOUL";"kom";"349,00";"349,00";"NE";"";"349,00";"6971300262747";"Dostupno";"Fitnes - SPRAVE I DODACI - Sprave - Trake za hodanje i trčanje";"https://woolf.hr/yesoul-w2-pro-traka-za-hodanje-proizvod-12710/"
"YESOUL Yesoul W2 traka za hodanje";"sm-001412";"YESOUL";"kom";"209,00";"209,00";"DA";"Akcija";"209,00";"6971300262730";"Dostupno";"Fitnes - SPRAVE I DODACI - Sprave - Trake za hodanje i trčanje";"https://woolf.hr/yesoul-w2-traka-za-hodanje-proizvod-12604/"
"ŽIVOTINJA NA NAPUHAVANJE ZA PLAŽU";"6502035_VODENKONJ";"";"kom";"8,99";"8,99";"DA";"Akcija";"8,99";"";"Dostupno";"Dječje - Dječji dodaci - Outdoor";"https://woolf.hr/napuhanci-vodu-proizvod-8900/"
"ŽIVOTINJA NA NAPUHAVANJE ZA PLAŽU";"6502035_LAMA";"";"kom";"8,99";"8,99";"DA";"Akcija";"8,99";"";"Dostupno";"Dječje - Dječji dodaci - Outdoor";"https://woolf.hr/napuhanci-vodu-proizvod-8901/"
"ŽIVOTINJA NA NAPUHAVANJE ZA PLAŽU";"6502035_JEDNOROG";"";"kom";"8,99";"8,99";"DA";"Akcija";"8,99";"";"Dostupno";"Dječje - Dječji dodaci - Outdoor";"https://woolf.hr/napuhanci-vodu-proizvod-8902/"
"ŽLICA ZA CIPELE";"60001_BLUE";"";"kom";"2,99";"2,99";"NE";"";"2,99";"";"Dostupno";"Žensko - Dodaci - Žlice za cipele";"https://woolf.hr/zlica-za-obuvanje-proizvod-8893/"
"ŽLICA ZA CIPELE";"60001_WHITE";"";"kom";"2,99";"2,99";"NE";"";"2,99";"";"Dostupno";"Žensko - Dodaci - Žlice za cipele";"https://woolf.hr/zlica-za-obuvanje-proizvod-8894/"
"ŽLICA ZA CIPELE";"60001_YELLOW";"";"kom";"2,99";"2,99";"NE";"";"2,99";"";"Dostupno";"Žensko - Dodaci - Žlice za cipele";"https://woolf.hr/zlica-za-obuvanje-proizvod-8895/"