"Šifra";"Naziv proizvoda";"Brend";"Kategorija";"Aktualna cijena (EUR)";"Redovna cijena (EUR)";"Dostupne veličine";"Boja";"Dostupnost";"Poveznica"
"sm-001377";"70mai 70mai A510 Dash Cam set sa stražnjom kamerom RC11 - siva";"70mai";"Uređaji - TEHNIKA - Auto kamere";"159,00";"159,00";"";"";"Dostupno";"https://woolf.hr/70mai-a510-dash-cam-set-sa-straznjom-kamerom-rc11-siva-proizvod-12524/"
"sm-001549";"70mai 70mai A800SE 4K Dash Cam (4G)";"70mai";"Uređaji - TEHNIKA - Auto kamere";"149,00";"149,00";"";"";"Dostupno";"https://woolf.hr/70mai-a800se-4k-dash-cam-4g-proizvod-12929/"
"sm-001416";"70mai 70mai A800SE 4K Dash Cam + RC22 stražnja kamera - komplet";"70mai";"Uređaji - TEHNIKA - Auto kamere";"169,00";"169,00";"";"";"Dostupno";"https://woolf.hr/70mai-a800se-4k-dash-cam-rc22-straznja-kamera-komplet-proizvod-12496/"
"sm-001531";"70mai 70mai A800SE 4K Dash Cam + RC22 stražnja kamera - komplet (4G)";"70mai";"Uređaji - TEHNIKA - Auto kamere";"179,00";"179,00";"";"";"Dostupno";"https://woolf.hr/70mai-a800se-4k-dash-cam-rc22-straznja-kamera-komplet-4g-proizvod-12821/"
"sm-001451";"70mai 70mai A810S - 4K Dash Cam + RC24 set auto kamere sa stražnjom kamerom";"70mai";"Uređaji - TEHNIKA - Auto kamere";"249,00";"249,00";"";"";"Dostupno";"https://woolf.hr/70mai-a810s-4k-dash-cam-rc24-set-auto-kamere-sa-straznjom-kamerom-proizvod-12652/"
"sm-001477";"70mai 70mai A810S - 4K Dash Cam auto kamera";"70mai";"Uređaji - TEHNIKA - Auto kamere";"219,00";"219,00";"";"";"Dostupno";"https://woolf.hr/70mai-a810s-4k-dash-cam-auto-kamera-proizvod-12551/"
"sm-000425";"70mai 70mai Dash Cam Pro Plus A500S + RC06 stražnja kamera - set";"70mai";"Uređaji - TEHNIKA - Auto kamere";"149,00";"149,00";"";"";"Dostupno";"https://woolf.hr/70mai-dash-cam-pro-plus-a500s-rc06-straznja-kamera-set-proizvod-12560/"
"sm-000824";"70mai 70mai Jump Starter MAX PS06 - powerbank za pokretanje akumulatora";"70mai";"Uređaji - TEHNIKA - Gadgeti";"119,00";"119,00";"";"";"Dostupno";"https://woolf.hr/70mai-jump-starter-max-ps06-powerbank-za-pokretanje-akumulatora-proizvod-12495/"
"sm-001478";"70mai 70mai M800 Dash Cam 128GB";"70mai";"Uređaji - TEHNIKA - Auto kamere";"249,00";"249,00";"";"";"Dostupno";"https://woolf.hr/70mai-m800-dash-cam-128gb-proizvod-12559/"
"sm-001479";"70mai 70mai M800 Dash Cam 128GB + RC14 - set";"70mai";"Uređaji - TEHNIKA - Auto kamere";"289,00";"289,00";"";"";"Dostupno";"https://woolf.hr/70mai-m800-dash-cam-128gb-rc14-set-proizvod-12485/"
"sm-001376";"70mai 70mai Omni X800 4K + RC14 Dash Cam Set";"70mai";"Uređaji - TEHNIKA - Auto kamere";"369,00";"369,00";"";"";"Dostupno";"https://woolf.hr/70mai-omni-x800-4k-rc14-dash-cam-set-proizvod-12653/"
"sm-001375";"70mai 70mai Omni X800 Dash Cam";"70mai";"Uređaji - TEHNIKA - Auto kamere";"349,00";"349,00";"";"";"Dostupno";"https://woolf.hr/70mai-omni-x800-dash-cam-proizvod-12533/"
"sm-RC11";"70mai 70mai RC11 stražnja kamera za A810, A800S, Dash Cam Pro Plus+, A400, A200";"70mai";"Uređaji - TEHNIKA - Auto kamere";"34,99";"34,99";"";"";"Dostupno";"https://woolf.hr/70mai-rc11-straznja-kamera-za-a810-a800s-dash-cam-pro-plus-a400-a200-proizvod-12534/"
"sm-001501";"70mai 70mai T400 Dash Cam + RC21 - set";"70mai";"Uređaji - TEHNIKA - Auto kamere";"169,00";"169,00";"";"";"Dostupno";"https://woolf.hr/70mai-t400-dash-cam-rc21-set-proizvod-12772/"
"sm-001495";"70mai 70mai T800 + RC24 - Dash Cam Set (SD 128 GB)";"70mai";"Uređaji - TEHNIKA - Auto kamere";"379,00";"379,00";"";"";"Dostupno";"https://woolf.hr/70mai-t800-rc24-dash-cam-set-sd-128-gb-proizvod-12644/"
"sm-001450";"70mai 70mai T800 + RC24 - Dash Cam Set (SD 256 GB)";"70mai";"Uređaji - TEHNIKA - Auto kamere";"399,00";"399,00";"";"";"Dostupno";"https://woolf.hr/70mai-t800-rc24-dash-cam-set-sd-256-gb-proizvod-12523/"
"sm-001494";"70mai 70mai T800 + RC41 Premium - 4K Dash Cam Set (SD 256 GB)";"70mai";"Uređaji - TEHNIKA - Auto kamere";"449,00";"449,00";"";"";"Dostupno";"https://woolf.hr/70mai-t800-rc41-premium-4k-dash-cam-set-sd-256-gb-proizvod-12646/"
"sm-001369";"70mai 70mai TPMS senzor";"70mai";"Uređaji - TEHNIKA - Auto kamere";"69,99";"69,99";"";"";"Dostupno";"https://woolf.hr/70mai-tpms-senzor-proizvod-12446/"
"138_RED";"ADLER DJEČJA MAJICA";"ADLER";"Dječje - Odjeća - Majice - T-shirt";"3,79";"5,18";"4";"crvena";"Dostupno";"https://woolf.hr/djecja-majica-basic-proizvod-4625/"
"138_MALINE";"ADLER DJEČJA MAJICA";"ADLER";"Dječje - Odjeća - Majice - T-shirt";"3,79";"5,18";"4";"pink";"Dostupno";"https://woolf.hr/djecja-majica-basic-proizvod-4627/"
"138_BLACK";"ADLER DJEČJA MAJICA";"ADLER";"Dječje - Odjeća - Majice - T-shirt";"3,79";"5,18";"4";"crna";"Dostupno";"https://woolf.hr/djecja-majica-proizvod-5017/"
"129_TIRKIZ";"ADLER MUŠKA MAJICA";"ADLER";"Muško - Odjeća - Majice - T-shirt";"5,09";"6,50";"xs";"plava";"Dostupno";"https://woolf.hr/muska-majica-proizvod-4728/"
"129_ZLENA_J";"ADLER MUŠKA MAJICA";"ADLER";"Muško - Odjeća - Majice - T-shirt";"5,09";"6,50";"s, xs";"zelena";"Dostupno";"https://woolf.hr/muska-majica-proizvod-4730/"
"129_BLUE";"ADLER MUŠKA MAJICA";"ADLER";"Žensko - Odjeća - Majice - T-shirt";"5,09";"6,50";"xs";"plava";"Dostupno";"https://woolf.hr/muska-majica-proizvod-5203/"
"613_BLACK";"ADLER PLAYTIME KRATKE HLAČE";"ADLER";"Dječje - Odjeća - Hlače - Kratke hlače";"9,09";"9,09";"6";"crna";"Dostupno";"https://woolf.hr/playtime-kratke-hlace-proizvod-7090/"
"613_RED";"ADLER PLAYTIME KRATKE HLAČE";"ADLER";"Dječje - Odjeća - Hlače - Kratke hlače";"9,99";"9,99";"12";"crvena";"Dostupno";"https://woolf.hr/playtime-kratke-hlace-proizvod-9259/"
"134_RED";"ADLER ŽENSKA MAJICA";"ADLER";"Žensko - Odjeća - Majice - T-shirt";"5,09";"6,50";"xs";"crvena";"Dostupno";"https://woolf.hr/zenska-majica-basic-proizvod-4621/"
"134_GREEN_APPLE";"ADLER ŽENSKA MAJICA";"ADLER";"Žensko - Odjeća - Majice - T-shirt";"5,09";"6,50";"xs";"zelena";"Dostupno";"https://woolf.hr/zenska-majica-proizvod-4735/"
"sm-001551";"Akluer 520A-B traka za trčanje s masažom stopala";"";"Fitnes - SPRAVE I DODACI - Sprave - Trake za hodanje i trčanje";"289,00";"289,00";"";"";"Dostupno";"https://woolf.hr/akluer-520a-b-traka-za-trcanje-s-masazom-stopala-proizvod-12948/"
"sm-001550";"AKLUER Akluer 480L-B traka za hodanje i trčanje";"AKLUER";"Fitnes - SPRAVE I DODACI - Sprave - Trake za hodanje i trčanje";"229,00";"229,00";"";"";"Dostupno";"https://woolf.hr/akluer-480l-b-traka-za-hodanje-i-trcanje-proizvod-12949/"
"BORKUM_WHITE";"ANATOMSKE KLOMPE";"";"Žensko - Obuća - Anatomska obuća - Klompe";"29,99";"32,99";"36, 37, 38, 39, 40, 41, 42, 43, 44, 45, 46";"bijela";"Dostupno";"https://woolf.hr/anatomske-klompe-proizvod-12635/"
"BORKUM_BLACK";"ANATOMSKE KLOMPE";"";"Žensko - Obuća - Anatomska obuća - Klompe";"29,99";"32,99";"36, 38, 39, 40, 41, 42, 43, 44, 45, 46";"crna";"Dostupno";"https://woolf.hr/anatomske-klompe-proizvod-12636/"
"BORKUM_RED";"ANATOMSKE KLOMPE";"";"Žensko - Obuća - Anatomska obuća - Klompe";"29,99";"32,99";"36, 37, 38, 39, 40, 41, 42";"crvena";"Dostupno";"https://woolf.hr/anatomske-klompe-proizvod-12637/"
"BORKUM_FLOWER";"ANATOMSKE KLOMPE";"";"Žensko - Obuća - Anatomska obuća - Klompe";"31,49";"34,99";"36, 37, 38, 41, 42";"cvjetna";"Dostupno";"https://woolf.hr/anatomske-klompe-proizvod-12638/"
"BORKUM_NEWS";"ANATOMSKE KLOMPE";"";"Žensko - Obuća - Anatomska obuća - Klompe";"31,49";"34,99";"36, 37, 38, 39, 40, 41, 42";"novine";"Dostupno";"https://woolf.hr/anatomske-klompe-proizvod-12639/"
"BORKUM_42FLOWER";"ANATOMSKE KLOMPE";"";"Žensko - Obuća - Anatomska obuća - Klompe";"31,49";"34,99";"39, 41";"cvjetna";"Dostupno";"https://woolf.hr/anatomske-klompe-proizvod-12940/"
"AK0137_03_BLUE";"ANDY-Z PLATNENE TENISICE";"ANDY-Z";"Dječje - Obuća - Tenisice";"6,99";"19,78";"31";"plava";"Dostupno";"https://woolf.hr/platnene-tenisice-proizvod-1660/"
"M184_R_BLACK";"ANTONIA COMFORT ANATOMSKE KLOMPE";"ANTONIA COMFORT";"Žensko - Obuća - Anatomska obuća - Klompe";"22,49";"24,99";"37";"crna";"Dostupno";"https://woolf.hr/anatomske-klompe-proizvod-1959/"
"M191_HEART";"ANTONIA COMFORT ANATOMSKE KLOMPE";"ANTONIA COMFORT";"Žensko - Obuća - Anatomska obuća - Klompe";"22,99";"24,99";"37";"sareno";"Dostupno";"https://woolf.hr/anatomske-klompe-proizvod-12437/"
"M191_G_FLOWER";"ANTONIA COMFORT ANATOMSKE KLOMPE";"ANTONIA COMFORT";"Žensko - Obuća - Anatomska obuća - Klompe";"22,99";"24,99";"37";"";"Dostupno";"https://woolf.hr/anatomske-klompe-proizvod-12438/"
"M191_VJE";"ANTONIA COMFORT ANATOMSKE KLOMPE";"ANTONIA COMFORT";"Žensko - Obuća - Anatomska obuća - Klompe";"22,99";"24,99";"37, 40";"sareno";"Dostupno";"https://woolf.hr/anatomske-klompe-proizvod-12439/"
"M2026_RED";"ANTONIA COMFORT ANATOMSKE KLOMPE";"ANTONIA COMFORT";"Žensko - Obuća - Anatomska obuća - Klompe";"27,99";"27,99";"37, 38, 39, 40, 41";"crvena";"Dostupno";"https://woolf.hr/anatomske-klompe-proizvod-12951/"
"M2026_LEPTIR";"ANTONIA COMFORT ANATOMSKE KLOMPE";"ANTONIA COMFORT";"Žensko - Obuća - Anatomska obuća - Klompe";"27,99";"27,99";"37, 38, 39, 40, 41";"sareno";"Dostupno";"https://woolf.hr/anatomske-klompe-proizvod-12952/"
"M189_BROWN";"ANTONIA COMFORT ANATOMSKE NATIKAČE";"ANTONIA COMFORT";"Žensko - Obuća - Natikače";"22,49";"24,90";"37, 39";"smeda";"Dostupno";"https://woolf.hr/anatomske-klompe-proizvod-2459/"
"M189_BEIGE";"ANTONIA COMFORT ANATOMSKE NATIKAČE";"ANTONIA COMFORT";"Žensko - Obuća - Anatomska obuća - Natikače";"22,49";"24,90";"38, 39";"bez";"Dostupno";"https://woolf.hr/anatomske-klompe-proizvod-2460/"
"M189_RED";"ANTONIA COMFORT ANATOMSKE NATIKAČE";"ANTONIA COMFORT";"Žensko - Obuća - Anatomska obuća - Natikače";"22,49";"24,90";"37, 38";"crvena";"Dostupno";"https://woolf.hr/anatomske-natikace-proizvod-12814/"
"M189_FLOWER";"ANTONIA COMFORT ANATOMSKE NATIKAČE";"ANTONIA COMFORT";"Žensko - Obuća - Anatomska obuća - Natikače";"22,49";"24,90";"37, 38, 39";"";"Dostupno";"https://woolf.hr/anatomske-natikace-proizvod-12865/"
"PINA_WHITE";"AQUA TIME JAPANKE";"AQUA TIME";"Žensko - Obuća - Japanke";"6,50";"6,50";"36";"bijela";"Dostupno";"https://woolf.hr/japanke-proizvod-4985/"
"GL173_BORDO";"BAOBAOD CIPELE";"BAOBAOD";"Žensko - Obuća - Cipele";"16,99";"19,99";"36";"bordo";"Dostupno";"https://woolf.hr/cipele-proizvod-12042/"
"A01_GREEN_N";"BIANCOMOLINA KLOMPE S JASTUKOM";"BIANCOMOLINA";"Žensko - Obuća - Anatomska obuća - Klompe";"54,99";"59,59";"37";"zelena";"Dostupno";"https://woolf.hr/klompe-s-jastukom-proizvod-4751/"
"A01_FLOWER_C";"BIANCOMOLINA KLOMPE S JASTUKOM";"BIANCOMOLINA";"Žensko - Obuća - Anatomska obuća - Klompe";"54,99";"59,59";"36";"bijela";"Dostupno";"https://woolf.hr/klompe-s-jastukom-proizvod-6806/"
"A01_RED_C";"BIANCOMOLINA KLOMPE S JASTUKOM";"BIANCOMOLINA";"Žensko - Obuća - Anatomska obuća - Klompe";"54,99";"59,59";"36";"crvena";"Dostupno";"https://woolf.hr/klompe-s-jastukom-proizvod-6875/"
"A06_SILVER_C";"BIANCOMOLINA KLOMPE S JASTUKOM";"BIANCOMOLINA";"Žensko - Obuća - Anatomska obuća - Klompe";"54,99";"70,21";"36, 41";"srebrna";"Dostupno";"https://woolf.hr/klompe-s-jastukom-proizvod-6878/"
"A05_FLOWER_PC";"BIANCOMOLINA KLOMPE S JASTUKOM";"BIANCOMOLINA";"Žensko - Obuća - Anatomska obuća - Klompe";"54,99";"62,25";"36";"bijela";"Dostupno";"https://woolf.hr/klompe-s-jastukom-proizvod-6950/"
"A01_PINK_C";"BIANCOMOLINA KLOMPE S JASTUKOM";"BIANCOMOLINA";"Žensko - Obuća - Anatomska obuća - Klompe";"54,99";"59,59";"36";"pink";"Dostupno";"https://woolf.hr/klompe-s-jastukom-proizvod-7021/"
"A01_HEART_C";"BIANCOMOLINA KLOMPE S JASTUKOM";"BIANCOMOLINA";"Žensko - Obuća - Anatomska obuća - Klompe";"54,99";"59,59";"36";"sareno";"Dostupno";"https://woolf.hr/klompe-s-jastukom-proizvod-7094/"
"A01_PINK_C1";"BIANCOMOLINA KLOMPE S JASTUKOM";"BIANCOMOLINA";"Žensko - Obuća - Anatomska obuća - Klompe";"54,99";"59,59";"36";"pink";"Dostupno";"https://woolf.hr/klompe-s-jastukom-proizvod-8383/"
"AA01_BEIGE";"BIANCOMOLINA KLOMPE S JASTUKOM";"BIANCOMOLINA";"Žensko - Obuća - Anatomska obuća - Klompe";"49,99";"62,99";"36";"bez";"Dostupno";"https://woolf.hr/klompe-s-jastukom-proizvod-9575/"
"AA01_SILVER";"BIANCOMOLINA KLOMPE S JASTUKOM";"BIANCOMOLINA";"Žensko - Obuća - Anatomska obuća - Klompe";"56,99";"62,99";"36, 41, 42";"srebrna";"Dostupno";"https://woolf.hr/klompe-s-jastukom-proizvod-9751/"
"AA01_HEART";"BIANCOMOLINA KLOMPE S JASTUKOM";"BIANCOMOLINA";"Žensko - Obuća - Anatomska obuća - Klompe";"56,99";"62,99";"36";"sareno";"Dostupno";"https://woolf.hr/klompe-s-jastukom-proizvod-9850/"
"KOA01_WHITE_C";"BIANCOMOLINA KLOMPE S JASTUKOM";"BIANCOMOLINA";"Žensko - Obuća - Anatomska obuća - Klompe";"44,99";"49,99";"36, 42";"bijela";"Dostupno";"https://woolf.hr/klompe-s-jastukom-proizvod-10728/"
"KOA01_HEART";"BIANCOMOLINA KLOMPE S JASTUKOM";"BIANCOMOLINA";"Žensko - Obuća - Anatomska obuća - Klompe";"49,99";"54,99";"36, 37";"sareno";"Dostupno";"https://woolf.hr/klompe-s-jastukom-proizvod-10734/"
"KOA01_BLACK_CP";"BIANCOMOLINA KLOMPE S JASTUKOM";"BIANCOMOLINA";"Žensko - Obuća - Anatomska obuća - Klompe";"44,99";"54,99";"37, 40";"crna";"Dostupno";"https://woolf.hr/klompe-s-jastukom-proizvod-10738/"
"KOA01_N_WHITE";"BIANCOMOLINA KLOMPE S JASTUKOM";"BIANCOMOLINA";"Žensko - Obuća - Anatomska obuća - Klompe";"44,99";"54,99";"36";"bijela";"Dostupno";"https://woolf.hr/klompe-s-jastukom-proizvod-11404/"
"KOA01_R_WHITE";"BIANCOMOLINA KLOMPE S JASTUKOM";"BIANCOMOLINA";"Žensko - Obuća - Anatomska obuća - Klompe";"49,49";"54,99";"37";"bijela";"Dostupno";"https://woolf.hr/klompe-s-jastukom-proizvod-11405/"
"KOA01_W_WHITE";"BIANCOMOLINA KLOMPE S JASTUKOM";"BIANCOMOLINA";"Žensko - Obuća - Anatomska obuća - Klompe";"44,99";"54,99";"36, 42";"bijela";"Dostupno";"https://woolf.hr/klompe-s-jastukom-proizvod-11406/"
"KOA01_Z_WHITE";"BIANCOMOLINA KLOMPE S JASTUKOM";"BIANCOMOLINA";"Žensko - Obuća - Anatomska obuća - Klompe";"46,99";"54,99";"36";"bijela";"Dostupno";"https://woolf.hr/klompe-s-jastukom-proizvod-11407/"
"KOA01_RED";"BIANCOMOLINA KLOMPE S JASTUKOM";"BIANCOMOLINA";"Žensko - Obuća - Anatomska obuća - Klompe";"44,99";"54,99";"36, 42";"crvena";"Dostupno";"https://woolf.hr/klompe-s-jastukom-proizvod-11422/"
"KOA01_W_PINK";"BIANCOMOLINA KLOMPE S JASTUKOM";"BIANCOMOLINA";"Žensko - Obuća - Anatomska obuća - Klompe";"44,99";"54,99";"36, 42";"pink";"Dostupno";"https://woolf.hr/klompe-s-jastukom-proizvod-11436/"
"KOA01_C_PINK";"BIANCOMOLINA KLOMPE S JASTUKOM";"BIANCOMOLINA";"Žensko - Obuća - Anatomska obuća - Klompe";"44,99";"54,99";"36, 40";"pink";"Dostupno";"https://woolf.hr/klompe-s-jastukom-proizvod-11438/"
"KOA01_C_FLOWER";"BIANCOMOLINA KLOMPE S JASTUKOM";"BIANCOMOLINA";"Žensko - Obuća - Anatomska obuća - Klompe";"44,99";"54,99";"36";"cvjetna";"Dostupno";"https://woolf.hr/klompe-s-jastukom-proizvod-11439/"
"KOA01_Z_GREEN";"BIANCOMOLINA KLOMPE S JASTUKOM";"BIANCOMOLINA";"Žensko - Obuća - Anatomska obuća - Klompe";"44,99";"54,99";"36";"zelena";"Dostupno";"https://woolf.hr/klompe-s-jastukom-proizvod-11441/"
"KOA01_P_GREEN";"BIANCOMOLINA KLOMPE S JASTUKOM";"BIANCOMOLINA";"Žensko - Obuća - Anatomska obuća - Klompe";"44,99";"54,99";"37, 40";"zelena";"Dostupno";"https://woolf.hr/klompe-s-jastukom-proizvod-11443/"
"KOA05_1_WHITE";"BIANCOMOLINA KLOMPE S JASTUKOM";"BIANCOMOLINA";"Žensko - Obuća - Anatomska obuća - Klompe";"49,99";"54,99";"37";"bijela";"Dostupno";"https://woolf.hr/klompe-s-jastukom-proizvod-11450/"
"KOA05_C_HEART";"BIANCOMOLINA KLOMPE S JASTUKOM";"BIANCOMOLINA";"Žensko - Obuća - Anatomska obuća - Klompe";"44,99";"54,99";"36";"sareno";"Dostupno";"https://woolf.hr/klompe-s-jastukom-proizvod-11456/"
"KOA06_SILVER";"BIANCOMOLINA KLOMPE S JASTUKOM";"BIANCOMOLINA";"Žensko - Obuća - Anatomska obuća - Klompe";"44,99";"54,99";"36, 41";"srebrna";"Dostupno";"https://woolf.hr/klompe-s-jastukom-proizvod-11457/"
"KOA05_C_BLACK";"BIANCOMOLINA KLOMPE S JASTUKOM";"BIANCOMOLINA";"Žensko - Obuća - Anatomska obuća - Klompe";"44,99";"54,99";"37";"crna";"Dostupno";"https://woolf.hr/klompe-s-jastukom-proizvod-11459/"
"KOA05_FLOWER";"BIANCOMOLINA KLOMPE S JASTUKOM";"BIANCOMOLINA";"Žensko - Obuća - Anatomska obuća - Klompe";"44,99";"54,99";"36";"cvjetna";"Dostupno";"https://woolf.hr/klompe-s-jastukom-proizvod-11461/"
"KOA05_C_FLOWER";"BIANCOMOLINA KLOMPE S JASTUKOM";"BIANCOMOLINA";"Žensko - Obuća - Anatomska obuća - Klompe";"44,99";"54,99";"40";"cvjetna";"Dostupno";"https://woolf.hr/klompe-s-jastukom-proizvod-11857/"
"AA01_BLACK";"BIANCOMOLINA KLOMPE S JASTUKOM";"BIANCOMOLINA";"Žensko - Obuća - Anatomska obuća - Klompe";"56,99";"62,99";"41";"crna";"Dostupno";"https://woolf.hr/klompe-s-jastukom-proizvod-12013/"
"AA01_2_TERAKOTA";"BIANCOMOLINA KLOMPE S JASTUKOM";"BIANCOMOLINA";"Žensko - Obuća - Anatomska obuća - Klompe";"56,99";"62,99";"36";"smeda";"Dostupno";"https://woolf.hr/klompe-s-jastukom-proizvod-12146/"
"AA01_B_SILVER";"BIANCOMOLINA KLOMPE S JASTUKOM";"BIANCOMOLINA";"Žensko - Obuća - Anatomska obuća - Klompe";"56,99";"62,99";"37, 40, 41";"srebrna";"Dostupno";"https://woolf.hr/klompe-s-jastukom-proizvod-12391/"
"AA01_N_WHITE";"BIANCOMOLINA KLOMPE S JASTUKOM";"BIANCOMOLINA";"Žensko - Obuća - Anatomska obuća - Klompe";"56,99";"62,99";"36, 41, 42";"bijela";"Dostupno";"https://woolf.hr/klompe-s-jastukom-proizvod-12432/"
"AA01_P_GOLD";"BIANCOMOLINA KLOMPE S JASTUKOM";"BIANCOMOLINA";"Žensko - Obuća - Anatomska obuća - Klompe";"56,99";"62,99";"36, 37";"zlatna";"Dostupno";"https://woolf.hr/klompe-s-jastukom-proizvod-12433/"
"AA01_BLACKPUDER";"BIANCOMOLINA KLOMPE S JASTUKOM";"BIANCOMOLINA";"Žensko - Obuća - Anatomska obuća - Klompe";"56,99";"62,99";"37, 41";"crna";"Dostupno";"https://woolf.hr/klompe-s-jastukom-proizvod-12773/"
"AA01_GOLDPUDER";"BIANCOMOLINA KLOMPE S JASTUKOM";"BIANCOMOLINA";"Žensko - Obuća - Anatomska obuća - Klompe";"56,99";"62,99";"37, 39, 41";"zlatna";"Dostupno";"https://woolf.hr/klompe-s-jastukom-proizvod-12774/"
"AA01_TERAKOTAW";"BIANCOMOLINA KLOMPE S JASTUKOM";"BIANCOMOLINA";"Žensko - Obuća - Anatomska obuća - Klompe";"58,99";"64,99";"36, 37, 38, 40, 41, 42";"smeda";"Dostupno";"https://woolf.hr/klompe-s-jastukom-proizvod-12843/"
"AA01_PERLAWHT";"BIANCOMOLINA KLOMPE S JASTUKOM";"BIANCOMOLINA";"Žensko - Obuća - Anatomska obuća - Klompe";"58,99";"64,99";"36, 37, 38, 41";"";"Dostupno";"https://woolf.hr/klompe-s-jastukom-proizvod-12844/"
"AA01_GOLDWHT";"BIANCOMOLINA KLOMPE S JASTUKOM";"BIANCOMOLINA";"Žensko - Obuća - Anatomska obuća - Klompe";"58,99";"64,99";"38, 40, 41";"zlatna";"Dostupno";"https://woolf.hr/klompe-s-jastukom-proizvod-12845/"
"AA01_WWHITE";"BIANCOMOLINA KLOMPE S JASTUKOM";"BIANCOMOLINA";"Žensko - Obuća - Anatomska obuća - Klompe";"58,99";"62,99";"36, 40, 42";"bijela";"Dostupno";"https://woolf.hr/klompe-s-jastukom-proizvod-12849/"
"AA01_SILVERWHT";"BIANCOMOLINA KLOMPE S JASTUKOM";"BIANCOMOLINA";"Žensko - Obuća - Anatomska obuća - Klompe";"58,99";"62,99";"36, 38";"srebrna";"Dostupno";"https://woolf.hr/klompe-s-jastukom-proizvod-12868/"
"AA01_BLACKWHT";"BIANCOMOLINA KLOMPE S JASTUKOM";"BIANCOMOLINA";"Žensko - Obuća - Anatomska obuća - Klompe";"58,99";"62,99";"37, 38, 39, 40, 41, 42";"crna";"Dostupno";"https://woolf.hr/klompe-s-jastukom-proizvod-12869/"
"KOA01_HEART_K";"BIANCOMOLINA KLOMPE S JASTUKOM";"BIANCOMOLINA";"Žensko - Obuća - Anatomska obuća - Klompe";"47,99";"62,99";"36";"sareno";"Dostupno";"https://woolf.hr/klompe-s-jastukom-proizvod-12913/"
"F01_RED_NN";"BIANCOMOLINA KLOMPE S OPRUGOM";"BIANCOMOLINA";"Žensko - Obuća - Anatomska obuća - Klompe";"52,99";"59,59";"36, 42";"crvena";"Dostupno";"https://woolf.hr/klompe-s-oprugom-proizvod-5078/"
"F01_BLACK_NN";"BIANCOMOLINA KLOMPE S OPRUGOM";"BIANCOMOLINA";"Žensko - Obuća - Anatomska obuća - Klompe";"49,99";"54,99";"37";"crna";"Dostupno";"https://woolf.hr/klompe-s-oprugom-proizvod-5079/"
"F01_HEART_C";"BIANCOMOLINA KLOMPE S OPRUGOM";"BIANCOMOLINA";"Žensko - Obuća - Anatomska obuća - Klompe";"52,99";"59,59";"36";"sareno";"Dostupno";"https://woolf.hr/klompe-s-oprugom-proizvod-6838/"
"F05_FLOWER_CP";"BIANCOMOLINA KLOMPE S OPRUGOM";"BIANCOMOLINA";"Žensko - Obuća - Anatomska obuća - Klompe";"54,99";"62,25";"42";"bijela";"Dostupno";"https://woolf.hr/klompe-s-oprugom-proizvod-6839/"
"F01_RED_C";"BIANCOMOLINA KLOMPE S OPRUGOM";"BIANCOMOLINA";"Žensko - Obuća - Anatomska obuća - Klompe";"44,99";"59,59";"42";"crvena";"Dostupno";"https://woolf.hr/klompe-s-oprugom-proizvod-7100/"
"F05_FLOWER_1C";"BIANCOMOLINA KLOMPE S OPRUGOM";"BIANCOMOLINA";"Žensko - Obuća - Anatomska obuća - Klompe";"54,99";"62,25";"41";"bijela";"Dostupno";"https://woolf.hr/klompe-s-oprugom-proizvod-9774/"
"KOF200_RED";"BIANCOMOLINA KLOMPE S OPRUGOM";"BIANCOMOLINA";"Žensko - Obuća - Anatomska obuća - Klompe";"47,99";"52,99";"36, 41";"crvena";"Dostupno";"https://woolf.hr/klompe-s-oprugom-proizvod-10668/"
"FF01_1_BLACK";"BIANCOMOLINA KLOMPE S OPRUGOM";"BIANCOMOLINA";"Žensko - Obuća - Anatomska obuća - Klompe";"54,99";"62,99";"41";"crna";"Dostupno";"https://woolf.hr/klompe-s-oprugom-proizvod-10828/"
"FF05_P_WHITE";"BIANCOMOLINA KLOMPE S OPRUGOM";"BIANCOMOLINA";"Žensko - Obuća - Anatomska obuća - Klompe";"56,99";"62,25";"42";"bijela";"Dostupno";"https://woolf.hr/klompe-s-oprugom-proizvod-10924/"
"FF01_PERLA";"BIANCOMOLINA KLOMPE S OPRUGOM";"BIANCOMOLINA";"Žensko - Obuća - Anatomska obuća - Klompe";"54,99";"62,99";"42";"srebrna";"Dostupno";"https://woolf.hr/klompe-s-oprugom-proizvod-10926/"
"FF01_HEART";"BIANCOMOLINA KLOMPE S OPRUGOM";"BIANCOMOLINA";"Žensko - Obuća - Anatomska obuća - Klompe";"54,99";"62,99";"36";"sareno";"Dostupno";"https://woolf.hr/klompe-s-oprugom-proizvod-11170/"
"FF01_1TERAKOTA";"BIANCOMOLINA KLOMPE S OPRUGOM";"BIANCOMOLINA";"Žensko - Obuća - Anatomska obuća - Klompe";"54,99";"62,99";"36";"smeda";"Dostupno";"https://woolf.hr/klompe-s-oprugom-proizvod-11206/"
"KOF01_BLACK";"BIANCOMOLINA KLOMPE S OPRUGOM";"BIANCOMOLINA";"Žensko - Obuća - Anatomska obuća - Klompe";"44,99";"54,99";"41";"crna";"Dostupno";"https://woolf.hr/klompe-s-oprugom-proizvod-11408/"
"KOF01_C1_PINK";"BIANCOMOLINA KLOMPE S OPRUGOM";"BIANCOMOLINA";"Žensko - Obuća - Anatomska obuća - Klompe";"44,99";"54,99";"36, 41, 42";"pink";"Dostupno";"https://woolf.hr/klompe-s-oprugom-proizvod-11412/"
"KOF05_FLOWER";"BIANCOMOLINA KLOMPE S OPRUGOM";"BIANCOMOLINA";"Žensko - Obuća - Anatomska obuća - Klompe";"49,99";"54,99";"36";"cvjetna";"Dostupno";"https://woolf.hr/klompe-s-oprugom-proizvod-11413/"
"KOF01_C_WHITE";"BIANCOMOLINA KLOMPE S OPRUGOM";"BIANCOMOLINA";"Žensko - Obuća - Anatomska obuća - Klompe";"49,99";"54,99";"36";"bijela";"Dostupno";"https://woolf.hr/klompe-s-oprugom-proizvod-11417/"
"KOF01_C_RED";"BIANCOMOLINA KLOMPE S OPRUGOM";"BIANCOMOLINA";"Žensko - Obuća - Anatomska obuća - Klompe";"44,99";"54,99";"41";"crvena";"Dostupno";"https://woolf.hr/klompe-s-oprugom-proizvod-11423/"
"KOF01_2_RED";"BIANCOMOLINA KLOMPE S OPRUGOM";"BIANCOMOLINA";"Žensko - Obuća - Anatomska obuća - Klompe";"44,99";"54,99";"36";"crvena";"Dostupno";"https://woolf.hr/klompe-s-oprugom-proizvod-11424/"
"KOF01_NN_RED";"BIANCOMOLINA KLOMPE S OPRUGOM";"BIANCOMOLINA";"Žensko - Obuća - Anatomska obuća - Klompe";"44,99";"54,99";"42";"crvena";"Dostupno";"https://woolf.hr/klompe-s-oprugom-proizvod-11425/"
"KOF01_HEART";"BIANCOMOLINA KLOMPE S OPRUGOM";"BIANCOMOLINA";"Žensko - Obuća - Anatomska obuća - Klompe";"44,99";"54,99";"37";"sareno";"Dostupno";"https://woolf.hr/klompe-s-oprugom-proizvod-11429/"
"KOF05_C_HEART";"BIANCOMOLINA KLOMPE S OPRUGOM";"BIANCOMOLINA";"Žensko - Obuća - Anatomska obuća - Klompe";"44,99";"54,99";"36";"sareno";"Dostupno";"https://woolf.hr/klompe-s-oprugom-proizvod-11432/"
"KOF06_SILVER";"BIANCOMOLINA KLOMPE S OPRUGOM";"BIANCOMOLINA";"Žensko - Obuća - Anatomska obuća - Klompe";"44,99";"54,99";"42";"srebrna";"Dostupno";"https://woolf.hr/klompe-s-oprugom-proizvod-11434/"
"KOF01_FLOWER";"BIANCOMOLINA KLOMPE S OPRUGOM";"BIANCOMOLINA";"Žensko - Obuća - Anatomska obuća - Klompe";"49,99";"54,99";"42";"cvjetna";"Dostupno";"https://woolf.hr/klompe-s-oprugom-proizvod-11463/"
"KOF01_GREEN";"BIANCOMOLINA KLOMPE S OPRUGOM";"BIANCOMOLINA";"Žensko - Obuća - Anatomska obuća - Klompe";"44,99";"54,99";"36, 41";"zelena";"Dostupno";"https://woolf.hr/klompe-s-oprugom-proizvod-11464/"
"KOF01_C_GREEN";"BIANCOMOLINA KLOMPE S OPRUGOM";"BIANCOMOLINA";"Žensko - Obuća - Anatomska obuća - Klompe";"44,99";"54,99";"36";"zelena";"Dostupno";"https://woolf.hr/klompe-s-oprugom-proizvod-11465/"
"KOF01_1_GREEN";"BIANCOMOLINA KLOMPE S OPRUGOM";"BIANCOMOLINA";"Žensko - Obuća - Anatomska obuća - Klompe";"44,99";"54,99";"42";"zelena";"Dostupno";"https://woolf.hr/klompe-s-oprugom-proizvod-11466/"
"KOF01_Z_GREEN";"BIANCOMOLINA KLOMPE S OPRUGOM";"BIANCOMOLINA";"Žensko - Obuća - Anatomska obuća - Klompe";"44,99";"54,99";"37, 42";"zelena";"Dostupno";"https://woolf.hr/klompe-s-oprugom-proizvod-11468/"
"FF200_WHITE_P";"BIANCOMOLINA KLOMPE S OPRUGOM";"BIANCOMOLINA";"Žensko - Obuća - Anatomska obuća - Klompe";"51,99";"54,99";"36";"bijela";"Dostupno";"https://woolf.hr/klompe-s-oprugom-proizvod-11492/"
"KOF01_3RED";"BIANCOMOLINA KLOMPE S OPRUGOM";"BIANCOMOLINA";"Žensko - Obuća - Anatomska obuća - Klompe";"49,49";"54,99";"36";"crvena";"Dostupno";"https://woolf.hr/klompe-s-oprugom-proizvod-12302/"
"FF01_1_TERAKOTA";"BIANCOMOLINA KLOMPE S OPRUGOM";"BIANCOMOLINA";"Žensko - Obuća - Anatomska obuća - Klompe";"57,99";"62,99";"36";"smeda";"Dostupno";"https://woolf.hr/klompe-s-oprugom-proizvod-12394/"
"A200_GREEN_1C";"BIANCOMOLINA NATIKAČE S JASTUKOM";"BIANCOMOLINA";"Žensko - Obuća - Anatomska obuća - Klompe";"46,99";"54,99";"36";"zelena";"Dostupno";"https://woolf.hr/natikace-s-jastukom-proizvod-10292/"
"AA200_GOLD";"BIANCOMOLINA NATIKAČE S JASTUKOM";"BIANCOMOLINA";"Žensko - Obuća - Anatomska obuća - Klompe";"51,99";"56,99";"42";"zlatna";"Dostupno";"https://woolf.hr/natikace-s-jastukom-proizvod-12782/"
"AA200_WHITERWH";"BIANCOMOLINA NATIKAČE S JASTUKOM";"BIANCOMOLINA";"Žensko - Obuća - Anatomska obuća - Klompe";"56,99";"56,99";"40";"bijela";"Dostupno";"https://woolf.hr/natikace-s-jastukom-proizvod-12846/"
"AA200_GOLDWHT";"BIANCOMOLINA NATIKAČE S JASTUKOM";"BIANCOMOLINA";"Žensko - Obuća - Anatomska obuća - Klompe";"51,99";"56,99";"36, 37, 40";"zlatna";"Dostupno";"https://woolf.hr/natikace-s-jastukom-proizvod-12847/"
"AA200_PERLAWHITE";"BIANCOMOLINA NATIKAČE S JASTUKOM";"BIANCOMOLINA";"Žensko - Obuća - Anatomska obuća - Klompe";"51,29";"56,99";"36, 37, 41, 42";"pink";"Dostupno";"https://woolf.hr/natikace-s-jastukom-proizvod-12877/"
"PC_5002_BLACK";"BLU STAR ANATOMSKE KLOMPE";"BLU STAR";"Muško - Obuća - Anatomska obuća - Klompe";"13,49";"14,99";"42, 43, 44, 45, 46";"";"Dostupno";"https://woolf.hr/anatomske-klompe-proizvod-12640/"
"PC_5002_WHITE";"BLU STAR ANATOMSKE KLOMPE";"BLU STAR";"Muško - Obuća - Anatomska obuća - Klompe";"13,49";"14,99";"40, 41, 42, 43, 44, 45, 46";"bijela";"Dostupno";"https://woolf.hr/anatomske-klompe-proizvod-12641/"
"PC_4002_WHITE";"BLU STAR ANATOMSKE KLOMPE";"BLU STAR";"Žensko - Obuća - Anatomska obuća - Klompe";"13,49";"14,99";"36, 37, 38, 39, 40, 41";"bijela";"Dostupno";"https://woolf.hr/anatomske-klompe-proizvod-12642/"
"PC_4002_BLACK";"BLU STAR ANATOMSKE KLOMPE";"BLU STAR";"Žensko - Obuća - Anatomska obuća - Klompe";"13,49";"14,99";"36, 37, 38, 39, 40, 41";"crna";"Dostupno";"https://woolf.hr/anatomske-klompe-proizvod-12643/"
"EBU_PURPLE";"BONINO SVJETLEĆE TENISICE";"BONINO";"Dječje - Obuća - Tenisice";"19,99";"26,99";"27, 30";"ljubicasta]]><![CDATA[plava";"Dostupno";"https://woolf.hr/svjetlece-tenisice-proizvod-10752/"
"EBU_NAVY";"BONINO SVJETLEĆE TENISICE";"BONINO";"Dječje - Obuća - Tenisice";"19,99";"26,99";"30";"plava]]><![CDATA[zelena";"Dostupno";"https://woolf.hr/svjetlece-tenisice-proizvod-10831/"
"ENI_BLUE";"BONINO TENISICE";"BONINO";"Dječje - Obuća - Tenisice";"19,99";"24,99";"30, 32, 33";"bijela]]><![CDATA[plava";"Dostupno";"https://woolf.hr/tenisice-proizvod-10753/"
"WT023_600306";"CENTRALIN CARBON ULOŽAK";"CENTRALIN";"Žensko - Dodaci - Ulošci za cipele";"2,99";"2,99";"36-37";"crna]]><![CDATA[sareno";"Dostupno";"https://woolf.hr/carbon-ulozak-proizvod-9720/"
"WT023_600207";"CENTRALIN FROTIR ULOŽAK";"CENTRALIN";"Žensko - Dodaci - Ulošci za cipele";"2,99";"2,99";"36-37, 44-45";"bijela";"Dostupno";"https://woolf.hr/frotir-ulozak-proizvod-9725/"
"60107";"CENTRALIN KOŽNI ULOŽAK";"CENTRALIN";"Žensko - Dodaci - Ulošci za cipele";"5,09";"5,18";"40-41, 42-43, 44-45";"bez";"Dostupno";"https://woolf.hr/kozni-ulozak-proizvod-1807/"
"WT023_600542";"CENTRALIN ZIMSKI ULOŽAK";"CENTRALIN";"Muško - Muški dodaci - Ulošci za cipele";"2,99";"2,99";"46-47";"srebrna";"Dostupno";"https://woolf.hr/zimski-ulozak-proizvod-9711/"
"CHE241U303_01";"CHAMPION ČARAPE  3 pack";"CHAMPION";"Žensko - Odjeća - Čarape";"11,99";"11,99";"27-30, 31-33";"crna";"Dostupno";"https://woolf.hr/carape-3-pack-proizvod-11379/"
"CHE241U303_03";"CHAMPION ČARAPE  3 pack";"CHAMPION";"Žensko - Odjeća - Čarape";"11,99";"11,99";"27-30, 31-33, 34-36";"siva";"Dostupno";"https://woolf.hr/carape-3-pack-proizvod-11380/"
"CHE241U303_10";"CHAMPION ČARAPE  3 pack";"CHAMPION";"Žensko - Odjeća - Čarape";"11,99";"11,99";"27-30, 31-33, 34-36, 45-47";"bijela";"Dostupno";"https://woolf.hr/carape-3-pack-proizvod-11381/"
"CHE241U303_1X";"CHAMPION ČARAPE  3 pack";"CHAMPION";"Žensko - Odjeća - Čarape";"11,99";"11,99";"27-30, 31-33, 34-36, 45-47";"mix";"Dostupno";"https://woolf.hr/carape-3-pack-proizvod-11382/"
"CH133U01_02";"CHAMPION ČARAPE SNEAKER 3 pack";"CHAMPION";"Žensko - Odjeća - Čarape";"8,99";"8,99";"27-30";"crna";"Dostupno";"https://woolf.hr/carape-sneaker-3-pack-proizvod-2482/"
"CH133U03_02";"CHAMPION ČARAPE SNEAKER 3 pack";"CHAMPION";"Žensko - Odjeća - Čarape";"8,99";"8,99";"27-30";"crna";"Dostupno";"https://woolf.hr/carape-sneaker-3-pack-proizvod-2686/"
"CH133U03_04";"CHAMPION ČARAPE SNEAKER 3 pack";"CHAMPION";"Žensko - Odjeća - Čarape";"8,99";"8,99";"";"bijela]]><![CDATA[crna]]><![CDATA[siva";"Dostupno";"https://woolf.hr/carape-sneaker-3-pack-proizvod-3006/"
"CH133U03_03";"CHAMPION ČARAPE SNEAKER 3 pack";"CHAMPION";"Žensko - Odjeća - Čarape";"8,99";"8,99";"27-30";"siva";"Dostupno";"https://woolf.hr/carape-sneaker-3-pack-proizvod-6290/"
"CH133U01_04_MIX";"CHAMPION ČARAPE SNEAKER 3 pack";"CHAMPION";"Žensko - Odjeća - Čarape";"8,99";"8,99";"27-30";"bijela]]><![CDATA[crna]]><![CDATA[siva";"Dostupno";"https://woolf.hr/carape-sneaker-3-pack-proizvod-9652/"
"CH133U03_01_WHITE";"CHAMPION ČARAPE SNEAKER 3 pack";"CHAMPION";"Žensko - Odjeća - Čarape";"10,99";"10,99";"27-30";"bijela";"Dostupno";"https://woolf.hr/carape-sneaker-3-pack-proizvod-9653/"
"CH133U03_02_BLACK";"CHAMPION ČARAPE SNEAKER 3 pack";"CHAMPION";"Žensko - Odjeća - Čarape";"10,99";"10,99";"27-30";"crna";"Dostupno";"https://woolf.hr/carape-sneaker-3-pack-proizvod-9654/"
"CH133U03_03_GREY";"CHAMPION ČARAPE SNEAKER 3 pack";"CHAMPION";"Žensko - Odjeća - Čarape";"10,99";"10,99";"27-30, 31-33, 34-36";"siva";"Dostupno";"https://woolf.hr/carape-sneaker-3-pack-proizvod-9655/"
"CH133U03_04_MIX";"CHAMPION ČARAPE SNEAKER 3 pack";"CHAMPION";"Žensko - Odjeća - Čarape";"10,99";"10,99";"27-30, 31-33, 34-36, 45-47";"bijela]]><![CDATA[crna]]><![CDATA[siva";"Dostupno";"https://woolf.hr/carape-sneaker-3-pack-proizvod-9656/"
"CHE241F307_10";"CHAMPION ČARAPE SNEAKER 3 pack";"CHAMPION";"Žensko - Odjeća - Čarape";"9,99";"9,99";"27-30, 31-33";"bijela";"Dostupno";"https://woolf.hr/carape-sneaker-3-pack-proizvod-11372/"
"CHE241F307_1U";"CHAMPION ČARAPE SNEAKER 3 pack";"CHAMPION";"Žensko - Odjeća - Čarape";"9,99";"9,99";"27-30, 34-36";"mix";"Dostupno";"https://woolf.hr/carape-sneaker-3-pack-proizvod-11373/"
"CHE241F307_1X";"CHAMPION ČARAPE SNEAKER 3 pack";"CHAMPION";"Žensko - Odjeća - Čarape";"9,99";"9,99";"27-30, 31-33, 34-36";"mix";"Dostupno";"https://woolf.hr/carape-sneaker-3-pack-proizvod-11374/"
"CHE241U305_01";"CHAMPION ČARAPE SNEAKER 3 pack";"CHAMPION";"Žensko - Odjeća - Čarape";"9,99";"9,99";"27-30, 31-33";"crna";"Dostupno";"https://woolf.hr/carape-sneaker-3-pack-proizvod-11383/"
"CHE241U305_03";"CHAMPION ČARAPE SNEAKER 3 pack";"CHAMPION";"Žensko - Odjeća - Čarape";"9,99";"9,99";"27-30, 31-33, 34-36, 36-38, 45-47";"siva";"Dostupno";"https://woolf.hr/carape-sneaker-3-pack-proizvod-11384/"
"CHE241U305_10";"CHAMPION ČARAPE SNEAKER 3 pack";"CHAMPION";"Žensko - Odjeća - Čarape - Stopalice";"9,99";"9,99";"27-30, 31-33, 45-47";"bijela";"Dostupno";"https://woolf.hr/carape-sneaker-3-pack-proizvod-11385/"
"CHE241U305_1U";"CHAMPION ČARAPE SNEAKER 3 pack";"CHAMPION";"Žensko - Odjeća - Čarape";"10,99";"10,99";"27-30, 31-33, 34-36";"mix";"Dostupno";"https://woolf.hr/carape-sneaker-3-pack-proizvod-11386/"
"CHE241U301_01";"CHAMPION ČARAPE SUPERSNEAKER 3 pack";"CHAMPION";"Žensko - Odjeća - Čarape";"10,99";"10,99";"27-30";"crna";"Dostupno";"https://woolf.hr/carape-supersneaker-3-pack-proizvod-11375/"
"CHE241U301_03";"CHAMPION ČARAPE SUPERSNEAKER 3 pack";"CHAMPION";"Žensko - Odjeća - Čarape";"10,99";"10,99";"45-47";"siva";"Dostupno";"https://woolf.hr/carape-supersneaker-3-pack-proizvod-11376/"
"CHE241U301_10";"CHAMPION ČARAPE SUPERSNEAKER 3 pack";"CHAMPION";"Žensko - Odjeća - Čarape";"10,99";"10,99";"27-30, 31-33, 45-47";"bijela";"Dostupno";"https://woolf.hr/carape-supersneaker-3-pack-proizvod-11377/"
"CHE241U301_1X";"CHAMPION ČARAPE SUPERSNEAKER 3 pack";"CHAMPION";"Žensko - Odjeća - Čarape";"10,99";"10,99";"27-30, 31-33";"mix";"Dostupno";"https://woolf.hr/carape-supersneaker-3-pack-proizvod-11378/"
"CHF251B418_22";"CHAMPION NATIKAČE ARU";"CHAMPION";"Dječje - Obuća - Natikače";"14,99";"18,99";"28, 29";"plava";"Dostupno";"https://woolf.hr/natikace-aru-proizvod-11565/"
"S33385_SAR";"CHAMPION NATIKAČE BORELY";"CHAMPION";"Dječje - Obuća - Natikače";"14,99";"19,99";"28, 30, 32, 33";"sareno";"Dostupno";"https://woolf.hr/natikace-borely-proizvod-12860/"
"S22588_BLACK_RED";"CHAMPION NATIKAČE CRISTAL";"CHAMPION";"Muško - Obuća - Natikače";"17,99";"22,99";"40, 42, 45, 46";"crna";"Dostupno";"https://woolf.hr/natikace-cristal-proizvod-12858/"
"S22588_BLUE";"CHAMPION NATIKAČE CRISTAL";"CHAMPION";"Muško - Obuća - Natikače";"17,99";"22,99";"40, 41, 46";"plava";"Dostupno";"https://woolf.hr/natikace-cristal-proizvod-12859/"
"S11908_BLACK";"CHAMPION NATIKAČE KATY";"CHAMPION";"Žensko - Obuća - Natikače";"17,99";"19,99";"36, 37, 39, 40";"crna";"Dostupno";"https://woolf.hr/natikace-katy-proizvod-12855/"
"S11908_WHITE";"CHAMPION NATIKAČE KATY";"CHAMPION";"Žensko - Obuća - Natikače";"17,99";"19,99";"38, 40, 41";"bijela";"Dostupno";"https://woolf.hr/natikace-katy-proizvod-12856/"
"CHF241B403_06";"CHAMPION NATIKAČE ROBO";"CHAMPION";"Dječje - Obuća - Natikače";"12,99";"18,99";"32";"plava]]><![CDATA[zelena";"Dostupno";"https://woolf.hr/natikace-robo-proizvod-10248/"
"S11907_BLACKP";"CHAMPION NATIKAČE VICTORIA";"CHAMPION";"Žensko - Obuća - Natikače";"17,99";"19,99";"36, 37, 38, 39, 40, 41";"crna";"Dostupno";"https://woolf.hr/natikace-victoria-proizvod-12854/"
"S33390_PINK";"CHAMPION NATIKAČE VILMA";"CHAMPION";"Dječje - Obuća - Natikače";"14,99";"19,99";"34, 35, 36, 37, 38, 39";"pink";"Dostupno";"https://woolf.hr/natikace-vilma-proizvod-12861/"
"CHE243M101_01";"CHAMPION RUKSAK";"CHAMPION";"Žensko - Dodaci - Ruksaci";"34,99";"38,99";"";"crna";"Dostupno";"https://woolf.hr/ruksak-proizvod-11212/"
"S22158_ES007";"CHAMPION TENISICE ABERTO";"CHAMPION";"Muško - Obuća - Tenisice";"35,00";"59,99";"40";"siva";"Dostupno";"https://woolf.hr/tenisice-aberto-proizvod-8822/"
"S32801_WW001";"CHAMPION TENISICE ALEXIS";"CHAMPION";"Dječje - Obuća - Tenisice";"31,99";"35,99";"28, 29, 31, 32";"bijela";"Dostupno";"https://woolf.hr/tenisice-alexis-proizvod-9951/"
"S11880_KK001";"CHAMPION TENISICE ARIS";"CHAMPION";"Žensko - Obuća - Tenisice";"47,99";"52,99";"36, 37";"crna";"Dostupno";"https://woolf.hr/tenisice-aris-proizvod-12030/"
"S11880_RS520";"CHAMPION TENISICE ARIS";"CHAMPION";"Žensko - Obuća - Tenisice";"47,99";"52,99";"36, 41";"bordo";"Dostupno";"https://woolf.hr/tenisice-aris-proizvod-12031/"
"S11903_KK01";"CHAMPION TENISICE B RUN";"CHAMPION";"Žensko - Obuća - Tenisice";"43,92";"54,90";"36, 37, 38, 39, 40, 41";"crna";"Dostupno";"https://woolf.hr/tenisice-b-run-proizvod-12673/"
"S11903_MS009";"CHAMPION TENISICE B RUN";"CHAMPION";"Žensko - Obuća - Tenisice";"43,92";"54,90";"36, 37, 38, 39, 40, 41";"bez";"Dostupno";"https://woolf.hr/tenisice-b-run-proizvod-12674/"
"CHF251B109_61";"CHAMPION TENISICE BALTIC PS";"CHAMPION";"Dječje - Obuća - Tenisice";"29,99";"44,99";"33";"zelena";"Dostupno";"https://woolf.hr/tenisice-baltic-ps-proizvod-11308/"
"S11537_WW002";"CHAMPION TENISICE BONNY";"CHAMPION";"Žensko - Obuća - Tenisice";"38,00";"49,99";"37, 40";"bijela";"Dostupno";"https://woolf.hr/tenisice-bonny-proizvod-9788/"
"S22548_ES001";"CHAMPION TENISICE BORG";"CHAMPION";"Muško - Obuća - Tenisice";"48,00";"65,99";"41, 46";"siva";"Dostupno";"https://woolf.hr/tenisice-borg-proizvod-12034/"
"CHF251F110_11";"CHAMPION TENISICE CANNA";"CHAMPION";"Žensko - Obuća - Tenisice";"48,00";"62,99";"41";"bijela";"Dostupno";"https://woolf.hr/tenisice-canna-proizvod-11305/"
"S11634_KK001";"CHAMPION TENISICE CROL";"CHAMPION";"Žensko - Obuća - Tenisice";"41,99";"54,99";"38";"bijela";"Dostupno";"https://woolf.hr/tenisice-crol-proizvod-8806/"
"S22162_KK001";"CHAMPION TENISICE CROL";"CHAMPION";"Muško - Obuća - Tenisice";"38,00";"51,99";"40, 41, 46";"bijela";"Dostupno";"https://woolf.hr/tenisice-crol-proizvod-8808/"
"S22162_MS034";"CHAMPION TENISICE CROL";"CHAMPION";"Muško - Obuća - Tenisice";"38,00";"51,99";"40, 45, 46";"crna]]><![CDATA[smeda";"Dostupno";"https://woolf.hr/tenisice-crol-proizvod-8809/"
"CHF241G125_08_WHITE";"CHAMPION TENISICE DORI";"CHAMPION";"Dječje - Obuća - Tenisice";"31,99";"41,99";"27";"bijela";"Dostupno";"https://woolf.hr/tenisice-dori-proizvod-12026/"
"S21840_ES010";"CHAMPION TENISICE FILL";"CHAMPION";"Muško - Obuća - Tenisice";"35,00";"52,96";"40";"siva";"Dostupno";"https://woolf.hr/tenisice-fill-proizvod-8064/"
"CHF241B125_10_WHITE";"CHAMPION TENISICE FINN";"CHAMPION";"Dječje - Obuća - Tenisice";"29,99";"39,99";"27";"bijela";"Dostupno";"https://woolf.hr/tenisice-finn-proizvod-12025/"
"S22584_KK001";"CHAMPION TENISICE FUZE";"CHAMPION";"Muško - Obuća - Tenisice";"33,29";"36,99";"40, 44";"crna";"Dostupno";"https://woolf.hr/tenisice-fuze-proizvod-12675/"
"CHF241G151_10";"CHAMPION TENISICE GOMMA PS";"CHAMPION";"Dječje - Obuća - Tenisice";"28,99";"39,99";"35";"bijela";"Dostupno";"https://woolf.hr/tenisice-gomma-ps-proizvod-11309/"
"S22553_KK001";"CHAMPION TENISICE HANOY";"CHAMPION";"Muško - Obuća - Tenisice";"39,00";"56,99";"40";"crna";"Dostupno";"https://woolf.hr/tenisice-hanoy-proizvod-12038/"
"S22155_MS023";"CHAMPION TENISICE JODEN";"CHAMPION";"Muško - Obuća - Tenisice";"46,99";"51,99";"40, 46";"bijela]]><![CDATA[smeda";"Dostupno";"https://woolf.hr/tenisice-joden-proizvod-8811/"
"S31093_KK001_BLACK";"CHAMPION TENISICE LARRY";"CHAMPION";"Dječje - Obuća - Tenisice";"29,99";"44,99";"29";"crna";"Dostupno";"https://woolf.hr/tenisice-larry-proizvod-1993/"
"S22551_GS518";"CHAMPION TENISICE MAKS";"CHAMPION";"Muško - Obuća - Gležnjače";"51,99";"64,99";"40";"smeda";"Dostupno";"https://woolf.hr/tenisice-maks-proizvod-12036/"
"S22551_KK001";"CHAMPION TENISICE MAKS";"CHAMPION";"Muško - Obuća - Gležnjače";"51,99";"64,99";"46";"crna";"Dostupno";"https://woolf.hr/tenisice-maks-proizvod-12037/"
"S22159_GS517";"CHAMPION TENISICE NOEN";"CHAMPION";"Muško - Obuća - Tenisice";"47,50";"52,99";"40";"zelena";"Dostupno";"https://woolf.hr/tenisice-noen-proizvod-8821/"
"CHF251G105_01";"CHAMPION TENISICE PANDA TD";"CHAMPION";"Dječje - Obuća - Tenisice";"29,99";"37,99";"27";"crna";"Dostupno";"https://woolf.hr/tenisice-panda-td-proizvod-11306/"
"CHF251M117_30";"CHAMPION TENISICE REYLI";"CHAMPION";"Muško - Obuća - Tenisice";"39,99";"55,99";"46";"siva";"Dostupno";"https://woolf.hr/tenisice-reyli-proizvod-11388/"
"CHF251M117_02";"CHAMPION TENISICE REYLI";"CHAMPION";"Muško - Obuća - Tenisice";"39,90";"59,99";"40";"plava";"Dostupno";"https://woolf.hr/tenisice-reyli-proizvod-12028/"
"CHF251F105_01_BLACK";"CHAMPION TENISICE RODONA";"CHAMPION";"Žensko - Obuća - Tenisice";"39,00";"59,99";"36, 37";"crna";"Dostupno";"https://woolf.hr/tenisice-rodona-proizvod-12027/"
"S11879_KK001";"CHAMPION TENISICE RODONA";"CHAMPION";"Žensko - Obuća - Tenisice";"45,00";"59,99";"41";"crna";"Dostupno";"https://woolf.hr/tenisice-rodona-proizvod-12029/"
"CHF241B150_02";"CHAMPION TENISICE SANO";"CHAMPION";"Dječje - Obuća - Tenisice";"28,90";"35,99";"28, 29, 30";"crvena]]><![CDATA[plava";"Dostupno";"https://woolf.hr/tenisice-sano-proizvod-10156/"
"CHF251F120_06";"CHAMPION TENISICE SPHERA";"CHAMPION";"Žensko - Obuća - Tenisice";"39,00";"58,99";"41";"zelena";"Dostupno";"https://woolf.hr/tenisice-sphera-proizvod-11303/"
"CHF251F120_10";"CHAMPION TENISICE SPHERA";"CHAMPION";"Žensko - Obuća - Tenisice";"45,00";"58,99";"39, 40, 41";"bijela";"Dostupno";"https://woolf.hr/tenisice-sphera-proizvod-11311/"
"CHF241M100_01";"CHAMPION TENISICE STELAR";"CHAMPION";"Muško - Obuća - Tenisice";"36,99";"51,99";"40, 42";"crna";"Dostupno";"https://woolf.hr/tenisice-stelar-proizvod-11301/"
"CHF261M111_02";"CHAMPION TENISICE TORRENS";"CHAMPION";"Muško - Obuća - Tenisice";"43,92";"54,90";"41";"plava";"Dostupno";"https://woolf.hr/tenisice-torrens-proizvod-12672/"
"CHE251M102_01";"CHAMPION TORBA ONEBASIC SMALL";"CHAMPION";"Žensko - Dodaci - Torbe - Torbice";"14,99";"16,99";"";"crna";"Dostupno";"https://woolf.hr/torba-onebasic-small-proizvod-11705/"
"CHE251M102_02";"CHAMPION TORBA ONEBASIC SMALL";"CHAMPION";"Žensko - Dodaci - Torbe - Torbice";"14,99";"16,99";"";"plava";"Dostupno";"https://woolf.hr/torba-onebasic-small-proizvod-11706/"
"20337_BEIGE";"CLASS LIFE ANATOMSKE KLOMPE";"CLASS LIFE";"Žensko - Obuća - Anatomska obuća - Klompe";"19,99";"24,99";"37";"bez]]><![CDATA[sareno";"Dostupno";"https://woolf.hr/anatomske-klompe-proizvod-10019/"
"203399_GREY";"CLASS LIFE ANATOMSKE KLOMPE";"CLASS LIFE";"Žensko - Obuća - Anatomska obuća - Klompe";"26,99";"26,99";"37, 38, 39, 40, 41, 42";"siva]]><![CDATA[sareno";"Dostupno";"https://woolf.hr/anatomske-klompe-proizvod-10584/"
"20337_PINK";"CLASS LIFE ANATOMSKE KLOMPE";"CLASS LIFE";"Žensko - Obuća - Anatomska obuća - Klompe";"22,49";"24,99";"38";"pink";"Dostupno";"https://woolf.hr/anatomske-klompe-proizvod-12767/"
"SAR35_GREEN";"COMER NATIKAČE";"COMER";"Žensko - Obuća - Natikače";"16,99";"17,99";"36";"zelena";"Dostupno";"https://woolf.hr/natikace-proizvod-10226/"
"SAR37_PINK";"COMER NATIKAČE";"COMER";"Žensko - Obuća - Natikače";"15,99";"17,99";"36, 37, 38";"pink";"Dostupno";"https://woolf.hr/natikace-proizvod-10611/"
"SAR37_BLACK";"COMER NATIKAČE";"COMER";"Žensko - Obuća - Natikače";"15,99";"17,99";"36, 37, 38, 40, 41";"crna";"Dostupno";"https://woolf.hr/natikace-proizvod-10632/"
"SAR37_RED";"COMER NATIKAČE";"COMER";"Žensko - Obuća - Natikače";"15,99";"17,99";"37";"crvena";"Dostupno";"https://woolf.hr/natikace-proizvod-11561/"
"SAR60_WHITE";"COMER NATIKAČE";"COMER";"Žensko - Obuća - Natikače";"14,99";"17,99";"37, 38";"bijela";"Dostupno";"https://woolf.hr/natikace-proizvod-11656/"
"SAR37_GOLD";"COMER NATIKAČE";"COMER";"Žensko - Obuća - Natikače";"15,99";"17,99";"38";"zlatna";"Dostupno";"https://woolf.hr/natikace-proizvod-11685/"
"BG166_RED";"COMER NATIKAČE";"COMER";"Žensko - Obuća - Natikače";"16,19";"17,99";"39";"crvena";"Dostupno";"https://woolf.hr/natikace-proizvod-12788/"
"SAR60_GOLD";"COMER NATIKAČE";"COMER";"Žensko - Obuća - Natikače";"16,99";"17,99";"38";"zlatna";"Dostupno";"https://woolf.hr/natikace-proizvod-12827/"
"812_WHITE";"COMFORT STEP ANATOMSKE KLOMPE";"COMFORT STEP";"Žensko - Obuća - Anatomska obuća - Klompe";"33,99";"38,99";"36";"bijela";"Dostupno";"https://woolf.hr/anatomske-klompe-proizvod-10931/"
"SAN_CRNE";"Conway GUMENE VRTNE KLOMPE";"Conway";"Žensko - Obuća - Gumene klompe";"6,99";"7,99";"37, 39, 42, 43, 44, 45, 46";"crna";"Dostupno";"https://woolf.hr/vrtne-klompe-proizvod-478/"
"SAN_NERO";"Conway GUMENE VRTNE KLOMPE";"Conway";"Muško - Obuća - Gumene klompe";"7,99";"9,16";"37";"crna";"Dostupno";"https://woolf.hr/vrtne-klompe-proizvod-3729/"
"SCHMITTENHOHE_GREEN";"Conway KOŽNE GLEŽNJAČE";"Conway";"Muško - Obuća - Gležnjače";"39,99";"62,25";"36";"crna";"Dostupno";"https://woolf.hr/kozne-gleznjace-proizvod-1835/"
"ERZBERG_GREY";"Conway KOŽNE GLEŽNJAČE";"Conway";"Žensko - Obuća - Gležnjače";"39,99";"62,25";"36";"plava";"Dostupno";"https://woolf.hr/kozne-gleznjace-proizvod-7350/"
"AB7788_NAVY";"Conway ŠKOLSKE PAPUČE";"Conway";"Sve papuče za razred";"6,49";"6,49";"43, 45";"plava";"Dostupno";"https://woolf.hr/skolske-papuce-proizvod-3017/"
"A8369_PINK";"Conway TENISICE";"Conway";"Dječje - Obuća - Tenisice";"9,99";"17,12";"31";"pink";"Dostupno";"https://woolf.hr/tenisice-proizvod-4634/"
"A8358_RED";"Conway TENISICE";"Conway";"Dječje - Obuća - Tenisice";"11,99";"17,12";"31, 33, 34";"crvena";"Dostupno";"https://woolf.hr/tenisice-proizvod-4640/"
"N27_BLACK";"Conway TENISICE";"Conway";"Dječje - Obuća - Tenisice";"12,00";"23,76";"32";"crna";"Dostupno";"https://woolf.hr/tenisice-proizvod-7841/"
"712_PINK";"Conway TENISICE";"Conway";"Dječje - Obuća - Tenisice";"17,09";"19,78";"31";"pink";"Dostupno";"https://woolf.hr/tenisice-proizvod-8830/"
"UNTERSBERG_GREY";"Conway TREKKING TENISICE";"Conway";"Žensko - Obuća - Tenisice";"39,69";"62,25";"36";"siva";"Dostupno";"https://woolf.hr/trekking-tenisice-proizvod-3255/"
"ORTLER_GREY";"Conway TREKKING TENISICE";"Conway";"Žensko - Obuća - Tenisice";"25,00";"51,63";"36";"siva";"Dostupno";"https://woolf.hr/trekking-tenisice-proizvod-7248/"
"ASPEN_BLACK_1";"Conway ZIMSKE BUCE";"Conway";"Dječje - Obuća - Buce";"11,99";"19,78";"31, 32";"crna";"Dostupno";"https://woolf.hr/zimske-buce-proizvod-7360/"
"ASPEN_NAVY_1";"Conway ZIMSKE BUCE";"Conway";"Dječje - Obuća - Buce";"11,99";"19,78";"25, 31";"plava";"Dostupno";"https://woolf.hr/zimske-buce-proizvod-7361/"
"C8051_BLACK";"CORINA ŽENSKE CIPELE";"CORINA";"Žensko - Obuća - Cipele";"15,99";"19,99";"36, 37, 38, 39";"crna";"Dostupno";"https://woolf.hr/zenske-cipele-proizvod-9944/"
"6502157_CV";"CRIJEVO ZA SUP PUMPU";"";"Fitnes - SPRAVE I DODACI - Pribor";"7,99";"11,99";"";"crna";"Dostupno";"https://woolf.hr/crijevo-za-sup-pumpu-proizvod-12679/"
"X2211_BLUE";"CSCK.S GUMENE ČIZME";"CSCK.S";"Dječje - Obuća - Čizme - Gumene čizme";"17,99";"23,99";"32, 33";"plava";"Dostupno";"https://woolf.hr/gumene-cizme-proizvod-9469/"
"HJ61_BLACK";"CSCK.S GUMENE ČIZME";"CSCK.S";"Dječje - Obuća - Čizme - Gumene čizme";"17,99";"20,99";"32";"crna]]><![CDATA[narancasta";"Dostupno";"https://woolf.hr/gumene-cizme-proizvod-10837/"
"HJ53_NAVY";"CSCK.S GUMENE ČIZME";"CSCK.S";"Dječje - Obuća - Čizme - Gumene čizme";"17,99";"20,99";"18, 19]]><![CDATA[sareno, 20, 22";"plava";"Dostupno";"https://woolf.hr/gumene-cizme-proizvod-10842/"
"HJ52_NAVY";"CSCK.S GUMENE ČIZME";"CSCK.S";"Dječje - Obuća - Čizme - Gumene čizme";"17,99";"20,99";"18";"pink]]><![CDATA[plava";"Dostupno";"https://woolf.hr/gumene-cizme-proizvod-10843/"
"HJ73_PINK";"CSCK.S GUMENE ČIZME";"CSCK.S";"Dječje - Obuća - Čizme - Gumene čizme";"18,99";"20,99";"20";"pink";"Dostupno";"https://woolf.hr/gumene-cizme-proizvod-11972/"
"HJ79_BLACK";"CSCK.S GUMENE ČIZME";"CSCK.S";"Dječje - Obuća - Čizme - Gumene čizme";"19,99";"22,99";"31, 34";"crna";"Dostupno";"https://woolf.hr/gumene-cizme-proizvod-11973/"
"HJ81_BLACK";"CSCK.S GUMENE ČIZME";"CSCK.S";"Dječje - Obuća - Čizme - Gumene čizme";"19,99";"22,99";"32, 33";"crna";"Dostupno";"https://woolf.hr/gumene-cizme-proizvod-11974/"
"X77182A_BLACK";"CSCK.S TENISICE";"CSCK.S";"Dječje - Obuća - Tenisice";"16,99";"27,99";"31";"crna]]><![CDATA[zelena";"Dostupno";"https://woolf.hr/tenisice-proizvod-9476/"
"B893695_NAVY";"D.T. NEW YORK SVJETLEĆE TENISICE";"D.T. NEW YORK";"Dječje - Obuća - Tenisice";"19,99";"28,99";"22";"ljubicasta]]><![CDATA[plava";"Dostupno";"https://woolf.hr/svjetlece-tenisice-proizvod-9322/"
"B186870_BROWN";"D.T. NEW YORK TENISICE";"D.T. NEW YORK";"Dječje - Obuća - Tenisice";"21,99";"27,99";"29, 31, 32, 33";"smeda";"Dostupno";"https://woolf.hr/tenisice-proizvod-9306/"
"B851340_BLACK";"D.T. NEW YORK TENISICE";"D.T. NEW YORK";"Žensko - Obuća - Tenisice";"32,49";"35,99";"36";"crna";"Dostupno";"https://woolf.hr/tenisice-proizvod-9314/"
"WLFP203_PURPLE";"DISNEY SANDALE LITTLE MERMAID";"DISNEY";"Dječje - Obuća - Sandale";"4,99";"8,99";"24";"ljubicasta";"Dostupno";"https://woolf.hr/sandale-little-mermaid-proizvod-9212/"
"WLFP0139_GREEN";"DISNEY SANDALE MERMAID";"DISNEY";"Dječje - Obuća - Sandale";"4,99";"11,99";"24, 26";"zelena]]><![CDATA[sareno";"Dostupno";"https://woolf.hr/sandale-mermaid-proizvod-9650/"
"WLFP203_GREEN";"DISNEY SANDALE MINNIE MOUSE";"DISNEY";"Dječje - Obuća - Sandale";"4,99";"11,81";"24, 25";"zelena]]><![CDATA[sareno";"Dostupno";"https://woolf.hr/sandale-minnie-mouse-proizvod-8630/"
"WLFP0140_BLUE";"DISNEY SANDALE NEMO";"DISNEY";"Dječje - Obuća - Sandale";"4,99";"11,99";"28";"narancasta]]><![CDATA[plava";"Dostupno";"https://woolf.hr/sandale-nemo-proizvod-9685/"
"T034_RED";"Dr. Jack ANATOMSKE PAPUČE";"Dr. Jack";"Žensko - Obuća - Papuče";"16,99";"21,99";"36";"crvena";"Dostupno";"https://woolf.hr/anatomske-papuce-proizvod-11179/"
"JPF370_BLACK";"Dr. Jack ANATOMSKE PAPUČE";"Dr. Jack";"Žensko - Obuća - Papuče";"16,99";"21,99";"37";"crna";"Dostupno";"https://woolf.hr/anatomske-papuce-proizvod-11871/"
"JPF370_GREY";"Dr. Jack ANATOMSKE PAPUČE";"Dr. Jack";"Žensko - Obuća - Papuče";"16,99";"21,99";"36, 37, 40, 41";"siva";"Dostupno";"https://woolf.hr/anatomske-papuce-proizvod-11872/"
"JPF370_1GREY";"Dr. Jack ANATOMSKE PAPUČE";"Dr. Jack";"Žensko - Obuća - Papuče";"16,99";"21,99";"36, 38, 39, 42";"siva";"Dostupno";"https://woolf.hr/anatomske-papuce-proizvod-11873/"
"JPF370_PURPLE";"Dr. Jack ANATOMSKE PAPUČE";"Dr. Jack";"Žensko - Obuća - Papuče";"16,99";"21,99";"36, 39, 40, 41, 42";"ljubicasta";"Dostupno";"https://woolf.hr/anatomske-papuce-proizvod-11874/"
"JPF370_YELLOW";"Dr. Jack ANATOMSKE PAPUČE";"Dr. Jack";"Žensko - Obuća - Papuče";"16,99";"21,99";"36, 37, 38, 39, 40, 41, 42";"zuta";"Dostupno";"https://woolf.hr/anatomske-papuce-proizvod-11875/"
"JPF370_RED";"Dr. Jack ANATOMSKE PAPUČE";"Dr. Jack";"Žensko - Obuća - Papuče";"16,99";"21,99";"36, 37, 38, 39, 40, 41, 42";"crvena";"Dostupno";"https://woolf.hr/anatomske-papuce-proizvod-11876/"
"JPF370_PINK";"Dr. Jack ANATOMSKE PAPUČE";"Dr. Jack";"Žensko - Obuća - Papuče";"16,99";"21,99";"36, 37, 38, 39, 40, 41, 42";"pink";"Dostupno";"https://woolf.hr/anatomske-papuce-proizvod-11877/"
"JPF370_GREEN";"Dr. Jack ANATOMSKE PAPUČE";"Dr. Jack";"Žensko - Obuća - Papuče";"16,99";"21,99";"37, 38, 40, 41, 42";"zelena";"Dostupno";"https://woolf.hr/anatomske-papuce-proizvod-11878/"
"sm-001540";"Eletronbike ELETRONBIKE OC20 električni bicikl - bež";"Eletronbike";"Uređaji - TEHNIKA - Električni motocikli";"1099,00";"1099,00";"";"";"Dostupno";"https://woolf.hr/eletronbike-oc20-elektricni-bicikl-bez-proizvod-12892/"
"sm-001535";"Eletronbike ELETRONBIKE OC26 električni bicikl - plavi";"Eletronbike";"Uređaji - TEHNIKA - Električni motocikli";"1499,00";"1499,00";"";"";"Dostupno";"https://woolf.hr/eletronbike-oc26-elektricni-bicikl-plavi-proizvod-12903/"
"sm-001533";"Eletronbike ELETRONBIKE OC26 električni bicikl - smeđi";"Eletronbike";"Uređaji - TEHNIKA - Električni motocikli";"1499,00";"1499,00";"";"";"Dostupno";"https://woolf.hr/eletronbike-oc26-elektricni-bicikl-smedi-proizvod-12897/"
"sm-001525";"Eletronbike ELETRONBIKE OD20 električni bicikl - crni";"Eletronbike";"Uređaji - TEHNIKA - Električni motocikli";"999,00";"1099,00";"";"";"Dostupno";"https://woolf.hr/eletronbike-od20-elektricni-bicikl-crni-proizvod-12898/"
"sm-001536";"Eletronbike ELETRONBIKE OG20 električni bicikl - sivi";"Eletronbike";"Uređaji - TEHNIKA - Električni motocikli";"1499,00";"1499,00";"";"";"Dostupno";"https://woolf.hr/eletronbike-og20-elektricni-bicikl-sivi-proizvod-12893/"
"sm-001537";"Eletronbike ELETRONBIKE OG20 električni bicikl - zeleni";"Eletronbike";"Uređaji - TEHNIKA - Električni motocikli";"1499,00";"1499,00";"";"";"Dostupno";"https://woolf.hr/eletronbike-og20-elektricni-bicikl-zeleni-proizvod-12902/"
"W2193GW_ROYAL";"EMAKS GLEŽNJAČE";"EMAKS";"Žensko - Obuća - Gležnjače";"41,99";"45,99";"36, 37";"plava";"Dostupno";"https://woolf.hr/gleznjace-proizvod-11128/"
"I_LOVE_MAMA_CRNA";"ESSKIMO KAPA ZA DJECU 1 DO 2g";"ESSKIMO";"Dječje - Odjeća - Kape";"7,79";"11,81";"";"crna";"Dostupno";"https://woolf.hr/vunena-kapa-za-djecu-1-2g-proizvod-2090/"
"I_LOVE_MAMA_SIVA";"ESSKIMO KAPA ZA DJECU 1 DO 2g";"ESSKIMO";"Dječje - Odjeća - Kape";"7,79";"11,81";"";"siva";"Dostupno";"https://woolf.hr/vunena-kapa-za-djecu-1-2g-proizvod-2091/"
"I_LOVE_PAPA_PLAVA";"ESSKIMO KAPA ZA DJECU 1 DO 2g";"ESSKIMO";"Dječje - Odjeća - Kape";"7,79";"11,81";"";"plava";"Dostupno";"https://woolf.hr/vunena-kapa-za-djecu-1-2g-proizvod-2092/"
"I_LOVE_PAPA_SVPLAVA";"ESSKIMO KAPA ZA DJECU 1 DO 2g";"ESSKIMO";"Dječje - Odjeća - Kape";"7,79";"11,81";"";"plava";"Dostupno";"https://woolf.hr/vunena-kapa-za-djecu-1-2g-proizvod-2093/"
"I_LOVE_PAPA_SIVA";"ESSKIMO KAPA ZA DJECU 1 DO 2g";"ESSKIMO";"Dječje - Odjeća - Kape";"7,79";"11,81";"";"siva";"Dostupno";"https://woolf.hr/vunena-kapa-za-djecu-1-2g-proizvod-2095/"
"HAMBURG_CRVENA";"ESSKIMO KAPA ZA DJECU 3 DO 5g";"ESSKIMO";"Dječje - Odjeća - Kape";"7,79";"11,81";"";"crvena";"Dostupno";"https://woolf.hr/vunena-kapa-za-djecu-3-5g-proizvod-2097/"
"OPATIJA_PLAVA";"ESSKIMO VUNENA KAPA ZA ODRASLE";"ESSKIMO";"Žensko - Odjeća - Kape";"11,49";"13,14";"";"plava";"Dostupno";"https://woolf.hr/vunena-kapa-za-odrasle-proizvod-1999/"
"OPATIJA_CRVENA";"ESSKIMO VUNENA KAPA ZA ODRASLE";"ESSKIMO";"Žensko - Odjeća - Kape";"11,49";"13,14";"";"crvena";"Dostupno";"https://woolf.hr/vunena-kapa-za-odrasle-proizvod-2000/"
"SPLIT_CRNA";"ESSKIMO VUNENA KAPA ZA ODRASLE";"ESSKIMO";"Žensko - Odjeća - Kape";"11,49";"13,14";"";"crna";"Dostupno";"https://woolf.hr/vunena-kapa-za-odrasle-proizvod-2004/"
"RIJEKA_CRNA";"ESSKIMO VUNENA KAPA ZA ODRASLE";"ESSKIMO";"Žensko - Odjeća - Kape";"11,49";"13,14";"";"crna";"Dostupno";"https://woolf.hr/vunena-kapa-za-odrasle-proizvod-2006/"
"SPLIT_BIJELA";"ESSKIMO VUNENA KAPA ZA ODRASLE";"ESSKIMO";"Žensko - Odjeća - Kape";"11,49";"13,14";"";"bijela";"Dostupno";"https://woolf.hr/vunena-kapa-za-odrasle-proizvod-2166/"
"OPATIJA_BLACK";"ESSKIMO VUNENA KAPA ZA ODRASLE";"ESSKIMO";"Žensko - Odjeća - Kape";"11,49";"13,14";"";"crna";"Dostupno";"https://woolf.hr/vunena-kapa-za-odrasle-proizvod-2178/"
"OPATIJA_BEIGE";"ESSKIMO VUNENA KAPA ZA ODRASLE";"ESSKIMO";"Žensko - Odjeća - Kape - Zimske kape";"11,49";"13,14";"";"bez";"Dostupno";"https://woolf.hr/vunena-kapa-za-odrasle-proizvod-5931/"
"HR22_BLUE";"ESSKIMO VUNENA KAPA ZA ODRASLE";"ESSKIMO";"Žensko - Odjeća - Kape";"13,14";"13,14";"";"";"Dostupno";"https://woolf.hr/vunena-kapa-za-odrasle-proizvod-8234/"
"VISTA_RED";"ESSKIMO VUNENA KAPA ZA ODRASLE";"ESSKIMO";"Žensko - Odjeća - Kape";"10,49";"13,14";"";"crvena";"Dostupno";"https://woolf.hr/vunena-kapa-za-odrasle-proizvod-9670/"
"RIJEKA_GREY";"ESSKIMO VUNENA KAPA ZA ODRASLE";"ESSKIMO";"Žensko - Odjeća - Kape";"11,49";"13,14";"";"siva";"Dostupno";"https://woolf.hr/vunena-kapa-za-odrasle-proizvod-9671/"
"OPATIJA_ROYAL";"ESSKIMO VUNENA KAPA ZA ODRASLE";"ESSKIMO";"Žensko - Odjeća - Kape";"11,49";"13,14";"";"plava";"Dostupno";"https://woolf.hr/vunena-kapa-za-odrasle-proizvod-9673/"
"SV_MARTIN_WHITE";"ESSKIMO VUNENA KAPA ZA ODRASLE";"ESSKIMO";"Žensko - Odjeća - Kape";"11,49";"13,14";"";"bijela";"Dostupno";"https://woolf.hr/vunena-kapa-za-odrasle-proizvod-9676/"
"598_01_BEIGE";"FASHION SANDALE";"FASHION";"Žensko - Obuća - Sandale";"14,99";"16,99";"37";"bez";"Dostupno";"https://woolf.hr/sandale-proizvod-11716/"
"4148_Y_NAVY";"FASHION TENISICE";"FASHION";"Žensko - Obuća - Tenisice";"24,99";"27,99";"37, 38";"plava";"Dostupno";"https://woolf.hr/tenisice-proizvod-12046/"
"MING_BROWN";"Flexy line CIPELE";"Flexy line";"Muško - Obuća - Cipele";"18,99";"22,43";"45";"smeda";"Dostupno";"https://woolf.hr/cipele-proizvod-6626/"
"TANER_BLACK";"Flexy line CIPELE";"Flexy line";"Muško - Obuća - Cipele";"26,99";"29,99";"44";"crna";"Dostupno";"https://woolf.hr/cipele-proizvod-10011/"
"TANO_BLACK";"Flexy line CIPELE";"Flexy line";"Muško - Obuća - Cipele";"26,99";"29,99";"43, 44";"crna";"Dostupno";"https://woolf.hr/cipele-proizvod-10012/"
"METE_BLACK";"Flexy line LJETNE CIPELE SANDALE";"Flexy line";"Muško - Obuća - Sandale";"18,99";"21,99";"44, 45, 46";"crna";"Dostupno";"https://woolf.hr/ljetne-cipele-sandale-proizvod-4827/"
"MYLO_1BLACK";"Flexy line SANDALE";"Flexy line";"Muško - Obuća - Sandale";"19,99";"21,99";"41, 42, 43";"crna";"Dostupno";"https://woolf.hr/sandale-proizvod-9001/"
"MYLO_1_BROWN";"Flexy line SANDALE";"Flexy line";"Muško - Obuća - Sandale";"19,99";"21,99";"42, 43";"smeda";"Dostupno";"https://woolf.hr/sandale-proizvod-9002/"
"G30_BEIGE";"FLUFOR CIPELE";"FLUFOR";"Žensko - Obuća - Cipele";"27,99";"31,99";"36";"bez";"Dostupno";"https://woolf.hr/cipele-proizvod-11331/"
"D_314_WHITE";"FRATELLI BABB ANATOMSKE KLOMPE";"FRATELLI BABB";"Žensko - Obuća - Anatomska obuća - Klompe";"47,99";"52,99";"37";"bijela";"Dostupno";"https://woolf.hr/anatomske-klompe-proizvod-10587/"
"D_315_FLOWER";"FRATELLI BABB ANATOMSKE KLOMPE";"FRATELLI BABB";"Žensko - Obuća - Anatomska obuća - Klompe";"48,99";"52,99";"36, 37, 38, 40, 42";"bijela";"Dostupno";"https://woolf.hr/anatomske-klompe-proizvod-10588/"
"D_312_FLOWER";"FRATELLI BABB ANATOMSKE KLOMPE";"FRATELLI BABB";"Žensko - Obuća - Anatomska obuća - Klompe";"37,99";"42,99";"37";"bijela";"Dostupno";"https://woolf.hr/anatomske-klompe-proizvod-10589/"
"D_316_FLOWER";"FRATELLI BABB ANATOMSKE KLOMPE";"FRATELLI BABB";"Žensko - Obuća - Anatomska obuća - Klompe";"47,99";"52,99";"36";"bijela";"Dostupno";"https://woolf.hr/anatomske-klompe-proizvod-10696/"
"D_312_SILVER";"FRATELLI BABB ANATOMSKE KLOMPE";"FRATELLI BABB";"Žensko - Obuća - Anatomska obuća - Klompe";"41,99";"47,99";"36, 37";"srebrna";"Dostupno";"https://woolf.hr/anatomske-klompe-proizvod-10697/"
"D_312_DOKTOR";"FRATELLI BABB ANATOMSKE KLOMPE";"FRATELLI BABB";"Žensko - Obuća - Anatomska obuća - Klompe";"41,99";"47,99";"36";"bijela";"Dostupno";"https://woolf.hr/anatomske-klompe-proizvod-10698/"
"D_300_FLOWER";"FRATELLI BABB ANATOMSKE KLOMPE";"FRATELLI BABB";"Žensko - Obuća - Anatomska obuća - Klompe";"42,74";"44,99";"36, 37, 38, 40, 41, 42";"bijela";"Dostupno";"https://woolf.hr/anatomske-klompe-proizvod-10700/"
"D_316_BRONZE";"FRATELLI BABB ANATOMSKE KLOMPE";"FRATELLI BABB";"Žensko - Obuća - Anatomska obuća - Klompe";"48,99";"52,99";"36, 38, 40, 41, 42";"broncana";"Dostupno";"https://woolf.hr/anatomske-klompe-proizvod-11058/"
"D_316_BLACK";"FRATELLI BABB ANATOMSKE KLOMPE";"FRATELLI BABB";"Žensko - Obuća - Anatomska obuća - Klompe";"48,99";"52,99";"39";"crna";"Dostupno";"https://woolf.hr/anatomske-klompe-proizvod-11059/"
"D_316_SILVER";"FRATELLI BABB ANATOMSKE KLOMPE";"FRATELLI BABB";"Žensko - Obuća - Anatomska obuća - Klompe";"48,99";"52,99";"36, 38, 39, 41";"srebrna";"Dostupno";"https://woolf.hr/anatomske-klompe-proizvod-11060/"
"D314_PERLA";"FRATELLI BABB ANATOMSKE KLOMPE";"FRATELLI BABB";"Žensko - Obuća - Anatomska obuća - Klompe";"46,99";"51,99";"36, 37";"srebrna";"Dostupno";"https://woolf.hr/anatomske-klompe-proizvod-11767/"
"D314_WHITE";"FRATELLI BABB ANATOMSKE KLOMPE";"FRATELLI BABB";"Žensko - Obuća - Anatomska obuća - Klompe";"46,99";"51,99";"36";"bijela";"Dostupno";"https://woolf.hr/anatomske-klompe-proizvod-11768/"
"D315_FLOWER";"FRATELLI BABB ANATOMSKE KLOMPE";"FRATELLI BABB";"Žensko - Obuća - Anatomska obuća - Klompe";"46,99";"51,99";"39";"cvjetna";"Dostupno";"https://woolf.hr/anatomske-klompe-proizvod-11769/"
"D_300_BLACK";"FRATELLI BABB ANATOMSKE KLOMPE";"FRATELLI BABB";"Žensko - Obuća - Anatomska obuća - Klompe";"40,49";"44,99";"37, 38, 39, 40, 41";"crna";"Dostupno";"https://woolf.hr/anatomske-klompe-proizvod-12739/"
"D_312_FLOWER_K";"FRATELLI BABB ANATOMSKE KLOMPE";"FRATELLI BABB";"Žensko - Obuća - Anatomska obuća - Klompe";"38,69";"42,99";"36, 37, 38, 39, 40, 41";"cvjetna";"Dostupno";"https://woolf.hr/anatomske-klompe-proizvod-12740/"
"D_316_WHITE_K";"FRATELLI BABB ANATOMSKE KLOMPE";"FRATELLI BABB";"Žensko - Obuća - Anatomska obuća - Klompe";"48,99";"52,99";"36, 37, 38, 39, 40, 41, 42";"bijela";"Dostupno";"https://woolf.hr/anatomske-klompe-proizvod-12741/"
"D_322_PWDSILV_K";"FRATELLI BABB ANATOMSKE KLOMPE";"FRATELLI BABB";"Žensko - Obuća - Anatomska obuća - Klompe";"47,69";"52,99";"36, 37, 40, 42";"srebrna";"Dostupno";"https://woolf.hr/anatomske-klompe-proizvod-12742/"
"D_317_K_BLACK";"FRATELLI BABB ANATOMSKE KLOMPE";"FRATELLI BABB";"Žensko - Obuća - Anatomska obuća - Klompe";"48,99";"52,99";"36, 37, 38, 39, 40, 41";"crna]]><![CDATA[zuta";"Dostupno";"https://woolf.hr/anatomske-klompe-proizvod-12848/"
"U_31_WHITE";"FRATELLI BABB ANATOMSKE KLOMPE";"FRATELLI BABB";"Muško - Obuća - Anatomska obuća - Klompe";"47,69";"52,99";"41, 45, 46";"bijela";"Dostupno";"https://woolf.hr/anatomske-klompe-proizvod-12905/"
"D_300_BRONZE";"FRATELLI BABB ANATOMSKE KLOMPE";"FRATELLI BABB";"Žensko - Obuća - Anatomska obuća - Klompe";"42,99";"47,99";"36, 37, 38, 39, 40";"broncana";"Dostupno";"https://woolf.hr/anatomske-klompe-proizvod-12906/"
"D_312_PLUTASILVER";"FRATELLI BABB ANATOMSKE KLOMPE";"FRATELLI BABB";"Žensko - Obuća - Anatomska obuća - Klompe";"44,99";"49,99";"36, 37, 38, 39, 40, 41";"srebrna";"Dostupno";"https://woolf.hr/anatomske-klompe-proizvod-12907/"
"D_175_BLACK";"FRATELLI BABB NATIKAČE";"FRATELLI BABB";"Žensko - Obuća - Natikače";"36,99";"44,99";"37";"crna";"Dostupno";"https://woolf.hr/natikace-proizvod-10531/"
"4148_7_NAVY";"FREELAND TENISICE";"FREELAND";"Muško - Obuća - Tenisice";"22,49";"24,99";"44";"plava";"Dostupno";"https://woolf.hr/tenisice-proizvod-6441/"
"4148_Y_BLACK";"FREELAND TENISICE";"FREELAND";"Žensko - Obuća - Tenisice";"24,99";"27,99";"37";"crna";"Dostupno";"https://woolf.hr/tenisice-proizvod-12047/"
"4148_1_SMEDA";"FREELAND TENISICE";"FREELAND";"Muško - Obuća - Tenisice";"22,49";"24,99";"41";"smeda";"Dostupno";"https://woolf.hr/tenisice-proizvod-12426/"
"5370_BLACK";"FUDALI CIPELE";"FUDALI";"Žensko - Obuća - Cipele";"22,99";"26,99";"38";"crna";"Dostupno";"https://woolf.hr/cipele-proizvod-10207/"
"3130_BLACK";"FUDALI MODNE ČIZME";"FUDALI";"Žensko - Obuća - Čizme";"29,99";"36,99";"37";"crna";"Dostupno";"https://woolf.hr/modne-cizme-proizvod-11082/"
"LET651_BLACK";"FUDALI SANDALE";"FUDALI";"Žensko - Obuća - Sandale";"22,99";"27,99";"37";"crna";"Dostupno";"https://woolf.hr/sandale-proizvod-11488/"
"968_BLACK";"FUDALI SANDALE";"FUDALI";"Žensko - Obuća - Sandale";"19,99";"22,99";"38";"crna";"Dostupno";"https://woolf.hr/sandale-proizvod-11555/"
"SVANTE_NAVY";"GAN'S KOŽNE CIPELE";"GAN'S";"Muško - Obuća - Cipele";"40,99";"44,99";"42, 43, 44";"plava";"Dostupno";"https://woolf.hr/kozne-cipele-proizvod-483/"
"1040_BLACK";"GAVIAL ČETKA ZA NUBUK I TEKSTIL";"GAVIAL";"Žensko - Dodaci - Četke za cipele";"3,99";"3,99";"";"crna";"Dostupno";"https://woolf.hr/cetka-za-nubuk-i-tekstil-proizvod-10770/"
"1060_BROWN";"GAVIAL KREMA ZA CIPELE GAVIAL 50ML";"GAVIAL";"Žensko - Dodaci - Kreme za cipele";"2,99";"2,99";"";"smeda";"Dostupno";"https://woolf.hr/krema-za-cipele-gavial-50ml-proizvod-10777/"
"1060_NEUTRAL";"GAVIAL KREMA ZA CIPELE GAVIAL 50ML";"GAVIAL";"Žensko - Dodaci - Kreme za cipele";"2,99";"2,99";"";"bezbojno";"Dostupno";"https://woolf.hr/krema-za-cipele-gavial-50ml-proizvod-11197/"
"1100_NATUR";"GAVIAL KREMA ZA KOŽU 70ML";"GAVIAL";"Žensko - Dodaci - Kreme za cipele";"9,49";"9,49";"";"bezbojno";"Dostupno";"https://woolf.hr/krema-za-kozu-70ml-proizvod-11977/"
"1020_BLACK";"GAVIAL SPUŽVICA ZA OBUĆU";"GAVIAL";"Muško - Muški dodaci - Četke za cipele";"2,99";"2,99";"";"crna";"Dostupno";"https://woolf.hr/spuzvica-za-obucu-proizvod-11988/"
"1070_BLACK";"GAVIAL TEKUĆE SJAJILO 75ML";"GAVIAL";"Žensko - Dodaci - Kreme za cipele";"3,99";"3,99";"";"crna";"Dostupno";"https://woolf.hr/tekuce-sjajilo-75ml-proizvod-10895/"
"2500_WHITE";"GAVIAL VEZICE  RAVNE";"GAVIAL";"Žensko - Dodaci - Vezice za obuću";"2,49";"2,49";"75cm, 90cm, 150cm";"bijela";"Dostupno";"https://woolf.hr/vezice-ravne-proizvod-10781/"
"110_WHITE";"GAVIAL VEZICE  RAVNE";"GAVIAL";"Žensko - Dodaci - Vezice za obuću";"2,49";"2,49";"60cm";"bijela";"Dostupno";"https://woolf.hr/vezice-ravne-proizvod-12138/"
"2500_1_BLACK";"GAVIAL VEZICE  RAVNE";"GAVIAL";"Žensko - Dodaci - Vezice za obuću";"2,49";"2,49";"150cm";"crna";"Dostupno";"https://woolf.hr/vezice-ravne-proizvod-12141/"
"2500_1_WHITE";"GAVIAL VEZICE  RAVNE";"GAVIAL";"Žensko - Dodaci - Vezice za obuću";"3,49";"3,49";"180cm, 200cm";"bijela";"Dostupno";"https://woolf.hr/vezice-ravne-proizvod-12142/"
"2500_CRNA";"GAVIAL VEZICE  RAVNE";"GAVIAL";"Žensko - Dodaci - Vezice za obuću";"3,49";"3,49";"180cm";"crna";"Dostupno";"https://woolf.hr/vezice-ravne-proizvod-12144/"
"2500_BROWN";"GAVIAL VEZICE  RAVNE";"GAVIAL";"Žensko - Dodaci - Vezice za obuću";"3,49";"3,49";"180cm";"smeda";"Dostupno";"https://woolf.hr/vezice-ravne-proizvod-12145/"
"15158_WHITE";"GEZER ANATOMSKE KLOMPE";"GEZER";"Žensko - Obuća - Anatomska obuća - Klompe";"19,99";"20,99";"37, 38, 39, 40, 41, 42";"sareno";"Dostupno";"https://woolf.hr/anatomske-klompe-proizvod-9188/"
"15158_1WHITE";"GEZER ANATOMSKE KLOMPE";"GEZER";"Žensko - Obuća - Anatomska obuća - Klompe";"19,99";"20,99";"37, 38, 39, 40, 41";"sareno";"Dostupno";"https://woolf.hr/anatomske-klompe-proizvod-9189/"
"13466_1FLOWER";"GEZER ANATOMSKE KLOMPE";"GEZER";"Žensko - Obuća - Anatomska obuća - Klompe";"19,99";"22,99";"38, 41";"cvjetna";"Dostupno";"https://woolf.hr/anatomske-klompe-proizvod-9222/"
"15158_2WHITE";"GEZER ANATOMSKE KLOMPE";"GEZER";"Žensko - Obuća - Anatomska obuća - Klompe";"19,99";"20,99";"37, 39, 41";"sareno";"Dostupno";"https://woolf.hr/anatomske-klompe-proizvod-9733/"
"13466_BLACK_FLOW";"GEZER ANATOMSKE KLOMPE";"GEZER";"Žensko - Obuća - Anatomska obuća - Klompe";"19,99";"22,99";"37, 38, 40";"bijela, cvjetna";"Dostupno";"https://woolf.hr/anatomske-klompe-proizvod-9813/"
"13464_BEIGEB";"GEZER ANATOMSKE NATIKAČE";"GEZER";"Žensko - Obuća - Natikače";"17,99";"19,99";"39, 41";"bez";"Dostupno";"https://woolf.hr/anatomske-natikace-proizvod-6707/"
"13464_BEIGEN";"GEZER ANATOMSKE NATIKAČE";"GEZER";"Žensko - Obuća - Natikače";"17,99";"19,99";"39, 41";"plava";"Dostupno";"https://woolf.hr/anatomske-natikace-proizvod-6708/"
"13464_BORDOW";"GEZER ANATOMSKE NATIKAČE";"GEZER";"Žensko - Obuća - Natikače";"17,99";"19,99";"37, 38, 39, 41";"crvena";"Dostupno";"https://woolf.hr/anatomske-natikace-proizvod-6710/"
"13464_BEIGEBL";"GEZER ANATOMSKE NATIKAČE";"GEZER";"Žensko - Obuća - Natikače";"17,99";"19,99";"38, 39";"bez]]><![CDATA[crna";"Dostupno";"https://woolf.hr/anatomske-natikace-proizvod-6764/"
"13464_BLACKB";"GEZER ANATOMSKE NATIKAČE";"GEZER";"Žensko - Obuća - Natikače";"17,99";"19,99";"39";"bez";"Dostupno";"https://woolf.hr/anatomske-natikace-proizvod-6765/"
"14634_BLACK";"GEZER NATIKAČE";"GEZER";"Žensko - Obuća - Natikače";"15,99";"17,99";"37";"crna";"Dostupno";"https://woolf.hr/natikace-proizvod-8909/"
"14634_NAVY";"GEZER NATIKAČE";"GEZER";"Žensko - Obuća - Natikače";"15,99";"17,99";"37";"plava";"Dostupno";"https://woolf.hr/natikace-proizvod-8910/"
"14634_WHITE";"GEZER NATIKAČE";"GEZER";"Žensko - Obuća - Natikače";"15,99";"17,99";"38, 39";"bijela";"Dostupno";"https://woolf.hr/natikace-proizvod-8911/"
"14634_PINK";"GEZER NATIKAČE";"GEZER";"Žensko - Obuća - Natikače";"15,99";"17,99";"37, 39";"pink";"Dostupno";"https://woolf.hr/natikace-proizvod-9055/"
"14634_1RED";"GEZER NATIKAČE";"GEZER";"Žensko - Obuća - Natikače";"15,99";"17,99";"37, 41";"crvena";"Dostupno";"https://woolf.hr/natikace-proizvod-11635/"
"09878_1BLACK";"GEZER NATIKAČE SANDALE";"GEZER";"Muško - Obuća - Natikače";"16,99";"18,99";"41, 45";"crna";"Dostupno";"https://woolf.hr/natikace-sandale-proizvod-11539/"
"09878_1BROWN";"GEZER NATIKAČE SANDALE";"GEZER";"Muško - Obuća - Natikače";"16,99";"18,99";"41, 45, 46";"smeda";"Dostupno";"https://woolf.hr/natikace-sandale-proizvod-11672/"
"02580_MAVI";"GEZER PAPUČE";"GEZER";"Dječje - Obuća - Papuče";"6,49";"10,49";"29";"pink";"Dostupno";"https://woolf.hr/papuce-proizvod-1980/"
"03085_RED_NAVY";"GEZER PAPUČE";"GEZER";"Dječje - Obuća - Papuče";"7,99";"9,09";"20, 21";"crvena]]><![CDATA[plava";"Dostupno";"https://woolf.hr/papuce-proizvod-7357/"
"03205";"GEZER PAPUČE";"GEZER";"Dječje - Obuća - Papuče";"9,09";"9,09";"20, 22, 25";"bijela";"Dostupno";"https://woolf.hr/papuce-proizvod-11155/"
"03034_BLUE";"GEZER TENISICE";"GEZER";"Dječje - Obuća - Tenisice";"7,99";"9,09";"22";"plava]]><![CDATA[zelena";"Dostupno";"https://woolf.hr/papuce-proizvod-6912/"
"02884_PINK";"GEZER TENISICE";"GEZER";"Dječje - Obuća - Tenisice";"7,99";"9,09";"21, 22, 23";"ljubicasta]]><![CDATA[pink";"Dostupno";"https://woolf.hr/papuce-proizvod-6917/"
"03101_BLACK";"GEZER TENISICE";"GEZER";"Dječje - Obuća - Papuče";"9,09";"9,09";"20, 21, 22";"crna]]><![CDATA[siva";"Dostupno";"https://woolf.hr/tenisice-proizvod-7139/"
"100_NAVY";"GIS KUĆNE PAPUČE";"GIS";"Žensko - Obuća - Papuče";"14,99";"16,99";"37";"plava";"Dostupno";"https://woolf.hr/kucne-papuce-proizvod-11140/"
"WT023_720074";"GT NAPINJAČ ZA CIPELE";"GT";"Žensko - Dodaci";"14,99";"14,99";"35-37";"zuta";"Dostupno";"https://woolf.hr/napinjac-za-cipele-proizvod-9716/"
"WT023_720075";"GT NAPINJAČ ZA CIPELE";"GT";"Žensko - Dodaci";"14,99";"14,99";"35-37";"zelena";"Dostupno";"https://woolf.hr/napinjac-za-cipele-proizvod-9717/"
"021218_BROWN";"GT SMEĐI SJAJ ZA CIPELE";"GT";"Žensko - Dodaci - Kreme za cipele";"2,49";"2,49";"";"smeda";"Dostupno";"https://woolf.hr/smedi-sjaj-za-cipele-proizvod-9249/"
"6120615_BLACK";"GT ULOŠCI ZIMSKI";"GT";"Žensko - Dodaci - Ulošci za cipele";"3,19";"3,19";"35-36";"crna";"Dostupno";"https://woolf.hr/ulosci-zimski-proizvod-9807/"
"HPM360_S041_WHITE";"HIT SHOES ANATOMSKE KLOMPE";"HIT SHOES";"Muško - Obuća - Anatomska obuća - Klompe";"18,99";"21,99";"41, 42";"bijela";"Dostupno";"https://woolf.hr/anatomske-klompe-proizvod-10344/"
"HPF352_S62_BROWN";"HIT SHOES ANATOMSKE KLOMPE";"HIT SHOES";"Žensko - Obuća - Anatomska obuća - Klompe";"18,99";"21,99";"37, 40";"sareno";"Dostupno";"https://woolf.hr/anatomske-klompe-proizvod-10805/"
"HPF352_S12_WHITE";"HIT SHOES ANATOMSKE KLOMPE";"HIT SHOES";"Žensko - Obuća - Anatomska obuća - Klompe";"18,99";"21,99";"37";"bijela]]><![CDATA[sareno";"Dostupno";"https://woolf.hr/anatomske-klompe-proizvod-10922/"
"HPM360_S042_WHITE";"HIT SHOES ANATOMSKE KLOMPE";"HIT SHOES";"Muško - Obuća - Anatomska obuća - Klompe";"19,99";"22,99";"45";"bijela";"Dostupno";"https://woolf.hr/anatomske-klompe-proizvod-12291/"
"HPF352S003_BLACK";"HIT SHOES ANATOMSKE KLOMPE";"HIT SHOES";"Žensko - Obuća - Anatomska obuća - Klompe";"18,99";"22,99";"36, 37";"crna";"Dostupno";"https://woolf.hr/anatomske-klompe-proizvod-12294/"
"HPF352_S003BLACK";"HIT SHOES ANATOMSKE KLOMPE";"HIT SHOES";"Žensko - Obuća - Anatomska obuća - Klompe";"19,99";"24,99";"41";"crna";"Dostupno";"https://woolf.hr/anatomske-klompe-proizvod-12866/"
"HPF352_S001_PINKBUTERFY";"HIT SHOES ANATOMSKE KLOMPE";"HIT SHOES";"Žensko - Obuća - Anatomska obuća - Klompe";"21,99";"24,99";"38";"pink";"Dostupno";"https://woolf.hr/anatomske-klompe-proizvod-12867/"
"HG22883_GOLD";"HIT SHOES ANATOMSKE SANDALE";"HIT SHOES";"Žensko - Obuća - Sandale";"11,99";"15,79";"37";"zlatna";"Dostupno";"https://woolf.hr/anatomske-sandale-proizvod-6970/"
"QPF351_T001_BLACK";"HITNEX KUĆNE PAPUČE";"HITNEX";"Žensko - Obuća - Papuče - Kućne papuče";"6,49";"6,49";"37";"crna]]><![CDATA[sareno";"Dostupno";"https://woolf.hr/kucne-papuce-proizvod-8276/"
"QPF351_T001_BLUE";"HITNEX KUĆNE PAPUČE";"HITNEX";"Žensko - Obuća - Papuče - Kućne papuče";"6,49";"6,49";"38";"plava";"Dostupno";"https://woolf.hr/kucne-papuce-proizvod-8277/"
"QPF351_T001_PURPLE";"HITNEX KUĆNE PAPUČE";"HITNEX";"Žensko - Obuća - Papuče - Kućne papuče";"6,49";"6,49";"37";"ljubicasta]]><![CDATA[sareno";"Dostupno";"https://woolf.hr/kucne-papuce-proizvod-8278/"
"sm-001429";"Hollyland Hollyland Lark A1 Combo - bežični mikrofon";"Hollyland";"Uređaji - TEHNIKA - Mikrofoni";"69,99";"69,99";"";"";"Dostupno";"https://woolf.hr/hollyland-lark-a1-combo-bezicni-mikrofon-proizvod-12478/"
"sm-001436";"Hollyland Hollyland Lark A1 Duo - bežični mikrofon";"Hollyland";"Uređaji - TEHNIKA - Mikrofoni";"49,99";"49,99";"";"";"Dostupno";"https://woolf.hr/hollyland-lark-a1-duo-bezicni-mikrofon-proizvod-12562/"
"sm-001433";"Hollyland Hollyland Lark M2 Combo - bežični mikrofon";"Hollyland";"Uređaji - TEHNIKA - Mikrofoni";"159,00";"159,00";"";"";"Dostupno";"https://woolf.hr/hollyland-lark-m2-combo-bezicni-mikrofon-proizvod-12516/"
"sm-001430";"Hollyland Hollyland Lark M2 Mobile USB-C (Duo) - bežični mikrofon";"Hollyland";"Uređaji - TEHNIKA - Mikrofoni";"119,00";"119,00";"";"";"Dostupno";"https://woolf.hr/hollyland-lark-m2-mobile-usb-c-duo-bezicni-mikrofon-proizvod-12538/"
"sm-001437";"Hollyland Hollyland Lark MAX 2 Combo - bežični mikrofon";"Hollyland";"Uređaji - TEHNIKA - Mikrofoni";"269,00";"269,00";"";"";"Dostupno";"https://woolf.hr/hollyland-lark-max-2-combo-bezicni-mikrofon-proizvod-12451/"
"sm-001444";"Hollyland Hollyland Lark MAX 2 Ultimate Combo - bežični mikrofon sa OWS slušalicama";"Hollyland";"Uređaji - TEHNIKA - Mikrofoni";"319,00";"319,00";"";"";"Dostupno";"https://woolf.hr/hollyland-lark-max-2-ultimate-combo-bezicni-mikrofon-sa-ows-slusalicama-proizvod-12556/"
"sm-1040981";"HYPER GOGO HYPER GOGO Challenger 12 električni motocikl za djecu - narančasti";"HYPER GOGO";"Uređaji - TEHNIKA - Električni motocikli";"329,00";"329,00";"";"";"Dostupno";"https://woolf.hr/hyper-gogo-challenger-12-elektricni-motocikl-za-djecu-narancasti-proizvod-12712/"
"sm-1040972";"HYPER GOGO HYPER GOGO Challenger 12 Plus (APP) električni motocikl za djecu - narančasti";"HYPER GOGO";"Uređaji - TEHNIKA - Električni motocikli";"499,00";"499,00";"";"";"Dostupno";"https://woolf.hr/hyper-gogo-challenger-12-plus-app-elektricni-motocikl-za-djecu-narancasti-proizvod-12715/"
"sm-1020467";"HYPER GOGO HYPER GOGO Cruiser 12 električni motocikl za djecu - plavi";"HYPER GOGO";"Uređaji - TEHNIKA - Električni motocikli";"329,00";"329,00";"";"";"Dostupno";"https://woolf.hr/hyper-gogo-cruiser-12-elektricni-motocikl-za-djecu-plavi-proizvod-12721/"
"sm-1020487";"HYPER GOGO HYPER GOGO Cruiser 12 Plus (APP) električni motocikl za djecu - narančasti";"HYPER GOGO";"Uređaji - TEHNIKA - Električni motocikli";"499,00";"499,00";"";"";"Dostupno";"https://woolf.hr/hyper-gogo-cruiser-12-plus-app-elektricni-motocikl-za-djecu-narancasti-proizvod-12722/"
"sm-1020486";"HYPER GOGO HYPER GOGO Cruiser 12 Plus (APP) električni motocikl za djecu - plavi";"HYPER GOGO";"Uređaji - TEHNIKA - Električni motocikli";"499,00";"499,00";"";"";"Dostupno";"https://woolf.hr/hyper-gogo-cruiser-12-plus-app-elektricni-motocikl-za-djecu-plavi-proizvod-12713/"
"sm-1020488";"HYPER GOGO HYPER GOGO Cruiser 12 Plus (APP) električni motocikl za djecu - zeleni";"HYPER GOGO";"Uređaji - TEHNIKA - Električni motocikli";"499,00";"499,00";"";"";"Dostupno";"https://woolf.hr/hyper-gogo-cruiser-12-plus-app-elektricni-motocikl-za-djecu-zeleni-proizvod-12716/"
"sm-1034756";"HYPER GOGO HYPER GOGO Cruiser 12 Plus električni motocikl za djecu - crni";"HYPER GOGO";"Uređaji - TEHNIKA - Električni motocikli";"429,00";"429,00";"";"";"Dostupno";"https://woolf.hr/hyper-gogo-cruiser-12-plus-elektricni-motocikl-za-djecu-crni-proizvod-12723/"
"sm-1020472";"HYPER GOGO HYPER GOGO Cruiser 12 Plus električni motocikl za djecu - narančasti";"HYPER GOGO";"Uređaji - TEHNIKA - Električni motocikli";"429,00";"429,00";"";"";"Dostupno";"https://woolf.hr/hyper-gogo-cruiser-12-plus-elektricni-motocikl-za-djecu-narancasti-proizvod-12714/"
"sm-1020471";"HYPER GOGO HYPER GOGO Cruiser 12 Plus električni motocikl za djecu - plavi";"HYPER GOGO";"Uređaji - TEHNIKA - Električni motocikli";"429,00";"429,00";"";"";"Dostupno";"https://woolf.hr/hyper-gogo-cruiser-12-plus-elektricni-motocikl-za-djecu-plavi-proizvod-12717/"
"sm-1020473";"HYPER GOGO HYPER GOGO Cruiser 12 Plus električni motocikl za djecu - zeleni";"HYPER GOGO";"Uređaji - TEHNIKA - Električni motocikli";"429,00";"429,00";"";"";"Dostupno";"https://woolf.hr/hyper-gogo-cruiser-12-plus-elektricni-motocikl-za-djecu-zeleni-proizvod-12724/"
"sm-1034180";"HYPER GOGO HYPER GOGO Pioneer 12 električni motocikl za djecu - crni";"HYPER GOGO";"Uređaji - TEHNIKA - Električni motocikli";"329,00";"329,00";"";"";"Dostupno";"https://woolf.hr/hyper-gogo-pioneer-12-elektricni-motocikl-za-djecu-crni-proizvod-12720/"
"sm-1034184";"HYPER GOGO HYPER GOGO Pioneer 12 Plus električni motocikl za djecu - crni";"HYPER GOGO";"Uređaji - TEHNIKA - Električni motocikli";"429,00";"429,00";"";"";"Dostupno";"https://woolf.hr/hyper-gogo-pioneer-12-plus-elektricni-motocikl-za-djecu-crni-proizvod-12725/"
"sm-1034186";"HYPER GOGO HYPER GOGO Pioneer 12 Plus električni motocikl za djecu - narančasti";"HYPER GOGO";"Uređaji - TEHNIKA - Električni motocikli";"429,00";"429,00";"";"";"Dostupno";"https://woolf.hr/hyper-gogo-pioneer-12-plus-elektricni-motocikl-za-djecu-narancasti-proizvod-12719/"
"sm-1034187";"HYPER GOGO HYPER GOGO Pioneer 12 Plus električni motocikl za djecu - zeleni";"HYPER GOGO";"Uređaji - TEHNIKA - Električni motocikli";"429,00";"429,00";"";"";"Dostupno";"https://woolf.hr/hyper-gogo-pioneer-12-plus-elektricni-motocikl-za-djecu-zeleni-proizvod-12718/"
"EMY_RED";"IN DESIGNO TENISICE";"IN DESIGNO";"Žensko - Obuća - Tenisice";"19,99";"22,99";"38";"crvena";"Dostupno";"https://woolf.hr/tenisice-proizvod-12008/"
"83470_AO899_20812";"IPANEMA JAPANKE CLASSIC XII";"IPANEMA";"Žensko - Obuća - Japanke";"12,99";"17,99";"33-34";"plava]]><![CDATA[zelena";"Dostupno";"https://woolf.hr/japanke-classic-xii-proizvod-10450/"
"83621_AZ046_05809";"IPANEMA JAPANKE CLASSIC XIII KIDS";"IPANEMA";"Dječje - Obuća - Japanke";"13,99";"17,99";"25-26, 27-28, 29-30, 33-34";"pink";"Dostupno";"https://woolf.hr/japanke-classic-xiii-kids-proizvod-11513/"
"83582_AW914_08679";"IPANEMA JAPANKE CLASSICA HAPPY XII";"IPANEMA";"Žensko - Obuća - Japanke";"12,99";"15,99";"35-36, 43";"plava";"Dostupno";"https://woolf.hr/japanke-classica-happy-xii-proizvod-11500/"
"83543_AQ993_33665";"IPANEMA JAPANKE KIREI KIDS";"IPANEMA";"Dječje - Obuća - Japanke";"14,99";"19,99";"27";"pink";"Dostupno";"https://woolf.hr/japanke-kirei-kids-proizvod-10455/"
"83543_24006_41531";"IPANEMA JAPANKE KIREI KIDS";"IPANEMA";"Žensko - Obuća - Japanke";"14,99";"19,99";"30";"crna]]><![CDATA[zlatna";"Dostupno";"https://woolf.hr/japanke-kirei-kids-proizvod-10456/"
"82598_AS039_20676";"IPANEMA JAPANKE MAXI FASHION KIDS";"IPANEMA";"Dječje - Obuća - Japanke";"21,99";"28,99";"33-34";"pink";"Dostupno";"https://woolf.hr/japanke-maxi-fashion-kids-proizvod-10457/"
"83386_AJ500_02064";"IPANEMA JAPANKE MESH CHICK PLAT";"IPANEMA";"Žensko - Obuća - Japanke";"17,99";"29,99";"35-36";"pink]]><![CDATA[broncana";"Dostupno";"https://woolf.hr/japanke-mesh-chick-plat-proizvod-9122/"
"83609_AZ064_05809";"IPANEMA JAPANKE TEMAS XV KIDS";"IPANEMA";"Žensko - Obuća - Japanke";"13,99";"17,99";"25-26, 27-28, 29-30, 31-32, 33-34, 35-36";"siva";"Dostupno";"https://woolf.hr/japanke-temas-xv-kids-proizvod-11505/"
"83629_BC877_02007";"IPANEMA JAPANKE URBAN THONG AD";"IPANEMA";"Muško - Obuća - Japanke";"17,99";"27,99";"42";"plava";"Dostupno";"https://woolf.hr/japanke-urban-thong-ad-proizvod-11524/"
"83606_AW816_50230";"IPANEMA NATIKAČE MEU SOL";"IPANEMA";"Žensko - Obuća - Natikače";"21,99";"28,99";"37";"crna";"Dostupno";"https://woolf.hr/natikace-meu-sol-proizvod-10445/"
"83243_AS021_02102";"IPANEMA NATIKAČE RENDA II";"IPANEMA";"Žensko - Obuća - Natikače";"22,99";"25,99";"37";"bez";"Dostupno";"https://woolf.hr/natikace-renda-ii-proizvod-11495/"
"83244_20766_02234";"IPANEMA NATIKAČE STREET II";"IPANEMA";"Žensko - Obuća - Natikače";"22,99";"25,99";"37";"crna]]><![CDATA[siva";"Dostupno";"https://woolf.hr/natikace-street-ii-proizvod-9099/"
"83244_BD842_02102";"IPANEMA NATIKAČE STREET II";"IPANEMA";"Žensko - Obuća - Natikače";"20,99";"25,99";"37";"plava";"Dostupno";"https://woolf.hr/natikace-street-ii-proizvod-11501/"
"83349_AH867_05857";"IPANEMA NATIKAČE URBAN IV";"IPANEMA";"Dječje - Obuća - Natikače";"14,99";"19,99";"33-34";"plava";"Dostupno";"https://woolf.hr/natikace-urban-iv-proizvod-9105/"
"83349_AH869_05857";"IPANEMA NATIKAČE URBAN IV";"IPANEMA";"Dječje - Obuća - Natikače";"14,99";"19,99";"33-34";"zelena";"Dostupno";"https://woolf.hr/natikace-urban-iv-proizvod-9107/"
"83614_AY571_36063";"IPANEMA NATIKAČE URBAN SLIDE KIDS";"IPANEMA";"Dječje - Obuća - Natikače";"21,99";"24,99";"33-34";"plava";"Dostupno";"https://woolf.hr/natikace-urban-slide-kids-proizvod-11515/"
"83614_AY575_36063";"IPANEMA NATIKAČE URBAN SLIDE KIDS";"IPANEMA";"Dječje - Obuća - Natikače";"19,99";"24,99";"32, 37-38";"zelena";"Dostupno";"https://woolf.hr/natikace-urban-slide-kids-proizvod-11516/"
"26669_AB480_02064";"IPANEMA SANDALA CLASS ARTESANIA";"IPANEMA";"Žensko - Obuća - Sandale";"14,99";"24,99";"37";"crvena";"Dostupno";"https://woolf.hr/sandala-class-artesania-proizvod-9079/"
"83659_BB879_35357";"IPANEMA SANDALE BUTTERFLY BABY";"IPANEMA";"Dječje - Obuća - Sandale";"17,99";"22,99";"19-20, 21";"zelena";"Dostupno";"https://woolf.hr/sandale-butterfly-baby-proizvod-11507/"
"83585_AT220_33165";"IPANEMA SANDALE CLASS BLOWN UP";"IPANEMA";"Žensko - Obuća - Sandale";"24,99";"33,99";"29-30, 31-32, 33-34";"srebrna";"Dostupno";"https://woolf.hr/sandale-class-blown-up-proizvod-10454/"
"27018_AF383_20797";"IPANEMA SANDALE CLASS FLORA";"IPANEMA";"Dječje - Obuća - Sandale";"19,99";"24,99";"33-34";"pink";"Dostupno";"https://woolf.hr/sandale-class-flora-proizvod-9084/"
"83660_BC739_08679";"IPANEMA SANDALE CLASS INFINITY";"IPANEMA";"Žensko - Obuća - Sandale";"20,99";"25,99";"35-36, 40";"bez";"Dostupno";"https://woolf.hr/sandale-class-infinity-proizvod-11494/"
"83335_AH731_04121";"IPANEMA SANDALE FASHION SANDS";"IPANEMA";"Dječje - Obuća - Sandale";"19,99";"24,99";"32";"pink]]><![CDATA[sareno";"Dostupno";"https://woolf.hr/sandale-fashion-sands-proizvod-9102/"
"81997_BC815_35357";"IPANEMA SANDALE MY FIRST BABY";"IPANEMA";"Dječje - Obuća - Sandale";"17,99";"22,99";"21, 22-23";"pink";"Dostupno";"https://woolf.hr/sandale-my-first-baby-proizvod-11510/"
"27238_BH322_02586";"IPANEMA SANDALE SEMPRE NOVA DIVERSA";"IPANEMA";"Žensko - Obuća - Sandale";"29,99";"32,99";"35-36";"crna";"Dostupno";"https://woolf.hr/sandale-sempre-nova-diversa-proizvod-11499/"
"83485_AR576_09942";"IPANEMA SANDALE SUMMER BABY";"IPANEMA";"Dječje - Obuća - Sandale";"24,99";"30,99";"28-29";"ljubicasta]]><![CDATA[pink";"Dostupno";"https://woolf.hr/sandale-summer-baby-proizvod-10468/"
"83615_BC950_09942";"IPANEMA SANDALE SUMMER BABY";"IPANEMA";"Dječje - Obuća - Sandale";"26,99";"29,99";"19-20, 28-29";"zelena";"Dostupno";"https://woolf.hr/sandale-summer-baby-proizvod-11509/"
"83615_BC943_09942";"IPANEMA SANDALE SUMMER BABY";"IPANEMA";"Dječje - Obuća - Sandale";"26,99";"29,99";"24";"plava";"Dostupno";"https://woolf.hr/sandale-summer-baby-proizvod-11511/"
"2378_GREY";"ISABAC NATIKAČE";"ISABAC";"Žensko - Obuća - Anatomska obuća - Natikače";"15,99";"22,99";"37, 41";"siva";"Dostupno";"https://woolf.hr/natikace-proizvod-12862/"
"2378_BLACK";"ISABAC NATIKAČE";"ISABAC";"Žensko - Obuća - Anatomska obuća - Natikače";"15,99";"22,99";"39";"crna";"Dostupno";"https://woolf.hr/natikace-proizvod-12863/"
"2378_KHAKI";"ISABAC NATIKAČE";"ISABAC";"Žensko - Obuća - Anatomska obuća - Natikače";"15,99";"22,99";"36, 37";"bez";"Dostupno";"https://woolf.hr/natikace-proizvod-12864/"
"3520_BEIGE";"ISABAC SANDALE";"ISABAC";"Žensko - Obuća - Sandale";"17,99";"19,99";"36, 37";"bez";"Dostupno";"https://woolf.hr/sandale-proizvod-11724/"
"GROSSGLOCKNER_GREY_FUCHSIA";"Jela GLEŽNJAČE";"Jela";"Dječje - Obuća - Gležnjače";"26,99";"48,97";"29, 31";"pink]]><![CDATA[siva";"Dostupno";"https://woolf.hr/gleznjace-proizvod-7355/"
"HOGUN_GREY_ORANGE";"Jela KOŽNE BUCE";"Jela";"Dječje - Obuća - Buce";"32,99";"66,23";"31, 32";"narancasta]]><![CDATA[siva";"Dostupno";"https://woolf.hr/kozne-buce-proizvod-7353/"
"LYDIA_BEIGE";"Jela KOŽNE ČIZME";"Jela";"Dječje - Obuća - Buce";"34,99";"66,23";"25, 28";"bez";"Dostupno";"https://woolf.hr/kozne-cizme-proizvod-7352/"
"K391_BLACK";"JES MILE MODNE ČIZME";"JES MILE";"Žensko - Obuća - Gležnjače";"20,99";"39,99";"38";"crna";"Dostupno";"https://woolf.hr/modne-cizme-proizvod-11086/"
"sm-001219";"JIMMY JIMMY AF3 2u1 pekač i friteza na vrući zrak";"JIMMY";"Uređaji - TEHNIKA - Pametan dom - Kućna pomagala";"129,00";"129,00";"";"";"Dostupno";"https://woolf.hr/jimmy-af3-2u1-pekac-i-friteza-na-vruci-zrak-proizvod-12483/"
"sm-001196";"JIMMY JIMMY BX5 PRO ručni UV usisivač - sivi";"JIMMY";"Uređaji - TEHNIKA - Pametan dom - Ručni usisavači";"99,00";"99,00";"";"";"Dostupno";"https://woolf.hr/jimmy-bx5-pro-rucni-uv-usisivac-sivi-proizvod-12504/"
"sm-000789";"JIMMY JIMMY BX6 ručni UV usisivač";"JIMMY";"Uređaji - TEHNIKA - Pametan dom - Ručni usisavači";"119,00";"119,00";"";"";"Dostupno";"https://woolf.hr/jimmy-bx6-rucni-uv-usisivac-proizvod-12606/"
"sm-001231";"JIMMY JIMMY BX7 Dual ručni UV usisivač - sivi";"JIMMY";"Uređaji - TEHNIKA - Pametan dom - Ručni usisavači";"149,00";"149,00";"";"";"Dostupno";"https://woolf.hr/jimmy-bx7-dual-rucni-uv-usisivac-sivi-proizvod-12578/"
"sm-001328";"JIMMY JIMMY BX7 Pro MAX ručni UV usisivač - sivi";"JIMMY";"Uređaji - TEHNIKA - Pametan dom - Ručni usisavači";"169,00";"169,00";"";"";"Dostupno";"https://woolf.hr/jimmy-bx7-pro-max-rucni-uv-usisivac-sivi-proizvod-12618/"
"sm-000787";"JIMMY JIMMY BX7 PRO ručni UV usisivač - plavi";"JIMMY";"Uređaji - TEHNIKA - Pametan dom - Ručni usisavači";"149,00";"149,00";"";"";"Dostupno";"https://woolf.hr/jimmy-bx7-pro-rucni-uv-usisivac-plavi-proizvod-12688/"
"sm-001022";"JIMMY JIMMY BX7 PRO ručni UV usisivač - sivi";"JIMMY";"Uređaji - TEHNIKA - Pametan dom - Ručni usisavači";"149,00";"149,00";"";"";"Dostupno";"https://woolf.hr/jimmy-bx7-pro-rucni-uv-usisivac-sivi-proizvod-12587/"
"sm-001504";"JIMMY JIMMY BX8 Pro ručni UV usisivač";"JIMMY";"Uređaji - TEHNIKA - Pametan dom - Ručni usisavači";"179,00";"179,00";"";"";"Dostupno";"https://woolf.hr/jimmy-bx8-pro-rucni-uv-usisivac-proizvod-12801/"
"sm-001348";"JIMMY JIMMY BX8 ručni UV usisivač";"JIMMY";"Uređaji - TEHNIKA - Pametan dom - Ručni usisavači";"159,00";"159,00";"";"";"Dostupno";"https://woolf.hr/jimmy-bx8-rucni-uv-usisivac-proizvod-12800/"
"sm-000588";"JIMMY JIMMY F2 Nano sušilo za kosu";"JIMMY";"Uređaji - TEHNIKA - Osobna njega";"59,99";"59,99";"";"";"Dostupno";"https://woolf.hr/jimmy-f2-nano-susilo-za-kosu-proizvod-12593/"
"sm-001214";"JIMMY JIMMY F7 Nano Ultrasonic sušilo za kosu";"JIMMY";"Uređaji - TEHNIKA - Osobna njega";"149,00";"149,00";"";"";"Dostupno";"https://woolf.hr/jimmy-f7-nano-ultrasonic-susilo-za-kosu-proizvod-12535/"
"sm-001039";"JIMMY JIMMY F8 Nano Ultrasonic sušilo za kosu";"JIMMY";"Uređaji - TEHNIKA - Osobna njega";"199,00";"199,00";"";"";"Dostupno";"https://woolf.hr/jimmy-f8-nano-ultrasonic-susilo-za-kosu-proizvod-12577/"
"sm-001081";"JIMMY JIMMY H8 Flex - bežični usisivač";"JIMMY";"Uređaji - TEHNIKA - Pametan dom - Ručni usisavači";"269,00";"269,00";"";"";"Dostupno";"https://woolf.hr/jimmy-h8-flex-bezicni-usisivac-proizvod-12548/"
"sm-001069";"JIMMY JIMMY H8 Upgraded - bežični usisivač";"JIMMY";"Uređaji - TEHNIKA - Pametan dom - Ručni usisavači";"239,00";"239,00";"";"";"Dostupno";"https://woolf.hr/jimmy-h8-upgraded-bezicni-usisivac-proizvod-12441/"
"sm-442199";"JIMMY JIMMY H9 Pro bežični usisivač";"JIMMY";"Uređaji - TEHNIKA - Pametan dom - Ručni usisavači";"369,00";"369,00";"";"";"Dostupno";"https://woolf.hr/jimmy-h9-pro-bezicni-usisivac-proizvod-12522/"
"sm-001156";"JIMMY JIMMY H10 Flex bežični usisivač";"JIMMY";"Uređaji - TEHNIKA - Pametan dom - Ručni usisavači";"349,00";"349,00";"";"";"Dostupno";"https://woolf.hr/jimmy-h10-flex-bezicni-usisivac-proizvod-12557/"
"sm-001344";"JIMMY JIMMY H11 Pro bežični usisivač";"JIMMY";"Uređaji - TEHNIKA - Pametan dom - Ručni usisavači";"449,00";"449,00";"";"";"Dostupno";"https://woolf.hr/jimmy-h11-pro-bezicni-usisivac-proizvod-12527/"
"sm-001345";"JIMMY JIMMY HF9 Hair Multi-styler - stilizator za oblikovanje kose";"JIMMY";"Uređaji - TEHNIKA - Osobna njega";"159,00";"159,00";"";"";"Dostupno";"https://woolf.hr/jimmy-hf9-hair-multi-styler-stilizator-za-oblikovanje-kose-proizvod-12600/"
"sm-001398";"JIMMY JIMMY JV9 Pro Aqua bežični usisivač";"JIMMY";"Uređaji - TEHNIKA - Pametan dom - Ručni usisavači";"349,00";"349,00";"";"";"Dostupno";"https://woolf.hr/jimmy-jv9-pro-aqua-bezicni-usisivac-proizvod-12594/"
"sm-369827";"JIMMY JIMMY JV35 Ručni UV Usisivač - sivi";"JIMMY";"Uređaji - TEHNIKA - Pametan dom - Ručni usisavači";"119,00";"119,00";"";"";"Dostupno";"https://woolf.hr/jimmy-jv35-rucni-uv-usisivac-sivi-proizvod-12561/"
"sm-001301";"JIMMY JIMMY JV83 Pro bežični usisivač";"JIMMY";"Uređaji - TEHNIKA - Pametan dom - Ručni usisavači";"219,00";"219,00";"";"";"Dostupno";"https://woolf.hr/jimmy-jv83-pro-bezicni-usisivac-proizvod-12492/"
"sm-372191";"JIMMY JIMMY JV85 bežični usisivač - plavi";"JIMMY";"Uređaji - TEHNIKA - Pametan dom - Ručni usisavači";"179,00";"229,00";"";"";"Dostupno";"https://woolf.hr/jimmy-jv85-bezicni-usisivac-plavi-proizvod-12528/"
"sm-371162";"JIMMY JIMMY JV85 Pro bežični usisivač - ljubičasti";"JIMMY";"Uređaji - TEHNIKA - Pametan dom - Ručni usisavači";"289,00";"289,00";"";"";"Dostupno";"https://woolf.hr/jimmy-jv85-pro-bezicni-usisivac-ljubicasti-proizvod-12532/"
"sm-001509";"JIMMY JIMMY Matrix I9 modul - ledomat s drobilicom";"JIMMY";"Uređaji - TEHNIKA - Pametan dom - Kućna pomagala";"349,00";"349,00";"";"";"Dostupno";"https://woolf.hr/jimmy-matrix-i9-modul-ledomat-s-drobilicom-proizvod-12829/"
"sm-001505";"JIMMY JIMMY Matrix M9 Pro - modularni sustav za pročišćavanje vode";"JIMMY";"Uređaji - TEHNIKA - Pametan dom - Kućna pomagala";"399,00";"399,00";"";"";"Dostupno";"https://woolf.hr/jimmy-matrix-m9-pro-modularni-sustav-za-prociscavanje-vode-proizvod-12831/"
"sm-001508";"JIMMY JIMMY Matrix S9 modul - za gaziranje vode";"JIMMY";"Uređaji - TEHNIKA - Pametan dom - Kućna pomagala";"199,00";"199,00";"";"";"Dostupno";"https://woolf.hr/jimmy-matrix-s9-modul-za-gaziranje-vode-proizvod-12830/"
"sm-001488";"JIMMY Jimmy PW11 Plus bežični usisivač za suho i mokro čišćenje";"JIMMY";"Uređaji - TEHNIKA - Pametan dom - Ručni usisavači";"399,00";"399,00";"";"";"Dostupno";"https://woolf.hr/jimmy-pw11-plus-bezicni-usisivac-za-suho-i-mokro-ciscenje-proizvod-12645/"
"sm-001255";"JIMMY Jimmy PW11 Pro Max bežični usisivač za suho i mokro čišćenje";"JIMMY";"Uređaji - TEHNIKA - Pametan dom - Ručni usisavači";"599,00";"599,00";"";"";"Dostupno";"https://woolf.hr/jimmy-pw11-pro-max-bezicni-usisivac-za-suho-i-mokro-ciscenje-proizvod-12518/"
"sm-001491";"JIMMY Jimmy PW11 Pro Max bežični usisivač za suho i mokro čišćenje (Upgraded)";"JIMMY";"Uređaji - TEHNIKA - Pametan dom - Ručni usisavači";"599,00";"599,00";"";"";"Dostupno";"https://woolf.hr/jimmy-pw11-pro-max-bezicni-usisivac-za-suho-i-mokro-ciscenje-upgraded-proizvod-12928/"
"sm-001445";"JIMMY JIMMY R9 PRO - sustav za pročišćavanje vode";"JIMMY";"Uređaji - TEHNIKA - Pametan dom - Pročišćivači i ventilatori";"439,00";"499,00";"";"";"Dostupno";"https://woolf.hr/jimmy-r9-pro-sustav-za-prociscavanje-vode-proizvod-12648/"
"sm-000788";"JIMMY JIMMY WB73 ručni UV usisivač";"JIMMY";"Uređaji - TEHNIKA - Pametan dom - Ručni usisavači";"129,00";"129,00";"";"";"Dostupno";"https://woolf.hr/jimmy-wb73-rucni-uv-usisivac-proizvod-12489/"
"sm-000455";"JIMMY Originalna baterija za JIMMY H8 bežični usisivač";"JIMMY";"Uređaji - TEHNIKA - Pametan dom - Ručni usisavači";"69,99";"69,99";"";"";"Dostupno";"https://woolf.hr/originalna-baterija-za-jimmy-h8-bezicni-usisivac-proizvod-12596/"
"sm-001147";"JIMMY Originalna baterija za JIMMY H8 Flex";"JIMMY";"Uređaji - TEHNIKA - Pametan dom - Ručni usisavači";"69,99";"69,99";"";"";"Dostupno";"https://woolf.hr/originalna-baterija-za-jimmy-h8-flex-proizvod-12545/"
"sm-001087";"JIMMY Originalna baterija za JIMMY H9 Flex bežični usisivač";"JIMMY";"Uređaji - TEHNIKA - Pametan dom - Ručni usisavači";"79,50";"79,50";"";"";"Dostupno";"https://woolf.hr/originalna-baterija-za-jimmy-h9-flex-bezicni-usisivac-proizvod-12444/"
"sm-000459";"JIMMY Originalna baterija za JIMMY H9 Pro bežični usisivač";"JIMMY";"Uređaji - TEHNIKA - Pametan dom - Ručni usisavači";"79,50";"79,50";"";"";"Dostupno";"https://woolf.hr/originalna-baterija-za-jimmy-h9-pro-bezicni-usisivac-proizvod-12615/"
"sm-001221";"JIMMY Originalna baterija za JIMMY H10 Flex";"JIMMY";"Uređaji - TEHNIKA - Pametan dom - Ručni usisavači";"99,99";"99,99";"";"";"Dostupno";"https://woolf.hr/originalna-baterija-za-jimmy-h10-flex-proizvod-12506/"
"sm-364633";"JIMMY Originalna baterija za JIMMY JV51/JV53/JV53 Lite";"JIMMY";"Uređaji - TEHNIKA - Pametan dom";"59,99";"59,99";"";"";"Dostupno";"https://woolf.hr/originalna-baterija-za-jimmy-jv51-jv53-jv53-lite-proizvod-12570/"
"sm-001174";"JIMMY Originalna glava za Jimmy H8 Upgraded / JV63";"JIMMY";"Uređaji - TEHNIKA - Pametan dom - Ručni usisavači";"39,99";"39,99";"";"";"Dostupno";"https://woolf.hr/originalna-glava-za-jimmy-h8-upgraded-jv63-proizvod-12611/"
"sm-001139";"JIMMY Originalna glava za Jimmy H9 Flex / H10 Flex / H10 Pro";"JIMMY";"Uređaji - TEHNIKA - Pametan dom - Ručni usisavači";"44,99";"44,99";"";"";"Dostupno";"https://woolf.hr/originalna-glava-za-jimmy-h9-flex-h10-flex-h10-pro-proizvod-12598/"
"sm-001422";"JIMMY RO-2.0S filter za JIMMY R9 pročišćivač vode - membranski filter za reverznu osmozu";"JIMMY";"Uređaji - TEHNIKA - Pametan dom - Pročišćivači i ventilatori";"49,99";"49,99";"";"";"Dostupno";"https://woolf.hr/ro-20s-filter-za-jimmy-r9-prociscivac-vode-membranski-filter-za-reverznu-osmozu-proizvod-12539/"
"H8308_SILVER";"JOIA SANDALE";"JOIA";"Žensko - Obuća - Sandale";"26,99";"32,99";"37, 41";"srebrna";"Dostupno";"https://woolf.hr/sandale-proizvod-11485/"
"H8308_WHITE";"JOIA SANDALE";"JOIA";"Žensko - Obuća - Sandale";"26,99";"32,99";"38, 39, 41";"bijela";"Dostupno";"https://woolf.hr/sandale-proizvod-11486/"
"WL587_BLACK";"KADIMAN GLEŽNJAČE";"KADIMAN";"Muško - Obuća - Gležnjače";"30,99";"37,99";"43";"crna";"Dostupno";"https://woolf.hr/gleznjace-proizvod-11110/"
"WL587_BROWN";"KADIMAN GLEŽNJAČE";"KADIMAN";"Muško - Obuća - Gležnjače";"30,99";"37,99";"41, 43, 45";"smeda";"Dostupno";"https://woolf.hr/gleznjace-proizvod-11154/"
"10179_NAVY";"KangaROOS TENISICE";"KangaROOS";"Dječje - Obuća - Tenisice";"38,99";"49,99";"28, 29, 30, 31, 32, 33, 35";"plava";"Dostupno";"https://woolf.hr/tenisice-proizvod-12092/"
"10179_OLIVE";"KangaROOS TENISICE";"KangaROOS";"Dječje - Obuća - Tenisice";"38,99";"49,99";"28, 30, 32, 33, 34, 35";"zelena";"Dostupno";"https://woolf.hr/tenisice-proizvod-12093/"
"10274_NAVY";"KangaROOS TENISICE";"KangaROOS";"Žensko - Obuća - Tenisice";"38,00";"51,99";"36, 37, 39";"plava";"Dostupno";"https://woolf.hr/tenisice-proizvod-12094/"
"10179_1OLIVE";"KangaROOS TENISICE";"KangaROOS";"Dječje - Obuća - Tenisice";"42,99";"54,99";"36, 37, 38, 40";"zelena";"Dostupno";"https://woolf.hr/tenisice-proizvod-12095/"
"70210_BLACK";"KangaROOS TENISICE";"KangaROOS";"Muško - Obuća - Tenisice";"39,00";"48,99";"40, 41, 43, 44";"crna";"Dostupno";"https://woolf.hr/tenisice-proizvod-12659/"
"30285_BLACK";"KangaROOS TENISICE";"KangaROOS";"Žensko - Obuća - Tenisice";"39,90";"49,99";"36, 37, 38, 39, 40, 41";"crna";"Dostupno";"https://woolf.hr/tenisice-proizvod-12661/"
"30283_WHT_PINK";"KangaROOS TENISICE";"KangaROOS";"Žensko - Obuća - Tenisice";"38,24";"44,99";"37, 38, 39, 40, 41";"pink";"Dostupno";"https://woolf.hr/tenisice-proizvod-12662/"
"70221_BLK";"KangaROOS TENISICE";"KangaROOS";"Muško - Obuća - Tenisice";"39,99";"48,99";"41, 42, 43, 44, 45";"";"Dostupno";"https://woolf.hr/tenisice-proizvod-12670/"
"10413_GREY";"KangaROOS TENISICE CREEPIN";"KangaROOS";"Žensko - Obuća - Tenisice";"38,00";"51,99";"36, 37, 38, 39";"siva";"Dostupno";"https://woolf.hr/tenisice-creepin-proizvod-11811/"
"10127_WHITE";"KangaROOS TENISICE FAIR EV";"KangaROOS";"Dječje - Obuća - Tenisice";"29,99";"41,99";"30, 33, 34";"bijela";"Dostupno";"https://woolf.hr/tenisice-fair-ev-proizvod-11806/"
"102690_GREY";"KangaROOS TENISICE K CP BOUNDER EV";"KangaROOS";"Dječje - Obuća - Tenisice";"26,99";"46,99";"37";"siva";"Dostupno";"https://woolf.hr/tenisice-k-cp-bounder-ev-proizvod-11815/"
"10268_BLK_WHITE";"KangaROOS TENISICE K CP Tipin OS";"KangaROOS";"Žensko - Obuća - Tenisice";"36,99";"46,99";"37, 38";"crna";"Dostupno";"https://woolf.hr/tenisice-k-cp-tipin-os-proizvod-11786/"
"10408_PINK";"KangaROOS TENISICE K ETK ZIG EV";"KangaROOS";"Dječje - Obuća - Tenisice";"25,99";"32,99";"28, 30, 31, 32, 33, 34, 35";"pink";"Dostupno";"https://woolf.hr/tenisice-k-etk-zig-ev-proizvod-11810/"
"10408_NAVY";"KangaROOS TENISICE K ETK ZIG EV";"KangaROOS";"Dječje - Obuća - Tenisice";"25,99";"32,99";"28, 31";"plava";"Dostupno";"https://woolf.hr/tenisice-k-etk-zig-ev-proizvod-11814/"
"10989_YELLOW";"KangaROOS TENISICE K RIDYARD EV";"KangaROOS";"Dječje - Obuća - Tenisice";"24,99";"32,99";"31, 32";"zuta";"Dostupno";"https://woolf.hr/tenisice-k-ridyard-ev-proizvod-11788/"
"10989_1_YELLOW";"KangaROOS TENISICE K RIDYARD EV";"KangaROOS";"Žensko - Obuća - Tenisice";"26,99";"37,99";"37";"zuta";"Dostupno";"https://woolf.hr/tenisice-k-ridyard-ev-proizvod-11790/"
"39212_BLACK";"KangaROOS TENISICE K WATCH JET";"KangaROOS";"Muško - Obuća - Tenisice";"39,00";"50,99";"44, 47";"crna";"Dostupno";"https://woolf.hr/tenisice-k-watch-jet-proizvod-11805/"
"10297_GREEN";"KangaROOS TENISICE MILES EV";"KangaROOS";"Dječje - Obuća - Tenisice";"31,99";"40,99";"28, 29, 30, 34";"zelena";"Dostupno";"https://woolf.hr/tenisice-miles-ev-proizvod-11813/"
"80059_BLACK";"KangaROOS TENISICE PAICE";"KangaROOS";"Muško - Obuća - Tenisice";"56,99";"56,99";"43";"crna";"Dostupno";"https://woolf.hr/tenisice-paice-proizvod-11824/"
"10273_PINK";"KangaROOS TENISICE READY EV";"KangaROOS";"Dječje - Obuća - Tenisice";"29,99";"40,99";"28, 29, 32, 33, 34, 35";"pink";"Dostupno";"https://woolf.hr/tenisice-ready-ev-proizvod-11794/"
"10404_NAVY";"KangaROOS TENISICE SOLE MID EV";"KangaROOS";"Dječje - Obuća - Tenisice";"38,99";"49,99";"28, 29, 31, 32, 33, 34, 35";"plava";"Dostupno";"https://woolf.hr/tenisice-sole-mid-ev-proizvod-11793/"
"15K0323003_NAVY";"KAPPA BUCE";"KAPPA";"Dječje - Obuća - Buce";"52,99";"58,99";"32, 33, 34, 35";"plava";"Dostupno";"https://woolf.hr/buce-proizvod-12090/"
"241635_BROWN";"KAPPA GLEŽNJAČE KOMBO";"KAPPA";"Žensko - Obuća - Gležnjače";"44,99";"49,99";"36, 46";"smeda";"Dostupno";"https://woolf.hr/gleznjace-kombo-proizvod-10785/"
"241635_1_BROWN";"KAPPA GLEŽNJAČE KOMBO";"KAPPA";"Žensko - Obuća - Gležnjače";"44,99";"49,99";"42";"smeda";"Dostupno";"https://woolf.hr/gleznjace-kombo-proizvod-10799/"
"243046_OLIVE";"KAPPA GLEŽNJAČE SHAB";"KAPPA";"Žensko - Obuća - Tenisice";"48,99";"53,99";"36, 37";"zelena";"Dostupno";"https://woolf.hr/gleznjace-shab-proizvod-10786/"
"260991K_OLIVE";"KAPPA GLEŽNJAČE SHAB";"KAPPA";"Dječje - Obuća - Tenisice";"34,99";"45,99";"26, 31, 33";"crna]]><![CDATA[zelena";"Dostupno";"https://woolf.hr/gleznjace-shab-proizvod-10870/"
"243380_NAVY";"KAPPA TENISICE";"KAPPA";"Žensko - Obuća - Gležnjače";"50,99";"58,99";"37";"plava";"Dostupno";"https://woolf.hr/tenisice-proizvod-9589/"
"243377_BLACK";"KAPPA TENISICE";"KAPPA";"Žensko - Obuća - Tenisice";"39,00";"58,99";"36, 37, 42";"crna";"Dostupno";"https://woolf.hr/tenisice-proizvod-9590/"
"26K0051001_BLACK";"KAPPA TENISICE";"KAPPA";"Muško - Obuća - Tenisice";"29,90";"39,99";"42, 45";"crna";"Dostupno";"https://woolf.hr/tenisice-proizvod-12655/"
"26K0051001_GREY";"KAPPA TENISICE";"KAPPA";"Muško - Obuća - Tenisice";"29,90";"39,99";"43, 44, 45";"siva";"Dostupno";"https://woolf.hr/tenisice-proizvod-12656/"
"26K001201_NAVY_ROSE";"KAPPA TENISICE";"KAPPA";"Žensko - Obuća - Tenisice";"49,00";"59,99";"36, 37, 38, 39, 40";"plava";"Dostupno";"https://woolf.hr/tenisice-proizvod-12657/"
"26K0042001_MINT";"KAPPA TENISICE";"KAPPA";"Žensko - Obuća - Tenisice";"39,00";"49,99";"36, 37, 38, 39, 40, 41";"zelena";"Dostupno";"https://woolf.hr/tenisice-proizvod-12658/"
"242533_BLACK";"KAPPA TENISICE BASH";"KAPPA";"Žensko - Obuća - Tenisice";"32,00";"43,99";"36";"crna";"Dostupno";"https://woolf.hr/tenisice-bash-proizvod-10789/"
"243368_BLACK";"KAPPA TENISICE BASIC";"KAPPA";"Muško - Obuća - Tenisice";"39,99";"44,99";"40";"crna";"Dostupno";"https://woolf.hr/tenisice-basic-proizvod-10792/"
"243418_BLACK";"KAPPA TENISICE BRADOCK";"KAPPA";"Muško - Obuća - Tenisice";"39,99";"49,99";"36, 37";"crna";"Dostupno";"https://woolf.hr/tenisice-bradock-proizvod-10867/"
"243180_WHITE";"KAPPA TENISICE FOGO";"KAPPA";"Muško - Obuća - Tenisice";"35,00";"49,99";"45";"bijela";"Dostupno";"https://woolf.hr/tenisice-fogo-proizvod-10865/"
"243316_WHITE";"KAPPA TENISICE JONSCHA";"KAPPA";"Muško - Obuća - Gležnjače";"49,99";"57,99";"39";"bijela";"Dostupno";"https://woolf.hr/tenisice-proizvod-9588/"
"243317_WHITE";"KAPPA TENISICE JONSCHA";"KAPPA";"Žensko - Obuća - Tenisice";"49,99";"54,99";"37";"bijela";"Dostupno";"https://woolf.hr/tenisice-jonscha-proizvod-10790/"
"261071K_RED";"KAPPA TENISICE LINEUP";"KAPPA";"Dječje - Obuća - Tenisice";"34,99";"42,99";"26, 28, 29, 31, 33";"crna]]><![CDATA[crvena";"Dostupno";"https://woolf.hr/tenisice-lineup-proizvod-10871/"
"95K0783001_NAVY";"KAPPA TENISICE LOGO";"KAPPA";"Žensko - Obuća - Tenisice";"33,90";"43,99";"37, 38, 39, 40";"plava";"Dostupno";"https://woolf.hr/tenisice-logo-proizvod-11821/"
"242681_WHITE";"KAPPA TENISICE RAVE";"KAPPA";"Žensko - Obuća - Tenisice";"44,99";"49,99";"40";"bijela";"Dostupno";"https://woolf.hr/tenisice-rave-proizvod-10866/"
"2609820_RED";"KAPPA TENISICE VALDIS";"KAPPA";"Dječje - Obuća - Tenisice";"19,99";"28,99";"26";"crvena";"Dostupno";"https://woolf.hr/tenisice-valdis-proizvod-10869/"
"15K0012002_BEIGE";"KAPPA TREKKING GLEŽNJAČE";"KAPPA";"Žensko - Obuća - Gležnjače";"63,99";"69,99";"42";"bez";"Dostupno";"https://woolf.hr/trekking-gleznjace-proizvod-12083/"
"15K0313006_NAVY";"KAPPA TREKKING GLEŽNJAČE";"KAPPA";"Dječje - Obuća - Buce";"46,99";"59,99";"28, 31, 32, 33, 34";"plava";"Dostupno";"https://woolf.hr/trekking-gleznjace-proizvod-12087/"
"15K0313006_1NAVY";"KAPPA TREKKING GLEŽNJAČE";"KAPPA";"Dječje - Obuća - Buce";"46,99";"59,99";"28, 29, 30, 31, 32, 33, 34, 35";"plava";"Dostupno";"https://woolf.hr/trekking-gleznjace-proizvod-12089/"
"sm-001260";"KingSmith KingSmith Masažer za vrat i ramena";"KingSmith";"Fitnes - SPRAVE I DODACI";"99,99";"99,99";"";"";"Dostupno";"https://woolf.hr/kingsmith-masazer-za-vrat-i-ramena-proizvod-12599/"
"sm-001290";"KingSmith KingSmith multifunkcionalna klupa za vježbu - ultimate model";"KingSmith";"Fitnes - SPRAVE I DODACI";"549,00";"549,00";"";"";"Dostupno";"https://woolf.hr/kingsmith-multifunkcionalna-klupa-za-vjezbu-ultimate-model-proizvod-12475/"
"sm-001047";"KingSmith KingSmith WalkingPad C2 (S1) traka za hodanje";"KingSmith";"Fitnes - SPRAVE I DODACI - Sprave - Trake za hodanje i trčanje";"549,00";"549,00";"";"";"Dostupno";"https://woolf.hr/kingsmith-walkingpad-c2-s1-traka-za-hodanje-proizvod-12472/"
"sm-001306";"KingSmith KingSmith WalkingPad K15 traka za hodanje i trčanje (srebrna)";"KingSmith";"Fitnes - SPRAVE I DODACI - Sprave - Trake za hodanje i trčanje";"699,00";"699,00";"";"";"Dostupno";"https://woolf.hr/kingsmith-walkingpad-k15-traka-za-hodanje-i-trcanje-srebrna-proizvod-12479/"
"sm-001291";"KingSmith KingSmith WalkingPad podloga za trake za trčanje";"KingSmith";"Fitnes - SPRAVE I DODACI - Sprave - Trake za hodanje i trčanje";"39,99";"39,99";"";"";"Dostupno";"https://woolf.hr/kingsmith-walkingpad-podloga-za-trake-za-trcanje-proizvod-12530/"
"sm-001338";"KingSmith KingSmith WalkingPad R3 Hybrid+ traka za hodanje i trčanje";"KingSmith";"Fitnes - SPRAVE I DODACI - Sprave - Trake za hodanje i trčanje";"749,00";"879,00";"";"";"Dostupno";"https://woolf.hr/kingsmith-walkingpad-r3-hybrid-traka-za-hodanje-i-trcanje-proizvod-12529/"
"sm-485226";"KingSmith KingSmith WalkingPad X21 traka za hodanje i trčanje";"KingSmith";"Fitnes - SPRAVE I DODACI - Sprave - Trake za hodanje i trčanje";"899,00";"899,00";"";"";"Dostupno";"https://woolf.hr/kingsmith-walkingpad-x21-traka-za-hodanje-i-trcanje-proizvod-12537/"
"sm-001337";"KingSmith KingSmith WalkingPad X218 traka za hodanje i trčanje";"KingSmith";"Fitnes - SPRAVE I DODACI - Sprave - Trake za hodanje i trčanje";"1199,00";"1199,00";"";"";"Dostupno";"https://woolf.hr/kingsmith-walkingpad-x218-traka-za-hodanje-i-trcanje-proizvod-12494/"
"sm-001474";"KingSmith KingSmith WalkingPad X218 traka za hodanje i trčanje - Lavanda";"KingSmith";"Fitnes - SPRAVE I DODACI - Sprave - Trake za hodanje i trčanje";"1199,00";"1199,00";"";"";"Dostupno";"https://woolf.hr/kingsmith-walkingpad-x218-traka-za-hodanje-i-trcanje-lavanda-proizvod-12620/"
"sm-001046";"KingSmith KingSmith WR1 sklopiva sprava za veslanje";"KingSmith";"Fitnes - SPRAVE I DODACI - Sprave - Sprave za veslanje";"599,00";"599,00";"";"";"Dostupno";"https://woolf.hr/kingsmith-wr1-sklopiva-sprava-za-veslanje-proizvod-12453/"
"371450";"KINGSMITH TRAKA ZA HODANJE   Walkingpad A1PRO";"KINGSMITH";"Fitnes - SPRAVE I DODACI - Sprave - Trake za hodanje i trčanje";"499,00";"499,00";"";"";"Dostupno";"https://woolf.hr/traka-za-hodanje-walkingpad-a1pro-proizvod-12168/"
"001047";"KINGSMITH TRAKA ZA HODANJE   Walkingpad C2(S1)";"KINGSMITH";"Fitnes - SPRAVE I DODACI - Sprave - Trake za hodanje i trčanje";"449,00";"549,00";"";"";"Dostupno";"https://woolf.hr/traka-za-hodanje-walkingpad-c2s1-proizvod-12169/"
"001347";"KINGSMITH TRAKA ZA HODANJE WALKING PAD Z1";"KINGSMITH";"Fitnes - SPRAVE I DODACI - Sprave - Trake za hodanje i trčanje";"499,00";"499,00";"";"";"Dostupno";"https://woolf.hr/traka-hodanje-walking-pad-z1-proizvod-12423/"
"9421_PINKI";"KLIN DJEČJE TENISICE";"KLIN";"Dječje - Obuća - Tenisice";"18,99";"29,07";"24";"pink";"Dostupno";"https://woolf.hr/djecje-tenisice-proizvod-5254/"
"TRLOL22_42_BLUE";"L.O.L. TENISICE L O L";"L.O.L.";"Dječje - Obuća - Tenisice";"12,99";"19,78";"33";"plava";"Dostupno";"https://woolf.hr/tenisice-l-o-l-proizvod-8109/"
"DBS9139_BEIGE";"La Bottine Souriante CIPELE";"La Bottine Souriante";"Žensko - Obuća - Cipele";"22,99";"25,99";"38";"bez";"Dostupno";"https://woolf.hr/cipele-proizvod-10900/"
"BKKX7110_BLACK";"La Bottine Souriante GLEŽNJAČE";"La Bottine Souriante";"Žensko - Obuća - Gležnjače";"21,99";"41,99";"36, 37, 38, 39, 40, 41";"crna";"Dostupno";"https://woolf.hr/gleznjace-proizvod-11088/"
"V261_WHITE";"LEON ANATOMSKE KLOMPE";"LEON";"Žensko - Obuća - Anatomska obuća";"37,99";"46,99";"36, 37, 39, 40, 42";"bijela";"Dostupno";"https://woolf.hr/anatomske-klompe-proizvod-2295/"
"V261_BLACK";"LEON ANATOMSKE KLOMPE";"LEON";"Žensko - Obuća - Anatomska obuća";"37,99";"46,99";"38, 39, 40";"crna";"Dostupno";"https://woolf.hr/anatomske-klompe-proizvod-2297/"
"V261_PERLA";"LEON ANATOMSKE KLOMPE";"LEON";"Žensko - Obuća - Anatomska obuća";"37,99";"46,99";"38, 39, 40";"pink";"Dostupno";"https://woolf.hr/anatomske-klompe-proizvod-2298/"
"3200_WHITE";"LEON ANATOMSKE KLOMPE";"LEON";"Žensko - Obuća - Anatomska obuća - Klompe";"39,99";"51,99";"36, 37, 38, 40, 41";"bijela";"Dostupno";"https://woolf.hr/anatomske-klompe-proizvod-3202/"
"3200_BLACK";"LEON ANATOMSKE KLOMPE";"LEON";"Žensko - Obuća - Anatomska obuća - Klompe";"39,99";"51,99";"36, 37, 38, 39, 40, 41";"crna";"Dostupno";"https://woolf.hr/anatomske-klompe-proizvod-3286/"
"V261_BLACK_FLOWER";"LEON ANATOMSKE KLOMPE";"LEON";"Žensko - Obuća - Anatomska obuća - Klompe";"29,99";"43,67";"37";"crna";"Dostupno";"https://woolf.hr/anatomske-klompe-proizvod-3753/"
"V260_WHITE";"LEON ANATOMSKE KLOMPE";"LEON";"Žensko - Obuća - Anatomska obuća - Natikače";"37,99";"47,99";"37, 38, 39, 41";"bijela";"Dostupno";"https://woolf.hr/anatomske-klompe-proizvod-3972/"
"700_M_WHITE";"LEON ANATOMSKE KLOMPE";"LEON";"Muško - Obuća - Anatomska obuća - Klompe";"39,99";"45,99";"41, 42, 43, 44, 45, 46, 47, 48";"bijela";"Dostupno";"https://woolf.hr/anatomske-klompe-proizvod-3973/"
"V260_PERLA";"LEON ANATOMSKE KLOMPE";"LEON";"Žensko - Obuća - Anatomska obuća - Klompe";"37,99";"47,99";"36, 37, 38, 39, 41, 42";"pink";"Dostupno";"https://woolf.hr/anatomske-klompe-proizvod-5975/"
"V202_PERLA_1";"LEON ANATOMSKE KLOMPE";"LEON";"Žensko - Obuća - Anatomska obuća - Klompe";"38,99";"43,67";"36, 37, 38, 41, 42";"pink";"Dostupno";"https://woolf.hr/anatomske-klompe-proizvod-5977/"
"V202_ROSE";"LEON ANATOMSKE KLOMPE";"LEON";"Žensko - Obuća - Anatomska obuća - Klompe";"36,99";"43,67";"36";"pink";"Dostupno";"https://woolf.hr/anatomske-klompe-proizvod-6474/"
"V260_BLACK";"LEON ANATOMSKE KLOMPE";"LEON";"Žensko - Obuća - Anatomska obuća - Klompe";"37,99";"47,99";"37, 38, 39";"crna";"Dostupno";"https://woolf.hr/anatomske-klompe-proizvod-8722/"
"V202_M_BLACK";"LEON ANATOMSKE KLOMPE";"LEON";"Muško - Obuća - Anatomska obuća - Klompe";"43,99";"49,99";"41, 42, 44, 45, 46";"crna";"Dostupno";"https://woolf.hr/anatomske-klompe-proizvod-8727/"
"V202_N_WHITE";"LEON ANATOMSKE KLOMPE";"LEON";"Žensko - Obuća - Anatomska obuća - Klompe";"37,99";"43,67";"36, 37, 38, 39, 40, 41";"bijela";"Dostupno";"https://woolf.hr/anatomske-klompe-proizvod-8729/"
"700_M_BLACK";"LEON ANATOMSKE KLOMPE";"LEON";"Muško - Obuća - Anatomska obuća - Klompe";"39,99";"45,99";"41, 42, 43, 45, 46, 47";"crna";"Dostupno";"https://woolf.hr/anatomske-klompe-proizvod-8730/"
"V202_M_WHITE";"LEON ANATOMSKE KLOMPE";"LEON";"Muško - Obuća - Anatomska obuća - Klompe";"43,99";"49,99";"41, 42, 43, 44, 45, 46";"bijela";"Dostupno";"https://woolf.hr/anatomske-klompe-proizvod-8850/"
"V202_N_BLACK";"LEON ANATOMSKE KLOMPE";"LEON";"Žensko - Obuća - Anatomska obuća - Klompe";"37,99";"43,67";"36, 37, 38, 39, 40, 41";"crna";"Dostupno";"https://woolf.hr/anatomske-klompe-proizvod-8851/"
"V230_WHITE";"LEON ANATOMSKE KLOMPE";"LEON";"Muško - Obuća - Anatomska obuća - Klompe";"43,99";"43,99";"42-43";"bijela";"Dostupno";"https://woolf.hr/anatomske-klompe-proizvod-8871/"
"V260_BEIGE";"LEON ANATOMSKE KLOMPE";"LEON";"Žensko - Obuća - Anatomska obuća - Klompe";"32,99";"39,99";"36";"bez";"Dostupno";"https://woolf.hr/anatomske-klompe-proizvod-9348/"
"V202_1_NAVY";"LEON ANATOMSKE KLOMPE";"LEON";"Žensko - Obuća - Anatomska obuća - Klompe";"32,99";"43,67";"36, 37";"bijela]]><![CDATA[plava";"Dostupno";"https://woolf.hr/anatomske-klompe-proizvod-9790/"
"V202_M_NAVY";"LEON ANATOMSKE KLOMPE";"LEON";"Muško - Obuća - Anatomska obuća - Klompe";"35,99";"43,67";"43, 46";"bijela]]><![CDATA[plava";"Dostupno";"https://woolf.hr/anatomske-klompe-proizvod-9791/"
"1024_BLACK";"LEON ANATOMSKE KLOMPE";"LEON";"Žensko - Obuća - Anatomska obuća - Klompe";"41,99";"46,99";"39, 41";"crna";"Dostupno";"https://woolf.hr/anatomske-klompe-proizvod-10142/"
"1024_WHITE";"LEON ANATOMSKE KLOMPE";"LEON";"Žensko - Obuća - Anatomska obuća - Klompe";"41,99";"46,99";"36, 39, 41";"bijela";"Dostupno";"https://woolf.hr/anatomske-klompe-proizvod-10161/"
"3500_BLACK";"LEON ANATOMSKE KLOMPE";"LEON";"Žensko - Obuća - Anatomska obuća - Klompe";"36,99";"42,99";"36";"crna";"Dostupno";"https://woolf.hr/anatomske-klompe-proizvod-10163/"
"6005_N_BLACK";"LEON ANATOMSKE KLOMPE";"LEON";"Žensko - Obuća - Anatomska obuća - Klompe";"52,99";"57,99";"36, 38";"crna";"Dostupno";"https://woolf.hr/anatomske-klompe-proizvod-11526/"
"6005_N_WHITE";"LEON ANATOMSKE KLOMPE";"LEON";"Žensko - Obuća - Anatomska obuća - Klompe";"52,99";"57,99";"38";"bijela";"Dostupno";"https://woolf.hr/anatomske-klompe-proizvod-11527/"
"6000_1_BLACK";"LEON ANATOMSKE KLOMPE";"LEON";"Žensko - Obuća - Anatomska obuća - Klompe";"51,99";"55,99";"38, 40";"crna";"Dostupno";"https://woolf.hr/anatomske-klompe-proizvod-11530/"
"6000_1_WHITE";"LEON ANATOMSKE KLOMPE";"LEON";"Žensko - Obuća - Anatomska obuća - Klompe";"51,99";"55,99";"36, 39, 40, 41";"bijela";"Dostupno";"https://woolf.hr/anatomske-klompe-proizvod-11531/"
"V263_1_PINK";"LEON ANATOMSKE KLOMPE";"LEON";"Žensko - Obuća - Anatomska obuća - Klompe";"34,99";"42,99";"36, 37";"pink";"Dostupno";"https://woolf.hr/anatomske-klompe-proizvod-11532/"
"3200_N_PERLA";"LEON ANATOMSKE KLOMPE";"LEON";"Žensko - Obuća - Anatomska obuća - Klompe";"39,99";"51,99";"37, 39";"srebrna";"Dostupno";"https://woolf.hr/anatomske-klompe-proizvod-11744/"
"3500_N_BLACK";"LEON ANATOMSKE KLOMPE";"LEON";"Žensko - Obuća - Anatomska obuća - Klompe";"39,99";"44,99";"37, 38";"crna";"Dostupno";"https://woolf.hr/anatomske-klompe-proizvod-11953/"
"3500_N_WHITE";"LEON ANATOMSKE KLOMPE";"LEON";"Žensko - Obuća - Anatomska obuća - Klompe";"39,99";"44,99";"37";"bijela";"Dostupno";"https://woolf.hr/anatomske-klompe-proizvod-11954/"
"300_PERLA";"LEON ANATOMSKE KLOMPE";"LEON";"Žensko - Obuća - Anatomska obuća - Klompe";"44,99";"49,99";"38, 39";"srebrna";"Dostupno";"https://woolf.hr/anatomske-klompe-proizvod-12011/"
"300_WHITE";"LEON ANATOMSKE KLOMPE";"LEON";"Žensko - Obuća - Anatomska obuća - Klompe";"44,99";"49,99";"37, 38, 39, 40, 41";"bijela";"Dostupno";"https://woolf.hr/anatomske-klompe-proizvod-12078/"
"300M_BLACK";"LEON ANATOMSKE KLOMPE";"LEON";"Muško - Obuća - Anatomska obuća - Klompe";"44,99";"48,99";"41, 44, 45, 46, 47, 48";"crna";"Dostupno";"https://woolf.hr/anatomske-klompe-proizvod-12149/"
"300M_WHITE";"LEON ANATOMSKE KLOMPE";"LEON";"Muško - Obuća - Anatomska obuća - Klompe";"44,99";"48,99";"41, 42, 43, 44, 45, 46, 47";"bijela";"Dostupno";"https://woolf.hr/anatomske-klompe-proizvod-12150/"
"V202_GREEN";"LEON ANATOMSKE KLOMPE";"LEON";"Žensko - Obuća - Anatomska obuća - Klompe";"35,99";"43,67";"36, 37, 38, 39, 40, 41";"zelena";"Dostupno";"https://woolf.hr/anatomske-klompe-proizvod-12418/"
"300_BLACK";"LEON ANATOMSKE KLOMPE";"LEON";"Žensko - Obuća - Anatomska obuća - Klompe";"44,99";"49,99";"36, 37, 38, 39, 40, 41";"crna";"Dostupno";"https://woolf.hr/anatomske-klompe-proizvod-12770/"
"V202_GREEPEARL";"LEON ANATOMSKE KLOMPE";"LEON";"Žensko - Obuća - Anatomska obuća - Klompe";"39,99";"49,99";"36, 37, 38, 39, 41";"zelena";"Dostupno";"https://woolf.hr/anatomske-klompe-proizvod-12818/"
"PU_100_36_41blk";"LEON KOŽNE ANATOMSKE KLOMPE";"LEON";"Žensko - Obuća - Anatomska obuća - Klompe";"31,99";"33,99";"36, 38, 39, 40, 41";"crna";"Dostupno";"https://woolf.hr/kozna-anatomska-klompa-proizvod-471/"
"PU_100_36_41wht";"LEON KOŽNE ANATOMSKE KLOMPE";"LEON";"Žensko - Obuća - Anatomska obuća - Klompe";"31,99";"33,99";"36, 37, 39, 40, 41";"bijela";"Dostupno";"https://woolf.hr/kozna-anatomska-klompa-proizvod-472/"
"PU_100_MINT";"LEON KOŽNE ANATOMSKE KLOMPE";"LEON";"Žensko - Obuća - Anatomska obuća - Klompe";"31,99";"33,99";"36, 37, 38, 41, 42";"zelena";"Dostupno";"https://woolf.hr/kozne-anatomske-klompe-proizvod-7030/"
"PU101_BROWN";"LEON KOŽNE ANATOMSKE KLOMPE";"LEON";"Žensko - Obuća - Anatomska obuća - Klompe";"24,99";"33,05";"36";"smeda";"Dostupno";"https://woolf.hr/kozne-anatomske-klompe-proizvod-7200/"
"4250_BLACK";"LEON KOŽNE ANATOMSKE KLOMPE";"LEON";"Žensko - Obuća - Anatomska obuća - Klompe";"44,99";"49,99";"38, 39, 40";"crna";"Dostupno";"https://woolf.hr/kozne-anatomske-klompe-proizvod-7451/"
"PU100_M_BLACK";"LEON KOŽNE ANATOMSKE KLOMPE";"LEON";"Muško - Obuća - Anatomska obuća - Klompe";"33,99";"36,99";"41, 43, 44, 45, 46";"crna";"Dostupno";"https://woolf.hr/kozne-anatomske-klompe-proizvod-8718/"
"PU_100_M_WHITE";"LEON KOŽNE ANATOMSKE KLOMPE";"LEON";"Muško - Obuća - Anatomska obuća - Klompe";"33,99";"36,99";"41, 42, 43, 44, 45";"bijela";"Dostupno";"https://woolf.hr/kozne-anatomske-klompe-proizvod-8719/"
"1250_N_BLACK";"LEON KOŽNE ANATOMSKE KLOMPE";"LEON";"Muško - Obuća - Anatomska obuća - Klompe";"39,99";"46,99";"38";"crna";"Dostupno";"https://woolf.hr/kozne-anatomske-klompe-proizvod-8721/"
"902_BLUE";"LEON KOŽNE ANATOMSKE KLOMPE";"LEON";"Žensko - Obuća - Anatomska obuća - Klompe";"44,99";"49,99";"36, 38, 39, 40, 41";"plava";"Dostupno";"https://woolf.hr/kozne-anatomske-klompe-proizvod-8735/"
"902_RED";"LEON KOŽNE ANATOMSKE KLOMPE";"LEON";"Žensko - Obuća - Anatomska obuća - Klompe";"44,99";"49,99";"36";"crvena";"Dostupno";"https://woolf.hr/kozne-anatomske-klompe-proizvod-8736/"
"912_BLACK";"LEON KOŽNE ANATOMSKE KLOMPE";"LEON";"Žensko - Obuća - Anatomska obuća - Klompe";"42,99";"48,99";"36";"crna";"Dostupno";"https://woolf.hr/kozne-anatomske-klompe-proizvod-8738/"
"953_BLUE";"LEON KOŽNE ANATOMSKE KLOMPE";"LEON";"Žensko - Obuća - Anatomska obuća - Klompe";"43,99";"48,99";"36, 37, 38, 41";"plava";"Dostupno";"https://woolf.hr/kozne-anatomske-klompe-proizvod-8739/"
"953_WHITE";"LEON KOŽNE ANATOMSKE KLOMPE";"LEON";"Žensko - Obuća - Anatomska obuća - Klompe";"43,99";"48,99";"36, 39";"bijela";"Dostupno";"https://woolf.hr/kozne-anatomske-klompe-proizvod-8740/"
"953_BLACK";"LEON KOŽNE ANATOMSKE KLOMPE";"LEON";"Žensko - Obuća - Anatomska obuća - Klompe";"43,99";"48,99";"36, 39";"crna";"Dostupno";"https://woolf.hr/kozne-anatomske-klompe-proizvod-8741/"
"950_WHITE";"LEON KOŽNE ANATOMSKE KLOMPE";"LEON";"Žensko - Obuća - Anatomska obuća - Klompe";"39,99";"49,99";"36, 37, 38, 39, 40, 41";"bijela";"Dostupno";"https://woolf.hr/kozne-anatomske-klompe-proizvod-8742/"
"950_PERLA";"LEON KOŽNE ANATOMSKE KLOMPE";"LEON";"Žensko - Obuća - Anatomska obuća - Klompe";"39,99";"49,99";"35, 36, 38, 39, 41";"srebrna";"Dostupno";"https://woolf.hr/kozne-anatomske-klompe-proizvod-8758/"
"PU101_N_BLACK";"LEON KOŽNE ANATOMSKE KLOMPE";"LEON";"Žensko - Obuća - Anatomska obuća - Klompe";"24,99";"35,99";"36";"crna";"Dostupno";"https://woolf.hr/kozne-anatomske-klompe-proizvod-8791/"
"360_BLACK";"LEON KOŽNE ANATOMSKE KLOMPE";"LEON";"Žensko - Obuća - Anatomska obuća - Klompe";"38,99";"47,99";"37";"crna";"Dostupno";"https://woolf.hr/kozne-anatomske-klompe-proizvod-8863/"
"360_RED";"LEON KOŽNE ANATOMSKE KLOMPE";"LEON";"Žensko - Obuća - Anatomska obuća - Klompe";"38,99";"47,99";"36";"crvena";"Dostupno";"https://woolf.hr/kozne-anatomske-klompe-proizvod-8865/"
"360_1RED";"LEON KOŽNE ANATOMSKE KLOMPE";"LEON";"Žensko - Obuća - Anatomska obuća - Klompe";"38,99";"47,99";"36";"crvena";"Dostupno";"https://woolf.hr/kozne-anatomske-klompe-proizvod-8866/"
"2019_BLACK";"LEON KOŽNE ANATOMSKE KLOMPE";"LEON";"Žensko - Obuća - Anatomska obuća - Klompe";"45,99";"53,99";"36";"crna";"Dostupno";"https://woolf.hr/kozne-anatomske-klompe-proizvod-8869/"
"5001_PERLA";"LEON KOŽNE ANATOMSKE KLOMPE";"LEON";"Žensko - Obuća - Anatomska obuća - Klompe";"44,99";"52,99";"36, 37, 38, 39, 41";"srebrna";"Dostupno";"https://woolf.hr/kozne-anatomske-klompe-proizvod-8979/"
"5001_RED";"LEON KOŽNE ANATOMSKE KLOMPE";"LEON";"Žensko - Obuća - Anatomska obuća - Klompe";"36,99";"45,99";"36";"crvena";"Dostupno";"https://woolf.hr/kozne-anatomske-klompe-proizvod-8980/"
"5001_WHITE";"LEON KOŽNE ANATOMSKE KLOMPE";"LEON";"Žensko - Obuća - Anatomska obuća - Klompe";"44,99";"52,99";"36, 37, 40, 41";"bijela";"Dostupno";"https://woolf.hr/kozne-anatomske-klompe-proizvod-8981/"
"950_BLACK";"LEON KOŽNE ANATOMSKE KLOMPE";"LEON";"Žensko - Obuća - Anatomska obuća - Klompe";"39,99";"49,99";"35, 36, 37, 39, 40, 41, 42";"crna";"Dostupno";"https://woolf.hr/kozne-anatomske-klompe-proizvod-9056/"
"900_1BLACK";"LEON KOŽNE ANATOMSKE KLOMPE";"LEON";"Žensko - Obuća - Anatomska obuća - Klompe";"36,99";"45,99";"36, 37, 38, 39, 40, 41, 42";"crna";"Dostupno";"https://woolf.hr/kozne-anatomske-klompe-proizvod-9250/"
"4250_WHITE";"LEON KOŽNE ANATOMSKE KLOMPE";"LEON";"Žensko - Obuća - Anatomska obuća - Klompe";"44,99";"49,99";"38, 39";"bijela";"Dostupno";"https://woolf.hr/kozne-anatomske-klompe-proizvod-9251/"
"5001_BLACK";"LEON KOŽNE ANATOMSKE KLOMPE";"LEON";"Žensko - Obuća - Anatomska obuća - Klompe";"44,99";"52,99";"36, 38, 39, 40, 41";"crna";"Dostupno";"https://woolf.hr/kozne-anatomske-klompe-proizvod-9255/"
"4251_MINT_SILVER";"LEON KOŽNE ANATOMSKE KLOMPE";"LEON";"Žensko - Obuća - Anatomska obuća - Klompe";"42,99";"47,99";"36, 37";"zelena";"Dostupno";"https://woolf.hr/kozne-anatomske-klompe-proizvod-9257/"
"900_1WHITE";"LEON KOŽNE ANATOMSKE KLOMPE";"LEON";"Žensko - Obuća - Anatomska obuća - Klompe";"36,99";"45,99";"36, 37, 40";"bijela";"Dostupno";"https://woolf.hr/kozne-anatomske-klompe-proizvod-9646/"
"4251_PERLA";"LEON KOŽNE ANATOMSKE KLOMPE";"LEON";"Žensko - Obuća - Anatomska obuća - Klompe";"42,99";"51,99";"36";"srebrna";"Dostupno";"https://woolf.hr/kozne-anatomske-klompe-proizvod-11068/"
"PU_100_N_PERLA";"LEON KOŽNE ANATOMSKE KLOMPE";"LEON";"Žensko - Obuća - Anatomska obuća - Klompe";"31,99";"33,99";"36, 37, 38, 40, 41, 42";"pink";"Dostupno";"https://woolf.hr/kozne-anatomske-klompe-proizvod-11546/"
"PU_100_N_SILVER";"LEON KOŽNE ANATOMSKE KLOMPE";"LEON";"Žensko - Obuća - Anatomska obuća - Klompe";"31,99";"33,99";"36, 37, 38, 39, 40, 42";"srebrna";"Dostupno";"https://woolf.hr/kozne-anatomske-klompe-proizvod-11547/"
"3300_N_BLACK";"LEON KOŽNE ANATOMSKE KLOMPE";"LEON";"Žensko - Obuća - Anatomska obuća - Klompe";"39,99";"44,99";"36, 37, 38, 39, 40, 41";"crna";"Dostupno";"https://woolf.hr/kozne-anatomske-klompe-proizvod-11745/"
"3300_N_PERLA";"LEON KOŽNE ANATOMSKE KLOMPE";"LEON";"Žensko - Obuća - Anatomska obuća - Klompe";"39,99";"44,99";"36, 37, 38, 39, 40, 41";"srebrna";"Dostupno";"https://woolf.hr/kozne-anatomske-klompe-proizvod-11746/"
"3300_N_WHITE";"LEON KOŽNE ANATOMSKE KLOMPE";"LEON";"Žensko - Obuća - Anatomska obuća - Klompe";"39,99";"44,99";"36, 37, 38, 39, 40, 41";"bijela";"Dostupno";"https://woolf.hr/kozne-anatomske-klompe-proizvod-11747/"
"912_N_WHITE";"LEON KOŽNE ANATOMSKE KLOMPE";"LEON";"Žensko - Obuća - Anatomska obuća - Klompe";"45,99";"51,99";"36";"bijela";"Dostupno";"https://woolf.hr/kozne-anatomske-klompe-proizvod-11748/"
"2022_N_MINT";"LEON KOŽNE ANATOMSKE KLOMPE";"LEON";"Žensko - Obuća - Anatomska obuća - Klompe";"44,99";"51,99";"36, 37, 38, 39, 40, 41";"zelena";"Dostupno";"https://woolf.hr/kozne-anatomske-klompe-proizvod-11749/"
"2022_N_WHITE";"LEON KOŽNE ANATOMSKE KLOMPE";"LEON";"Žensko - Obuća - Anatomska obuća - Klompe";"44,99";"51,99";"37, 38, 39, 40, 41";"bijela";"Dostupno";"https://woolf.hr/kozne-anatomske-klompe-proizvod-11750/"
"2022_N_BLACK";"LEON KOŽNE ANATOMSKE KLOMPE";"LEON";"Žensko - Obuća - Anatomska obuća - Klompe";"44,99";"51,99";"36, 37, 38, 39, 40, 41";"crna";"Dostupno";"https://woolf.hr/kozne-anatomske-klompe-proizvod-11751/"
"2022_N_SILVER";"LEON KOŽNE ANATOMSKE KLOMPE";"LEON";"Žensko - Obuća - Anatomska obuća - Klompe";"44,99";"51,99";"37, 38, 39, 41";"srebrna";"Dostupno";"https://woolf.hr/kozne-anatomske-klompe-proizvod-11752/"
"2019_N_BLACK";"LEON KOŽNE ANATOMSKE KLOMPE";"LEON";"Žensko - Obuća - Anatomska obuća - Klompe";"49,99";"54,99";"37, 41";"crna";"Dostupno";"https://woolf.hr/kozne-anatomske-klompe-proizvod-11754/"
"5002_N_PERLA";"LEON KOŽNE ANATOMSKE KLOMPE";"LEON";"Žensko - Obuća - Anatomska obuća - Klompe";"42,99";"51,99";"36, 37, 39, 40, 41";"srebrna";"Dostupno";"https://woolf.hr/kozne-anatomske-klompe-proizvod-11757/"
"5002_N_WHITE";"LEON KOŽNE ANATOMSKE KLOMPE";"LEON";"Žensko - Obuća - Anatomska obuća - Klompe";"42,99";"51,99";"36, 37, 38, 39, 41";"bijela";"Dostupno";"https://woolf.hr/kozne-anatomske-klompe-proizvod-11758/"
"5002_N_BLACK";"LEON KOŽNE ANATOMSKE KLOMPE";"LEON";"Žensko - Obuća - Anatomska obuća - Klompe";"42,99";"51,99";"36, 37, 38, 39, 40, 41";"crna";"Dostupno";"https://woolf.hr/kozne-anatomske-klompe-proizvod-11759/"
"2022_N_PERLA";"LEON KOŽNE ANATOMSKE KLOMPE";"LEON";"Žensko - Obuća - Anatomska obuća - Klompe";"44,99";"51,99";"36, 37, 38, 39, 40, 41";"srebrna";"Dostupno";"https://woolf.hr/kozne-anatomske-klompe-proizvod-11842/"
"5001_N_BLACK";"LEON KOŽNE ANATOMSKE KLOMPE";"LEON";"Žensko - Obuća - Anatomska obuća - Klompe";"44,99";"52,99";"36";"crna";"Dostupno";"https://woolf.hr/kozne-anatomske-klompe-proizvod-11951/"
"KO953_BLACK";"LEON KOŽNE ANATOMSKE KLOMPE";"LEON";"Žensko - Obuća - Anatomska obuća - Klompe";"39,99";"48,99";"37, 38";"crna";"Dostupno";"https://woolf.hr/kozne-anatomske-klompe-proizvod-12625/"
"KO2019_BLACK";"LEON KOŽNE ANATOMSKE KLOMPE";"LEON";"Žensko - Obuća - Anatomska obuća - Klompe";"49,99";"53,99";"37, 41";"crna";"Dostupno";"https://woolf.hr/kozne-anatomske-klompe-proizvod-12628/"
"KO2019_RED";"LEON KOŽNE ANATOMSKE KLOMPE";"LEON";"Žensko - Obuća - Anatomska obuća - Klompe";"49,99";"53,99";"40, 41";"crvena";"Dostupno";"https://woolf.hr/kozne-anatomske-klompe-proizvod-12629/"
"KO2019_WHITE";"LEON KOŽNE ANATOMSKE KLOMPE";"LEON";"Žensko - Obuća - Anatomska obuća - Klompe";"49,99";"54,99";"37, 39, 40";"bijela";"Dostupno";"https://woolf.hr/kozne-anatomske-klompe-proizvod-12630/"
"KO360_RED";"LEON KOŽNE ANATOMSKE KLOMPE";"LEON";"Žensko - Obuća - Anatomska obuća - Klompe";"39,99";"47,99";"36, 37, 40";"crvena";"Dostupno";"https://woolf.hr/kozne-anatomske-klompe-proizvod-12631/"
"KO360_BLUE";"LEON KOŽNE ANATOMSKE KLOMPE";"LEON";"Žensko - Obuća - Anatomska obuća - Klompe";"39,99";"47,99";"36, 37, 41, 42";"plava";"Dostupno";"https://woolf.hr/kozne-anatomske-klompe-proizvod-12632/"
"KO951_BLACK";"LEON KOŽNE ANATOMSKE KLOMPE";"LEON";"Žensko - Obuća - Anatomska obuća - Klompe";"39,99";"48,99";"36, 37, 41";"crna";"Dostupno";"https://woolf.hr/kozne-anatomske-klompe-proizvod-12633/"
"KO154_RED_W";"LEON KOŽNE ANATOMSKE KLOMPE";"LEON";"Žensko - Obuća - Anatomska obuća - Klompe";"35,99";"42,99";"37, 38, 39";"crvena";"Dostupno";"https://woolf.hr/kozne-anatomske-klompe-proizvod-12634/"
"902_BLACK";"LEON KOŽNE ANATOMSKE KLOMPE";"LEON";"Žensko - Obuća - Anatomska obuća - Klompe";"44,99";"49,99";"36, 37, 38, 39, 40, 41";"crna";"Dostupno";"https://woolf.hr/kozne-anatomske-klompe-proizvod-12771/"
"KO360_BLACK";"LEON KOŽNE ANATOMSKE KLOMPE";"LEON";"Žensko - Obuća - Anatomska obuća - Klompe";"39,99";"47,99";"36, 37";"crna";"Dostupno";"https://woolf.hr/kozne-anatomske-klompe-proizvod-12775/"
"902_WHITE";"LEON KOŽNE ANATOMSKE KLOMPE";"LEON";"Žensko - Obuća - Anatomska obuća - Klompe";"44,99";"49,99";"37, 38, 39, 40, 41";"bijela";"Dostupno";"https://woolf.hr/kozne-anatomske-klompe-proizvod-12792/"
"2023_PERLA_L";"LEON KOŽNE ANATOMSKE KLOMPE";"LEON";"Žensko - Obuća - Anatomska obuća - Klompe";"44,99";"49,99";"36, 37, 38, 39, 40, 41";"srebrna";"Dostupno";"https://woolf.hr/kozne-anatomske-klompe-proizvod-12793/"
"2023_BLACK_L";"LEON KOŽNE ANATOMSKE KLOMPE";"LEON";"Žensko - Obuća - Anatomska obuća - Klompe";"44,99";"49,99";"36, 38, 39, 40, 41";"crna";"Dostupno";"https://woolf.hr/kozne-anatomske-klompe-proizvod-12795/"
"2023_WHITE_L";"LEON KOŽNE ANATOMSKE KLOMPE";"LEON";"Žensko - Obuća - Anatomska obuća - Klompe";"44,99";"49,99";"38, 39";"bijela";"Dostupno";"https://woolf.hr/kozne-anatomske-klompe-proizvod-12819/"
"800_WHITE";"LEON KOŽNE ANATOMSKE KLOMPE";"LEON";"Dječje - Obuća - Klompe";"35,99";"42,99";"30-31";"bijela";"Dostupno";"https://woolf.hr/kozne-anatomske-klompe-proizvod-12885/"
"KO3100_WHITE";"LEON KOŽNE ANATOMSKE KLOMPE";"LEON";"Žensko - Obuća - Anatomska obuća - Klompe";"29,99";"36,99";"37";"bijela";"Dostupno";"https://woolf.hr/kozne-anatomske-klompe-proizvod-12886/"
"KO3100_BLACK";"LEON KOŽNE ANATOMSKE KLOMPE";"LEON";"Žensko - Obuća - Anatomska obuća - Klompe";"29,99";"36,99";"38";"crna";"Dostupno";"https://woolf.hr/kozne-anatomske-klompe-proizvod-12887/"
"KO950_BLUE";"LEON KOŽNE ANATOMSKE KLOMPE";"LEON";"Žensko - Obuća - Anatomska obuća - Klompe";"39,99";"48,99";"36, 37";"plava";"Dostupno";"https://woolf.hr/kozne-anatomske-klompe-proizvod-12889/"
"KOV261_BLUE";"LEON KOŽNE ANATOMSKE KLOMPE";"LEON";"Žensko - Obuća - Anatomska obuća - Klompe";"36,99";"36,99";"36, 37, 38, 39";"plava";"Dostupno";"https://woolf.hr/kozne-anatomske-klompe-proizvod-12890/"
"KOV202_PINK";"LEON KOŽNE ANATOMSKE KLOMPE";"LEON";"Žensko - Obuća - Anatomska obuća - Klompe";"32,99";"36,99";"36";"pink";"Dostupno";"https://woolf.hr/kozne-anatomske-klompe-proizvod-12891/"
"KO910_BLACK";"LEON KOŽNE NATIKAČE";"LEON";"Žensko - Obuća - Anatomska obuća - Klompe";"36,99";"43,99";"36, 39, 40, 41";"crna";"Dostupno";"https://woolf.hr/kozne-natikace-proizvod-12623/"
"KO910_WHITE";"LEON KOŽNE NATIKAČE";"LEON";"Žensko - Obuća - Anatomska obuća - Klompe";"36,99";"43,99";"40";"bijela";"Dostupno";"https://woolf.hr/kozne-natikace-proizvod-12624/"
"905_BLACK";"LEON KOŽNE NATIKAČE";"LEON";"Žensko - Obuća - Anatomska obuća - Klompe";"39,59";"43,99";"36";"crna";"Dostupno";"https://woolf.hr/kozne-natikace-proizvod-12876/"
"203397_BEIGE";"LEONARDA COMFORT ANATOMSKE KLOMPE";"LEONARDA COMFORT";"Žensko - Obuća - Anatomska obuća - Klompe";"22,99";"24,99";"37, 38, 39";"sareno";"Dostupno";"https://woolf.hr/anatomske-klompe-proizvod-10362/"
"154412_WHITE";"LEONARDA COMFORT ANATOMSKE KLOMPE";"LEONARDA COMFORT";"Žensko - Obuća - Anatomska obuća - Klompe";"26,99";"26,99";"37, 38, 39, 40, 41, 42";"zelena";"Dostupno";"https://woolf.hr/anatomske-klompe-proizvod-10585/"
"M202_3_WHITE";"LEONARDA COMFORT ANATOMSKE KLOMPE";"LEONARDA COMFORT";"Žensko - Obuća - Anatomska obuća - Klompe";"22,49";"24,99";"38";"bijela";"Dostupno";"https://woolf.hr/anatomske-klompe-proizvod-12399/"
"M202_LEPTIR";"LEONARDA COMFORT ANATOMSKE KLOMPE";"LEONARDA COMFORT";"Žensko - Obuća - Anatomska obuća - Klompe";"22,49";"24,99";"38, 40, 41";"bijela";"Dostupno";"https://woolf.hr/anatomske-klompe-proizvod-12764/"
"M202_FLOWER";"LEONARDA COMFORT ANATOMSKE KLOMPE";"LEONARDA COMFORT";"Žensko - Obuća - Anatomska obuća - Klompe";"22,49";"24,99";"39, 41";"cvjetna";"Dostupno";"https://woolf.hr/anatomske-klompe-proizvod-12766/"
"M202_1FLOWER";"LEONARDA COMFORT ANATOMSKE KLOMPE";"LEONARDA COMFORT";"Žensko - Obuća - Anatomska obuća - Klompe";"22,49";"24,99";"38";"cvjetna";"Dostupno";"https://woolf.hr/anatomske-klompe-proizvod-12817/"
"M202_LEPTIR2";"LEONARDA COMFORT ANATOMSKE KLOMPE";"LEONARDA COMFORT";"Žensko - Obuća - Anatomska obuća - Klompe";"22,99";"24,99";"41";"cvjetna";"Dostupno";"https://woolf.hr/anatomske-klompe-proizvod-12839/"
"M202_LEPTIR3";"LEONARDA COMFORT ANATOMSKE KLOMPE";"LEONARDA COMFORT";"Žensko - Obuća - Anatomska obuća - Klompe";"22,99";"24,99";"37, 38, 39, 40, 41";"cvjetna";"Dostupno";"https://woolf.hr/anatomske-klompe-proizvod-12840/"
"M202_BLKFLOWER";"LEONARDA COMFORT ANATOMSKE KLOMPE";"LEONARDA COMFORT";"Žensko - Obuća - Anatomska obuća - Klompe";"22,99";"24,99";"37, 38, 41";"cvjetna";"Dostupno";"https://woolf.hr/anatomske-klompe-proizvod-12841/"
"203397_HEART";"LEONARDA COMFORT ANATOMSKE KLOMPE";"LEONARDA COMFORT";"Žensko - Obuća - Anatomska obuća - Klompe";"22,99";"24,99";"38, 39, 41";"sareno";"Dostupno";"https://woolf.hr/anatomske-klompe-proizvod-12842/"
"203397_GIRL";"LEONARDA COMFORT ANATOMSKE KLOMPE";"LEONARDA COMFORT";"Žensko - Obuća - Anatomska obuća - Klompe";"22,99";"24,99";"37, 38, 39, 41";"bijela";"Dostupno";"https://woolf.hr/anatomske-klompe-proizvod-12937/"
"203397_BLK";"LEONARDA COMFORT ANATOMSKE KLOMPE";"LEONARDA COMFORT";"Žensko - Obuća - Anatomska obuća - Klompe";"22,99";"24,99";"37, 38, 40, 42";"crna";"Dostupno";"https://woolf.hr/anatomske-klompe-proizvod-12938/"
"M202_LEPTIR4";"LEONARDA COMFORT ANATOMSKE KLOMPE";"LEONARDA COMFORT";"Žensko - Obuća - Anatomska obuća - Klompe";"22,49";"24,99";"37, 38, 39, 40, 41";"sareno";"Dostupno";"https://woolf.hr/anatomske-klompe-proizvod-12950/"
"99966_BLACK";"LET GET SANDALE";"LET GET";"Žensko - Obuća - Sandale";"19,99";"23,99";"37, 38";"crna";"Dostupno";"https://woolf.hr/sandale-proizvod-10599/"
"B9350_BLACK";"LET GET SANDALE";"LET GET";"Žensko - Obuća - Sandale";"23,99";"27,99";"37";"crna";"Dostupno";"https://woolf.hr/sandale-proizvod-10606/"
"6204_WHITE";"LIBER LIGHT KLOMPE";"LIBER LIGHT";"Žensko - Obuća - Anatomska obuća - Klompe";"25,99";"29,90";"36, 37, 41";"bijela";"Dostupno";"https://woolf.hr/klompe-proizvod-12776/"
"6204_BLACK";"LIBER LIGHT KLOMPE";"LIBER LIGHT";"Žensko - Obuća - Anatomska obuća - Klompe";"25,99";"29,90";"36, 37, 40, 41";"crna";"Dostupno";"https://woolf.hr/klompe-proizvod-12777/"
"6204_BEIGE";"LIBER LIGHT KLOMPE";"LIBER LIGHT";"Žensko - Obuća - Anatomska obuća - Klompe";"25,99";"29,90";"36, 40, 41";"bez";"Dostupno";"https://woolf.hr/klompe-proizvod-12778/"
"6204_BLUE";"LIBER LIGHT KLOMPE";"LIBER LIGHT";"Žensko - Obuća - Anatomska obuća - Klompe";"25,99";"29,90";"38";"plava";"Dostupno";"https://woolf.hr/klompe-proizvod-12911/"
"253_N_BEIGE";"LIBER LIGHT KOŽNE NATIKAČE";"LIBER LIGHT";"Žensko - Obuća - Natikače";"24,99";"32,99";"37, 38, 41";"bez";"Dostupno";"https://woolf.hr/kozne-natikace-proizvod-8732/"
"253_N_BLUE";"LIBER LIGHT KOŽNE NATIKAČE";"LIBER LIGHT";"Žensko - Obuća - Natikače";"24,99";"32,99";"37";"plava";"Dostupno";"https://woolf.hr/kozne-natikace-proizvod-8733/"
"253_N_BLACK";"LIBER LIGHT KOŽNE NATIKAČE";"LIBER LIGHT";"Žensko - Obuća - Natikače";"24,99";"32,99";"36, 37";"crna";"Dostupno";"https://woolf.hr/kozne-natikace-proizvod-8734/"
"1468_BLACK";"LIBER LIGHT KOŽNE NATIKAČE";"LIBER LIGHT";"Žensko - Obuća - Papuče";"22,99";"30,39";"36";"crna";"Dostupno";"https://woolf.hr/kozne-natikace-proizvod-9125/"
"23438_BORDO";"LIBER LIGHT KOŽNE NATIKAČE";"LIBER LIGHT";"Žensko - Obuća - Papuče";"24,99";"27,99";"36";"bordo";"Dostupno";"https://woolf.hr/kozne-natikace-proizvod-10834/"
"10615_PINK";"LIBERTY PAPUČE ZA VODU";"LIBERTY";"Dječje - Obuća - Papuče - Papuče za vodu";"9,99";"11,99";"21, 25, 28, 33, 34";"pink";"Dostupno";"https://woolf.hr/papuce-za-vodu-proizvod-10398/"
"10615_GREEN";"LIBERTY PAPUČE ZA VODU";"LIBERTY";"Dječje - Obuća - Papuče - Papuče za vodu";"9,99";"11,99";"20, 28, 29, 33";"zelena";"Dostupno";"https://woolf.hr/papuce-za-vodu-proizvod-10399/"
"10615_BLUE";"LIBERTY PAPUČE ZA VODU";"LIBERTY";"Dječje - Obuća - Papuče - Papuče za vodu";"9,99";"11,99";"20, 34";"plava";"Dostupno";"https://woolf.hr/papuce-za-vodu-proizvod-10400/"
"10615_PURPLE";"LIBERTY PAPUČE ZA VODU";"LIBERTY";"Dječje - Obuća - Papuče - Papuče za vodu";"9,99";"11,99";"20, 21, 28, 29, 30";"ljubicasta";"Dostupno";"https://woolf.hr/papuce-za-vodu-proizvod-10401/"
"10989_BLACK";"LIBERTY PAPUČE ZA VODU";"LIBERTY";"Muško - Obuća - Papuče - Papuče za vodu";"9,99";"12,99";"45, 46";"crna";"Dostupno";"https://woolf.hr/papuce-za-vodu-proizvod-10404/"
"10615_PINKY";"LIBERTY PAPUČE ZA VODU";"LIBERTY";"Dječje - Obuća - Papuče - Papuče za vodu";"9,99";"11,99";"28";"pink";"Dostupno";"https://woolf.hr/papuce-za-vodu-proizvod-11618/"
"11448_BLUE";"LIBERTY PAPUČE ZA VODU";"LIBERTY";"Muško - Obuća - Papuče - Papuče za vodu";"9,99";"14,99";"41, 42, 43, 44, 45, 46";"plava";"Dostupno";"https://woolf.hr/papuce-za-vodu-proizvod-12878/"
"11448_BLACK";"LIBERTY PAPUČE ZA VODU";"LIBERTY";"Muško - Obuća - Papuče - Papuče za vodu";"9,99";"14,99";"41, 45, 46";"crna";"Dostupno";"https://woolf.hr/papuce-za-vodu-proizvod-12879/"
"11448_D_BLUE";"LIBERTY PAPUČE ZA VODU";"LIBERTY";"Muško - Obuća - Papuče - Papuče za vodu";"9,99";"14,99";"41, 42, 44, 45, 46";"plava";"Dostupno";"https://woolf.hr/papuce-za-vodu-proizvod-12880/"
"11449_PINK";"LIBERTY PAPUČE ZA VODU";"LIBERTY";"Žensko - Obuća - Papuče - Papuče za vodu";"9,99";"15,99";"37, 41";"pink";"Dostupno";"https://woolf.hr/papuce-za-vodu-proizvod-12881/"
"11449_GREEN";"LIBERTY PAPUČE ZA VODU";"LIBERTY";"Žensko - Obuća - Papuče - Papuče za vodu";"9,99";"15,99";"37, 38, 41";"zelena";"Dostupno";"https://woolf.hr/papuce-za-vodu-proizvod-12882/"
"11449_BLACK";"LIBERTY PAPUČE ZA VODU";"LIBERTY";"Žensko - Obuća - Papuče - Papuče za vodu";"9,99";"15,99";"36";"crna";"Dostupno";"https://woolf.hr/papuce-za-vodu-proizvod-12883/"
"11449_LILA";"LIBERTY PAPUČE ZA VODU";"LIBERTY";"Žensko - Obuća - Papuče - Papuče za vodu";"9,99";"15,99";"36, 37, 41";"ljubicasta";"Dostupno";"https://woolf.hr/papuce-za-vodu-proizvod-12884/"
"590561_NAVY";"LICO TENISICE FLOW VS";"LICO";"Dječje - Obuća - Tenisice";"19,99";"39,68";"28, 29";"pink]]><![CDATA[plava";"Dostupno";"https://woolf.hr/tenisice-flow-vs-proizvod-8092/"
"590543_GREEN";"LICO TENISICE NAPIER VS";"LICO";"Dječje - Obuća - Tenisice";"19,99";"39,68";"31, 32";"plava]]><![CDATA[zelena";"Dostupno";"https://woolf.hr/tenisice-napier-vs-proizvod-8089/"
"590553_PINK";"LICO TENISICE SERENT VS";"LICO";"Dječje - Obuća - Tenisice";"19,99";"39,68";"32";"pink]]><![CDATA[plava";"Dostupno";"https://woolf.hr/tenisice-serent-vs-proizvod-8088/"
"590592_BLUE";"LICO TENISICE SKIP VS";"LICO";"Dječje - Obuća - Tenisice";"18,99";"33,05";"31, 32";"narancasta]]><![CDATA[plava";"Dostupno";"https://woolf.hr/tenisice-skip-vs-proizvod-8094/"
"2400350U_BLACK";"LOTTO GLEŽNJAČE MAEMOORE MID";"LOTTO";"Žensko - Obuća - Gležnjače";"45,99";"49,99";"36";"crna";"Dostupno";"https://woolf.hr/gleznjace-maemoore-mid-proizvod-11262/"
"LTF241B111_01";"LOTTO KOPAČKE ALFFA";"LOTTO";"Dječje - Obuća - Tenisice - Kopačke";"32,99";"42,99";"29, 36";"crna]]><![CDATA[zuta";"Dostupno";"https://woolf.hr/kopacke-alffa-proizvod-10110/"
"LTF241B117_64";"LOTTO KOPAČKE MEDO";"LOTTO";"Dječje - Obuća - Tenisice - Kopačke";"32,99";"39,99";"29, 33";"crna]]><![CDATA[zelena";"Dostupno";"https://woolf.hr/kopacke-medo-proizvod-11090/"
"LTF241M125_64";"LOTTO KOPAČKE MEDO";"LOTTO";"Muško - Obuća - Tenisice - Kopačke";"39,99";"44,99";"46";"zelena";"Dostupno";"https://woolf.hr/kopacke-medo-proizvod-11092/"
"FLYDE_BLK_WHT";"LOTTO NATIKAČE";"LOTTO";"Žensko - Obuća - Natikače";"18,99";"21,99";"36, 37, 38";"crna";"Dostupno";"https://woolf.hr/natikace-proizvod-12663/"
"SLAY_BEIGE";"LOTTO NATIKAČE";"LOTTO";"Žensko - Obuća - Natikače";"16,99";"20,99";"36, 37, 42";"bez";"Dostupno";"https://woolf.hr/natikace-proizvod-12664/"
"LTF261F401_WHITE";"LOTTO NATIKAČE BIMINI";"LOTTO";"Žensko - Obuća - Natikače";"16,99";"21,99";"36, 37, 41";"bijela";"Dostupno";"https://woolf.hr/natikace-bimini-proizvod-12852/"
"LTF261F401_LILA";"LOTTO NATIKAČE BIMINI";"LOTTO";"Žensko - Obuća - Natikače";"16,99";"21,99";"36, 37, 39";"ljubicasta";"Dostupno";"https://woolf.hr/natikace-bimini-proizvod-12853/"
"LTF241G404_46";"LOTTO NATIKAČE SHELL";"LOTTO";"Dječje - Obuća - Natikače";"9,99";"16,99";"30, 31, 33";"ljubicasta]]><![CDATA[narancasta]]><![CDATA[pink";"Dostupno";"https://woolf.hr/natikace-shell-proizvod-10282/"
"2600710K_NAVY";"LOTTO SANDALE MOTEMA";"LOTTO";"Dječje - Obuća - Sandale";"24,99";"28,99";"30, 31, 32";"plava";"Dostupno";"https://woolf.hr/sandale-motema-proizvod-11339/"
"RAYSE_BLACK";"LOTTO TENISICE";"LOTTO";"Žensko - Obuća - Tenisice";"39,99";"48,99";"36, 37, 38, 39, 41, 44, 46";"crna";"Dostupno";"https://woolf.hr/tenisice-proizvod-12665/"
"RELAZIO_TAUPE_SAND";"LOTTO TENISICE";"LOTTO";"Žensko - Obuća - Tenisice";"35,90";"43,99";"36, 37, 39, 40, 41";"bez";"Dostupno";"https://woolf.hr/tenisice-proizvod-12666/"
"RELAZIO_BLACK_GREY";"LOTTO TENISICE";"LOTTO";"Muško - Obuća - Tenisice";"35,90";"43,99";"42, 44, 45, 46";"crna";"Dostupno";"https://woolf.hr/tenisice-proizvod-12667/"
"CONNECT_BLK_GREY";"LOTTO TENISICE";"LOTTO";"Muško - Obuća - Tenisice";"35,99";"39,99";"42";"crna";"Dostupno";"https://woolf.hr/tenisice-proizvod-12668/"
"CONNECT_RED_WHT";"LOTTO TENISICE";"LOTTO";"Muško - Obuća - Tenisice";"35,99";"39,99";"44, 45, 46";"crvena";"Dostupno";"https://woolf.hr/tenisice-proizvod-12669/"
"CONNECT_BLACK_WHT";"LOTTO TENISICE";"LOTTO";"Muško - Obuća - Tenisice";"35,99";"39,99";"42, 45";"crna";"Dostupno";"https://woolf.hr/tenisice-proizvod-12676/"
"2400571U_BLACK";"LOTTO TENISICE AKIMOTO OC";"LOTTO";"Muško - Obuća - Tenisice";"39,00";"59,99";"39";"crna";"Dostupno";"https://woolf.hr/tenisice-akimoto-oc-proizvod-11337/"
"LTF243B101_02";"LOTTO TENISICE BATY";"LOTTO";"Dječje - Obuća - Tenisice";"32,99";"41,99";"32, 33";"plava";"Dostupno";"https://woolf.hr/tenisice-baty-proizvod-11093/"
"LTF231M101_62";"LOTTO TENISICE BLUR";"LOTTO";"Muško - Obuća - Tenisice";"39,00";"54,99";"40";"crna";"Dostupno";"https://woolf.hr/tenisice-blur-proizvod-8751/"
"1060_WHITE_G";"LOTTO TENISICE BURGAS";"LOTTO";"Dječje - Obuća - Tenisice";"19,99";"29,99";"26, 32, 33";"bijela]]><![CDATA[zelena";"Dostupno";"https://woolf.hr/tenisice-burgas-proizvod-10880/"
"1082_WHITE";"LOTTO TENISICE BURGAS";"LOTTO";"Dječje - Obuća - Tenisice";"16,99";"29,99";"26, 28";"bijela";"Dostupno";"https://woolf.hr/tenisice-burgas-proizvod-10881/"
"1642_GREY";"LOTTO TENISICE COMBINE";"LOTTO";"Dječje - Obuća - Tenisice";"23,99";"29,99";"28";"siva";"Dostupno";"https://woolf.hr/tenisice-combine-proizvod-10761/"
"2400121U_BLACK";"LOTTO TENISICE COMBINE";"LOTTO";"Muško - Obuća - Tenisice";"35,00";"44,99";"36, 37";"crna";"Dostupno";"https://woolf.hr/tenisice-combine-proizvod-11257/"
"2600000_BLACK";"LOTTO TENISICE CONNECT";"LOTTO";"Dječje - Obuća - Tenisice";"19,99";"28,99";"28";"bijela]]><![CDATA[crna";"Dostupno";"https://woolf.hr/tenisice-connect-proizvod-10876/"
"2600000_PINK";"LOTTO TENISICE CONNECT";"LOTTO";"Dječje - Obuća - Tenisice";"21,99";"28,99";"25, 27, 28";"bijela]]><![CDATA[pink";"Dostupno";"https://woolf.hr/tenisice-connect-proizvod-10877/"
"2400001U_WHITE";"LOTTO TENISICE CONNECT OC";"LOTTO";"Žensko - Obuća - Tenisice";"36,99";"39,99";"36";"bijela";"Dostupno";"https://woolf.hr/tenisice-connect-oc-proizvod-11270/"
"2400001X_WHITE";"LOTTO TENISICE CONNECT OC XL";"LOTTO";"Muško - Obuća - Tenisice";"38,00";"44,99";"47";"bijela";"Dostupno";"https://woolf.hr/tenisice-connect-oc-xl-proizvod-11273/"
"2400000X_GREY";"LOTTO TENISICE CONNECT XL";"LOTTO";"Muško - Obuća - Tenisice";"38,00";"44,99";"49";"siva";"Dostupno";"https://woolf.hr/tenisice-connect-xl-proizvod-11269/"
"2400001X_RED";"LOTTO TENISICE CONNECT XL";"LOTTO";"Muško - Obuća - Tenisice";"38,00";"44,99";"48, 49";"crvena";"Dostupno";"https://woolf.hr/tenisice-connect-xl-proizvod-11272/"
"220635_1H8";"LOTTO TENISICE COURT LOGO AMF XX";"LOTTO";"Muško - Obuća - Tenisice";"49,00";"69,99";"435";"crna";"Dostupno";"https://woolf.hr/tenisice-court-logo-amf-xx-proizvod-11284/"
"2600920K_NAVY";"LOTTO TENISICE DASHER";"LOTTO";"Dječje - Obuća - Tenisice";"19,99";"28,99";"29";"plava";"Dostupno";"https://woolf.hr/tenisice-dasher-proizvod-11817/"
"LTF203F101_01";"LOTTO TENISICE DEBRA";"LOTTO";"Žensko - Obuća - Gležnjače";"38,29";"48,97";"36, 37";"crna";"Dostupno";"https://woolf.hr/tenisice-debra-proizvod-8385/"
"1150_BLACK";"LOTTO TENISICE FLITTER";"LOTTO";"Žensko - Obuća - Tenisice";"26,99";"36,99";"25, 31";"crna";"Dostupno";"https://woolf.hr/tenisice-flitter-proizvod-10765/"
"LTF231G104_07";"LOTTO TENISICE FLURRY";"LOTTO";"Dječje - Obuća - Tenisice";"26,90";"34,99";"25";"crna]]><![CDATA[ljubicasta]]><![CDATA[pink";"Dostupno";"https://woolf.hr/tenisice-flurry-proizvod-8750/"
"2400330X_BLACK";"LOTTO TENISICE GROTON";"LOTTO";"Muško - Obuća - Tenisice";"39,00";"53,99";"48";"crna";"Dostupno";"https://woolf.hr/tenisice-groton-proizvod-11261/"
"LTF241F107_10";"LOTTO TENISICE HELA";"LOTTO";"Žensko - Obuća - Tenisice";"37,99";"50,99";"36, 37, 39, 41";"bijela";"Dostupno";"https://woolf.hr/tenisice-hela-proizvod-11710/"
"LTF241F107_1X";"LOTTO TENISICE HELA";"LOTTO";"Žensko - Obuća - Tenisice";"39,00";"50,99";"36";"bijela";"Dostupno";"https://woolf.hr/tenisice-hela-proizvod-11711/"
"2600341T_BLACK";"LOTTO TENISICE KETCHAM";"LOTTO";"Žensko - Obuća - Tenisice";"36,00";"47,99";"37";"crna";"Dostupno";"https://woolf.hr/tenisice-ketcham-proizvod-11791/"
"LTF231G100_03";"LOTTO TENISICE LEXI";"LOTTO";"Dječje - Obuća - Tenisice";"28,99";"39,99";"28, 29, 31, 32, 33, 35";"ljubicasta";"Dostupno";"https://woolf.hr/tenisice-lexi-proizvod-9950/"
"LTF251M109_10";"LOTTO TENISICE MARAN";"LOTTO";"Muško - Obuća - Tenisice";"39,00";"57,99";"41";"bijela";"Dostupno";"https://woolf.hr/tenisice-maran-proizvod-11713/"
"LTF241B119_64";"LOTTO TENISICE MEDO";"LOTTO";"Žensko - Obuća - Tenisice";"29,00";"44,99";"30, 32, 39";"zelena";"Dostupno";"https://woolf.hr/tenisice-medo-proizvod-11709/"
"2400340_BLACK";"LOTTO TENISICE NAHUNTA";"LOTTO";"Muško - Obuća - Tenisice";"39,00";"59,99";"40";"crna";"Dostupno";"https://woolf.hr/tenisice-nahunta-proizvod-11797/"
"2400340U_BEIGE";"LOTTO TENISICE NAHUNTA";"LOTTO";"Muško - Obuća - Tenisice";"39,99";"59,99";"40, 41, 45";"bez";"Dostupno";"https://woolf.hr/tenisice-nahunta-proizvod-11818/"
"LTF221G106_10";"LOTTO TENISICE NOLIN PS";"LOTTO";"Dječje - Obuća - Tenisice";"29,99";"32,99";"28, 29, 30, 31, 32";"bijela";"Dostupno";"https://woolf.hr/tenisice-nolin-ps-proizvod-9949/"
"5011_BLUE";"LOTTO TENISICE PACER";"LOTTO";"Dječje - Obuća - Tenisice";"19,99";"27,99";"25, 26, 28";"plava";"Dostupno";"https://woolf.hr/tenisice-pacer-proizvod-10766/"
"2400630W_BLACK";"LOTTO TENISICE PILO OC";"LOTTO";"Žensko - Obuća - Tenisice";"39,00";"48,99";"36, 37, 39, 40, 41, 42";"crna";"Dostupno";"https://woolf.hr/tenisice-pilo-oc-proizvod-11819/"
"6711_OLIVE";"LOTTO TENISICE PREHNA";"LOTTO";"Dječje - Obuća - Tenisice";"32,99";"42,99";"31, 33, 34";"zelena";"Dostupno";"https://woolf.hr/tenisice-prehna-proizvod-10879/"
"2601220K_NAVY";"LOTTO TENISICE RELATE K";"LOTTO";"Dječje - Obuća - Tenisice";"19,99";"28,99";"31";"plava";"Dostupno";"https://woolf.hr/tenisice-relate-k-proizvod-11808/"
"1041_WHITE";"LOTTO TENISICE SCOPI";"LOTTO";"Dječje - Obuća - Tenisice";"18,99";"29,99";"27, 28";"bijela]]><![CDATA[pink";"Dostupno";"https://woolf.hr/tenisice-scopi-proizvod-10760/"
"2400483_BEIGE";"LOTTO TENISICE STACKY AN";"LOTTO";"Žensko - Obuća - Tenisice";"39,00";"53,99";"41";"bez";"Dostupno";"https://woolf.hr/tenisice-stacky-an-proizvod-11796/"
"4944_PURPLE";"LOTTO TENISICE TARUVA K";"LOTTO";"Dječje - Obuća - Tenisice";"28,99";"36,99";"27";"ljubicasta";"Dostupno";"https://woolf.hr/tenisice-taruva-k-proizvod-11803/"
"LTF231M103_01";"LOTTO TENISICE TRAP";"LOTTO";"Muško - Obuća - Tenisice";"35,99";"54,99";"40, 41, 45";"bez";"Dostupno";"https://woolf.hr/tenisice-trap-proizvod-8752/"
"LTF243G103_01";"LOTTO TENISICE UTKA";"LOTTO";"Dječje - Obuća - Tenisice";"34,99";"42,99";"37";"crna";"Dostupno";"https://woolf.hr/tenisice-utka-proizvod-11095/"
"LTF251F105_82";"LOTTO TENISICE VAAL";"LOTTO";"Žensko - Obuća - Tenisice";"44,99";"50,99";"39, 40, 41";"bez";"Dostupno";"https://woolf.hr/tenisice-vaal-proizvod-11712/"
"1110_BLACK";"LOTTO TENISICE VINTAL";"LOTTO";"Žensko - Obuća - Tenisice";"28,99";"42,99";"36, 37, 40, 41";"crna";"Dostupno";"https://woolf.hr/tenisice-vintal-proizvod-10757/"
"2600120K_BLACK";"LOTTO TENISICE WHIZZER";"LOTTO";"Dječje - Obuća - Tenisice";"19,99";"28,99";"28, 31";"crna";"Dostupno";"https://woolf.hr/tenisice-whizzer-proizvod-11809/"
"LTF231M108_01";"LOTTO TENISICE ZUKO";"LOTTO";"Muško - Obuća - Tenisice";"39,99";"49,99";"44";"crna";"Dostupno";"https://woolf.hr/tenisice-zuko-proizvod-12066/"
"LB111_GRAY";"LOVE BALLERINS ANATOMSKE TENISICE";"LOVE BALLERINS";"Žensko - Obuća - Tenisice";"64,99";"69,00";"37";"siva";"Dostupno";"https://woolf.hr/anatomske-tenisice-proizvod-9763/"
"LB111_TURKUAZ";"LOVE BALLERINS ANATOMSKE TENISICE";"LOVE BALLERINS";"Žensko - Obuća - Tenisice";"64,99";"69,00";"37, 39, 40";"zelena";"Dostupno";"https://woolf.hr/anatomske-tenisice-proizvod-9764/"
"LB111_BLACK";"LOVE BALLERINS ANATOMSKE TENISICE";"LOVE BALLERINS";"Žensko - Obuća - Tenisice";"64,99";"69,00";"37";"crna";"Dostupno";"https://woolf.hr/anatomske-tenisice-proizvod-9765/"
"LB111_BLUE";"LOVE BALLERINS ANATOMSKE TENISICE";"LOVE BALLERINS";"Žensko - Obuća - Tenisice";"64,99";"69,00";"38";"plava";"Dostupno";"https://woolf.hr/anatomske-tenisice-proizvod-9766/"
"A66_BLACK";"m.t ŠKOLSKE PAPUČE";"m.t";"Dječje - Obuća - Papuče - Papuče za razred";"14,99";"14,99";"36, 37, 38, 39, 40, 41";"crna";"Dostupno";"https://woolf.hr/skolske-papuce-proizvod-11854/"
"A66_BLACKW";"m.t ŠKOLSKE PAPUČE";"m.t";"Dječje - Obuća - Papuče - Papuče za razred";"14,99";"14,99";"36, 37, 38, 39, 40, 41";"crna";"Dostupno";"https://woolf.hr/skolske-papuce-proizvod-12870/"
"A66_WHITE";"m.t ŠKOLSKE PAPUČE";"m.t";"Dječje - Obuća - Papuče - Papuče za razred";"12,99";"14,99";"36, 38, 39, 40, 41";"bijela";"Dostupno";"https://woolf.hr/skolske-papuce-proizvod-12871/"
"A66_GREY";"m.t ŠKOLSKE PAPUČE";"m.t";"Dječje - Obuća - Papuče - Papuče za razred";"14,99";"14,99";"37, 40";"siva";"Dostupno";"https://woolf.hr/skolske-papuce-proizvod-12946/"
"B142_BLACK";"MOUNTAIN TENISICE";"MOUNTAIN";"Dječje - Obuća - Tenisice";"13,99";"25,99";"32";"crna]]><![CDATA[siva";"Dostupno";"https://woolf.hr/tenisice-proizvod-9331/"
"B104_PINKI";"MOUNTAIN TENISICE";"MOUNTAIN";"Dječje - Obuća - Tenisice";"13,99";"25,99";"33, 34";"bijela]]><![CDATA[pink";"Dostupno";"https://woolf.hr/tenisice-proizvod-9334/"
"N357_3_FLOWER";"NALLAN ANATOMSKE KLOMPE";"NALLAN";"Žensko - Obuća - Anatomska obuća - Klompe";"35,99";"39,99";"37";"cvjetna";"Dostupno";"https://woolf.hr/anatomske-klompe-proizvod-11476/"
"NPF352_A14";"NALLAN ANATOMSKE KLOMPE";"NALLAN";"Žensko - Obuća - Anatomska obuća - Klompe";"24,99";"26,90";"37, 39, 40, 41, 42";"bijela";"Dostupno";"https://woolf.hr/anatomske-klompe-proizvod-12758/"
"NPF352_A15";"NALLAN ANATOMSKE KLOMPE";"NALLAN";"Žensko - Obuća - Anatomska obuća - Klompe";"24,99";"26,90";"37, 39, 40, 42";"bijela";"Dostupno";"https://woolf.hr/anatomske-klompe-proizvod-12759/"
"NPF352_A24";"NALLAN ANATOMSKE KLOMPE";"NALLAN";"Žensko - Obuća - Anatomska obuća - Klompe";"24,99";"26,90";"36, 37";"bez";"Dostupno";"https://woolf.hr/anatomske-klompe-proizvod-12760/"
"NPF352_A25";"NALLAN ANATOMSKE KLOMPE";"NALLAN";"Žensko - Obuća - Anatomska obuća - Klompe";"24,99";"26,90";"36, 40, 42";"bijela";"Dostupno";"https://woolf.hr/anatomske-klompe-proizvod-12761/"
"NPF352_A26";"NALLAN ANATOMSKE KLOMPE";"NALLAN";"Žensko - Obuća - Anatomska obuća - Klompe";"24,99";"26,90";"37, 42";"bez";"Dostupno";"https://woolf.hr/anatomske-klompe-proizvod-12762/"
"NPF352_A27";"NALLAN ANATOMSKE KLOMPE";"NALLAN";"Žensko - Obuća - Anatomska obuća - Klompe";"24,99";"26,90";"42";"bijela";"Dostupno";"https://woolf.hr/anatomske-klompe-proizvod-12763/"
"NPF380_YELLOW";"NALLAN ANATOMSKE NATIKAČE";"NALLAN";"Žensko - Obuća - Natikače";"24,99";"27,99";"37";"zuta";"Dostupno";"https://woolf.hr/anatomske-natikace-proizvod-11583/"
"NPF380_BLACK";"NALLAN ANATOMSKE NATIKAČE";"NALLAN";"Žensko - Obuća - Natikače";"24,99";"27,99";"39, 40";"crna";"Dostupno";"https://woolf.hr/anatomske-natikace-proizvod-11585/"
"NPF380_1BROWN";"NALLAN ANATOMSKE NATIKAČE";"NALLAN";"Žensko - Obuća - Natikače";"24,99";"27,99";"38";"smeda";"Dostupno";"https://woolf.hr/anatomske-natikace-proizvod-11586/"
"NPF380_2_BROWN";"NALLAN ANATOMSKE NATIKAČE";"NALLAN";"Žensko - Obuća - Natikače";"24,99";"27,99";"37, 38, 39";"smeda";"Dostupno";"https://woolf.hr/anatomske-natikace-proizvod-11588/"
"NPF352_LA012_GREEN";"NALLAN ANATOMSKE NATIKAČE";"NALLAN";"Žensko - Obuća - Natikače";"24,99";"27,99";"37";"zelena";"Dostupno";"https://woolf.hr/anatomske-natikace-proizvod-11606/"
"NPF380_LA003_1GREEN";"NALLAN ANATOMSKE NATIKAČE";"NALLAN";"Žensko - Obuća - Natikače";"24,99";"27,99";"37";"zelena";"Dostupno";"https://woolf.hr/anatomske-natikace-proizvod-11608/"
"NPF352_LA012_BORDO";"NALLAN ANATOMSKE NATIKAČE";"NALLAN";"Žensko - Obuća - Natikače";"24,99";"27,99";"37";"bordo";"Dostupno";"https://woolf.hr/anatomske-natikace-proizvod-11611/"
"NPF380_LA003_WHITE";"NALLAN ANATOMSKE NATIKAČE";"NALLAN";"Žensko - Obuća - Natikače";"24,99";"27,99";"37, 38, 39, 40";"bijela";"Dostupno";"https://woolf.hr/anatomske-natikace-proizvod-11704/"
"NPF362_K_GOLDEN";"NALLAN ANATOMSKE NATIKAČE";"NALLAN";"Žensko - Obuća - Natikače";"24,99";"27,99";"42";"zlatna";"Dostupno";"https://woolf.hr/anatomske-natikace-proizvod-12746/"
"NPF380_K_GREY";"NALLAN ANATOMSKE NATIKAČE";"NALLAN";"Žensko - Obuća - Natikače";"25,19";"27,99";"37";"siva";"Dostupno";"https://woolf.hr/anatomske-natikace-proizvod-12756/"
"sm-001522";"NARWAL Narwal Flow 2 - komplet zamjenskih dijelova";"NARWAL";"Uređaji - TEHNIKA - Pametan dom - Robotski usisavači";"199,00";"199,00";"";"";"Dostupno";"https://woolf.hr/narwal-flow-2-komplet-zamjenskih-dijelova-proizvod-12822/"
"sm-001496";"NARWAL Narwal Flow 2 robotski usisivač - sivi";"NARWAL";"Uređaji - TEHNIKA - Pametan dom - Robotski usisavači";"1299,00";"1299,00";"";"";"Dostupno";"https://woolf.hr/narwal-flow-2-robotski-usisivac-sivi-proizvod-12798/"
"sm-001424";"NARWAL Narwal Freo S robotski usisivač - bijeli";"NARWAL";"Uređaji - TEHNIKA - Pametan dom - Robotski usisavači";"279,00";"279,00";"";"";"Dostupno";"https://woolf.hr/narwal-freo-s-robotski-usisivac-bijeli-proizvod-12507/"
"sm-001455";"NARWAL Narwal Freo X Plus - komplet zamjenskih dijelova";"NARWAL";"Uređaji - TEHNIKA - Pametan dom - Robotski usisavači";"129,00";"129,00";"";"";"Dostupno";"https://woolf.hr/narwal-freo-x-plus-komplet-zamjenskih-dijelova-proizvod-12647/"
"sm-001275";"NARWAL Narwal Freo X Ultra - komplet zamjenskih dijelova";"NARWAL";"Uređaji - TEHNIKA - Pametan dom - Robotski usisavači";"149,00";"149,00";"";"";"Dostupno";"https://woolf.hr/narwal-freo-x-ultra-komplet-zamjenskih-dijelova-proizvod-12605/"
"sm-001320";"NARWAL Narwal Freo Z Ultra - komplet zamjenskih dijelova";"NARWAL";"Uređaji - TEHNIKA - Pametan dom - Robotski usisavači";"169,00";"169,00";"";"";"Dostupno";"https://woolf.hr/narwal-freo-z-ultra-komplet-zamjenskih-dijelova-proizvod-12542/"
"sm-001380";"NARWAL Narwal Freo Z10 robotski usisivač - bijeli";"NARWAL";"Uređaji - TEHNIKA - Pametan dom - Robotski usisavači";"599,00";"599,00";"";"";"Dostupno";"https://woolf.hr/narwal-freo-z10-robotski-usisivac-bijeli-proizvod-12509/"
"sm-001374";"NARWAL Narwal Freo Z10 Ultra - komplet zamjenskih dijelova";"NARWAL";"Uređaji - TEHNIKA - Pametan dom - Robotski usisavači";"169,00";"169,00";"";"";"Dostupno";"https://woolf.hr/narwal-freo-z10-ultra-komplet-zamjenskih-dijelova-proizvod-12540/"
"sm-001393";"NARWAL Narwal Freo Z10 Ultra robotski usisivač - bijeli";"NARWAL";"Uređaji - TEHNIKA - Pametan dom - Robotski usisavači";"799,00";"799,00";"";"";"Dostupno";"https://woolf.hr/narwal-freo-z10-ultra-robotski-usisivac-bijeli-proizvod-12602/"
"sm-001358";"NARWAL Narwal Freo Z10 Ultra robotski usisivač - sivi";"NARWAL";"Uređaji - TEHNIKA - Pametan dom - Robotski usisavači";"799,00";"799,00";"";"";"Dostupno";"https://woolf.hr/narwal-freo-z10-ultra-robotski-usisivac-sivi-proizvod-12487/"
"sm-001333";"NARWAL Narwal sustav za automatsku izmjenu vode";"NARWAL";"Uređaji - TEHNIKA - Pametan dom - Robotski usisavači";"249,00";"249,00";"";"";"Dostupno";"https://woolf.hr/narwal-sustav-za-automatsku-izmjenu-vode-proizvod-12456/"
"6502156N";"NASLON ZA SUP";"";"Fitnes - SPRAVE I DODACI - Pribor - Kajak naslon";"7,99";"14,99";"";"";"Dostupno";"https://woolf.hr/kajak-naslon-sup-proizvod-9058/"
"6502156G";"NASLON ZA SUP";"";"Fitnes - SPRAVE I DODACI - Pribor - Kajak naslon";"7,99";"14,99";"";"zelena";"Dostupno";"https://woolf.hr/naslon-za-sup-proizvod-10194/"
"URCPP21_13_PURPLE";"NICKELODEON GUMENE ČIZME PAW PATROL";"NICKELODEON";"Dječje - Obuća - Čizme - Gumene čizme";"19,99";"23,76";"32";"ljubicasta]]><![CDATA[pink";"Dostupno";"https://woolf.hr/gumene-cizme-paw-patrol-proizvod-8373/"
"ACROLOO_12_PINK";"NICKELODEON GUMENE KLOMPE";"NICKELODEON";"Dječje - Obuća - Klompe - Gumene klompe";"6,49";"6,49";"30-31";"pink";"Dostupno";"https://woolf.hr/gumene-klompe-proizvod-7965/"
"326106_BLACK";"NOVČANIK S RFID ZAŠTITOM";"";"Žensko - Dodaci - Novčanici";"9,99";"26,41";"";"";"Dostupno";"https://woolf.hr/novcanik-s-rfid-zastitom-proizvod-7109/"
"326106_NAVY";"NOVČANIK S RFID ZAŠTITOM";"";"Žensko - Dodaci - Novčanici";"9,99";"26,41";"";"";"Dostupno";"https://woolf.hr/novcanik-s-rfid-zastitom-proizvod-7110/"
"326106_BROWN";"NOVČANIK S RFID ZAŠTITOM";"";"Žensko - Dodaci - Novčanici";"9,99";"26,41";"";"";"Dostupno";"https://woolf.hr/novcanik-s-rfid-zastitom-proizvod-7111/"
"WLFP452025_GREY";"NW AKUPRESURNA PROSTIRKA";"NW";"Fitnes - SPRAVE I DODACI";"19,99";"19,99";"";"siva";"Dostupno";"https://woolf.hr/akupresurna-prostirka-proizvod-11990/"
"WLFP452025_PURPLE";"NW AKUPRESURNA PROSTIRKA";"NW";"Fitnes - SPRAVE I DODACI";"19,99";"19,99";"";"ljubicasta";"Dostupno";"https://woolf.hr/akupresurna-prostirka-proizvod-11991/"
"WLF22_73_BLUE";"NW BABY PAPUČE 12 18 mj";"NW";"Dječje - Obuća - Papuče - Baby papuče";"5,09";"5,09";"12-18";"plava]]><![CDATA[siva";"Dostupno";"https://woolf.hr/baby-papuce-12-18-mj-proizvod-7634/"
"WLF22_73_NAVY";"NW BABY PAPUČE 12 18 mj";"NW";"Dječje - Obuća - Papuče - Baby papuče";"5,09";"5,09";"12-18";"plava]]><![CDATA[siva";"Dostupno";"https://woolf.hr/baby-papuce-12-18-mj-proizvod-7637/"
"WLF22_73_GREY2";"NW BABY PAPUČE 12 18 mj";"NW";"Dječje - Obuća - Papuče - Baby papuče";"5,09";"5,09";"12-18";"plava]]><![CDATA[siva";"Dostupno";"https://woolf.hr/baby-papuce-12-18-mj-proizvod-7638/"
"WLF22_73_GREY4";"NW BABY PAPUČE 12 18 mj";"NW";"Dječje - Obuća - Papuče - Baby papuče";"5,09";"5,09";"12-18";"plava]]><![CDATA[siva";"Dostupno";"https://woolf.hr/baby-papuce-12-18-mj-proizvod-7640/"
"1060_PURPLE";"NW BUCE";"NW";"Dječje - Obuća - Buce";"12,99";"21,10";"25";"ljubicasta";"Dostupno";"https://woolf.hr/buce-proizvod-7212/"
"1060_PINK";"NW BUCE";"NW";"Dječje - Obuća - Buce";"12,99";"21,10";"25";"pink";"Dostupno";"https://woolf.hr/buce-proizvod-7216/"
"WLFP1372025_PINK";"NW BUCE";"NW";"Dječje - Obuća - Buce";"24,99";"29,99";"33";"pink";"Dostupno";"https://woolf.hr/buce-proizvod-12304/"
"WLFP1372025_BLUE";"NW BUCE";"NW";"Dječje - Obuća - Buce";"24,99";"29,99";"31, 33";"plava";"Dostupno";"https://woolf.hr/buce-proizvod-12305/"
"WT023_600313";"NW CARBON ULOŽAK";"NW";"Žensko - Dodaci - Ulošci za cipele";"2,99";"2,99";"44-45, 46-47";"crna]]><![CDATA[zuta";"Dostupno";"https://woolf.hr/carbon-ulozak-proizvod-9721/"
"2019_92_BORDO";"NW CIPELE";"NW";"Žensko - Obuća - Cipele";"7,99";"17,12";"36";"bordo";"Dostupno";"https://woolf.hr/cipele-proizvod-3360/"
"2019_93_BLUE";"NW CIPELE";"NW";"Žensko - Obuća - Cipele";"7,99";"17,12";"36";"plava";"Dostupno";"https://woolf.hr/cipele-proizvod-3361/"
"82935_BLUE";"NW CIPELE";"NW";"Muško - Obuća - Cipele";"19,99";"30,39";"45";"plava";"Dostupno";"https://woolf.hr/muske-cipele-proizvod-3585/"
"C128C_RED";"NW CIPELE";"NW";"Žensko - Obuća - Cipele";"17,99";"26,41";"37";"crvena";"Dostupno";"https://woolf.hr/cipele-proizvod-7864/"
"1112_CRNA";"NW ČARAPE BEZ GUMICE";"NW";"Muško - Odjeća - Čarape";"2,25";"4,49";"40-42";"crna";"Dostupno";"https://woolf.hr/carape-bez-gumice-proizvod-3738/"
"1112_SIVA";"NW ČARAPE BEZ GUMICE";"NW";"Muško - Odjeća - Čarape";"2,25";"4,49";"40-42";"siva";"Dostupno";"https://woolf.hr/carape-bez-gumice-proizvod-3739/"
"11123_GREY";"NW ČARAPE BEZ GUMICE 3 PACK";"NW";"Muško - Odjeća - Čarape";"6,00";"11,99";"";"siva";"Dostupno";"https://woolf.hr/carape-bez-gumice-3-pack-proizvod-7474/"
"5971MED";"NW ČARAPE BEZ GUMICE 5 PACK";"NW";"Muško - Odjeća - Čarape";"11,99";"14,99";"39-40, 41-42, 43-44, 45-46";"crna";"Dostupno";"https://woolf.hr/carape-bez-gumice-5-pack-proizvod-12939/"
"01120_111_CRNA";"NW ČARAPE INTARZIJA";"NW";"Muško - Odjeća - Čarape";"2,19";"2,19";"40-42";"crna";"Dostupno";"https://woolf.hr/carape-intarzija-proizvod-2294/"
"3011_BLACK";"NW ČETKA LAŠTILICA";"NW";"Žensko - Dodaci - Četke za cipele";"4,99";"4,99";"";"crna";"Dostupno";"https://woolf.hr/cetka-lastilica-proizvod-10771/"
"3011_BEIGE";"NW ČETKA LAŠTILICA";"NW";"Žensko - Dodaci - Četke za cipele";"4,99";"4,99";"";"bez";"Dostupno";"https://woolf.hr/cetka-lastilica-proizvod-10772/"
"3115_MIX";"NW ČETKA ZA NUBUK I TEKSTIL";"NW";"Žensko - Dodaci - Četke za cipele";"4,99";"4,99";"";"mix";"Dostupno";"https://woolf.hr/cetka-za-nubuk-i-tekstil-proizvod-11399/"
"203053B_BEIGE";"NW GLEŽNJAČE";"NW";"Dječje - Obuća - Gležnjače";"17,99";"24,99";"32, 33";"bez";"Dostupno";"https://woolf.hr/gleznjace-proizvod-11113/"
"B850060_PINK";"NW GUMENE ČIZME";"NW";"Dječje - Obuća - Čizme - Gumene čizme";"20,99";"23,99";"29, 31";"pink";"Dostupno";"https://woolf.hr/gumene-cizme-proizvod-9300/"
"B907240_GREY";"NW GUMENE ČIZME";"NW";"Dječje - Obuća - Čizme - Gumene čizme";"20,99";"23,99";"25";"pink]]><![CDATA[siva";"Dostupno";"https://woolf.hr/gumene-cizme-proizvod-9324/"
"WLFP0230_BLUE";"NW GUMENE ČIZME";"NW";"Dječje - Obuća - Čizme - Gumene čizme";"14,99";"17,99";"31";"pink]]><![CDATA[plava";"Dostupno";"https://woolf.hr/gumene-cizme-proizvod-10299/"
"WLFP0230_PINK";"NW GUMENE ČIZME";"NW";"Dječje - Obuća - Čizme - Gumene čizme";"14,99";"17,99";"31, 34-35";"pink]]><![CDATA[plava";"Dostupno";"https://woolf.hr/gumene-cizme-proizvod-10300/"
"WLFP0230_NAVY";"NW GUMENE ČIZME";"NW";"Dječje - Obuća - Čizme - Gumene čizme";"14,99";"17,99";"31";"plava";"Dostupno";"https://woolf.hr/gumene-cizme-proizvod-10301/"
"WLFP0230_1BLUE";"NW GUMENE ČIZME";"NW";"Dječje - Obuća - Čizme - Gumene čizme";"14,99";"17,99";"32-33";"plava";"Dostupno";"https://woolf.hr/gumene-cizme-proizvod-10302/"
"Y017_GREEN";"NW GUMENE ČIZME";"NW";"Dječje - Obuća - Čizme - Gumene čizme";"17,99";"20,99";"20";"zelena";"Dostupno";"https://woolf.hr/gumene-cizme-proizvod-10840/"
"HJ76_BLACK";"NW GUMENE ČIZME";"NW";"Dječje - Obuća - Čizme - Gumene čizme";"19,99";"22,99";"20, 21";"crna";"Dostupno";"https://woolf.hr/gumene-cizme-proizvod-11318/"
"X2205_PINK";"NW GUMENE ČIZME";"NW";"Dječje - Obuća - Čizme - Gumene čizme";"19,99";"22,99";"25, 28";"pink";"Dostupno";"https://woolf.hr/gumene-cizme-proizvod-11319/"
"HJ71_PINK";"NW GUMENE ČIZME";"NW";"Dječje - Obuća - Čizme - Gumene čizme";"19,99";"22,99";"18, 19, 20, 21";"pink";"Dostupno";"https://woolf.hr/gumene-cizme-proizvod-11320/"
"HJ70_PINK";"NW GUMENE ČIZME";"NW";"Dječje - Obuća - Čizme - Gumene čizme";"19,99";"22,99";"18, 19, 21";"pink";"Dostupno";"https://woolf.hr/gumene-cizme-proizvod-11322/"
"HJ65_BLACK";"NW GUMENE ČIZME";"NW";"Dječje - Obuća - Čizme - Gumene čizme";"19,99";"22,99";"25, 26, 28";"crna";"Dostupno";"https://woolf.hr/gumene-cizme-proizvod-11323/"
"WLFP292025_BLUE";"NW GUMENE ČIZME";"NW";"Dječje - Obuća - Čizme - Gumene čizme";"14,99";"17,99";"29";"plava";"Dostupno";"https://woolf.hr/gumene-cizme-proizvod-11914/"
"WLFP342025_NAVY";"NW GUMENE ČIZME";"NW";"Žensko - Obuća - Čizme - Gumene čizme";"14,99";"16,99";"37";"plava";"Dostupno";"https://woolf.hr/gumene-cizme-proizvod-11919/"
"WLFP262025_BLUE";"NW GUMENE ČIZME";"NW";"Dječje - Obuća - Čizme - Gumene čizme";"14,99";"17,99";"30";"plava";"Dostupno";"https://woolf.hr/gumene-cizme-proizvod-11923/"
"WLFP0230_1PINK";"NW GUMENE ČIZME";"NW";"Dječje - Obuća - Čizme - Gumene čizme";"14,99";"17,99";"34, 36";"pink";"Dostupno";"https://woolf.hr/gumene-cizme-proizvod-11971/"
"WLFP1432025_NAVY";"NW GUMENE ČIZME";"NW";"Žensko - Obuća - Čizme - Gumene čizme";"16,99";"16,99";"37, 40";"plava";"Dostupno";"https://woolf.hr/gumene-cizme-proizvod-12321/"
"PLAM_BLACK";"NW GUMENE GLEŽNJAČE";"NW";"Žensko - Obuća - Gležnjače";"14,99";"14,99";"39";"crna";"Dostupno";"https://woolf.hr/gumene-gleznjace-proizvod-12080/"
"WLFP208_GREEN";"NW GUMENE KLOMPE";"NW";"Dječje - Obuća - Klompe - Gumene klompe";"3,79";"3,79";"27, 28";"plava]]><![CDATA[zelena";"Dostupno";"https://woolf.hr/gumene-klompe-proizvod-8635/"
"B859270_NAVY";"NW GUMENE KLOMPE";"NW";"Dječje - Obuća - Klompe - Gumene klompe";"8,99";"11,99";"32";"plava";"Dostupno";"https://woolf.hr/gumene-klompe-proizvod-9025/"
"WLF22_142_BROWN";"NW JAPANKE";"NW";"Žensko - Obuća - Japanke";"6,99";"7,79";"37";"smeda]]><![CDATA[zlatna";"Dostupno";"https://woolf.hr/japanke-proizvod-9203/"
"WLF22_142_TOURQUISE";"NW JAPANKE";"NW";"Žensko - Obuća - Japanke";"6,99";"7,79";"37";"plava]]><![CDATA[zelena";"Dostupno";"https://woolf.hr/japanke-proizvod-9204/"
"WLF22_142_PEACH";"NW JAPANKE";"NW";"Žensko - Obuća - Japanke";"6,99";"7,79";"37";"pink";"Dostupno";"https://woolf.hr/japanke-proizvod-9205/"
"WLF22_142_1BROWN";"NW JAPANKE";"NW";"Žensko - Obuća - Japanke";"6,99";"7,79";"37";"smeda]]><![CDATA[broncana";"Dostupno";"https://woolf.hr/japanke-proizvod-10129/"
"501_WHITE";"NW JAPANKE";"NW";"Žensko - Obuća - Japanke";"8,99";"9,99";"36";"bijela";"Dostupno";"https://woolf.hr/japanke-proizvod-11589/"
"B376_BLACK";"NW JAPANKE";"NW";"Žensko - Obuća - Japanke";"6,29";"7,99";"36";"crna";"Dostupno";"https://woolf.hr/japanke-proizvod-11739/"
"B376_PINK";"NW JAPANKE";"NW";"Žensko - Obuća - Japanke";"6,29";"7,99";"41";"pink";"Dostupno";"https://woolf.hr/japanke-proizvod-11741/"
"B376_BLUE";"NW JAPANKE";"NW";"Žensko - Obuća - Japanke";"6,29";"7,99";"36";"plava";"Dostupno";"https://woolf.hr/japanke-proizvod-11742/"
"WT023_061030";"NW JUMP DJEČJI ULOŽAK";"NW";"Dječje - Dječji dodaci - Ulošci za cipele";"1,99";"1,99";"27-28, 29-30, 31-32, 33-34";"plava";"Dostupno";"https://woolf.hr/jump-djecji-ulozak-proizvod-9724/"
"C2455_BEIGE";"NW KAPA ŠILTERICA";"NW";"Dječje - Odjeća - Kape - Šilterice";"7,99";"9,99";"";"bez]]><![CDATA[bijela";"Dostupno";"https://woolf.hr/kapa-silterica-proizvod-10433/"
"2636_NERO2";"NW KOŽNE NATIKACE";"NW";"Muško - Obuća - Natikače";"16,99";"30,39";"40";"crna";"Dostupno";"https://woolf.hr/kozne-natikace-proizvod-4948/"
"15003";"NW KOŽNE NATIKACE";"NW";"Muško - Obuća - Sandale";"24,99";"39,99";"40, 41, 42, 44, 45, 46";"crna";"Dostupno";"https://woolf.hr/kozne-natikace-proizvod-12726/"
"15005_NERO";"NW KOŽNE NATIKACE SANDALE";"NW";"Muško - Obuća - Sandale";"24,99";"39,99";"40, 42";"crna";"Dostupno";"https://woolf.hr/kozne-natikace-proizvod-12727/"
"WLF22_70_BLACK";"NW KOŽNE NATIKAČE";"NW";"Žensko - Obuća - Natikače";"24,99";"24,99";"38";"crna";"Dostupno";"https://woolf.hr/kozne-natikace-proizvod-7625/"
"WLF22_70_BEIGE";"NW KOŽNE NATIKAČE";"NW";"Žensko - Obuća - Natikače";"24,99";"24,99";"38";"bez";"Dostupno";"https://woolf.hr/kozne-natikace-proizvod-7626/"
"WLFP173_BLACK";"NW KOŽNE SANDALE";"NW";"Žensko - Obuća - Sandale";"19,99";"26,41";"37";"crna";"Dostupno";"https://woolf.hr/kozne-sandale-proizvod-8538/"
"WLFP173_BROWN";"NW KOŽNE SANDALE";"NW";"Muško - Obuća - Sandale";"24,99";"24,99";"41";"smeda";"Dostupno";"https://woolf.hr/kozne-sandale-proizvod-8539/"
"WT023_600825";"NW KOŽNI ULOŽAK";"NW";"Žensko - Dodaci - Ulošci za cipele";"2,99";"2,99";"40-41";"bez";"Dostupno";"https://woolf.hr/kozni-ulozak-proizvod-9718/"
"2578_PURPLE";"NW KUĆNE PAPUČE";"NW";"Žensko - Obuća - Papuče";"3,79";"3,79";"37";"ljubicasta";"Dostupno";"https://woolf.hr/kucne-papuce-proizvod-5414/"
"2584_RED_BLACK";"NW KUĆNE PAPUČE";"NW";"Žensko - Obuća - Papuče";"3,79";"3,79";"36-37";"crna]]><![CDATA[crvena";"Dostupno";"https://woolf.hr/kucne-papuce-proizvod-5429/"
"2585_BROWN";"NW KUĆNE PAPUČE";"NW";"Žensko - Obuća - Papuče";"3,79";"3,79";"36-37";"smeda";"Dostupno";"https://woolf.hr/kucne-papuce-proizvod-5430/"
"2587_BLACK";"NW KUĆNE PAPUČE";"NW";"Žensko - Obuća - Papuče";"3,79";"3,79";"36-37";"crna";"Dostupno";"https://woolf.hr/kucne-papuce-proizvod-5433/"
"2588_GREY";"NW KUĆNE PAPUČE";"NW";"Žensko - Obuća - Papuče";"3,79";"3,79";"36-37";"siva";"Dostupno";"https://woolf.hr/kucne-papuce-proizvod-5436/"
"2591_BLUE";"NW KUĆNE PAPUČE";"NW";"Žensko - Obuća - Papuče";"3,79";"3,79";"36-37";"plava";"Dostupno";"https://woolf.hr/kucne-papuce-proizvod-5439/"
"2591_GREEN";"NW KUĆNE PAPUČE";"NW";"Žensko - Obuća - Papuče";"3,79";"3,79";"36-37";"zelena";"Dostupno";"https://woolf.hr/kucne-papuce-proizvod-5440/"
"2592_GREY";"NW KUĆNE PAPUČE";"NW";"Žensko - Obuća - Papuče";"3,79";"3,79";"36-37";"siva";"Dostupno";"https://woolf.hr/kucne-papuce-proizvod-5441/"
"2597_RED";"NW KUĆNE PAPUČE";"NW";"Žensko - Obuća - Papuče";"3,79";"3,79";"37";"crvena]]><![CDATA[siva";"Dostupno";"https://woolf.hr/kucne-papuce-proizvod-5447/"
"2598_BLACK";"NW KUĆNE PAPUČE";"NW";"Žensko - Obuća - Papuče";"3,79";"3,79";"36-37";"crna";"Dostupno";"https://woolf.hr/kucne-papuce-proizvod-5448/"
"2610_GREY";"NW KUĆNE PAPUČE";"NW";"Žensko - Obuća - Papuče";"3,79";"3,79";"36-37";"siva";"Dostupno";"https://woolf.hr/kucne-papuce-proizvod-5461/"
"2610_NAVY";"NW KUĆNE PAPUČE";"NW";"Žensko - Obuća - Papuče";"3,79";"3,79";"36-37";"plava";"Dostupno";"https://woolf.hr/kucne-papuce-proizvod-5462/"
"2613_WHITE";"NW KUĆNE PAPUČE";"NW";"Žensko - Obuća - Papuče";"3,79";"3,79";"37";"bijela]]><![CDATA[plava]]><![CDATA[cvjetna";"Dostupno";"https://woolf.hr/kucne-papuce-proizvod-5468/"
"2612_BLUE";"NW KUĆNE PAPUČE";"NW";"Žensko - Obuća - Papuče";"3,79";"3,79";"36-37";"plava]]><![CDATA[cvjetna";"Dostupno";"https://woolf.hr/kucne-papuce-proizvod-5469/"
"2617_RED";"NW KUĆNE PAPUČE";"NW";"Žensko - Obuća - Papuče";"5,09";"5,09";"36-37";"crvena";"Dostupno";"https://woolf.hr/kucne-papuce-proizvod-5474/"
"2618_PINK_1";"NW KUĆNE PAPUČE";"NW";"Žensko - Obuća - Papuče";"5,09";"5,09";"36-37";"pink";"Dostupno";"https://woolf.hr/kucne-papuce-proizvod-5480/"
"WLF22_52_PINK";"NW KUĆNE PAPUČE";"NW";"Žensko - Obuća - Papuče";"5,09";"5,09";"37";"pink";"Dostupno";"https://woolf.hr/skolske-papuce-proizvod-7597/"
"WLF22_55_PINK";"NW KUĆNE PAPUČE";"NW";"Žensko - Obuća - Papuče - Kućne papuče";"5,09";"5,09";"37";"pink";"Dostupno";"https://woolf.hr/kucne-papuce-proizvod-7604/"
"WLF22_76_GREY";"NW KUĆNE PAPUČE";"NW";"Žensko - Obuća - Papuče";"5,99";"5,99";"37";"siva";"Dostupno";"https://woolf.hr/kucne-papuce-proizvod-7643/"
"WLF22_80_BROWN";"NW KUĆNE PAPUČE";"NW";"Žensko - Obuća - Papuče - Kućne papuče";"5,09";"5,09";"37";"bez]]><![CDATA[smeda";"Dostupno";"https://woolf.hr/kucne-papuce-proizvod-7654/"
"WLF22_80_BLACK";"NW KUĆNE PAPUČE";"NW";"Žensko - Obuća - Papuče - Kućne papuče";"5,09";"5,09";"37";"crna";"Dostupno";"https://woolf.hr/kucne-papuce-proizvod-7655/"
"WLFP82_NAVY";"NW KUĆNE PAPUČE";"NW";"Žensko - Obuća - Papuče - Kućne papuče";"5,99";"5,99";"36-37";"plava";"Dostupno";"https://woolf.hr/kucne-papuce-proizvod-8349/"
"WLFP82_PINK";"NW KUĆNE PAPUČE";"NW";"Žensko - Obuća - Papuče";"5,99";"5,99";"36-37";"pink";"Dostupno";"https://woolf.hr/kucne-papuce-proizvod-8352/"
"WLF22_85_BEIGE";"NW KUĆNE PAPUČE";"NW";"Žensko - Obuća - Papuče";"5,99";"5,99";"37";"bez";"Dostupno";"https://woolf.hr/kucne-papuce-proizvod-8353/"
"WLFP94_BORDO";"NW KUĆNE PAPUČE";"NW";"Žensko - Obuća - Papuče";"5,99";"5,99";"36-37";"bordo]]><![CDATA[siva";"Dostupno";"https://woolf.hr/kucne-papuce-proizvod-8370/"
"WLFP190_BLACK";"NW KUĆNE PAPUČE";"NW";"Muško - Obuća - Papuče";"5,99";"5,99";"41";"crna]]><![CDATA[siva";"Dostupno";"https://woolf.hr/kucne-papuce-proizvod-8562/"
"WLFP190_GREY";"NW KUĆNE PAPUČE";"NW";"Muško - Obuća - Papuče";"5,09";"5,09";"41";"siva";"Dostupno";"https://woolf.hr/kucne-papuce-proizvod-8564/"
"WLFP191_GREY";"NW KUĆNE PAPUČE";"NW";"Žensko - Obuća - Papuče";"5,09";"5,09";"37";"pink]]><![CDATA[siva";"Dostupno";"https://woolf.hr/kucne-papuce-proizvod-8565/"
"WLFP191_1GREY";"NW KUĆNE PAPUČE";"NW";"Žensko - Obuća - Papuče";"5,09";"5,09";"37, 41";"bez]]><![CDATA[siva";"Dostupno";"https://woolf.hr/kucne-papuce-proizvod-8566/"
"WLF22_80_1BROWN";"NW KUĆNE PAPUČE";"NW";"Žensko - Obuća - Papuče";"5,09";"5,09";"37";"smeda";"Dostupno";"https://woolf.hr/kucne-papuce-proizvod-8567/"
"WLF22_80_1BLACK";"NW KUĆNE PAPUČE";"NW";"Žensko - Obuća - Papuče";"5,09";"5,09";"37, 38";"crna";"Dostupno";"https://woolf.hr/kucne-papuce-proizvod-8568/"
"WLFP191_PURPLE";"NW KUĆNE PAPUČE";"NW";"Žensko - Obuća - Papuče";"5,09";"5,09";"37";"ljubicasta]]><![CDATA[pink";"Dostupno";"https://woolf.hr/kucne-papuce-proizvod-8570/"
"WLFP193_GREY";"NW KUĆNE PAPUČE";"NW";"Žensko - Obuća - Papuče";"5,09";"5,09";"37";"pink]]><![CDATA[siva";"Dostupno";"https://woolf.hr/kucne-papuce-proizvod-8571/"
"WLFP192_PINK";"NW KUĆNE PAPUČE";"NW";"Žensko - Obuća - Papuče";"5,09";"5,09";"37";"pink";"Dostupno";"https://woolf.hr/kucne-papuce-proizvod-8572/"
"WLFP076_NAVY";"NW KUĆNE PAPUČE";"NW";"Žensko - Obuća - Papuče - Kućne papuče";"12,99";"12,99";"37";"plava";"Dostupno";"https://woolf.hr/kucne-papuce-proizvod-9437/"
"WLFP0207_GREY";"NW KUĆNE PAPUČE";"NW";"Žensko - Obuća - Papuče";"9,99";"13,99";"38";"crna]]><![CDATA[siva";"Dostupno";"https://woolf.hr/kucne-papuce-proizvod-9955/"
"WLFP62025_GREY";"NW KUĆNE PAPUČE";"NW";"Žensko - Obuća - Papuče";"9,99";"9,99";"38";"siva";"Dostupno";"https://woolf.hr/kucne-papuce-proizvod-11879/"
"WLFP62025_BLUE";"NW KUĆNE PAPUČE";"NW";"Žensko - Obuća - Papuče";"9,99";"9,99";"38, 46";"plava";"Dostupno";"https://woolf.hr/kucne-papuce-proizvod-11880/"
"WLFP492025_BEIGE";"NW KUĆNE PAPUČE";"NW";"Žensko - Obuća - Papuče";"5,99";"5,99";"37, 41";"bez";"Dostupno";"https://woolf.hr/kucne-papuce-proizvod-11995/"
"WLFP492025_BORDO";"NW KUĆNE PAPUČE";"NW";"Žensko - Obuća - Papuče";"5,99";"5,99";"37";"bordo";"Dostupno";"https://woolf.hr/kucne-papuce-proizvod-11996/"
"WLFP492025_NAVY";"NW KUĆNE PAPUČE";"NW";"Žensko - Obuća - Papuče";"5,99";"5,99";"37";"plava";"Dostupno";"https://woolf.hr/kucne-papuce-proizvod-11997/"
"WLFP502025_NAVY";"NW KUĆNE PAPUČE";"NW";"Žensko - Obuća - Papuče";"5,99";"5,99";"37";"plava";"Dostupno";"https://woolf.hr/kucne-papuce-proizvod-11998/"
"0321_BLUE";"NW KUĆNE PAPUČE";"NW";"Muško - Obuća - Papuče";"10,99";"10,99";"40";"plava";"Dostupno";"https://woolf.hr/kucne-papuce-proizvod-12134/"
"3036_1_GREY";"NW KUĆNE PAPUČE";"NW";"Žensko - Obuća - Papuče";"9,99";"9,99";"41, 42";"siva";"Dostupno";"https://woolf.hr/kucne-papuce-proizvod-12174/"
"WLFP892025_BLACK";"NW KUĆNE PAPUČE";"NW";"Žensko - Obuća - Papuče";"3,99";"5,99";"37";"";"Dostupno";"https://woolf.hr/kucne-papuce-proizvod-12206/"
"WLFP892025_1_BLACK";"NW KUĆNE PAPUČE";"NW";"Žensko - Obuća - Papuče";"3,99";"5,99";"37";"crna";"Dostupno";"https://woolf.hr/kucne-papuce-proizvod-12207/"
"NIF2357_BLACK";"NW KUĆNE PAPUČE DO GLEŽNJA";"NW";"Žensko - Obuća - Papuče";"11,99";"11,99";"38, 39, 40, 41, 42, 43, 44, 45, 46";"crna";"Dostupno";"https://woolf.hr/kucne-papuce-proizvod-9658/"
"NIF2357_GREY";"NW KUĆNE PAPUČE DO GLEŽNJA";"NW";"Muško - Obuća - Papuče";"11,99";"11,99";"37, 38, 39, 40, 41, 42, 43, 44, 46";"";"Dostupno";"https://woolf.hr/kucne-papuce-do-gleznja-proizvod-12412/"
"WT023_600702";"NW LATEX ULOŽAK";"NW";"Žensko - Dodaci - Ulošci za cipele";"2,99";"2,99";"36-37, 40-41";"zelena";"Dostupno";"https://woolf.hr/latex-ulozak-proizvod-9719/"
"WT023_600030";"NW LATEX ULOŽAK";"NW";"Muško - Muški dodaci - Ulošci za cipele";"2,99";"2,99";"44-45, 46-47";"zelena";"Dostupno";"https://woolf.hr/latex-ulozak-proizvod-9722/"
"WLFP46_PINK";"NW MODNE ČIZME";"NW";"Dječje - Obuća - Čizme";"12,99";"26,41";"31";"pink";"Dostupno";"https://woolf.hr/modne-cizme-proizvod-8226/"
"WLFP47_GREY";"NW MODNE ČIZME";"NW";"Dječje - Obuća - Čizme";"12,99";"26,41";"32";"siva";"Dostupno";"https://woolf.hr/modne-cizme-proizvod-8227/"
"295685_NAVY";"NW NATIKAČE";"NW";"Dječje - Obuća - Natikače";"3,99";"7,83";"31, 32, 33, 34, 35, 36, 37";"plava";"Dostupno";"https://woolf.hr/natikace-proizvod-7103/"
"295685_GREEN";"NW NATIKAČE";"NW";"Dječje - Obuća - Natikače";"3,99";"7,83";"33, 34, 35, 36, 37";"zelena";"Dostupno";"https://woolf.hr/natikace-proizvod-7104/"
"WLF22_120_WHITE";"NW NATIKAČE";"NW";"Muško - Obuća - Natikače";"7,99";"9,16";"37";"bijela";"Dostupno";"https://woolf.hr/natikace-proizvod-7782/"
"3502117_BORDO";"NW NATIKAČE";"NW";"Žensko - Obuća - Natikače";"5,99";"5,99";"37";"bordo";"Dostupno";"https://woolf.hr/natikace-proizvod-8762/"
"WLFP031_WHITE";"NW NATIKAČE";"NW";"Muško - Obuća - Natikače";"5,99";"7,99";"41";"bijela";"Dostupno";"https://woolf.hr/natikace-proizvod-9198/"
"WLF22_100_PINKY";"NW NATIKAČE";"NW";"Dječje - Obuća - Natikače";"5,99";"5,99";"31";"pink";"Dostupno";"https://woolf.hr/natikace-proizvod-9214/"
"WLF22_100_NAVY";"NW NATIKAČE";"NW";"Dječje - Obuća - Natikače";"5,99";"5,99";"31";"plava]]><![CDATA[cvjetna";"Dostupno";"https://woolf.hr/natikace-proizvod-9215/"
"WLF22_100_1NAVY";"NW NATIKAČE";"NW";"Dječje - Obuća - Natikače";"5,99";"5,99";"31";"plava";"Dostupno";"https://woolf.hr/natikace-proizvod-9218/"
"WLF22_100_2PINK";"NW NATIKAČE";"NW";"Dječje - Obuća - Natikače";"5,99";"5,99";"31";"pink";"Dostupno";"https://woolf.hr/natikace-proizvod-9220/"
"WLF22_100_BLUE";"NW NATIKAČE";"NW";"Dječje - Obuća - Natikače";"5,99";"5,99";"31";"plava]]><![CDATA[zuta";"Dostupno";"https://woolf.hr/natikace-proizvod-9223/"
"WLF22_100_BLACK";"NW NATIKAČE";"NW";"Dječje - Obuća - Natikače";"5,99";"5,99";"31";"bijela]]><![CDATA[crna";"Dostupno";"https://woolf.hr/natikace-proizvod-9224/"
"WLFP0333_PURPLE";"NW NATIKAČE";"NW";"Dječje - Obuća - Natikače";"5,99";"5,99";"32";"ljubicasta";"Dostupno";"https://woolf.hr/natikace-proizvod-10130/"
"SFF_10_BLACK";"NW NATIKAČE";"NW";"Muško - Obuća - Natikače";"5,99";"6,99";"40, 41";"crna";"Dostupno";"https://woolf.hr/natikace-proizvod-11280/"
"WLFP52025_YELLOW";"NW NATIKAČE";"NW";"Žensko - Obuća - Papuče";"5,99";"9,99";"37";"zuta";"Dostupno";"https://woolf.hr/natikace-proizvod-11783/"
"WLFP52025_BLUE";"NW NATIKAČE";"NW";"Žensko - Obuća - Papuče";"5,99";"9,99";"37";"plava";"Dostupno";"https://woolf.hr/natikace-proizvod-11784/"
"T057_BLACKROSE";"NW NATIKAČE";"NW";"Žensko - Obuća - Natikače";"6,99";"7,99";"36";"crna";"Dostupno";"https://woolf.hr/natikace-proizvod-12803/"
"T057_ROSEPINK";"NW NATIKAČE";"NW";"Žensko - Obuća - Natikače";"6,99";"7,99";"36, 41";"pink";"Dostupno";"https://woolf.hr/natikace-proizvod-12804/"
"T057_BLACKWHITE";"NW NATIKAČE";"NW";"Žensko - Obuća - Natikače";"6,99";"7,99";"36, 37, 39, 40, 41";"crna";"Dostupno";"https://woolf.hr/natikace-proizvod-12805/"
"T057_NAVYBLUE";"NW NATIKAČE";"NW";"Žensko - Obuća - Natikače";"6,99";"7,99";"36, 37, 38, 39, 40";"plava";"Dostupno";"https://woolf.hr/natikace-proizvod-12806/"
"8940A_BLACKGREY";"NW NATIKAČE";"NW";"Muško - Obuća - Natikače";"6,99";"7,99";"41, 43";"crna";"Dostupno";"https://woolf.hr/natikace-proizvod-12807/"
"8940A_BLACKWHITE";"NW NATIKAČE";"NW";"Muško - Obuća - Natikače";"6,99";"7,99";"41, 42, 43, 44, 45";"crna";"Dostupno";"https://woolf.hr/natikace-proizvod-12808/"
"8940A_NAVYWHITE";"NW NATIKAČE";"NW";"Muško - Obuća - Natikače";"6,99";"7,99";"41, 42, 44";"crna";"Dostupno";"https://woolf.hr/natikace-proizvod-12809/"
"2681_NAVY";"NW NEPROPUSNE BUCE";"NW";"Dječje - Obuća - Buce";"19,99";"35,70";"22";"pink]]><![CDATA[plava";"Dostupno";"https://woolf.hr/buce-proizvod-5638/"
"WLFP53_NAVY";"NW NEPROPUSNE BUCE";"NW";"Dječje - Obuća - Buce";"19,99";"35,70";"24, 25, 26, 27, 28, 29";"pink]]><![CDATA[plava";"Dostupno";"https://woolf.hr/nepropusne-buce-proizvod-8238/"
"3502053_BLUE";"NW NEPROPUSNE BUCE";"NW";"Dječje - Obuća - Buce";"19,99";"35,70";"25, 29";"plava";"Dostupno";"https://woolf.hr/nepropusne-buce-proizvod-8573/"
"3502053_NAVY";"NW NEPROPUSNE BUCE";"NW";"Dječje - Obuća - Buce";"19,99";"35,70";"23, 24, 25, 26, 27, 28, 29, 30";"ljubicasta]]><![CDATA[plava";"Dostupno";"https://woolf.hr/nepropusne-buce-proizvod-8574/"
"3501944_BLUE";"NW NEPROPUSNE BUCE";"NW";"Dječje - Obuća - Buce";"19,99";"35,70";"22, 23, 24, 25";"pink]]><![CDATA[plava";"Dostupno";"https://woolf.hr/nepropusne-buce-proizvod-8586/"
"3501944_GREY";"NW NEPROPUSNE BUCE";"NW";"Dječje - Obuća - Buce";"19,99";"35,70";"25";"crna]]><![CDATA[siva";"Dostupno";"https://woolf.hr/nepropusne-buce-proizvod-8587/"
"WLFP752025_BLACK";"NW NEPROPUSNE BUCE";"NW";"Dječje - Obuća - Buce";"24,99";"29,99";"31, 33, 34";"crna";"Dostupno";"https://woolf.hr/nepropusne-buce-proizvod-12181/"
"WLFP752025_BLUE";"NW NEPROPUSNE BUCE";"NW";"Dječje - Obuća - Buce";"24,99";"29,99";"34";"plava";"Dostupno";"https://woolf.hr/nepropusne-buce-proizvod-12182/"
"WLFP812025_NAVY";"NW NEPROPUSNE BUCE";"NW";"Dječje - Obuća - Buce";"24,99";"24,99";"22";"plava";"Dostupno";"https://woolf.hr/nepropusne-buce-proizvod-12195/"
"WLFP852025_NAVY";"NW NEPROPUSNE BUCE";"NW";"Dječje - Obuća - Buce";"19,99";"19,99";"24, 25, 26, 27, 29";"plava";"Dostupno";"https://woolf.hr/nepropusne-buce-proizvod-12201/"
"WLFP862025_BLACK";"NW NEPROPUSNE BUCE";"NW";"Dječje - Obuća - Buce";"29,99";"29,99";"34";"crna";"Dostupno";"https://woolf.hr/nepropusne-buce-proizvod-12202/"
"WLFP882025_BLUE";"NW NEPROPUSNE BUCE";"NW";"Dječje - Obuća - Buce";"24,99";"29,99";"27";"plava";"Dostupno";"https://woolf.hr/nepropusne-buce-proizvod-12205/"
"WLFP752025_BEIGE";"NW NEPROPUSNE BUCE";"NW";"Dječje - Obuća - Buce";"29,99";"29,99";"35";"bez";"Dostupno";"https://woolf.hr/nepropusne-buce-proizvod-12308/"
"WLFP0420_1NAVY";"NW NEPROPUSNE GLEŽNJAČE";"NW";"Dječje - Obuća - Gležnjače";"19,99";"34,99";"30, 32";"plava";"Dostupno";"https://woolf.hr/nepropusne-gleznjace-proizvod-10972/"
"316642_N_NAVY";"NW NOSILJKA ZA BEBE";"NW";"Žensko - Dodaci - Nosiljka za bebe";"14,99";"24,99";"l-xl, s-m";"";"Dostupno";"https://woolf.hr/nosiljka-za-bebe-proizvod-11205/"
"5413_WHITE";"NW PAMUČNA SPORTSKA ČARAPA 5 PACK";"NW";"Žensko - Odjeća - Čarape";"9,99";"9,99";"43-44, 45-46";"bijela";"Dostupno";"https://woolf.hr/pamucna-sportska-carapa-5-pack-proizvod-12680/"
"5413_BLACK";"NW PAMUČNA SPORTSKA ČARAPA 5 PACK";"NW";"Muško - Odjeća - Čarape";"9,99";"9,99";"39-40, 41-42, 43-44, 45-46";"crna";"Dostupno";"https://woolf.hr/pamucna-sportska-carapa-5-pack-proizvod-12681/"
"5971Z_BLACK";"NW PAMUČNE STOPALICE 5 PACK";"NW";"Žensko - Odjeća - Čarape - Stopalice";"8,99";"8,99";"35-38, 37-42";"crna";"Dostupno";"https://woolf.hr/pamucne-stopalice-5-pack-proizvod-12682/"
"5971M_BLACK";"NW PAMUČNE STOPALICE 5 PACK";"NW";"Muško - Odjeća - Čarape - Stopalice";"8,99";"8,99";"39-42, 43-46";"crna";"Dostupno";"https://woolf.hr/pamucne-stopalice-5-pack-proizvod-12683/"
"5971MZ_WHITE";"NW PAMUČNE STOPALICE 5 PACK";"NW";"Žensko - Odjeća - Čarape - Stopalice";"8,99";"8,99";"35-38, 38-41, 39-42, 43-46";"bijela";"Dostupno";"https://woolf.hr/pamucne-stopalice-5-pack-proizvod-12684/"
"2019_39_BLACK";"NW PAPUČE";"NW";"Dječje - Obuća - Papuče - Kućne papuče";"5,09";"9,16";"31";"crna";"Dostupno";"https://woolf.hr/papuce-proizvod-3078/"
"AMY_BROWN";"NW PAPUČE";"NW";"Žensko - Obuća - Papuče";"9,09";"11,81";"37";"smeda";"Dostupno";"https://woolf.hr/zenske-papuce-proizvod-3292/"
"2019_41_GREY_1";"NW PAPUČE";"NW";"Dječje - Obuća - Papuče";"5,09";"9,16";"31";"siva";"Dostupno";"https://woolf.hr/papuce-proizvod-5399/"
"2019_40_BEIGE_1";"NW PAPUČE";"NW";"Dječje - Obuća - Papuče";"5,09";"9,16";"31";"bez]]><![CDATA[bijela";"Dostupno";"https://woolf.hr/papuce-proizvod-5402/"
"AYLA_BROWN";"NW PAPUČE";"NW";"Žensko - Obuća - Papuče";"7,79";"10,49";"37, 39";"smeda";"Dostupno";"https://woolf.hr/papuce-proizvod-5651/"
"AYLA_GREY";"NW PAPUČE";"NW";"Žensko - Obuća - Papuče";"7,79";"10,49";"37, 40";"siva";"Dostupno";"https://woolf.hr/papuce-proizvod-5652/"
"AFZAL_GREY";"NW PAPUČE";"NW";"Muško - Obuća - Papuče";"7,79";"10,49";"41";"crna]]><![CDATA[siva";"Dostupno";"https://woolf.hr/papuce-proizvod-5653/"
"AFZAL_BROWN";"NW PAPUČE";"NW";"Muško - Obuća - Papuče";"7,79";"10,49";"41";"smeda";"Dostupno";"https://woolf.hr/papuce-proizvod-5654/"
"AYLA_BLUE";"NW PAPUČE";"NW";"Žensko - Obuća - Papuče";"7,79";"10,49";"37, 38, 39";"plava]]><![CDATA[siva";"Dostupno";"https://woolf.hr/papuce-proizvod-5658/"
"WLFP196_PINK";"NW PAPUČE";"NW";"Dječje - Obuća - Papuče";"3,99";"5,09";"25";"pink";"Dostupno";"https://woolf.hr/papuce-proizvod-8609/"
"WLFP065_GREY";"NW PAPUČE";"NW";"Dječje - Obuća - Papuče - Kućne papuče";"5,09";"5,09";"31";"crna]]><![CDATA[siva";"Dostupno";"https://woolf.hr/papuce-proizvod-9422/"
"WLFP096_BLACK";"NW PAPUČE";"NW";"Žensko - Obuća - Papuče";"5,99";"5,99";"37";"crna";"Dostupno";"https://woolf.hr/papuce-proizvod-9502/"
"WLFP_73_1BLUE";"NW PAPUČE";"NW";"Dječje - Obuća - Tenisice";"10,49";"10,49";"27";"bijela]]><![CDATA[plava";"Dostupno";"https://woolf.hr/papuce-proizvod-10102/"
"2003JC_BLUE";"NW PAPUČE";"NW";"Dječje - Obuća - Papuče";"6,99";"6,99";"29, 32, 33, 34, 35";"plava";"Dostupno";"https://woolf.hr/papuce-proizvod-11156/"
"261603PL_NAVY";"NW PAPUČE";"NW";"Dječje - Obuća - Papuče - Papuče za razred";"7,99";"9,99";"20, 21, 22, 24";"plava";"Dostupno";"https://woolf.hr/papuce-proizvod-11826/"
"WLFP196_PINKI";"NW PAPUČE";"NW";"Dječje - Obuća - Papuče";"3,99";"5,99";"28, 29";"pink";"Dostupno";"https://woolf.hr/papuce-proizvod-11886/"
"WLFP196_1GREY";"NW PAPUČE";"NW";"Dječje - Obuća - Papuče";"3,99";"5,99";"27, 28, 29, 30";"siva";"Dostupno";"https://woolf.hr/papuce-proizvod-11887/"
"WLFP102025_NAVY";"NW PAPUČE";"NW";"Dječje - Obuća - Papuče";"5,99";"5,99";"27";"plava";"Dostupno";"https://woolf.hr/papuce-proizvod-11889/"
"30191_BLUE";"NW PAPUČE";"NW";"Muško - Obuća - Papuče";"9,99";"9,99";"43";"plava";"Dostupno";"https://woolf.hr/papuce-proizvod-12172/"
"30191_GREY";"NW PAPUČE";"NW";"Muško - Obuća - Papuče";"9,99";"9,99";"43";"siva";"Dostupno";"https://woolf.hr/papuce-proizvod-12173/"
"WLFP1272025_BROWN";"NW PAPUČE";"NW";"Dječje - Obuća - Papuče";"8,99";"8,99";"25";"smeda";"Dostupno";"https://woolf.hr/papuce-proizvod-12260/"
"WLFP072_2BEIGE";"NW PAPUČE";"NW";"Žensko - Obuća - Papuče";"5,99";"5,99";"40";"bez";"Dostupno";"https://woolf.hr/papuce-proizvod-12415/"
"WLFP072_BROWN";"NW PAPUČE";"NW";"Žensko - Obuća - Papuče";"5,99";"5,99";"41";"smeda";"Dostupno";"https://woolf.hr/papuce-proizvod-12416/"
"WLFP0373_PURPLE";"NW PAPUČE ZA VODU";"NW";"Dječje - Obuća - Papuče - Papuče za vodu";"6,99";"6,99";"31";"ljubicasta]]><![CDATA[plava";"Dostupno";"https://woolf.hr/papuce-za-vodu-proizvod-10490/"
"3501911_BLUE";"NW PLATNENE TENISICE";"NW";"Žensko - Obuća - Tenisice";"9,99";"16,99";"37, 38, 41";"plava";"Dostupno";"https://woolf.hr/platnene-tenisice-proizvod-8993/"
"3501911_WHITE";"NW PLATNENE TENISICE";"NW";"Muško - Obuća - Tenisice";"9,99";"16,99";"38, 39, 40, 41, 42, 43, 44";"bijela";"Dostupno";"https://woolf.hr/platnene-tenisice-proizvod-8994/"
"3501911_BLACK";"NW PLATNENE TENISICE";"NW";"Muško - Obuća - Tenisice";"9,99";"16,99";"41, 42, 43";"crna";"Dostupno";"https://woolf.hr/platnene-tenisice-proizvod-8995/"
"65025PT_A";"NW POWER TOWER";"NW";"Fitnes - SPRAVE I DODACI - Sprave - Powertower";"169,99";"199,99";"";"crna";"Dostupno";"https://woolf.hr/power-tower-proizvod-12103/"
"65025PT_B";"NW POWER TOWER";"NW";"Fitnes - SPRAVE I DODACI - Sprave - Powertower";"139,99";"199,99";"";"crna";"Dostupno";"https://woolf.hr/power-tower-proizvod-12422/"
"WT023_865012";"NW SAMOLJEPLJIVI POLUĐON";"NW";"Žensko - Dodaci - Ulošci za cipele";"2,49";"2,49";"l, m, s";"crna";"Dostupno";"https://woolf.hr/samoljepljivi-poludon-proizvod-9712/"
"WLF347_BLUE";"NW SANDALE";"NW";"Dječje - Obuća - Sandale";"7,99";"15,79";"36";"bijela]]><![CDATA[plava";"Dostupno";"https://woolf.hr/sandale-proizvod-6491/"
"F81021_BLACK";"NW SANDALE";"NW";"Žensko - Obuća - Sandale";"13,09";"18,45";"37";"crna";"Dostupno";"https://woolf.hr/sandale-proizvod-7936/"
"WLFP0332_PINK";"NW SANDALE";"NW";"Žensko - Obuća - Sandale";"15,99";"24,99";"37, 38, 39";"pink";"Dostupno";"https://woolf.hr/sandale-proizvod-10118/"
"WLFP0332_BROWN";"NW SANDALE";"NW";"Žensko - Obuća - Sandale";"15,99";"24,99";"37";"smeda";"Dostupno";"https://woolf.hr/sandale-proizvod-10120/"
"WLFP0342_NAVY";"NW SANDALE";"NW";"Dječje - Obuća - Sandale";"7,99";"15,79";"30";"crna]]><![CDATA[plava";"Dostupno";"https://woolf.hr/sandale-proizvod-10171/"
"1175_WHITE";"NW SPORTSKA ČARAPA 3 PACK";"NW";"Muško - Odjeća - Čarape";"5,50";"10,99";"43-44, 45-46";"bijela";"Dostupno";"https://woolf.hr/sportska-carapa-proizvod-7237/"
"0101_WHITE";"NW SPORTSKA ČARAPA 6 PACK";"NW";"Žensko - Odjeća - Čarape";"9,99";"15,99";"43-44, 45-46";"bijela";"Dostupno";"https://woolf.hr/sportska-carapa-6-pack-proizvod-11668/"
"01175_110_BIJELA";"NW SPORTSKE ČARAPE";"NW";"Muško - Odjeća - Čarape";"2,25";"4,49";"41-42, 43-44, 45-46";"bijela";"Dostupno";"https://woolf.hr/sportska-carapa-proizvod-2262/"
"WT023_061044";"NW SPORTSKI ULOŽAK";"NW";"Žensko - Dodaci - Ulošci za cipele";"2,99";"2,99";"35-36";"bez";"Dostupno";"https://woolf.hr/sportski-ulozak-proizvod-9726/"
"01129_110";"NW STOPALICE";"NW";"Muško - Odjeća - Čarape";"1,65";"3,29";"43-44, 45-46";"bijela";"Dostupno";"https://woolf.hr/stopalice-proizvod-2519/"
"02230_090";"NW STOPALICE";"NW";"Žensko - Odjeća - Čarape";"1,60";"3,19";"";"bijela";"Dostupno";"https://woolf.hr/stopalice-proizvod-2522/"
"02235_096";"NW STOPALICE 2pack";"NW";"Žensko - Odjeća - Čarape - Stopalice";"2,75";"5,49";"";"bijela]]><![CDATA[pink";"Dostupno";"https://woolf.hr/stopalice-proizvod-9878/"
"260_110";"NW STOPALICE 3 pack";"NW";"Muško - Odjeća - Čarape - Stopalice";"4,25";"8,49";"37-40";"bijela]]><![CDATA[crna]]><![CDATA[plava";"Dostupno";"https://woolf.hr/stopalice-3-pack-proizvod-2570/"
"260_119";"NW STOPALICE 3 PACK";"NW";"Žensko - Odjeća - Čarape - Stopalice";"4,25";"8,49";"41-43";"bijela";"Dostupno";"https://woolf.hr/stopalice-3-pack-proizvod-7944/"
"3500914_GREY_BLACK";"NW SVJETLEĆE TENISICE";"NW";"Dječje - Obuća - Tenisice";"14,99";"26,41";"32, 33";"crna]]><![CDATA[pink]]><![CDATA[siva";"Dostupno";"https://woolf.hr/svjetlece-tenisice-proizvod-4482/"
"AC011_RED";"NW ŠKOLSKE PAPUČE";"NW";"Dječje - Obuća - Papuče - Papuče za razred";"6,49";"10,49";"39";"crvena";"Dostupno";"https://woolf.hr/skolske-papuce-proizvod-1641/"
"WS20_K12_NAVY";"NW ŠKOLSKE PAPUČE";"NW";"Dječje - Obuća - Papuče - Papuče za razred";"9,09";"9,09";"25, 27";"plava";"Dostupno";"https://woolf.hr/skolske-papuce-proizvod-7059/"
"261561_1PL_PINK";"NW ŠKOLSKE PAPUČE";"NW";"Dječje - Obuća - Papuče - Papuče za razred";"7,99";"9,99";"28, 32, 33, 34";"pink";"Dostupno";"https://woolf.hr/skolske-papuce-proizvod-8916/"
"261561PL_PINK";"NW ŠKOLSKE PAPUČE";"NW";"Dječje - Obuća - Papuče - Papuče za razred";"8,99";"9,99";"28, 29, 30, 34";"plava";"Dostupno";"https://woolf.hr/skolske-papuce-proizvod-8919/"
"261561PL_BLUE";"NW ŠKOLSKE PAPUČE";"NW";"Dječje - Obuća - Papuče - Papuče za razred";"9,99";"9,99";"28";"bijela";"Dostupno";"https://woolf.hr/skolske-papuce-proizvod-8923/"
"261587PL_PINKY";"NW ŠKOLSKE PAPUČE";"NW";"Dječje - Obuća - Papuče - Papuče za razred";"11,99";"11,99";"27, 28";"crna]]><![CDATA[pink";"Dostupno";"https://woolf.hr/skolske-papuce-proizvod-10651/"
"261584PL_J_NAVY";"NW ŠKOLSKE PAPUČE";"NW";"Dječje - Obuća - Papuče - Papuče za razred";"11,99";"11,99";"27, 28";"crna]]><![CDATA[plava";"Dostupno";"https://woolf.hr/skolske-papuce-proizvod-10652/"
"261584PL_G_BLUE";"NW ŠKOLSKE PAPUČE";"NW";"Dječje - Obuća - Papuče - Papuče za razred";"11,99";"11,99";"32, 33";"plava";"Dostupno";"https://woolf.hr/skolske-papuce-proizvod-10654/"
"261588PL_PINK";"NW ŠKOLSKE PAPUČE";"NW";"Dječje - Obuća - Papuče - Papuče za razred";"9,99";"9,99";"27";"pink";"Dostupno";"https://woolf.hr/skolske-papuce-proizvod-10660/"
"261584PL_C_GREY";"NW ŠKOLSKE PAPUČE";"NW";"Dječje - Obuća - Papuče - Papuče za razred";"11,99";"11,99";"27, 28";"siva]]><![CDATA[zelena";"Dostupno";"https://woolf.hr/skolske-papuce-proizvod-10661/"
"261584_LT_GREY";"NW ŠKOLSKE PAPUČE";"NW";"Dječje - Obuća - Papuče - Papuče za razred";"11,99";"11,99";"27, 28, 29";"siva";"Dostupno";"https://woolf.hr/skolske-papuce-proizvod-11827/"
"261587PL_NAVY";"NW ŠKOLSKE PAPUČE";"NW";"Dječje - Obuća - Papuče - Papuče za razred";"11,99";"11,99";"27, 28";"plava";"Dostupno";"https://woolf.hr/skolske-papuce-proizvod-11828/"
"261587_PINK";"NW ŠKOLSKE PAPUČE";"NW";"Dječje - Obuća - Papuče - Papuče za razred";"11,99";"11,99";"27";"pink";"Dostupno";"https://woolf.hr/skolske-papuce-proizvod-11832/"
"261584_PL_GREY";"NW ŠKOLSKE PAPUČE";"NW";"Dječje - Obuća - Papuče - Papuče za razred";"11,99";"11,99";"27, 28";"siva";"Dostupno";"https://woolf.hr/skolske-papuce-proizvod-11833/"
"261584_PL_BLUE";"NW ŠKOLSKE PAPUČE";"NW";"Dječje - Obuća - Papuče - Papuče za razred";"11,99";"11,99";"27, 28, 29";"plava";"Dostupno";"https://woolf.hr/skolske-papuce-proizvod-11834/"
"2171_BLACK";"NW ŠKOLSKE PAPUČE";"NW";"Dječje - Obuća - Papuče - Papuče za razred";"14,99";"14,99";"29, 30, 31, 32, 33";"crna";"Dostupno";"https://woolf.hr/skolske-papuce-proizvod-12873/"
"A270_WHITE";"NW ŠKOLSKE PAPUČE";"NW";"Dječje - Obuća - Papuče - Papuče za razred";"12,99";"12,99";"33, 34";"bijela";"Dostupno";"https://woolf.hr/skolske-papuce-proizvod-12874/"
"2018002_BLUE";"NW ŠKOLSKE PAPUČE";"NW";"Dječje - Obuća - Papuče - Papuče za razred";"14,99";"14,99";"28, 29, 30, 31, 34";"plava";"Dostupno";"https://woolf.hr/skolske-papuce-proizvod-12945/"
"2018002_BLACK";"NW ŠKOLSKE PAPUČE";"NW";"Dječje - Obuća - Papuče - Papuče za razred";"14,99";"14,99";"29, 31, 33, 34";"crna";"Dostupno";"https://woolf.hr/skolske-papuce-proizvod-12947/"
"2921_NAVY";"NW ŠKOLSKE PAPUČE";"NW";"Dječje - Obuća - Papuče - Papuče za razred";"14,99";"14,99";"31, 32, 33, 34, 35, 36";"plava";"Dostupno";"https://woolf.hr/skolske-papuce-proizvod-12954/"
"2921_BLACK";"NW ŠKOLSKE PAPUČE";"NW";"Dječje - Obuća - Papuče - Papuče za razred";"14,99";"14,99";"31, 32, 33, 34, 35, 36";"crna";"Dostupno";"https://woolf.hr/skolske-papuce-proizvod-12955/"
"2921_BLUE";"NW ŠKOLSKE PAPUČE";"NW";"Dječje - Obuća - Papuče - Papuče za razred";"14,99";"14,99";"31, 32, 33, 34, 35, 36";"plava";"Dostupno";"https://woolf.hr/skolske-papuce-proizvod-12956/"
"WLF22_59_BEIGE";"NW ŠPAGERICE";"NW";"Muško - Obuća - Špagerice";"14,99";"19,99";"44";"bez";"Dostupno";"https://woolf.hr/spagerice-proizvod-7609/"
"WLF22_104_NAVY";"NW ŠPAGERICE";"NW";"Žensko - Obuća - Špagerice";"13,09";"17,12";"37";"plava";"Dostupno";"https://woolf.hr/spagerice-proizvod-7743/"
"WLFP198_PINK";"NW ŠPAGERICE";"NW";"Muško - Obuća - Tenisice";"13,09";"17,12";"44, 45";"pink";"Dostupno";"https://woolf.hr/spagerice-proizvod-8625/"
"0102_WHITE";"NW TANKA SPORTSKA ČARAPA 6 PACK";"NW";"Žensko - Odjeća - Čarape";"6,99";"15,99";"43-44, 45-46";"bijela";"Dostupno";"https://woolf.hr/tanka-sportska-carapa-6-pack-proizvod-11671/"
"2019_13_PLAVA";"NW TENISICE";"NW";"Dječje - Obuća - Tenisice";"6,99";"17,12";"33";"plava]]><![CDATA[siva";"Dostupno";"https://woolf.hr/tenisice-proizvod-2774/"
"2162_RED";"NW TENISICE";"NW";"Žensko - Obuća - Tenisice";"10,39";"17,12";"37";"crvena";"Dostupno";"https://woolf.hr/tenisice-proizvod-4002/"
"2008_WHITE";"NW TENISICE";"NW";"Žensko - Obuća - Tenisice";"21,09";"26,41";"40";"bijela";"Dostupno";"https://woolf.hr/tenisice-proizvod-8312/"
"WLFP121_BLACK";"NW TENISICE";"NW";"Žensko - Obuća - Tenisice";"14,99";"33,05";"37";"crna";"Dostupno";"https://woolf.hr/tenisice-proizvod-8448/"
"WLFP121_BEIGE";"NW TENISICE";"NW";"Žensko - Obuća - Tenisice";"24,99";"29,99";"37, 38";"bez]]><![CDATA[crna";"Dostupno";"https://woolf.hr/tenisice-proizvod-8449/"
"WW069_WHITE";"NW TENISICE";"NW";"Dječje - Obuća - Tenisice";"13,99";"23,99";"25, 26, 28";"bijela";"Dostupno";"https://woolf.hr/tenisice-proizvod-9325/"
"WW069_BLACK";"NW TENISICE";"NW";"Dječje - Obuća - Tenisice";"13,99";"23,99";"25";"crna";"Dostupno";"https://woolf.hr/tenisice-proizvod-9326/"
"WLFP088_RED";"NW TENISICE";"NW";"Žensko - Obuća - Tenisice";"7,99";"9,99";"37, 38";"crvena";"Dostupno";"https://woolf.hr/tenisice-proizvod-9455/"
"WLFP122025_WHITE";"NW TENISICE";"NW";"Muško - Obuća - Tenisice";"19,99";"24,99";"45, 46";"bijela";"Dostupno";"https://woolf.hr/tenisice-za-golf-proizvod-11891/"
"WLFP122025_BLUE";"NW TENISICE";"NW";"Muško - Obuća - Tenisice";"19,99";"24,99";"44, 46";"plava";"Dostupno";"https://woolf.hr/tenisice-za-golf-proizvod-11892/"
"WLFP642025_NAVY";"NW TENISICE";"NW";"Žensko - Obuća - Tenisice";"19,99";"24,99";"37";"plava";"Dostupno";"https://woolf.hr/tenisice-proizvod-12023/"
"LT417_BLACK";"NW TENISICE";"NW";"Žensko - Obuća - Tenisice";"23,99";"26,99";"38";"crna";"Dostupno";"https://woolf.hr/tenisice-proizvod-12051/"
"W7035A_BLACK";"NW TENISICE";"NW";"Muško - Obuća - Tenisice";"35,99";"39,99";"41, 43";"crna";"Dostupno";"https://woolf.hr/tenisice-proizvod-12061/"
"WLFP1302025_BLACK";"NW TENISICE";"NW";"Žensko - Obuća - Tenisice";"19,99";"24,99";"38";"crna";"Dostupno";"https://woolf.hr/tenisice-proizvod-12266/"
"WLFP1702025_WHITE";"NW TENISICE";"NW";"Žensko - Obuća - Tenisice";"19,99";"24,99";"38";"bijela";"Dostupno";"https://woolf.hr/tenisice-proizvod-12365/"
"WLFP122025_BLACK";"NW TENISICE";"NW";"Muško - Obuća - Tenisice";"19,99";"24,99";"44";"";"Dostupno";"https://woolf.hr/tenisice-proizvod-12407/"
"WLFP112025_RED_NAVY";"NW TENISICE";"NW";"Žensko - Obuća - Tenisice";"19,99";"24,99";"37";"crvena";"Dostupno";"https://woolf.hr/tenisice-za-golf-proizvod-12409/"
"WLFP112025_WHITE_BLUE";"NW TENISICE";"NW";"Žensko - Obuća - Tenisice";"19,99";"24,99";"37, 38, 39, 41";"bijela";"Dostupno";"https://woolf.hr/tenisice-za-golf-proizvod-12410/"
"W7035A_SIVA";"NW TENISICE";"NW";"Muško - Obuća - Tenisice";"35,99";"39,99";"41, 42, 43, 44, 45";"siva";"Dostupno";"https://woolf.hr/tenisice-proizvod-12427/"
"W7031_GREY";"NW TENISICE";"NW";"Muško - Obuća - Tenisice";"35,99";"39,99";"42, 43";"siva";"Dostupno";"https://woolf.hr/tenisice-proizvod-12428/"
"0246_WHITE";"NW TENISICE ZA GOLF";"NW";"Muško - Obuća - Tenisice";"19,99";"52,96";"41, 42, 43, 44, 45, 46";"bijela";"Dostupno";"https://woolf.hr/tenisice-za-golf-proizvod-6085/"
"0247_WHITE";"NW TENISICE ZA GOLF";"NW";"Žensko - Obuća - Tenisice";"19,99";"52,96";"37, 39, 41";"bijela";"Dostupno";"https://woolf.hr/tenisice-za-golf-proizvod-6086/"
"WLFP112025_NAVY";"NW TENISICE ZA GOLF";"NW";"Žensko - Obuća - Tenisice";"19,99";"24,99";"38, 39, 41";"plava";"Dostupno";"https://woolf.hr/tenisice-za-golf-proizvod-11890/"
"WLFP1352025_BLACK";"NW TENISICE ZA TRČANJE";"NW";"Žensko - Obuća - Tenisice";"19,99";"24,99";"37";"crna";"Dostupno";"https://woolf.hr/tenisice-za-trcanje-proizvod-12299/"
"WLFP02025_BROWN";"NW TREKKING TENISICE";"NW";"Žensko - Obuća - Tenisice";"24,99";"29,99";"37, 38, 39, 40";"smeda";"Dostupno";"https://woolf.hr/trekking-tenisice-proizvod-11571/"
"WLFP92025_GREY";"NW TREKKING TENISICE";"NW";"Žensko - Obuća - Tenisice";"24,99";"29,99";"40";"siva";"Dostupno";"https://woolf.hr/trekking-tenisice-proizvod-11885/"
"WLFP682025_BLUE";"NW TREKKING TENISICE";"NW";"Dječje - Obuća - Tenisice";"14,90";"29,99";"30";"plava";"Dostupno";"https://woolf.hr/trekking-tenisice-proizvod-12122/"
"WLFP982025_BEIGE";"NW TREKKING TENISICE";"NW";"Žensko - Obuća - Tenisice";"23,99";"29,99";"38, 41";"bez";"Dostupno";"https://woolf.hr/trekking-tenisice-proizvod-12221/"
"WLFP992025_GREY";"NW TREKKING TENISICE";"NW";"Muško - Obuća - Tenisice";"29,99";"29,99";"41";"siva";"Dostupno";"https://woolf.hr/trekking-tenisice-proizvod-12222/"
"WLFP402025_BLUE";"NW ULOŠCI ZA TRČANJE";"NW";"Žensko - Dodaci - Ulošci za cipele";"4,99";"4,99";"36-37";"plava";"Dostupno";"https://woolf.hr/ulosci-za-trcanje-proizvod-11957/"
"WT023_011235";"NW ZIMSKI ULOŽAK";"NW";"Žensko - Dodaci - Ulošci za cipele";"2,99";"2,99";"35-36";"bijela]]><![CDATA[smeda";"Dostupno";"https://woolf.hr/zimski-ulozak-proizvod-9709/"
"2490A_NAVY";"NW ŽENSKE CIPELE";"NW";"Žensko - Obuća - Štikle";"15,99";"19,78";"39, 41";"plava";"Dostupno";"https://woolf.hr/zenske-cipele-proizvod-7955/"
"2001_GOLD";"NW ŽLICA ZA CIPELE";"NW";"Žensko - Dodaci - Žlice za cipele";"2,99";"2,99";"";"zlatna";"Dostupno";"https://woolf.hr/zlica-za-cipele-proizvod-10311/"
"2001_SILVER";"NW ŽLICA ZA CIPELE";"NW";"Žensko - Dodaci - Žlice za cipele";"2,99";"2,99";"";"srebrna";"Dostupno";"https://woolf.hr/zlica-za-cipele-proizvod-10312/"
"2008_RED";"NW ŽLICA ZA CIPELE 160mm";"NW";"Žensko - Dodaci - Žlice za cipele";"1,49";"1,49";"";"crvena";"Dostupno";"https://woolf.hr/zlica-za-cipele-160mm-proizvod-11986/"
"2001_GREY";"NW ŽLICA ZA CIPELE 600mm";"NW";"Žensko - Dodaci - Žlice za cipele";"2,99";"2,99";"";"siva";"Dostupno";"https://woolf.hr/zlica-za-cipele-proizvod-10313/"
"6502157V";"OBOSTRANO VESLO ZA SUP DASKU";"";"Fitnes - SPRAVE I DODACI - Pribor";"49,99";"49,99";"";"";"Dostupno";"https://woolf.hr/obostrano-veslo-za-sup-dasku-proizvod-8755/"
"6502157VB";"OBOSTRANO VESLO ZA SUP DASKU";"";"Fitnes - SPRAVE I DODACI - Pribor";"39,99";"49,99";"";"";"Dostupno";"https://woolf.hr/obostrano-veslo-za-sup-dasku-proizvod-9046/"
"OD_ACID_GREEN";"ONEDOTLEFT VAKUMSKI DRŽAČ ZA MOBITEL";"ONEDOTLEFT";"Žensko - Dodaci - Nosači za mobitel";"7,90";"14,90";"";"zelena";"Dostupno";"https://woolf.hr/vakumski-drzac-za-mobitel-proizvod-9692/"
"OD_ELECTR_YELLOW";"ONEDOTLEFT VAKUMSKI DRŽAČ ZA MOBITEL";"ONEDOTLEFT";"Žensko - Dodaci - Nosači za mobitel";"7,90";"14,90";"";"zuta";"Dostupno";"https://woolf.hr/vakumski-drzac-za-mobitel-proizvod-9695/"
"OD_MELLOW_YELLOW";"ONEDOTLEFT VAKUMSKI DRŽAČ ZA MOBITEL";"ONEDOTLEFT";"Žensko - Dodaci - Nosači za mobitel";"7,90";"14,90";"";"zuta";"Dostupno";"https://woolf.hr/vakumski-drzac-za-mobitel-proizvod-9696/"
"OD_RUBY_HAZE";"ONEDOTLEFT VAKUMSKI DRŽAČ ZA MOBITEL";"ONEDOTLEFT";"Žensko - Dodaci - Nosači za mobitel";"7,90";"14,90";"";"crvena";"Dostupno";"https://woolf.hr/vakumski-drzac-za-mobitel-proizvod-9700/"
"WLFP0806_1BLUE";"PAPUČE ZA VODU";"";"Dječje - Obuća - Papuče - Papuče za vodu";"9,99";"9,99";"34, 36";"";"Dostupno";"https://woolf.hr/papuce-za-vodu-proizvod-12832/"
"WLFP0806_GREEN";"PAPUČE ZA VODU";"";"Dječje - Obuća - Papuče - Papuče za vodu";"9,99";"9,99";"28, 29";"zelena";"Dostupno";"https://woolf.hr/papuce-za-vodu-proizvod-12834/"
"WLFP0806_LIME";"PAPUČE ZA VODU";"";"Dječje - Obuća - Papuče - Papuče za vodu";"9,99";"9,99";"28, 29, 36, 37";"zelena";"Dostupno";"https://woolf.hr/papuce-za-vodu-proizvod-12835/"
"WLFP0806_RED";"PAPUČE ZA VODU";"";"Dječje - Obuća - Papuče - Papuče za vodu";"9,99";"9,99";"29";"crvena";"Dostupno";"https://woolf.hr/papuce-za-vodu-proizvod-12837/"
"WLF0806_DGREEN";"PAPUČE ZA VODU";"";"Dječje - Obuća - Papuče - Papuče za vodu";"9,99";"9,99";"37";"zelena";"Dostupno";"https://woolf.hr/papuce-za-vodu-proizvod-12838/"
"6502157P";"PERAJA ZA SUP";"";"Fitnes - SPRAVE I DODACI - Pribor";"9,99";"14,99";"";"";"Dostupno";"https://woolf.hr/paraja-za-sup-dasku-proizvod-10639/"
"sm-001368";"Petkit Petkit AirClipper 5-u-1 set za njegu kućnih ljubimaca";"Petkit";"Uređaji - TEHNIKA - Kućni ljubimci";"149,00";"149,00";"";"";"Dostupno";"https://woolf.hr/petkit-airclipper-5-u-1-set-za-njegu-kucnih-ljubimaca-proizvod-12544/"
"sm-001335";"Petkit Petkit Pura MAX 2 - samočisteći pametni WC za mačke";"Petkit";"Uređaji - TEHNIKA - Kućni ljubimci";"599,00";"599,00";"";"";"Dostupno";"https://woolf.hr/petkit-pura-max-2-samocisteci-pametni-wc-za-macke-proizvod-12459/"
"sm-001483";"Petkit Petkit Purobot Crystal Duo - pametni WC za mačke s AI kamerom";"Petkit";"Uređaji - TEHNIKA - Kućni ljubimci";"279,00";"279,00";"";"";"Dostupno";"https://woolf.hr/petkit-purobot-crystal-duo-pametni-wc-za-macke-s-ai-kamerom-proizvod-12448/"
"sm-001336";"Petkit Petkit Purobot Ultra - samočisteći pametni WC za mačke";"Petkit";"Uređaji - TEHNIKA - Kućni ljubimci";"1099,00";"1099,00";"";"";"Dostupno";"https://woolf.hr/petkit-purobot-ultra-samocisteci-pametni-wc-za-macke-proizvod-12486/"
"06356_BROWN";"PMTČ VEZICE PAMUČNE";"PMTČ";"Žensko - Dodaci - Vezice za obuću";"1,19";"1,19";"60cm, 90cm";"smeda";"Dostupno";"https://woolf.hr/vezice-pamucne-proizvod-2042/"
"PB20";"POKLON BON";"";"Žensko - Obuća - Poklon bonovi";"20,00";"20,00";"";"";"Dostupno";"https://woolf.hr/poklon-bon-proizvod-8712/"
"PB30";"POKLON BON";"";"Žensko - Obuća - Poklon bonovi";"30,00";"30,00";"";"";"Dostupno";"https://woolf.hr/poklon-bon-proizvod-8713/"
"PB40";"POKLON BON";"";"Žensko - Obuća - Poklon bonovi";"40,00";"40,00";"";"";"Dostupno";"https://woolf.hr/poklon-bon-proizvod-8714/"
"PB50";"POKLON BON";"";"Žensko - Obuća - Poklon bonovi";"50,00";"50,00";"";"";"Dostupno";"https://woolf.hr/poklon-bon-proizvod-8715/"
"PB15";"POKLON BON";"";"Žensko - Obuća - Poklon bonovi";"15,00";"15,00";"";"";"Dostupno";"https://woolf.hr/poklon-bon-proizvod-8716/"
"3065_NATUR";"PRESTIGE DEZODORANS ZA OBUĆU MENTOL 100ML";"PRESTIGE";"Žensko - Dodaci - Sprejevi za cipele";"8,99";"8,99";"";"bezbojno";"Dostupno";"https://woolf.hr/dezodorans-za-obucu-mentol-100ml-proizvod-11196/"
"3040_NATUR";"PRESTIGE IMPREGNACIJSKI SPREJ  250 ML";"PRESTIGE";"Žensko - Dodaci - Sprejevi za cipele";"7,49";"7,49";"";"bezbojno";"Dostupno";"https://woolf.hr/impregnacijski-sprej-250-ml-proizvod-11282/"
"3090_BEZBOJNI";"PRESTIGE IMPREGNACIJSKI SPREJ 75ML";"PRESTIGE";"Žensko - Dodaci - Sprejevi za cipele";"5,99";"5,99";"";"bezbojno";"Dostupno";"https://woolf.hr/impregnacijski-sprej-75ml-proizvod-11976/"
"1190_BEZBOJNI";"PRESTIGE IMPREGNACIJSKI SPREJ 500ML";"PRESTIGE";"Žensko - Dodaci - Sprejevi za cipele";"9,99";"9,99";"";"bezbojno";"Dostupno";"https://woolf.hr/impregnacijski-sprej-500ml-proizvod-10882/"
"3007_BLACK";"PRESTIGE KREMA ZA CIPELE 50ML";"PRESTIGE";"Žensko - Dodaci - Kreme za cipele";"4,99";"4,99";"";"crna";"Dostupno";"https://woolf.hr/krema-za-cipele-50ml-proizvod-10883/"
"3451_BLACK";"PRESTIGE MEMORY ULOŽAK";"PRESTIGE";"Žensko - Dodaci - Ulošci za cipele";"11,99";"11,99";"38, 40, 47";"crna";"Dostupno";"https://woolf.hr/memory-ulozak-proizvod-10778/"
"3451_BLUE";"PRESTIGE MEMORY ULOŽAK";"PRESTIGE";"Žensko - Dodaci - Ulošci za cipele";"11,99";"11,99";"41, 46, 47";"plava";"Dostupno";"https://woolf.hr/memory-ulozak-proizvod-10779/"
"3038_1BLACK";"PRESTIGE RENOVATOR ZA  ANTILOP I NUBUK 250ML";"PRESTIGE";"Žensko - Dodaci - Sprejevi za cipele";"7,99";"7,99";"";"crna";"Dostupno";"https://woolf.hr/renovator-za-antilop-i-nubuk-250ml-proizvod-11982/"
"3420_BLUE";"PRESTIGE SPORTSKI ULOŽAK";"PRESTIGE";"Žensko - Dodaci - Ulošci za cipele";"7,99";"7,99";"36, 37, 38, 39, 40, 45, 46, 47";"plava";"Dostupno";"https://woolf.hr/sportski-ulozak-proizvod-10780/"
"3439_NAVY";"PRESTIGE ULOŠCI ZA IZREZIVANJE";"PRESTIGE";"Žensko - Dodaci - Ulošci za cipele";"3,99";"3,99";"";"crna]]><![CDATA[plava";"Dostupno";"https://woolf.hr/ulosci-za-izrezivanje-proizvod-10894/"
"2501_BROWN";"PRESTIGE VEZICE  RAVNE";"PRESTIGE";"Žensko - Dodaci - Vezice za obuću";"2,49";"2,49";"100cm, 150cm";"smeda";"Dostupno";"https://woolf.hr/vezice-ravne-proizvod-10783/"
"001_WHITE";"PRESTIGE VEZICE  RAVNE";"PRESTIGE";"Žensko - Dodaci - Vezice za obuću";"2,49";"2,49";"60cm, 100cm, 120cm";"bijela";"Dostupno";"https://woolf.hr/vezice-ravne-proizvod-12135/"
"700_BLACK";"PRESTIGE VEZICE  RAVNE";"PRESTIGE";"Žensko - Dodaci - Vezice za obuću";"2,49";"2,49";"90cm, 100cm, 120cm";"crna";"Dostupno";"https://woolf.hr/vezice-ravne-proizvod-12137/"
"700_1_BLACK";"PRESTIGE VEZICE  RAVNE";"PRESTIGE";"Žensko - Dodaci - Vezice za obuću";"3,49";"3,49";"200cm";"crna";"Dostupno";"https://woolf.hr/vezice-ravne-proizvod-12143/"
"WLFP0410_RED";"RAZVRSTAVANJE ROBE ETUI ZA KARTICE";"RAZVRSTAVANJE ROBE";"Žensko - Dodaci - Novčanici";"5,99";"5,99";"";"crvena";"Dostupno";"https://woolf.hr/etui-za-kartice-proizvod-10565/"
"83527_BB402_02976";"RIDER JAPANKE IMPULSE THONG AD";"RIDER";"Muško - Obuća - Japanke";"25,99";"28,99";"44";"bijela";"Dostupno";"https://woolf.hr/japanke-impulse-thong-ad-proizvod-11518/"
"82670_20032_04297";"RIDER JAPANKE UNIVERSAL KIDS";"RIDER";"Dječje - Obuća - Japanke";"12,99";"18,45";"28-29";"bijela]]><![CDATA[plava";"Dostupno";"https://woolf.hr/japanke-universal-kids-proizvod-7008/"
"12394_BB533_06601";"RIDER NATIKAČE WALK SLIDE AD";"RIDER";"Muško - Obuća - Natikače";"27,99";"30,99";"42";"plava";"Dostupno";"https://woolf.hr/natikace-walk-slide-ad-proizvod-11519/"
"ALEX_GREY";"ROCK SPRING TENISICE";"ROCK SPRING";"Dječje - Obuća - Tenisice";"48,99";"56,00";"35, 37, 38";"siva";"Dostupno";"https://woolf.hr/tenisice-proizvod-11643/"
"SYNDEY_GREY";"ROCK SPRING TENISICE";"ROCK SPRING";"Dječje - Obuća - Tenisice";"48,99";"56,00";"34, 35, 36, 37";"siva";"Dostupno";"https://woolf.hr/tenisice-proizvod-11644/"
"PA04532505_BLUE";"ROLY SPORTSKE HLAČE BERMUDA";"ROLY";"Dječje - Odjeća - Hlače - Kratke hlače";"6,49";"6,49";"4, 8, 12, 16, l, m, xl, xxl";"plava";"Dostupno";"https://woolf.hr/sportske-hlace-bermuda-shorts-proizvod-1626/"
"PA04532202_BLACK";"ROLY SPORTSKE HLAČE BERMUDA";"ROLY";"Dječje - Odjeća - Hlače - Kratke hlače";"6,49";"6,49";"4, 8, 12, 16, l, m, xxl";"crna";"Dostupno";"https://woolf.hr/sportske-hlace-bermuda-shorts-proizvod-1627/"
"BE67054102_BLACK";"ROLY SPORTSKE HLAČE BERMUDA";"ROLY";"Muško - Odjeća - Hlače - Kratke hlače";"7,79";"7,79";"5-6, 7-8, 9-10";"crna";"Dostupno";"https://woolf.hr/sportske-hlace-bermuda-proizvod-8082/"
"BE67054102_BLUE";"ROLY SPORTSKE HLAČE BERMUDA";"ROLY";"Muško - Odjeća - Hlače - Kratke hlače";"7,79";"7,79";"7-8";"plava";"Dostupno";"https://woolf.hr/sportske-hlace-bermuda-proizvod-8083/"
"PA04532555_NAVY";"ROLY SPORTSKE HLAČE TROUSER";"ROLY";"Dječje - Odjeća - Hlače - Kratke hlače";"6,49";"6,49";"4, 8, 12, 16, l, m, xl, xxl";"plava";"Dostupno";"https://woolf.hr/sportske-hlace-trouser-proizvod-919/"
"PA04532560";"ROLY SPORTSKE HLAČE TROUSER";"ROLY";"Dječje - Odjeća - Hlače - Kratke hlače";"6,49";"6,49";"4, 8, 12, 16, l, m, xl, xxl";"crvena";"Dostupno";"https://woolf.hr/sportske-hlace-trouser-proizvod-920/"
"ARLA_PURPLE";"ROSSELLA LOPES NATIKAČE";"ROSSELLA LOPES";"Žensko - Obuća - Natikače";"14,99";"21,99";"37";"ljubicasta";"Dostupno";"https://woolf.hr/natikace-proizvod-12784/"
"ARLA_FUXIA";"ROSSELLA LOPES NATIKAČE";"ROSSELLA LOPES";"Žensko - Obuća - Natikače";"14,99";"21,99";"37";"pink";"Dostupno";"https://woolf.hr/natikace-proizvod-12785/"
"ARLA_BLACK";"ROSSELLA LOPES NATIKAČE";"ROSSELLA LOPES";"Žensko - Obuća - Natikače";"14,99";"21,99";"37";"crna";"Dostupno";"https://woolf.hr/natikace-proizvod-12786/"
"H9102_BEIGE";"ROSSELLA LOPES SANDALE";"ROSSELLA LOPES";"Žensko - Obuća - Sandale";"24,99";"27,99";"40";"bez";"Dostupno";"https://woolf.hr/sandale-proizvod-11543/"
"BALIS_SILVER";"ROSSELLA LOPES ŠPAGERICE";"ROSSELLA LOPES";"Žensko - Obuća - Tenisice";"17,09";"26,41";"36";"srebrna]]><![CDATA[cvjetna";"Dostupno";"https://woolf.hr/modne-tenisice-proizvod-2205/"
"6502157";"RUČNA PUMPA ZA SUP DASKU";"";"Fitnes - SPRAVE I DODACI - Pribor - Pumpe za SUP";"13,99";"39,00";"";"";"Dostupno";"https://woolf.hr/rucna-pumpa-za-sup-dasku-proizvod-8754/"
"6502157_B";"RUČNA PUMPA ZA SUP DASKU";"";"Fitnes - SPRAVE I DODACI - Pribor - Pumpe za SUP";"11,99";"39,00";"";"";"Dostupno";"https://woolf.hr/rucna-pumpa-za-sup-dasku-proizvod-10138/"
"H2195_BLACK";"S.C ŠKOLSKE PAPUČE";"S.C";"Muško - Obuća - Papuče - Papuče za razred";"14,99";"14,99";"41, 44, 45, 46";"crna";"Dostupno";"https://woolf.hr/skolske-papuce-proizvod-11852/"
"A67_BLACKW";"S.C ŠKOLSKE PAPUČE";"S.C";"Muško - Obuća - Papuče - Papuče za razred";"14,99";"14,99";"41, 42, 43, 44, 45";"crna";"Dostupno";"https://woolf.hr/skolske-papuce-proizvod-12872/"
"A67_BLACK";"S.C ŠKOLSKE PAPUČE";"S.C";"Muško - Obuća - Papuče - Papuče za vodu";"14,99";"14,99";"41, 42, 43, 44, 45";"crna";"Dostupno";"https://woolf.hr/skolske-papuce-proizvod-12941/"
"R105_BLACK";"S.S CIPELE";"S.S";"Žensko - Obuća - Cipele";"26,99";"29,99";"36";"crna";"Dostupno";"https://woolf.hr/cipele-proizvod-12055/"
"JH375_PINK";"S.SUNNY CIPELE";"S.SUNNY";"Žensko - Obuća - Cipele";"26,99";"29,99";"36, 38";"pink";"Dostupno";"https://woolf.hr/cipele-proizvod-10899/"
"BESTBOY_BLACK";"SAFETY JOGGER RADNE CIPELE S3";"SAFETY JOGGER";"Muško - Obuća - Radna obuća";"34,99";"39,99";"40";"crna";"Dostupno";"https://woolf.hr/radne-cipele-s3-proizvod-10644/"
"BESTRUN_BLACK";"SAFETY JOGGER RADNE CIPELE S3";"SAFETY JOGGER";"Muško - Obuća - Radna obuća";"34,99";"39,99";"38, 40, 46, 47, 48";"crna";"Dostupno";"https://woolf.hr/radne-cipele-s3-proizvod-10645/"
"022005_WHITE";"SAFRAN ŠPAGERICE";"SAFRAN";"Žensko - Obuća - Špagerice";"17,09";"30,39";"37";"bijela]]><![CDATA[ljubicasta]]><![CDATA[plava";"Dostupno";"https://woolf.hr/spagerice-proizvod-4684/"
"S21_BLACK";"SANDALE";"";"Žensko - Obuća - Sandale";"25,99";"28,99";"40";"crna";"Dostupno";"https://woolf.hr/sandale-proizvod-11725/"
"4350_FLOWER";"SANITAL ANATOMSKE KLOMPE";"SANITAL";"Žensko - Obuća - Anatomska obuća - Klompe";"26,99";"32,99";"37, 38, 39, 40, 41, 42";"cvjetna";"Dostupno";"https://woolf.hr/anatomske-klompe-proizvod-8683/"
"1772_BLUE";"SANITAL ANATOMSKE KLOMPE";"SANITAL";"Muško - Obuća - Anatomska obuća - Klompe";"29,99";"32,99";"41, 42, 43, 44, 45, 46";"plava";"Dostupno";"https://woolf.hr/anatomske-klompe-proizvod-8772/"
"1372_NAVY";"SANITAL ANATOMSKE KLOMPE";"SANITAL";"Žensko - Obuća - Anatomska obuća - Klompe";"24,99";"28,99";"36, 37, 38, 39, 40, 41, 42";"plava";"Dostupno";"https://woolf.hr/anatomske-klompe-proizvod-9815/"
"1372_1BLACK";"SANITAL ANATOMSKE KLOMPE";"SANITAL";"Žensko - Obuća - Anatomska obuća - Klompe";"24,99";"28,99";"36, 37, 38, 39, 41, 42";"crna";"Dostupno";"https://woolf.hr/anatomske-klompe-proizvod-9816/"
"1372_WHITE";"SANITAL ANATOMSKE KLOMPE";"SANITAL";"Žensko - Obuća - Anatomska obuća - Klompe";"24,99";"28,99";"36, 37, 38, 39, 40, 41, 42";"bijela";"Dostupno";"https://woolf.hr/anatomske-klompe-proizvod-9817/"
"1352_1WHITE";"SANITAL ANATOMSKE KLOMPE";"SANITAL";"Žensko - Obuća - Anatomska obuća - Klompe";"24,99";"28,99";"36, 37, 38, 39, 40, 41, 42";"bijela";"Dostupno";"https://woolf.hr/anatomske-klompe-proizvod-9818/"
"1352_1BLACK";"SANITAL ANATOMSKE KLOMPE";"SANITAL";"Žensko - Obuća - Anatomska obuća - Klompe";"24,99";"28,99";"37, 39, 40, 42";"crna";"Dostupno";"https://woolf.hr/anatomske-klompe-proizvod-9819/"
"1352_1BLUE";"SANITAL ANATOMSKE KLOMPE";"SANITAL";"Žensko - Obuća - Anatomska obuća - Klompe";"24,99";"28,99";"36, 37, 39, 40, 41, 42";"plava";"Dostupno";"https://woolf.hr/anatomske-klompe-proizvod-9820/"
"1350_1BLACK";"SANITAL ANATOMSKE KLOMPE";"SANITAL";"Žensko - Obuća - Anatomska obuća - Klompe";"24,99";"28,99";"37, 38, 39, 40, 41, 42";"crna";"Dostupno";"https://woolf.hr/anatomske-klompe-proizvod-9821/"
"1350_1WHITE";"SANITAL ANATOMSKE KLOMPE";"SANITAL";"Žensko - Obuća - Anatomska obuća - Klompe";"24,99";"28,99";"37, 38, 39, 40, 42";"bijela";"Dostupno";"https://woolf.hr/anatomske-klompe-proizvod-9822/"
"4372_1FLOWER";"SANITAL ANATOMSKE KLOMPE";"SANITAL";"Žensko - Obuća - Anatomska obuća - Klompe";"26,99";"32,99";"36, 37, 38, 39, 40, 41";"cvjetna";"Dostupno";"https://woolf.hr/anatomske-klompe-proizvod-9825/"
"4372_BLK_FLOWER";"SANITAL ANATOMSKE KLOMPE";"SANITAL";"Žensko - Obuća - Anatomska obuća - Klompe";"24,99";"28,99";"37";"crna";"Dostupno";"https://woolf.hr/anatomske-klompe-proizvod-9826/"
"4352_1FLOWER";"SANITAL ANATOMSKE KLOMPE";"SANITAL";"Žensko - Obuća - Anatomska obuća - Klompe";"29,99";"32,99";"37, 39, 40, 41, 42";"cvjetna";"Dostupno";"https://woolf.hr/anatomske-klompe-proizvod-9827/"
"750_1BLACK";"SANITAL ANATOMSKE KLOMPE";"SANITAL";"Muško - Obuća - Anatomska obuća - Klompe";"29,99";"32,99";"41, 42, 43, 44, 45, 47";"crna";"Dostupno";"https://woolf.hr/anatomske-klompe-proizvod-9828/"
"750_1WHITE";"SANITAL ANATOMSKE KLOMPE";"SANITAL";"Muško - Obuća - Anatomska obuća - Klompe";"29,99";"32,99";"41, 42, 43, 44, 45, 46, 47";"bijela";"Dostupno";"https://woolf.hr/anatomske-klompe-proizvod-9829/"
"750_1BLUE";"SANITAL ANATOMSKE KLOMPE";"SANITAL";"Muško - Obuća - Anatomska obuća - Klompe";"29,99";"32,99";"41, 42, 43, 44, 45, 46, 47";"plava";"Dostupno";"https://woolf.hr/anatomske-klompe-proizvod-9830/"
"4367_FLOWER_BLK";"SANITAL ANATOMSKE KLOMPE";"SANITAL";"Žensko - Obuća - Anatomska obuća - Klompe";"29,99";"32,99";"37, 38, 39, 40, 41";"cvjetna";"Dostupno";"https://woolf.hr/anatomske-klompe-proizvod-9928/"
"4350_HEARTS";"SANITAL ANATOMSKE KLOMPE";"SANITAL";"Žensko - Obuća - Anatomska obuća - Klompe";"29,99";"32,99";"38, 39, 40, 41, 42";"bijela";"Dostupno";"https://woolf.hr/anatomske-klompe-proizvod-9929/"
"4350_FLOWER_WHT";"SANITAL ANATOMSKE KLOMPE";"SANITAL";"Žensko - Obuća - Anatomska obuća - Klompe";"29,99";"32,99";"37, 39, 40, 41, 42";"cvjetna";"Dostupno";"https://woolf.hr/anatomske-klompe-proizvod-9930/"
"1772_WHITE";"SANITAL ANATOMSKE KLOMPE";"SANITAL";"Muško - Obuća - Anatomska obuća - Klompe";"29,99";"32,99";"41, 43, 44, 45";"bijela";"Dostupno";"https://woolf.hr/anatomske-klompe-proizvod-10297/"
"4367_WHT_FLOWER";"SANITAL ANATOMSKE KLOMPE";"SANITAL";"Žensko - Obuća - Anatomska obuća - Klompe";"29,99";"32,99";"37";"cvjetna";"Dostupno";"https://woolf.hr/anatomske-klompe-proizvod-12794/"
"1364_BLUE";"SANITAL ANATOMSKE NATIKAČE";"SANITAL";"Žensko - Obuća - Natikače";"24,99";"28,99";"38";"plava";"Dostupno";"https://woolf.hr/anatomske-natikace-proizvod-2563/"
"4371_WHITE";"SANITAL ANATOMSKE NATIKAČE";"SANITAL";"Žensko - Obuća - Natikače";"29,99";"32,99";"38";"cvjetna";"Dostupno";"https://woolf.hr/anatomske-natikace-proizvod-7780/"
"JH375_BLACK";"SEASTAR CIPELE";"SEASTAR";"Žensko - Obuća - Cipele";"26,99";"29,99";"36";"crna";"Dostupno";"https://woolf.hr/cipele-proizvod-10898/"
"ZA22_BLACK";"SEASTAR CIPELE";"SEASTAR";"Žensko - Obuća - Cipele";"16,99";"18,99";"36";"crna";"Dostupno";"https://woolf.hr/cipele-proizvod-11330/"
"GS58P_BEIGE";"SEASTAR CIPELE";"SEASTAR";"Žensko - Obuća - Cipele";"21,99";"24,99";"36, 37, 41";"bez";"Dostupno";"https://woolf.hr/cipele-proizvod-12040/"
"JH390_BEIGE";"SEASTAR CIPELE";"SEASTAR";"Žensko - Obuća - Cipele";"26,99";"29,99";"37, 38";"bez";"Dostupno";"https://woolf.hr/cipele-proizvod-12057/"
"RB157_BROWN";"SEASTAR MODNE ČIZME";"SEASTAR";"Žensko - Obuća - Čizme";"29,99";"42,99";"36, 37";"smeda";"Dostupno";"https://woolf.hr/modne-cizme-proizvod-11080/"
"WD166_BRONZE";"SEASTAR SANDALE";"SEASTAR";"Žensko - Obuća - Sandale";"24,99";"27,99";"38";"bez]]><![CDATA[broncana";"Dostupno";"https://woolf.hr/sandale-proizvod-10391/"
"L973_BLACK";"SEASTAR SANDALE";"SEASTAR";"Žensko - Obuća - Sandale";"23,99";"25,99";"37";"crna";"Dostupno";"https://woolf.hr/sandale-proizvod-11558/"
"JH332_BLACK";"SEASTAR SANDALE";"SEASTAR";"Žensko - Obuća - Sandale";"22,99";"28,99";"36";"crna";"Dostupno";"https://woolf.hr/sandale-proizvod-11726/"
"0032201_BROWN";"SEKLO KUĆNE PAPUČE";"SEKLO";"Žensko - Obuća - Papuče";"21,99";"21,99";"36, 37, 38, 39, 40, 41, 42";"smeda";"Dostupno";"https://woolf.hr/kucne-papuce-proizvod-10917/"
"0032201_BORDO";"SEKLO KUĆNE PAPUČE";"SEKLO";"Žensko - Obuća - Papuče";"21,99";"21,99";"36, 37, 38, 39, 40, 41";"bordo]]><![CDATA[siva";"Dostupno";"https://woolf.hr/kucne-papuce-proizvod-10919/"
"0032201_BLUE";"SEKLO KUĆNE PAPUČE";"SEKLO";"Žensko - Obuća - Papuče";"21,99";"21,99";"36, 37, 38, 39, 40, 41, 42";"plava]]><![CDATA[siva";"Dostupno";"https://woolf.hr/kucne-papuce-proizvod-10920/"
"0032201_BLACK";"SEKLO KUĆNE PAPUČE";"SEKLO";"Žensko - Obuća - Papuče";"21,99";"21,99";"36, 37, 38, 39, 40, 41, 42";"crna]]><![CDATA[siva";"Dostupno";"https://woolf.hr/kucne-papuce-proizvod-10921/"
"100617_BROWN";"SEKLO KUĆNE PAPUČE";"SEKLO";"Muško - Obuća - Papuče";"21,99";"21,99";"40, 41, 45, 46, 47, 48, 49";"smeda";"Dostupno";"https://woolf.hr/kucne-papuce-proizvod-11867/"
"SANVARE_N01";"SENVARE ŽENSKI PARFEM SANVARE";"SENVARE";"Žensko - Dodaci - Parfemi";"23,99";"23,99";"";"";"Dostupno";"https://woolf.hr/zenski-parfem-proizvod-12943/"
"F419_BLACK";"SERGIO TODZI CIPELE";"SERGIO TODZI";"Žensko - Obuća - Štikle";"26,99";"30,99";"36, 40";"crna";"Dostupno";"https://woolf.hr/cipele-proizvod-11358/"
"1001426_START";"SET DODATAKA ZA SUP";"";"Fitnes - SPRAVE I DODACI - Pribor - Setovi opreme za SUP";"29,99";"29,99";"";"";"Dostupno";"https://woolf.hr/set-dodataka-za-sup-proizvod-12908/"
"1001426_ADVENTURE";"SET DODATAKA ZA SUP";"";"Fitnes - SPRAVE I DODACI - Pribor - Setovi opreme za SUP";"49,99";"49,99";"";"";"Dostupno";"https://woolf.hr/set-dodataka-za-sup-proizvod-12909/"
"1001426_PRO";"SET DODATAKA ZA SUP";"";"Fitnes - SPRAVE I DODACI - Pribor - Setovi opreme za SUP";"79,99";"79,99";"";"";"Dostupno";"https://woolf.hr/set-dodataka-za-sup-proizvod-12910/"
"6502156RKG";"SET ZA POPRAVAK";"";"Fitnes - SPRAVE I DODACI - Pribor - Set za popravak";"4,99";"6,99";"";"zelena";"Dostupno";"https://woolf.hr/set-popravak-proizvod-10192/"
"6502156RK";"SET ZA POPRAVAK";"";"Fitnes - SPRAVE I DODACI - Pribor - Set za popravak";"4,99";"6,99";"";"siva";"Dostupno";"https://woolf.hr/set-popravak-proizvod-10193/"
"6502156SK";"SIGURNOSNI KONOPAC ZA SUP";"";"Fitnes - SPRAVE I DODACI - Pribor - Sigurnosno uže";"6,99";"15,00";"";"";"Dostupno";"https://woolf.hr/sigurnosno-uze-sup-proizvod-9057/"
"C882_BLACK";"SIXTH SENS GLEŽNJAČE";"SIXTH SENS";"Žensko - Obuća - Gležnjače";"30,99";"39,99";"37";"crna";"Dostupno";"https://woolf.hr/gleznjace-proizvod-11150/"
"117561_PURPLE";"SKECHERS TENISICE BOBS ARCH COMFORT B";"SKECHERS";"Žensko - Obuća - Tenisice";"49,00";"72,99";"38";"ljubicasta";"Dostupno";"https://woolf.hr/tenisice-bobs-arch-comfort-b-proizvod-11838/"
"117617_PINK";"SKECHERS TENISICE BOBS B LOVE";"SKECHERS";"Žensko - Obuća - Tenisice";"59,00";"81,99";"39";"pink";"Dostupno";"https://woolf.hr/tenisice-bobs-b-love-proizvod-11839/"
"32504_BEIGE";"SKECHERS TENISICE BOBS SQUAD TOUGH";"SKECHERS";"Žensko - Obuća - Tenisice";"49,00";"66,99";"41";"bez";"Dostupno";"https://woolf.hr/tenisice-bobs-squad-tough-proizvod-11840/"
"13087_WHITE";"SKECHERS TENISICE D LITES";"SKECHERS";"Žensko - Obuća - Tenisice";"59,00";"81,99";"39";"bijela";"Dostupno";"https://woolf.hr/tenisice-d-lites-proizvod-11849/"
"149691_BLACK";"SKECHERS TENISICE DYNAMIGHT";"SKECHERS";"Žensko - Obuća - Tenisice";"49,00";"71,99";"41";"crna";"Dostupno";"https://woolf.hr/tenisice-dynamight-proizvod-11851/"
"150111_BLACK";"SKECHERS TENISICE SKECHERS";"SKECHERS";"Žensko - Obuća - Tenisice";"39,00";"79,99";"395";"crna";"Dostupno";"https://woolf.hr/tenisice-skechers-proizvod-12337/"
"155196_BLACK";"SKECHERS TENISICE SKECHERS";"SKECHERS";"Žensko - Obuća - Tenisice";"45,00";"86,99";"35";"crna";"Dostupno";"https://woolf.hr/tenisice-skechers-proizvod-12338/"
"232399_BLACK";"SKECHERS TENISICE SKECHERS SPORT";"SKECHERS";"Muško - Obuća - Tenisice";"49,00";"72,99";"45, 425";"crna";"Dostupno";"https://woolf.hr/tenisice-skechers-sport-proizvod-11846/"
"237704_BLACK";"SKECHERS TENISICE SKECHERS SUMMITS AT";"SKECHERS";"Muško - Obuća - Tenisice";"49,99";"72,99";"41, 45";"crna";"Dostupno";"https://woolf.hr/tenisice-skechers-summits-at-proizvod-12074/"
"150025_WHITE";"SKECHERS TENISICE SKECHERS VAPOR";"SKECHERS";"Žensko - Obuća - Tenisice";"49,00";"82,99";"40";"bijela";"Dostupno";"https://woolf.hr/tenisice-skechers-vapor-proizvod-11845/"
"149536_PINK";"SKECHERS TENISICE SUMMITS";"SKECHERS";"Žensko - Obuća - Tenisice";"39,00";"71,99";"39";"pink";"Dostupno";"https://woolf.hr/tenisice-summits-proizvod-11850/"
"12615_GREY";"SKECHERS TENISICE SUMMITS";"SKECHERS";"Žensko - Obuća - Tenisice";"46,00";"64,99";"36, 37";"siva";"Dostupno";"https://woolf.hr/tenisice-summits-proizvod-12123/"
"12980_WHITE";"SKECHERS TENISICE SUMMITS";"SKECHERS";"Žensko - Obuća - Tenisice";"49,00";"72,99";"40, 395";"bijela";"Dostupno";"https://woolf.hr/tenisice-summits-proizvod-12336/"
"110_BLACK";"SOFT LINE ANATOMSKE KLOMPE";"SOFT LINE";"Žensko - Obuća - Anatomska obuća - Klompe";"49,99";"59,99";"36, 37";"crna";"Dostupno";"https://woolf.hr/anatomske-klompe-proizvod-9729/"
"145_WHITE";"SOFT LINE ANATOMSKE KLOMPE";"SOFT LINE";"Žensko - Obuća - Anatomska obuća - Klompe";"49,99";"59,99";"38";"sareno";"Dostupno";"https://woolf.hr/anatomske-klompe-proizvod-10808/"
"119_BLACK";"SOFT LINE ANATOMSKE KLOMPE";"SOFT LINE";"Žensko - Obuća - Anatomska obuća - Klompe";"49,99";"59,99";"38";"crna";"Dostupno";"https://woolf.hr/anatomske-klompe-proizvod-11200/"
"SF861_BLACK";"Soft Space SANDALE";"Soft Space";"Žensko - Obuća - Sandale";"24,99";"27,99";"38, 39";"crna";"Dostupno";"https://woolf.hr/sandale-proizvod-11542/"
"273913_WHITE";"SPROX ŠKOLSKE PAPUČE";"SPROX";"Dječje - Obuća - Papuče - Papuče za razred";"14,99";"14,99";"39";"bijela";"Dostupno";"https://woolf.hr/skolske-papuce-proizvod-10659/"
"ST2000_BLUE";"Stedman UNISEX MAJICA";"Stedman";"Žensko - Odjeća - Majice - T-shirt";"6,49";"6,49";"s";"plava";"Dostupno";"https://woolf.hr/muska-majica-proizvod-7483/"
"ST2000_GREY";"Stedman UNISEX MAJICA";"Stedman";"Žensko - Odjeća - Majice - T-shirt";"6,49";"6,49";"s, xs";"siva";"Dostupno";"https://woolf.hr/muska-majica-proizvod-7486/"
"ST2000_OLIVE";"Stedman UNISEX MAJICA";"Stedman";"Žensko - Odjeća - Majice - T-shirt";"6,49";"6,49";"s";"zelena";"Dostupno";"https://woolf.hr/muska-majica-proizvod-7488/"
"ST2000_1NAVY";"Stedman UNISEX MAJICA";"Stedman";"Žensko - Odjeća - Majice";"6,49";"6,49";"s";"plava";"Dostupno";"https://woolf.hr/unisex-majica-proizvod-10048/"
"ST200_1GREY";"Stedman UNISEX MAJICA";"Stedman";"Žensko - Odjeća - Majice";"6,49";"6,49";"s";"siva";"Dostupno";"https://woolf.hr/unisex-majica-proizvod-10049/"
"ST2600_BLACK";"Stedman ŽENSKA  MAJICA";"Stedman";"Žensko - Odjeća - Majice - T-shirt";"6,49";"6,49";"xs";"crna";"Dostupno";"https://woolf.hr/zenska-majica-proizvod-7494/"
"ST2600_NAVY";"Stedman ŽENSKA  MAJICA";"Stedman";"Žensko - Odjeća - Majice - T-shirt";"6,49";"6,49";"xs";"plava";"Dostupno";"https://woolf.hr/zenska-majica-proizvod-7495/"
"ST2600_ORANGE";"Stedman ŽENSKA  MAJICA";"Stedman";"Žensko - Odjeća - Majice - T-shirt";"6,49";"6,49";"s, xs";"narancasta";"Dostupno";"https://woolf.hr/zenska-majica-proizvod-7496/"
"ST2600_RED";"Stedman ŽENSKA  MAJICA";"Stedman";"Žensko - Odjeća - Majice";"6,49";"6,49";"s, xs";"crvena";"Dostupno";"https://woolf.hr/zenska-majica-proizvod-10052/"
"ST2600_1BLUE";"Stedman ŽENSKA  MAJICA";"Stedman";"Žensko - Odjeća - Majice";"6,49";"6,49";"m, s, xs";"plava";"Dostupno";"https://woolf.hr/zenska-majica-proizvod-11580/"
"6502156_C";"SUP DASKA ZA VESLANJE";"";"Fitnes - SPRAVE I DODACI - SUP Daska za veslanje";"149,00";"303,94";"";"";"Dostupno";"https://woolf.hr/sup-daska-za-veslanje-proizvod-7829/"
"CA65024201";"T SHIRT DOGO PREMIUM";"";"Žensko - Odjeća - Majice - T-shirt";"4,99";"4,99";"l, m, s, xl, xxl";"bijela";"Dostupno";"https://woolf.hr/t-shirt-dogo-premium-proizvod-1674/"
"CA65024201_WHITE";"T SHIRT DOGO PREMIUM";"";"Žensko - Odjeća - Majice - T-shirt";"4,99";"4,99";"3-4, 5-6";"bijela";"Dostupno";"https://woolf.hr/t-shirt-dogo-premium-proizvod-8853/"
"CA65024201_WHT";"T SHIRT DOGO PREMIUM";"";"Muško - Odjeća - Majice - T-shirt";"7,99";"7,99";"5xl, xxxl, xxxxl";"bijela";"Dostupno";"https://woolf.hr/t-shirt-dogo-premium-proizvod-9400/"
"007_BLUE";"TAIM D.O.O. VEZICE  OKRUGLE";"TAIM D.O.O.";"Žensko - Dodaci - Vezice za obuću";"1,19";"1,19";"60cm, 80cm";"plava";"Dostupno";"https://woolf.hr/vezice-pamucne-okrugle-proizvod-5984/"
"116_PURPLE";"TAIM D.O.O. VEZICE  OKRUGLE";"TAIM D.O.O.";"Žensko - Dodaci - Vezice za obuću";"1,19";"1,19";"60cm, 80cm";"ljubicasta";"Dostupno";"https://woolf.hr/vezice-pamucne-okrugle-proizvod-5989/"
"200_ORANGE";"TAIM D.O.O. VEZICE  OKRUGLE";"TAIM D.O.O.";"Žensko - Dodaci - Vezice za obuću";"1,19";"1,19";"80cm";"narancasta";"Dostupno";"https://woolf.hr/vezice-pamucne-okrugle-proizvod-5996/"
"2000_ORANGE";"TAIM D.O.O. VEZICE  OKRUGLE";"TAIM D.O.O.";"Žensko - Dodaci - Vezice za obuću";"1,19";"1,19";"60cm, 80cm, 100cm";"narancasta";"Dostupno";"https://woolf.hr/vezice-pamucne-okrugle-proizvod-5997/"
"2001_ORANGE";"TAIM D.O.O. VEZICE  OKRUGLE";"TAIM D.O.O.";"Žensko - Dodaci - Vezice za obuću";"1,19";"1,19";"60cm, 100cm";"narancasta";"Dostupno";"https://woolf.hr/vezice-pamucne-okrugle-proizvod-5998/"
"112_YELLOW";"TAIM D.O.O. VEZICE  OKRUGLE";"TAIM D.O.O.";"Žensko - Dodaci - Vezice za obuću";"1,19";"1,19";"60cm, 80cm";"zuta";"Dostupno";"https://woolf.hr/vezice-pamucne-okrugle-proizvod-6001/"
"007_RED";"TAIM D.O.O. VEZICE  OKRUGLE";"TAIM D.O.O.";"Žensko - Dodaci - Vezice za obuću";"1,19";"1,19";"80cm";"crvena";"Dostupno";"https://woolf.hr/vezice-pamucne-okrugle-proizvod-6011/"
"111_BLACK";"TAIM D.O.O. VEZICE  OKRUGLE";"TAIM D.O.O.";"Žensko - Dodaci - Vezice za obuću";"1,19";"1,19";"60cm, 80cm, 100cm, 120cm";"crna";"Dostupno";"https://woolf.hr/vezice-pamucne-okrugle-proizvod-6020/"
"119_GREEN";"TAIM D.O.O. VEZICE  RAVNE";"TAIM D.O.O.";"Žensko - Dodaci - Vezice za obuću";"1,19";"1,19";"80cm, 100cm";"zelena";"Dostupno";"https://woolf.hr/vezice-pamucne-ravne-proizvod-5974/"
"1071_BLUE";"TAIM D.O.O. VEZICE  RAVNE";"TAIM D.O.O.";"Žensko - Dodaci - Vezice za obuću";"1,19";"1,19";"60cm";"plava";"Dostupno";"https://woolf.hr/vezice-pamucne-ravne-proizvod-5986/"
"107_NAVY";"TAIM D.O.O. VEZICE  RAVNE";"TAIM D.O.O.";"Žensko - Dodaci - Vezice za obuću";"1,19";"1,19";"60cm";"plava";"Dostupno";"https://woolf.hr/vezice-pamucne-ravne-proizvod-5987/"
"080_GREY";"TAIM D.O.O. VEZICE  RAVNE";"TAIM D.O.O.";"Žensko - Dodaci - Vezice za obuću";"1,19";"1,19";"60cm, 80cm";"siva";"Dostupno";"https://woolf.hr/vezice-pamucne-ravne-proizvod-5993/"
"090_BEIGE";"TAIM D.O.O. VEZICE  RAVNE";"TAIM D.O.O.";"Žensko - Dodaci - Vezice za obuću";"1,19";"1,19";"60cm, 80cm";"bez";"Dostupno";"https://woolf.hr/vezice-pamucne-ravne-proizvod-5995/"
"2100_ORANGE";"TAIM D.O.O. VEZICE  RAVNE";"TAIM D.O.O.";"Žensko - Dodaci - Vezice za obuću";"1,19";"1,19";"60cm, 80cm, 100cm, 120cm";"narancasta";"Dostupno";"https://woolf.hr/vezice-pamucne-ravne-proizvod-6000/"
"115_PINK";"TAIM D.O.O. VEZICE  RAVNE";"TAIM D.O.O.";"Žensko - Dodaci - Vezice za obuću";"1,19";"1,19";"60cm, 80cm";"pink";"Dostupno";"https://woolf.hr/vezice-pamucne-ravne-proizvod-6023/"
"114_PINK";"TAIM D.O.O. VEZICE OKRUGLE";"TAIM D.O.O.";"Žensko - Dodaci - Vezice za obuću";"1,19";"1,19";"60cm, 80cm, 100cm";"pink";"Dostupno";"https://woolf.hr/vezice-pamucne-okrugle-proizvod-5988/"
"001_BLACK";"TAIM D.O.O. VEZICE OKRUGLE";"TAIM D.O.O.";"Žensko - Dodaci - Vezice za obuću";"1,19";"1,19";"80cm";"crna";"Dostupno";"https://woolf.hr/vezice-pamucne-okrugle-proizvod-6004/"
"003_WHITE";"TAIM D.O.O. VEZICE OKRUGLE";"TAIM D.O.O.";"Žensko - Dodaci - Vezice za obuću";"1,19";"1,19";"60cm, 80cm, 150cm";"bijela";"Dostupno";"https://woolf.hr/vezice-pamucne-okrugle-proizvod-6007/"
"1111_DBROWN";"TAIM D.O.O. VEZICE OKRUGLE";"TAIM D.O.O.";"Žensko - Dodaci - Vezice za obuću";"1,19";"1,19";"60cm, 80cm, 100cm, 120cm";"smeda";"Dostupno";"https://woolf.hr/vezice-pamucne-okrugle-proizvod-6022/"
"116_1_PURPLE";"TAIM D.O.O. VEZICE OKRUGLE";"TAIM D.O.O.";"Žensko - Dodaci - Vezice za obuću";"1,19";"1,19";"100cm";"ljubicasta";"Dostupno";"https://woolf.hr/vezice-okrugle-proizvod-8860/"
"117_PURPLE";"TAIM D.O.O. VEZICE RAVNE";"TAIM D.O.O.";"Žensko - Dodaci - Vezice za obuću";"1,19";"1,19";"80cm";"ljubicasta";"Dostupno";"https://woolf.hr/vezice-pamucne-ravne-proizvod-5991/"
"210_ORANGE";"TAIM D.O.O. VEZICE RAVNE";"TAIM D.O.O.";"Žensko - Dodaci - Vezice za obuću";"1,19";"1,19";"60cm";"narancasta";"Dostupno";"https://woolf.hr/vezice-pamucne-ravne-proizvod-5999/"
"1130_YELLOW";"TAIM D.O.O. VEZICE RAVNE";"TAIM D.O.O.";"Žensko - Dodaci - Vezice za obuću";"1,19";"1,19";"80cm, 100cm, 120cm, 150cm";"zuta";"Dostupno";"https://woolf.hr/vezice-pamucne-ravne-proizvod-6003/"
"004_BLACK";"TAIM D.O.O. VEZICE RAVNE";"TAIM D.O.O.";"Žensko - Dodaci - Vezice za obuću";"1,19";"1,19";"60cm, 80cm";"crna";"Dostupno";"https://woolf.hr/vezice-pamucne-ravne-proizvod-6005/"
"005_BROWN";"TAIM D.O.O. VEZICE RAVNE";"TAIM D.O.O.";"Žensko - Dodaci - Vezice za obuću";"1,19";"1,19";"60cm";"smeda";"Dostupno";"https://woolf.hr/vezice-pamucne-ravne-proizvod-6010/"
"0711_OLIVE";"TAIM D.O.O. VEZICE RAVNE";"TAIM D.O.O.";"Žensko - Dodaci - Vezice za obuću";"1,19";"1,19";"160cm";"zelena";"Dostupno";"https://woolf.hr/vezice-pamucne-ravne-proizvod-6017/"
"011_BLACK";"TAIM D.O.O. VEZICE SPORTSKE OKRUGLE";"TAIM D.O.O.";"Žensko - Dodaci - Vezice za obuću";"1,19";"1,19";"80cm";"crna";"Dostupno";"https://woolf.hr/vezice-sportske-okrugle-proizvod-6018/"
"010_WHITE";"TAIM D.O.O. VEZICE SPORTSKE OKRUGLE";"TAIM D.O.O.";"Žensko - Dodaci - Vezice za obuću";"1,19";"1,19";"80cm";"bijela";"Dostupno";"https://woolf.hr/vezice-sportske-okrugle-proizvod-6019/"
"B02_BLACK";"TIGERLINE NATIKAČE";"TIGERLINE";"Muško - Obuća - Natikače";"17,99";"19,99";"41";"crna";"Dostupno";"https://woolf.hr/natikace-proizvod-11478/"
"B429463_BLACK";"TISSAIA TENISICE";"TISSAIA";"Žensko - Obuća - Tenisice";"23,99";"28,99";"38, 39";"bijela]]><![CDATA[crna";"Dostupno";"https://woolf.hr/tenisice-proizvod-9038/"
"B862280_NAVY";"TOPWAY COMFORT CIPELE";"TOPWAY COMFORT";"Žensko - Obuća - Cipele";"24,99";"28,99";"36";"plava";"Dostupno";"https://woolf.hr/cipele-proizvod-9037/"
"B821203_BEIGE";"TOPWAY SANDALE";"TOPWAY";"Žensko - Obuća - Sandale";"18,99";"25,99";"36, 40";"bez";"Dostupno";"https://woolf.hr/sandale-proizvod-9036/"
"6502156_TA";"TORBA RUKSAK ZA SUP DASKU";"";"Fitnes - SPRAVE I DODACI - Pribor";"14,99";"39,99";"";"";"Dostupno";"https://woolf.hr/torba-ruksak-za-sup-dasku-proizvod-11396/"
"1001426_TA";"TORBA RUKSAK ZA SUP DASKU";"";"Fitnes - SPRAVE I DODACI - Pribor";"14,99";"39,99";"";"";"Dostupno";"https://woolf.hr/torba-ruksak-za-sup-dasku-proizvod-11397/"
"6500944B";"TRAKA ZA TRČANJE";"";"Fitnes - SPRAVE I DODACI - Sprave - Trake za hodanje i trčanje";"649,00";"899,00";"";"bijela]]><![CDATA[crna";"Dostupno";"https://woolf.hr/traka-za-trcanje-proizvod-7183/"
"6500944BC";"TRAKA ZA TRČANJE";"";"Fitnes - SPRAVE I DODACI - Sprave - Trake za hodanje i trčanje";"649,00";"889,00";"";"";"Dostupno";"https://woolf.hr/traka-za-trcanje-proizvod-7195/"
"6500944_21";"TRAKA ZA TRČANJE";"";"Fitnes - SPRAVE I DODACI - Sprave - Trake za hodanje i trčanje";"649,00";"899,00";"";"crna";"Dostupno";"https://woolf.hr/traka-za-trcanje-proizvod-7204/"
"P1741_18_BROWN";"TULIPANO NATIKAČE";"TULIPANO";"Žensko - Obuća - Natikače";"18,99";"21,99";"36";"smeda";"Dostupno";"https://woolf.hr/natikace-proizvod-11368/"
"P1741_18_BLACK";"TULIPANO NATIKAČE";"TULIPANO";"Žensko - Obuća - Natikače";"18,99";"21,99";"36";"crna";"Dostupno";"https://woolf.hr/natikace-proizvod-11696/"
"UMEFX193054004_10_";"UMBRO ČARAPE 3 pack";"UMBRO";"Žensko - Odjeća - Čarape";"8,99";"8,99";"30-32";"bijela]]><![CDATA[crna]]><![CDATA[siva";"Dostupno";"https://woolf.hr/carape-3-pack-proizvod-3401/"
"UMEFX193054001_10";"UMBRO ČARAPE 3 pack";"UMBRO";"Žensko - Odjeća - Čarape";"7,19";"7,19";"30-32";"bijela]]><![CDATA[crna]]><![CDATA[siva";"Dostupno";"https://woolf.hr/carape-3-pack-proizvod-3839/"
"UMEFX193054007_10";"UMBRO ČARAPE 3 pack";"UMBRO";"Žensko - Odjeća - Čarape";"5,99";"5,99";"45-47";"bijela";"Dostupno";"https://woolf.hr/carape-3-pack-proizvod-4011/"
"UME233M400_41";"UMBRO KAPA ZA ODRASLE";"UMBRO";"Muško - Odjeća - Kape - Zimske kape";"10,99";"10,99";"";"zuta";"Dostupno";"https://woolf.hr/kapa-za-odrasle-proizvod-9566/"
"81875U_LUA";"UMBRO KOPAČKE LUA";"UMBRO";"Muško - Obuća - Tenisice - Kopačke";"35,00";"49,99";"42";"plava";"Dostupno";"https://woolf.hr/kopacke-lua-proizvod-10025/"
"8188OU_LUA";"UMBRO KOPAČKE LUA";"UMBRO";"Dječje - Obuća - Tenisice - Kopačke";"34,99";"44,99";"28";"plava]]><![CDATA[zelena";"Dostupno";"https://woolf.hr/kopacke-lua-proizvod-10026/"
"81753U_LEE";"UMBRO KOPAČKE TOCCO II LEAGUE FG";"UMBRO";"Dječje - Obuća - Tenisice - Kopačke";"34,99";"55,61";"36";"crna]]><![CDATA[siva]]><![CDATA[zuta";"Dostupno";"https://woolf.hr/kopacke-tocco-ii-league-fg-proizvod-8662/"
"21338U_LWB";"UMBRO NOGOMETNA LOPTA NEO FUTSAL 4";"UMBRO";"Žensko - Dodaci - Lopte";"23,99";"23,99";"4";"crna]]><![CDATA[zelena]]><![CDATA[zuta";"Dostupno";"https://woolf.hr/nogometna-lopta-neo-futsal-4-proizvod-9644/"
"UMEFX193056001_05";"UMBRO ŠTUCNE";"UMBRO";"Žensko - Odjeća - Čarape - Štucne";"6,99";"6,99";"42-44, 45-47";"crvena";"Dostupno";"https://woolf.hr/stucne-nogomet-proizvod-9361/"
"UMF231M108_02";"UMBRO TENISICE  DEFENCE";"UMBRO";"Muško - Obuća - Tenisice";"29,99";"42,99";"41";"plava";"Dostupno";"https://woolf.hr/tenisice-defence-proizvod-12064/"
"UMF231M104_67";"UMBRO TENISICE COVER IC";"UMBRO";"Muško - Obuća - Tenisice";"29,99";"42,99";"47";"zuta";"Dostupno";"https://woolf.hr/tenisice-cover-ic-proizvod-8768/"
"UMF231M108_1U";"UMBRO TENISICE DEFENCE 2 IC";"UMBRO";"Muško - Obuća - Tenisice";"29,99";"42,99";"40";"crna";"Dostupno";"https://woolf.hr/tenisice-defence-2-tf-proizvod-12071/"
"UMF231M108_45";"UMBRO TENISICE DEFENCE 2 IC";"UMBRO";"Muško - Obuća - Tenisice";"29,99";"42,99";"40";"narancasta";"Dostupno";"https://woolf.hr/tenisice-defence-2-ic-proizvod-12072/"
"UMF231M109_1U";"UMBRO TENISICE DEFENCE 2 TF";"UMBRO";"Muško - Obuća - Tenisice";"29,99";"51,99";"40, 46";"zuta";"Dostupno";"https://woolf.hr/tenisice-defence-2-tf-proizvod-9768/"
"UMF223M115_25";"UMBRO TENISICE DEFENCE IC";"UMBRO";"Muško - Obuća - Tenisice";"29,99";"48,97";"46";"plava";"Dostupno";"https://woolf.hr/tenisice-defence-ic-proizvod-8265/"
"UMF223B117_42";"UMBRO TENISICE FLANKE TF";"UMBRO";"Dječje - Obuća - Tenisice";"35,69";"43,67";"30, 31";"crna]]><![CDATA[narancasta]]><![CDATA[zuta";"Dostupno";"https://woolf.hr/tenisice-flanke-tf-proizvod-8263/"
"UMF231B114_02";"UMBRO TENISICE LOGO JNR IC";"UMBRO";"Dječje - Obuća - Tenisice";"29,99";"42,99";"32";"plava]]><![CDATA[zuta";"Dostupno";"https://woolf.hr/tenisice-logo-jnr-ic-proizvod-8766/"
"UMF211M102_1V";"UMBRO TENISICE MAISON";"UMBRO";"Muško - Obuća - Tenisice";"29,99";"42,99";"47";"bijela";"Dostupno";"https://woolf.hr/tenisice-maison-proizvod-12067/"
"UMF211M102_01";"UMBRO TENISICE MIZ 2 PU";"UMBRO";"Muško - Obuća - Tenisice";"29,99";"42,99";"47";"crna]]><![CDATA[crvena";"Dostupno";"https://woolf.hr/tenisice-miz-2-pu-proizvod-8046/"
"UMF223M109_10";"UMBRO TENISICE PIVOT IC";"UMBRO";"Muško - Obuća - Tenisice";"29,99";"52,96";"47";"bijela";"Dostupno";"https://woolf.hr/tenisice-pivot-ic-proizvod-8202/"
"UMF231B113_01";"UMBRO TENISICE PRINTED JNR TF";"UMBRO";"Dječje - Obuća - Tenisice";"29,99";"38,99";"38";"zuta";"Dostupno";"https://woolf.hr/tenisice-printed-jnr-tf-proizvod-9767/"
"UMF231M121_02";"UMBRO TENISICE SALA 2 IC";"UMBRO";"Muško - Obuća - Tenisice";"29,99";"49,99";"47";"bijela]]><![CDATA[plava]]><![CDATA[zelena";"Dostupno";"https://woolf.hr/tenisice-sala-2-ic-proizvod-8769/"
"UMF231B119_01";"UMBRO TENISICE SWEEPER 2 JNR TF";"UMBRO";"Dječje - Obuća - Tenisice";"29,99";"37,99";"28, 29, 30, 31, 32, 33, 34, 35, 38, 39";"pink";"Dostupno";"https://woolf.hr/tenisice-sweeper-2-jnr-tf-proizvod-8767/"
"UMF231B119_20";"UMBRO TENISICE SWEEPER 2 JNR TF";"UMBRO";"Dječje - Obuća - Tenisice";"29,99";"37,99";"34";"plava";"Dostupno";"https://woolf.hr/tenisice-sweeper-2-jnr-tf-proizvod-12070/"
"UMF231M118_20";"UMBRO TENISICE SWEEPER IC";"UMBRO";"Muško - Obuća - Tenisice";"29,99";"42,99";"40";"plava";"Dostupno";"https://woolf.hr/tenisice-sweeper-ic-proizvod-12073/"
"6502704_A_396";"VRTNI TRAMPOLIN 396 CM";"";"Fitnes - SPRAVE I DODACI - Sprave - Trampolini";"129,00";"249,00";"";"";"Dostupno";"https://woolf.hr/vrtni-trampolin-396-cm-proizvod-11774/"
"WLFP231_PINK";"WALKX KUĆNE PAPUČE";"WALKX";"Žensko - Obuća - Papuče";"17,99";"23,79";"37";"pink";"Dostupno";"https://woolf.hr/kucne-papuce-proizvod-9488/"
"3500148_NAVY";"WALKX PAPUČE WALKX";"WALKX";"Dječje - Obuća - Papuče";"7,79";"11,81";"20";"plava]]><![CDATA[siva";"Dostupno";"https://woolf.hr/papuce-walkx-proizvod-5517/"
"3502016_GREY";"WALKX PAPUČE WALKX";"WALKX";"Dječje - Obuća - Papuče";"10,49";"10,49";"27";"siva";"Dostupno";"https://woolf.hr/papuce-walkx-proizvod-8855/"
"3502016_NAVY";"WALKX PAPUČE WALKX";"WALKX";"Dječje - Obuća - Papuče";"10,49";"10,49";"21";"plava";"Dostupno";"https://woolf.hr/papuce-walkx-proizvod-8857/"
"3502016_1PINK";"WALKX PAPUČE WALKX";"WALKX";"Dječje - Obuća - Papuče";"10,49";"10,49";"24";"pink";"Dostupno";"https://woolf.hr/papuce-walkx-proizvod-9514/"
"YO636_BLACK";"WEIDE CIPELE";"WEIDE";"Žensko - Obuća - Cipele";"19,99";"21,99";"37";"crna";"Dostupno";"https://woolf.hr/cipele-proizvod-10902/"
"2655_BLACK";"WOOLF BUCE";"WOOLF";"Dječje - Obuća - Buce";"24,99";"24,99";"32";"crna";"Dostupno";"https://woolf.hr/buce-proizvod-5571/"
"B185230_GREY";"WOOLF d.o.o. TENISICE";"WOOLF d.o.o.";"Dječje - Obuća - Tenisice";"14,99";"27,99";"23";"siva";"Dostupno";"https://woolf.hr/tenisice-proizvod-9305/"
"WLFP060_BLACK";"WOOLF ETUI ZA KARTICE";"WOOLF";"Žensko - Dodaci - Novčanici";"9,16";"9,16";"";"crna";"Dostupno";"https://woolf.hr/etui-za-kartice-proizvod-9394/"
"WLFP060_PINK";"WOOLF ETUI ZA KARTICE";"WOOLF";"Žensko - Dodaci - Novčanici";"9,16";"9,16";"";"pink";"Dostupno";"https://woolf.hr/etui-za-kartice-proizvod-9395/"
"WLFP060_GREY";"WOOLF ETUI ZA KARTICE";"WOOLF";"Žensko - Dodaci - Novčanici";"9,16";"9,16";"";"siva";"Dostupno";"https://woolf.hr/etui-za-kartice-proizvod-9398/"
"WLFP0410_1RED";"WOOLF ETUI ZA KARTICE";"WOOLF";"Žensko - Dodaci - Novčanici";"5,99";"5,99";"";"crvena";"Dostupno";"https://woolf.hr/etui-za-kartice-proizvod-10566/"
"KROKO_ORANGE";"WOOLF GUMENE KLOMPE";"WOOLF";"Dječje - Obuća - Klompe - Gumene klompe";"3,79";"7,83";"24-25";"narancasta";"Dostupno";"https://woolf.hr/gumene-klompe-proizvod-1076/"
"1999434_G_37_40";"WOOLF GUMENE KLOMPE";"WOOLF";"Žensko - Obuća - Gumene klompe";"3,79";"5,18";"37";"ljubicasta";"Dostupno";"https://woolf.hr/gumene-klompe-proizvod-1592/"
"1999434_LIME";"WOOLF GUMENE KLOMPE";"WOOLF";"Dječje - Obuća - Klompe - Gumene klompe";"3,79";"5,18";"37, 40";"zelena";"Dostupno";"https://woolf.hr/gumene-klompe-proizvod-1593/"
"3501080_NAVY";"WOOLF GUMENE KLOMPE";"WOOLF";"Dječje - Obuća - Klompe - Gumene klompe";"3,85";"6,50";"33";"plava";"Dostupno";"https://woolf.hr/gumene-klompe-proizvod-4631/"
"3501080_PINKY";"WOOLF GUMENE KLOMPE";"WOOLF";"Dječje - Obuća - Klompe - Gumene klompe";"3,79";"6,50";"30, 31, 32, 33, 34";"pink";"Dostupno";"https://woolf.hr/gumene-klompe-proizvod-4632/"
"SABBAS_BLACK";"WOOLF GUMENE KLOMPE";"WOOLF";"Muško - Obuća - Gumene klompe";"6,49";"6,49";"37, 38, 40, 41, 42, 43, 44, 45, 46";"crna";"Dostupno";"https://woolf.hr/gumene-klompe-proizvod-4647/"
"3502293_NAVY";"WOOLF GUMENE KLOMPE";"WOOLF";"Dječje - Obuća - Klompe - Gumene klompe";"5,99";"5,99";"22, 23, 24, 25, 27, 28, 29";"narancasta]]><![CDATA[plava";"Dostupno";"https://woolf.hr/gumene-klompe-proizvod-9225/"
"3502293_BLUE";"WOOLF GUMENE KLOMPE";"WOOLF";"Dječje - Obuća - Klompe - Gumene klompe";"5,99";"5,99";"24, 25";"plava]]><![CDATA[zelena";"Dostupno";"https://woolf.hr/gumene-klompe-proizvod-9226/"
"K3502293_BLUE";"WOOLF GUMENE KLOMPE";"WOOLF";"Dječje - Obuća - Klompe - Gumene klompe";"4,79";"5,99";"31, 32, 33, 34";"plava";"Dostupno";"https://woolf.hr/gumene-klompe-proizvod-9231/"
"K3502293_GREEN";"WOOLF GUMENE KLOMPE";"WOOLF";"Dječje - Obuća - Klompe - Gumene klompe";"4,79";"5,99";"30, 31, 32, 33, 34, 35, 36";"zelena";"Dostupno";"https://woolf.hr/gumene-klompe-proizvod-9232/"
"K3502293_PINK";"WOOLF GUMENE KLOMPE";"WOOLF";"Dječje - Obuća - Klompe - Gumene klompe";"4,79";"5,99";"30, 31, 32, 33, 34, 35, 36";"sareno";"Dostupno";"https://woolf.hr/gumene-klompe-proizvod-9233/"
"3502293_PINK";"WOOLF GUMENE KLOMPE";"WOOLF";"Dječje - Obuća - Klompe - Gumene klompe";"5,99";"5,99";"24, 25, 27, 28, 29";"pink]]><![CDATA[sareno";"Dostupno";"https://woolf.hr/gumene-klompe-proizvod-9246/"
"K3502293_1PINK";"WOOLF GUMENE KLOMPE";"WOOLF";"Dječje - Obuća - Klompe - Gumene klompe";"4,79";"5,99";"31, 32, 33";"pink]]><![CDATA[sareno";"Dostupno";"https://woolf.hr/gumene-klompe-proizvod-10191/"
"KROKO_RED";"WOOLF GUMENE KLOMPE S KRZNOM";"WOOLF";"Dječje - Obuća - Klompe - Gumene klompe";"3,85";"7,83";"24-25";"crvena";"Dostupno";"https://woolf.hr/gumene-klompe-proizvod-2123/"
"3500769_RED";"WOOLF GUMENE KLOMPE S KRZNOM";"WOOLF";"Dječje - Obuća - Klompe - Gumene klompe";"5,99";"9,16";"30, 31, 32, 33";"crvena";"Dostupno";"https://woolf.hr/gumene-klompe-s-krznom-proizvod-3665/"
"3500769_PINK";"WOOLF GUMENE KLOMPE S KRZNOM";"WOOLF";"Dječje - Obuća - Klompe - Gumene klompe";"5,09";"9,16";"25";"pink";"Dostupno";"https://woolf.hr/gumene-klompe-s-krznom-proizvod-3667/"
"3500769_BLUE";"WOOLF GUMENE KLOMPE S KRZNOM";"WOOLF";"Dječje - Obuća - Klompe - Gumene klompe";"5,99";"9,16";"27, 28";"plava";"Dostupno";"https://woolf.hr/gumene-klompe-s-krznom-proizvod-3668/"
"3500769_PINKI";"WOOLF GUMENE KLOMPE S KRZNOM";"WOOLF";"Dječje - Obuća - Klompe - Gumene klompe";"5,99";"9,16";"35";"pink";"Dostupno";"https://woolf.hr/gumene-klompe-s-krznom-proizvod-7618/"
"3501699_NAVY";"WOOLF KOŽNE TENISICE";"WOOLF";"Žensko - Obuća - Tenisice";"14,99";"32,99";"37";"plava";"Dostupno";"https://woolf.hr/kozne-tenisice-proizvod-7437/"
"WLFP221_PINK";"WOOLF NATIKAČE";"WOOLF";"Žensko - Obuća - Natikače";"4,99";"14,47";"37";"pink";"Dostupno";"https://woolf.hr/japanke-proizvod-8677/"
"WLFP222_NAVY";"WOOLF NATIKAČE";"WOOLF";"Žensko - Obuća - Natikače";"4,99";"14,47";"37, 38, 40";"plava";"Dostupno";"https://woolf.hr/japanke-proizvod-8679/"
"3500275_BROWN";"WOOLF NEPROPUSNE BUCE";"WOOLF";"Dječje - Obuća - Buce";"19,99";"35,70";"25";"smeda";"Dostupno";"https://woolf.hr/nepropusne-buce-proizvod-1973/"
"SIMON_SPIRALE_BLUE_ORANGE";"WOOLF NEPROPUSNE BUCE";"WOOLF";"Dječje - Obuća - Buce";"19,99";"35,70";"20";"narancasta]]><![CDATA[plava";"Dostupno";"https://woolf.hr/nepropusne-buce-proizvod-6024/"
"ERIC_ORANGE_BLUE";"WOOLF NEPROPUSNE BUCE";"WOOLF";"Dječje - Obuća - Buce";"24,99";"35,70";"23";"narancasta]]><![CDATA[plava";"Dostupno";"https://woolf.hr/nepropusne-buce-proizvod-7193/"
"3501668_NAVY";"WOOLF NEPROPUSNE BUCE";"WOOLF";"Dječje - Obuća - Buce";"19,99";"33,05";"30, 31, 33";"pink]]><![CDATA[plava";"Dostupno";"https://woolf.hr/nepropusne-buce-proizvod-7239/"
"3502055_NAVY";"WOOLF NEPROPUSNE BUCE";"WOOLF";"Dječje - Obuća - Buce";"19,99";"35,70";"29, 30, 31, 33";"pink]]><![CDATA[plava";"Dostupno";"https://woolf.hr/nepropusne-buce-proizvod-8597/"
"3501947_BLACK";"WOOLF NEPROPUSNE BUCE";"WOOLF";"Dječje - Obuća - Buce";"19,99";"35,70";"31, 33";"crna]]><![CDATA[siva]]><![CDATA[zelena";"Dostupno";"https://woolf.hr/nepropusne-buce-proizvod-8598/"
"ERIC_FUXIA";"WOOLF NEPROPUSNE BUCE";"WOOLF";"Dječje - Obuća - Buce";"29,99";"42,99";"28, 32";"pink";"Dostupno";"https://woolf.hr/nepropusne-buce-proizvod-9707/"
"ERIC_ORANGE";"WOOLF NEPROPUSNE BUCE";"WOOLF";"Dječje - Obuća - Buce";"29,99";"48,99";"32, 34";"narancasta]]><![CDATA[plava";"Dostupno";"https://woolf.hr/nepropusne-buce-proizvod-9708/"
"3502055_1_BLUE";"WOOLF NEPROPUSNE BUCE";"WOOLF";"Dječje - Obuća - Buce";"19,99";"24,99";"34";"plava";"Dostupno";"https://woolf.hr/nepropusne-buce-proizvod-12220/"
"WLFP1222025_BLUE";"WOOLF NEPROPUSNE BUCE";"WOOLF";"Dječje - Obuća - Buce";"19,99";"24,99";"32";"plava";"Dostupno";"https://woolf.hr/nepropusne-buce-proizvod-12253/"
"3502055_GREY";"WOOLF NEPROPUSNE BUCE";"WOOLF";"Dječje - Obuća - Buce";"24,99";"24,99";"33";"siva";"Dostupno";"https://woolf.hr/nepropusne-buce-proizvod-12313/"
"3502055_1_GREY";"WOOLF NEPROPUSNE BUCE";"WOOLF";"Dječje - Obuća - Buce";"24,99";"24,99";"33";"siva";"Dostupno";"https://woolf.hr/nepropusne-buce-proizvod-12314/"
"3500941_PINK";"WOOLF NEPROPUSNE GLEŽNJAČE";"WOOLF";"Dječje - Obuća - Gležnjače";"22,39";"30,39";"30, 31, 33, 34";"pink]]><![CDATA[plava";"Dostupno";"https://woolf.hr/nepropusne-gleznjace-proizvod-4725/"
"3501394_GREY";"WOOLF NEPROPUSNE GLEŽNJAČE";"WOOLF";"Dječje - Obuća - Gležnjače";"18,99";"26,41";"30, 31";"siva";"Dostupno";"https://woolf.hr/nepropusne-gleznjace-proizvod-7024/"
"3502467_BLACK";"WOOLF NEPROPUSNE GLEŽNJAČE";"WOOLF";"Dječje - Obuća - Buce";"19,99";"29,99";"32, 33, 34, 35, 36";"crna]]><![CDATA[ljubicasta]]><![CDATA[siva";"Dostupno";"https://woolf.hr/nepropusne-gleznjace-proizvod-9703/"
"3502467_GREY";"WOOLF NEPROPUSNE GLEŽNJAČE";"WOOLF";"Dječje - Obuća - Buce";"19,99";"29,99";"32, 33, 34";"crna]]><![CDATA[siva]]><![CDATA[zelena";"Dostupno";"https://woolf.hr/nepropusne-gleznjace-proizvod-9704/"
"WLFP26_WHITE";"WOOLF OBUĆA ZA OPORAVAK";"WOOLF";"Žensko - Obuća - Gumene klompe";"12,99";"15,99";"43-44, 45-46";"bijela";"Dostupno";"https://woolf.hr/obuca-za-oporavak-proizvod-12810/"
"WLFP26_PINK";"WOOLF OBUĆA ZA OPORAVAK";"WOOLF";"Žensko - Obuća - Gumene klompe";"12,99";"15,99";"41-42";"pink";"Dostupno";"https://woolf.hr/obuca-za-oporavak-proizvod-12811/"
"WLFP26_GREY1";"WOOLF OBUĆA ZA OPORAVAK";"WOOLF";"Muško - Obuća - Gumene klompe";"12,99";"15,99";"43-44, 45-46";"siva";"Dostupno";"https://woolf.hr/obuca-za-oporavak-proizvod-12812/"
"WLFP26_BLUE";"WOOLF OBUĆA ZA OPORAVAK";"WOOLF";"Žensko - Obuća - Gumene klompe";"12,99";"15,99";"37-38, 39-40";"plava";"Dostupno";"https://woolf.hr/obuca-za-oporavak-proizvod-12813/"
"2746200";"WOOLF PAPUČE ZA VODU";"WOOLF";"Dječje - Obuća - Papuče - Papuče za vodu";"5,09";"9,16";"28, 29";"ljubicasta";"Dostupno";"https://woolf.hr/papuce-za-vodu-proizvod-1484/"
"11_0324_17_NAVY";"WOOLF PAPUČE ZA VODU";"WOOLF";"Dječje - Obuća - Papuče - Papuče za vodu";"5,09";"9,16";"28";"plava";"Dostupno";"https://woolf.hr/papuce-za-vodu-proizvod-1485/"
"WLFP107_1BORDO";"WOOLF PLANINARSKI ULOŠCI";"WOOLF";"Žensko - Dodaci - Ulošci za cipele";"3,99";"3,99";"36-37";"bordo";"Dostupno";"https://woolf.hr/planinarski-ulosci-proizvod-11937/"
"WLFP107_RED";"WOOLF PLANINARSKI ULOŠCI";"WOOLF";"Žensko - Dodaci - Ulošci za cipele";"3,99";"3,99";"36-37, 38-39";"crvena";"Dostupno";"https://woolf.hr/planinarski-ulosci-proizvod-11939/"
"2837_NAVY";"WOOLF PLATNENE TENISICE";"WOOLF";"Dječje - Obuća - Tenisice";"6,99";"19,78";"37";"plava";"Dostupno";"https://woolf.hr/platnene-tenisice-proizvod-5967/"
"WLFP0146_NAVY";"WOOLF TENISICE";"WOOLF";"Žensko - Obuća - Tenisice";"19,99";"24,99";"38";"plava";"Dostupno";"https://woolf.hr/tenisice-proizvod-9866/"
"WLFP0158_NAVY";"WOOLF TENISICE";"WOOLF";"Žensko - Obuća - Tenisice";"19,99";"24,99";"37, 38, 39, 40";"plava";"Dostupno";"https://woolf.hr/tenisice-proizvod-9889/"
"WLF622025_BORDO";"WOOLF TENISICE";"WOOLF";"Žensko - Obuća - Tenisice";"24,99";"29,99";"37";"bordo";"Dostupno";"https://woolf.hr/tenisice-proizvod-12020/"
"3501052";"WOOLF TREKKING TENISICE";"WOOLF";"Dječje - Obuća - Tenisice";"14,99";"26,41";"32";"narancasta]]><![CDATA[plava";"Dostupno";"https://woolf.hr/trekking-tenisice-proizvod-5190/"
"3501052_BLUE";"WOOLF TREKKING TENISICE";"WOOLF";"Dječje - Obuća - Tenisice";"9,99";"26,41";"30, 31, 32";"pink]]><![CDATA[plava";"Dostupno";"https://woolf.hr/trekking-tenisice-proizvod-5191/"
"sm-001497";"Wybot Wybot A1 bežični robot za čišćenje bazena (crni)";"Wybot";"Uređaji - TEHNIKA - Pametan dom - Robotski usisavači";"199,00";"299,00";"";"";"Dostupno";"https://woolf.hr/wybot-a1-bezicni-robot-za-ciscenje-bazena-crni-proizvod-12799/"
"sm-001545";"Wybot Wybot B1 bežični robot za čišćenje bazena (crni)";"Wybot";"Uređaji - TEHNIKA - Pametan dom - Robotski usisavači";"379,00";"499,00";"";"";"Dostupno";"https://woolf.hr/wybot-b1-bezicni-robot-za-ciscenje-bazena-crni-proizvod-12896/"
"sm-001498";"Wybot Wybot C2 bežični robot za čišćenje bazena (crni)";"Wybot";"Uređaji - TEHNIKA - Pametan dom";"699,00";"699,00";"";"";"Dostupno";"https://woolf.hr/wybot-c2-bezicni-robot-za-ciscenje-bazena-crni-proizvod-12781/"
"sm-001546";"Wybot Wybot S3 bežični robot za čišćenje bazena s AI Vision i postajom za samopražnjenjem (crni)";"Wybot";"Uređaji - TEHNIKA - Pametan dom - Robotski usisavači";"2399,00";"2999,00";"";"";"Dostupno";"https://woolf.hr/wybot-s3-bezicni-robot-za-ciscenje-bazena-s-ai-vision-i-postajom-za-samopraznjenjem-crni-proizvod-12901/"
"001323";"YESOUL A1 PAMETNI SOBNI BICIKL - SPINNING BIKE";"YESOUL";"Fitnes - SPRAVE I DODACI - Sprave - Sobni bicikli";"279,00";"279,00";"";"";"Dostupno";"https://woolf.hr/a1-pametni-sobni-bicikl-spinning-bike-proizvod-12384/"
"sm-001323";"YESOUL YESOUL A1 pametni sobni bicikl - crni";"YESOUL";"Fitnes - SPRAVE I DODACI - Sprave - Sobni bicikli";"279,00";"279,00";"";"";"Dostupno";"https://woolf.hr/yesoul-a1-pametni-sobni-bicikl-crni-proizvod-12555/"
"sm-001322";"YESOUL YESOUL C1A pametni magnetni sobni bicikl - crni";"YESOUL";"Fitnes - SPRAVE I DODACI - Sprave - Sobni bicikli";"349,00";"349,00";"";"";"Dostupno";"https://woolf.hr/yesoul-c1a-pametni-magnetni-sobni-bicikl-crni-proizvod-12513/"
"sm-001324";"YESOUL YESOUL EF25EV - pametni eliptični trenažer";"YESOUL";"Fitnes - SPRAVE I DODACI - Sprave - Sobni bicikli";"699,00";"699,00";"";"";"Dostupno";"https://woolf.hr/yesoul-ef25ev-pametni-elipticni-trenazer-proizvod-12589/"
"sm-001254";"YESOUL YESOUL G1M Plus - pametni magnetni sobni bicikl - crni";"YESOUL";"Fitnes - SPRAVE I DODACI - Sprave - Sobni bicikli";"699,00";"699,00";"";"";"Dostupno";"https://woolf.hr/yesoul-g1m-plus-pametni-magnetni-sobni-bicikl-crni-proizvod-12466/"
"sm-001484";"YESOUL YESOUL R1 PLUS - sklopiva sprava za veslanje";"YESOUL";"Fitnes - SPRAVE I DODACI - Sprave - Sprave za veslanje";"649,00";"649,00";"";"";"Dostupno";"https://woolf.hr/yesoul-r1-plus-sklopiva-sprava-za-veslanje-proizvod-12455/"
"sm-001086";"YESOUL YESOUL S3 - pametni magnetni sobni bicikl - bijeli";"YESOUL";"Fitnes - SPRAVE I DODACI - Sprave - Sobni bicikli";"319,00";"399,00";"";"";"Dostupno";"https://woolf.hr/yesoul-s3-pametni-magnetni-sobni-bicikl-bijeli-proizvod-12592/"
"sm-001058";"YESOUL YESOUL S3 - pametni magnetni sobni bicikl - crni";"YESOUL";"Fitnes - SPRAVE I DODACI - Sprave - Sobni bicikli";"399,00";"399,00";"";"";"Dostupno";"https://woolf.hr/yesoul-s3-pametni-magnetni-sobni-bicikl-crni-proizvod-12565/"
"sm-001420";"YESOUL Yesoul T3 Plus - traka za hodanje i trčanje";"YESOUL";"Fitnes - SPRAVE I DODACI - Sprave - Trake za hodanje i trčanje";"999,00";"999,00";"";"";"Dostupno";"https://woolf.hr/yesoul-t3-plus-traka-za-hodanje-i-trcanje-proizvod-12579/"
"sm-001447";"YESOUL Yesoul T3 Pro - traka za hodanje i trčanje";"YESOUL";"Fitnes - SPRAVE I DODACI - Sprave - Trake za hodanje i trčanje";"699,00";"699,00";"";"";"Dostupno";"https://woolf.hr/yesoul-t3-pro-traka-za-hodanje-i-trcanje-proizvod-12554/"
"sm-001475";"YESOUL Yesoul W2 Pro traka za hodanje";"YESOUL";"Fitnes - SPRAVE I DODACI - Sprave - Trake za hodanje i trčanje";"349,00";"349,00";"";"";"Dostupno";"https://woolf.hr/yesoul-w2-pro-traka-za-hodanje-proizvod-12710/"
"sm-001412";"YESOUL Yesoul W2 traka za hodanje";"YESOUL";"Fitnes - SPRAVE I DODACI - Sprave - Trake za hodanje i trčanje";"209,00";"249,00";"";"";"Dostupno";"https://woolf.hr/yesoul-w2-traka-za-hodanje-proizvod-12604/"
"6502035_VODENKONJ";"ŽIVOTINJA NA NAPUHAVANJE ZA PLAŽU";"";"Dječje - Dječji dodaci - Outdoor";"8,99";"16,99";"";"";"Dostupno";"https://woolf.hr/napuhanci-vodu-proizvod-8900/"
"6502035_LAMA";"ŽIVOTINJA NA NAPUHAVANJE ZA PLAŽU";"";"Dječje - Dječji dodaci - Outdoor";"8,99";"16,99";"";"";"Dostupno";"https://woolf.hr/napuhanci-vodu-proizvod-8901/"
"6502035_JEDNOROG";"ŽIVOTINJA NA NAPUHAVANJE ZA PLAŽU";"";"Dječje - Dječji dodaci - Outdoor";"8,99";"16,99";"";"";"Dostupno";"https://woolf.hr/napuhanci-vodu-proizvod-8902/"
"60001_BLUE";"ŽLICA ZA CIPELE";"";"Žensko - Dodaci - Žlice za cipele";"2,99";"2,99";"";"plava";"Dostupno";"https://woolf.hr/zlica-za-obuvanje-proizvod-8893/"
"60001_WHITE";"ŽLICA ZA CIPELE";"";"Žensko - Dodaci - Žlice za cipele";"2,99";"2,99";"";"bijela";"Dostupno";"https://woolf.hr/zlica-za-obuvanje-proizvod-8894/"
"60001_YELLOW";"ŽLICA ZA CIPELE";"";"Žensko - Dodaci - Žlice za cipele";"2,99";"2,99";"";"zuta";"Dostupno";"https://woolf.hr/zlica-za-obuvanje-proizvod-8895/"