"Šifra";"Brend"
"000053_PLAVA";"SEKLO"
"000053_SIVA";"SEKLO"
"00015_YELLOW";"TAIM D.O.O."
"0001_BLACK";"TAIM D.O.O."
"0001_BROWN";"TAIM D.O.O."
"0001_RED";"TAIM D.O.O."
"000602";"KINGSMITH"
"00099_BROWN";"GEZER"
"001046";"KINGSMITH"
"001047";"KINGSMITH"
"001058";"YESOUL"
"001086";"YESOUL"
"001254";"YESOUL"
"001290";"KINGSMITH"
"001291";"KINGSMITH"
"001291S";"KINGSMITH"
"001306";"KINGSMITH"
"001322";"YESOUL"
"001323";"YESOUL"
"001324";"YESOUL"
"001337";"KINGSMITH"
"001338";"KINGSMITH"
"001343";"YESOUL"
"001346";"KINGSMITH"
"001347";"KINGSMITH"
"001358";"NARWAL"
"001364";"KINGSMITH"
"001380";"NARWAL"
"001393";"NARWAL"
"001403";"KINGSMITH"
"001412";"YESOUL"
"001420";"YESOUL"
"001424";"NARWAL"
"001425";"NARWAL"
"001447";"YESOUL"
"001447_";"YESOUL"
"001475";"YESOUL"
"0014_2_BLACK";"AZZURO"
"0014_2_COFFE";"AZZURO"
"0014_6A_COFFE";"AZZURO"
"001_BLACK";"TAIM D.O.O."
"001_WHITE";"PRESTIGE"
"0023_1_COFFE";"AZZURO"
"0032201_BLACK";"SEKLO"
"0032201_BLUE";"SEKLO"
"0032201_BORDO";"SEKLO"
"0032201_BROWN";"SEKLO"
"0032_4_BLACK";"AZZURO"
"003_WHITE";"TAIM D.O.O."
"004_BLACK";"TAIM D.O.O."
"005_BROWN";"TAIM D.O.O."
"00632_BEIGE";"GEZER"
"00632_BLACK";"GEZER"
"006_WHITE";"TAIM D.O.O."
"0071_NAVY";"TAIM D.O.O."
"007_BLUE";"TAIM D.O.O."
"007_RED";"TAIM D.O.O."
"0101_BLACK";"NW"
"0101_GREY";"NW"
"0101_WHITE";"NW"
"0102_BLACK";"NW"
"0102_BLUE";"NW"
"0102_WHITE";"NW"
"010_011_BLACK";"Conway"
"010_011_RED";"Conway"
"010_486_BLACK";"Conway"
"010_GREY";"MANZOTTI"
"010_WHITE";"TAIM D.O.O."
"0110001_C513_PLAVA";"WOOLF"
"0110001_ZUTA";"WOOLF"
"01120_111_CRNA";"NW"
"01120_111_PLAVA";"NW"
"01120_111_SIVA";"NW"
"01120_123_SIVA";"NW"
"01124_111_CRNA";"NW"
"01124_112_PLAVA";"NW"
"01124_113_SIVA";"NW"
"01124_113_SMEDA";"NW"
"01129_110";"NW"
"01129_111";"NW"
"01129_112";"NW"
"01175_110_BIJELA";"NW"
"01175_111_CRNA";"NW"
"01175_113_SIVA";"NW"
"01186_BLACK";"GEZER"
"01186_BROWN";"GEZER"
"01191_CRNA";"NW"
"01191_LILA";"NW"
"01191_PLAVA";"NW"
"01191_SIVA";"NW"
"01196_CRNA";"NW"
"01196_PLAVA";"NW"
"01196_SIVA";"NW"
"01197_BIJELA";"NW"
"01197_CRNA";"NW"
"01197_SIVA";"NW"
"011_BLACK";"TAIM D.O.O."
"0120001_C090_634";"WOOLF"
"0120001_C412_567";"WOOLF"
"0120301_WHITE";"WOOLF"
"0120302_GREY";"WOOLF"
"0129_BLACK";"LIBER LIGHT"
"012_BROWN";"TAIM D.O.O."
"012_WHITE";"SOFT LINE"
"013_WHITE";"SOFT LINE"
"0140000_C004_B42";"WOOLF"
"014_WHITE";"SOFT LINE"
"01501_111_CRNA";"NW"
"01501_112_PLAVA";"NW"
"01501_113_SIVA";"NW"
"0157_BLACK";"WEIDE"
"016_BLACK";"SOFT LINE"
"017_WHITE";"SOFT LINE"
"018_BLACK";"SOFT LINE"
"019_WHITE";"SOFT LINE"
"02091_CRNA";"NW"
"02091_LILA";"NW"
"02091_SIVA";"NW"
"02091_TSIVA";"NW"
"021010_NEUTRAL";"GT"
"021133_BLACK";"GT"
"021218_BROWN";"GT"
"0212_BLUE";"WOOLF"
"0212_WHITE";"WOOLF"
"02132_090";"NW"
"02132_091";"NW"
"0213_BLACK";"WOOLF"
"0213_BLUE";"WOOLF"
"0213_WHITE";"WOOLF"
"0214_BLACK";"WOOLF"
"0214_BLUE";"WOOLF"
"0214_WHITE";"WOOLF"
"0215_BLACK";"WOOLF"
"0216_BLUE";"WOOLF"
"0216_WHITE";"WOOLF"
"0217_BLACK";"WOOLF"
"0217_BLUE";"WOOLF"
"0217_WHITE";"WOOLF"
"0218_BLACK";"WOOLF"
"0218_BLUE";"WOOLF"
"0218_WHITE";"WOOLF"
"0219_BLACK";"WOOLF"
"0219_BLUE";"WOOLF"
"0219_WHITE";"WOOLF"
"022005_BLACK";"SAFRAN"
"022005_WHITE";"SAFRAN"
"022011_BEIGE";"SAFRAN"
"022011_YELLOW";"SAFRAN"
"022035_SILVER";"SAFRAN"
"022036_BLACK";"SAFRAN"
"0220_BLACK";"NW"
"0221_BLACK";"NW"
"0222_BLUE";"NW"
"02230_090";"NW"
"02230_091";"NW"
"02230_092";"NW"
"02230_096";"NW"
"02230_097";"NW"
"02230_102";"NW"
"02233_SIYAH";"GEZER"
"02235_092";"NW"
"02235_095";"NW"
"02235_096";"NW"
"02235_097";"NW"
"0223_NAVY";"NW"
"0224_BLACK";"NW"
"02258_BIJELE";"NW"
"02258_CRNA";"NW"
"02258_MAVI";"GEZER"
"02258_PLAVA";"NW"
"02258_TSIVA";"NW"
"0225_GREY";"NW"
"0226_BLACK";"NW"
"0226_GREY";"NW"
"02272_LACIVERT";"GEZER"
"0227_NAVY";"NW"
"02280_FUJIA";"GEZER"
"0228_GREY";"NW"
"0228_GREY_1";"NW"
"0229_WHITE";"NW"
"0230_BLACK";"NW"
"02319_GREEN";"NW"
"02319_PURPLE";"NW"
"02319_RED";"NW"
"0231_NAVY";"NW"
"0232_BLACK";"NW"
"0232_PURPLE";"NW"
"0233_BLACK";"NW"
"0234_GREEN";"NW"
"02354_BLACK";"NW"
"02354_SMEDA";"NW"
"0235_BLUE";"NW"
"0236_GREEN";"NW"
"0237_NAVY";"NW"
"0238_NAVY";"NW"
"0239_BLACK";"NW"
"0240_BLACK";"NW"
"0241_GREEN";"NW"
"0242_BLUE";"REUSCH"
"0243_NAVY";"NW"
"0244_NAVY";"NW"
"0245_SILVER";"NW"
"0246_WHITE";"NW"
"0247_WHITE";"NW"
"0248_BLACK";"NW"
"0249_BLACK";"NW"
"0250_BLACK";"NW"
"0250_WHITE";"NW"
"0251_BLACK";"NW"
"0252_GREY";"NW"
"0253_BLACK";"NW"
"0254_NAVY";"NW"
"0255_NAVY";"NW"
"02568_MAVI";"GEZER"
"0256_BLACK";"FILA"
"0256_GREY";"FILA"
"0256_NAVY";"FILA"
"0257_WHITE";"FILA"
"02580_MAVI";"GEZER"
"02583_OCTABA_KAHVE";"GEZER"
"0258_BLACK";"NW"
"0258_RED";"NW"
"0259_BLACK";"FILA"
"025_007_MAX";"Conway"
"025_018_GINA_WHT_PURPLE";"Conway"
"025_037_FUXIA";"Conway"
"025_037_PURPLE";"Conway"
"0260_GREY";"NW"
"0261_NAVY";"NW"
"02629_KAHVE";"GEZER"
"0262_PINK";"NW"
"0263_BROWN";"NW"
"0264_NAVY";"NW"
"0268_BLUE";"NW"
"0268_BORDO";"NW"
"026_BLACK";"NW"
"026_GREY";"NW"
"026_MORO";"NW"
"026_NAVY";"NW"
"026_NAVY_PINK";"NW"
"026_PINK";"NW"
"02771_TURKUAZ";"GEZER"
"02772_BEYAZ";"GEZER"
"02774_MAVI";"GEZER"
"02775_LACIVERT";"GEZER"
"02791_KAHVE";"GEZER"
"02793_FUJIA";"GEZER"
"02793_PEMBE";"GEZER"
"02797_PEMBE";"GEZER"
"02799_FUJIA";"GEZER"
"02799_MAV";"GEZER"
"027_PINK";"NW"
"02802_PEMBE";"GEZER"
"02842_WHITE";"SAFRAN"
"02884_PINK";"GEZER"
"02_007_BEIGE";"HIT SHOES"
"02_007_BLACK";"HIT SHOES"
"02_007_CAMEL";"HIT SHOES"
"02_BLACK";"NW"
"02_GREY";"NW"
"03034_BLUE";"GEZER"
"03034_NAVY";"GEZER"
"03035_PINK";"GEZER"
"03078_FUJIA";"GEZER"
"03085_BLACK";"GEZER"
"03085_BLACK_GREY";"GEZER"
"03085_RED_NAVY";"GEZER"
"03092_PURPLE";"GEZER"
"03093_PEMBE";"GEZER"
"03094_RED";"GEZER"
"0309_BLACK";"WEIDE"
"03101_BLACK";"GEZER"
"03141_PINK";"GEZER"
"03147_PINK";"GEZER"
"0316_GREY";"NW"
"0316_NAVY";"NW"
"0317_BORDO";"NW"
"0318_BROWN";"NW"
"0319_BLUE";"NW"
"0319_RED";"NW"
"031_GREY";"NW"
"031_JEANS";"NW"
"03205";"GEZER"
"0321_BLUE";"NW"
"0321_GREY";"NW"
"03306_BIJELA";"NW"
"03306_CARAIBI";"NW"
"03306_FUXIA";"NW"
"03375_BIJELA";"NW"
"03375_BIJELA_";"NW"
"03375_PLAVA";"NW"
"03375_PLAVA_";"NW"
"03375_SIVA";"NW"
"03375_SIVA_";"NW"
"035_BLACK";"L.A POLO"
"036_1GREY";"NW"
"036_2GREY";"NW"
"036_3GREY";"NW"
"036_GREY";"NW"
"036_NAVY";"NW"
"03912_BROWN";"GEZER"
"043_PINK";"NICKELS NOWW"
"044_KA_CAMEL";"NW"
"044_KA_KHAKI";"NW"
"045_BLACK";"NW"
"04770_BLACK";"GEZER"
"0513_7A_BLACK";"AZZURO"
"051_BLACK";"L.A POLO"
"051_BROWN";"L.A POLO"
"0521_BLACK";"WEIDE"
"06028_DRAP";"PMTČ"
"06028_GREY";"PMTČ"
"06234_BROWN";"PMTČ"
"06234_PL_BROWN";"PMTČ"
"06356_BEIGE";"PMTČ"
"06356_BLACK";"PMTČ"
"06356_BROWN";"PMTČ"
"06356_BROWN_1";"PMTČ"
"06356_WHITE";"PMTČ"
"06610_BLACK";"PMTČ"
"06610_BROWN";"PMTČ"
"06610_GREEN";"PMTČ"
"06610_GREY";"PMTČ"
"06610_PLAVA";"PMTČ"
"06610_PURPLE";"PMTČ"
"06610_WHITE";"PMTČ"
"06610_YELLOW";"PMTČ"
"06733_BLACK";"GEZER"
"0711_OLIVE";"TAIM D.O.O."
"071_BLACK";"TAIM D.O.O."
"07233_BLACK";"PMTČ"
"072_1_GREY";"TAIM D.O.O."
"072_GREY";"TAIM D.O.O."
"07397";"XPLORER"
"07398";"XPLORER"
"073_BEIGE";"TAIM D.O.O."
"073_FUCHSIA";"NW"
"07546_BLACK";"WOOLF"
"07546_GREY";"WOOLF"
"07546_NAVY";"WOOLF"
"080_1GREY";"TAIM D.O.O."
"080_GREY";"TAIM D.O.O."
"08231_WHITE";"GEZER"
"08236_BLACK";"GEZER"
"08236_WHITE";"GEZER"
"08355_BLK";"GEZER"
"08355_BROWN";"GEZER"
"08671_BLACK";"GEZER"
"08671_BROWN";"GEZER"
"089104_NATURAL";"COCCINE"
"089111_BLACK";"COCCINE"
"089128_BROWN";"COCCINE"
"089692";"COCCINE"
"0901_75_PLAVA";"Conway"
"090_BEIGE";"TAIM D.O.O."
"09345_BLACK";"GEZER"
"09345_BROWN";"GEZER"
"09521_BLACK";"GEZER"
"09751_BLACK";"GEZER"
"09751_SMOKED";"GEZER"
"09836_SMOKED";"GEZER"
"09840_BLK";"GEZER"
"09840_BROWN";"GEZER"
"09878_1BLACK";"GEZER"
"09878_1BROWN";"GEZER"
"09878_BLACK";"GEZER"
"09878_BROWN";"GEZER"
"10006_BLACK";"FOXTER"
"10006_PINK";"FOXTER"
"1000_CRNE";"Conway"
"1000_WHITE";"LEON"
"100100_NAVY";"GIS"
"1001_06_BEIGE";"GERIS"
"1002_BLACK";"LEON"
"1002_WHITE";"LEON"
"1004_NAVY";"HIT SHOES"
"100617_BLUE";"SEKLO"
"100617_BLUE1";"SEKLO"
"100617_BROWN";"SEKLO"
"1006_BLACK";"SEKLO"
"1006_BROWN";"SEKLO"
"10080_C1";"NW"
"10080_C10";"NW"
"10080_C11";"NW"
"10080_C2";"NW"
"10080_C3";"NW"
"10080_C4";"NW"
"10080_C5";"NW"
"10080_C6";"NW"
"10080_C7";"NW"
"10080_C8";"NW"
"10080_C9";"NW"
"100_1GREY";"GIS"
"100_BORDO";"GIS"
"100_GREY";"GIS"
"100_NAVY";"GIS"
"1010_WHITE";"LOTTO"
"10127_WHITE";"KangaROOS"
"1014_WHITE";"LOTTO"
"10159674_BLACK";"NW"
"10159684_TAN";"NW"
"10179_1OLIVE";"KangaROOS"
"10179_NAVY";"KangaROOS"
"10179_OLIVE";"KangaROOS"
"10190_BLACK";"NW"
"10191_BLUE";"NW"
"10192_BLACK";"NW"
"10193_BROWN";"NW"
"10193_BROWN_1";"NW"
"10194_BROWN";"NW"
"10195_BLACK";"NW"
"10196_BLACK";"NW"
"10197_BLACK";"NW"
"10198_BLACK";"NW"
"10198_BLUE";"NW"
"1019_GREY";"NW"
"101_07_BEIGE";"GERIS"
"101_07_BLACK";"GERIS"
"101_07_BLUE";"GERIS"
"101_08_BEIGE";"GERIS"
"101_08_BLACK";"GERIS"
"101_08_BLUE";"GERIS"
"101_BEIGE";"LIBER LIGHT"
"101_WHITE";"SOFT LINE"
"1020";"NW"
"10200_BLACK";"NW"
"10201_GREY";"NW"
"102021_BLACK";"NW"
"102021_BLACK_1";"NW"
"102021_BLACK_B";"NW"
"102021_BLACK_Z";"NW"
"10202_BLACK";"NW"
"10203_BLACK";"NW"
"10204_BLACK";"NW"
"10205_GREY";"NW"
"10206_BLUE";"NW"
"10207_BLUE";"NW"
"10207_GREY";"NW"
"10208_BLACK";"NW"
"1020_BLACK";"GAVIAL"
"10210_BLACK";"NW"
"10212_BLACK";"NW"
"10213_BLACK";"NW"
"10214_BLACK";"NW"
"10215_BLACK";"NW"
"10215_BLACK_GREY";"NW"
"10216_BLACK";"NW"
"10218_BLUE";"NW"
"10219_BLACK";"NW"
"10219_BLACK_1";"NW"
"10220_BLACK";"NW"
"10220_BLACK_1";"NW"
"10221_BLACK";"NW"
"10222_BLUE";"NW"
"10223_BLACK";"NW"
"10224_GREY";"NW"
"10225_BLACK";"NW"
"10226_GREY";"NW"
"10227_GREY";"NW"
"10228_BLACK";"NW"
"10229_GREY";"NW"
"10230_BLACK";"NW"
"10231_BLACK";"NW"
"10232_NAVY";"NW"
"10233_BLACK";"NW"
"10234_BLACK";"NW"
"10235_BLACK";"NW"
"10235_BLUE";"NW"
"10236_BLACK";"NW"
"10237_GREY";"NW"
"10241_BLUE";"NW"
"10241_GREY";"NW"
"10244_BLACK";"NW"
"10244_BLACK_I";"NW"
"10245_GREY";"NW"
"10246_BLACK";"NW"
"10247_GREY";"NW"
"10248_GREY";"NW"
"10249_BLACK";"NW"
"1024_BLACK";"LEON"
"1024_WHITE";"LEON"
"10250_BLACK";"NW"
"10251_BLACK";"NW"
"10251_BORDO";"NW"
"10252_BLACK";"NW"
"10253_BROWN";"NW"
"10254_BROWN";"NW"
"10255_BROWN";"NW"
"10256_GREY";"NW"
"10256_RED";"NW"
"10257_YELLOW";"NW"
"10258_GREY";"NW"
"10259_BLUE";"NW"
"10260_BLACK";"NW"
"10261_BLACK";"NW"
"10262_BROWN";"NW"
"10263_BLACK";"NW"
"10264_GREY";"NW"
"10265_GREY";"NW"
"10266_BROWN";"NW"
"10267_BLUE";"NW"
"10267_GREY";"NW"
"10268_BLK_WHITE";"KangaROOS"
"10268_PURPLE";"NW"
"102690_GREY";"KangaROOS"
"10269_GREY";"NW"
"1026_BEIGE";"GEZER"
"1026_BLACK";"GEZER"
"1026_RED";"GEZER"
"1026_WHITE";"GEZER"
"10270_BLACK";"NW"
"10270_GREY";"NW"
"10271_BLACK";"NW"
"10272_BLACK";"NW"
"10273_BLACK";"NW"
"10273_BROWN";"NW"
"10273_GREY";"NW"
"10273_PINK";"KangaROOS"
"10274_GREY";"NW"
"10274_NAVY";"KangaROOS"
"10275_BEIGE";"NW"
"10275_BEIGE_1";"NW"
"10276_GREY";"NW"
"10276_SIVA";"NW"
"10277_BROWN";"NW"
"10278_BROWN";"NW"
"10279_GREY";"NW"
"10280_GREY";"NW"
"10281_BLACK_GREY";"NW"
"10282_GREY";"NW"
"10283_GREY";"NW"
"10284_GREY";"NW"
"10285_BROWN";"NW"
"10286_GREY_RED";"NW"
"10287_BROWN";"NW"
"10288_GREY";"NW"
"10289_GREY";"NW"
"10289_PURPLE";"NW"
"10289_PURPLE_1";"NW"
"10290_PURPLE";"NW"
"10291_GREY";"NW"
"10292_GREY";"NW"
"10293_GREY";"NW"
"10294_BLUE";"NW"
"10294_BROWN";"NW"
"10295_GREY";"NW"
"10296_BLACK";"NW"
"10297_BLACK";"NW"
"10297_GREEN";"KangaROOS"
"10297_GREY";"NW"
"10298_BLACK";"NW"
"10299_GREEN";"NW"
"102_WHITE";"SOFT LINE"
"10300_BLACK";"NW"
"10301_BLUE";"NW"
"10302_BLACK";"NW"
"10302_BLUE";"NW"
"10303_GREY";"NW"
"10304_BLUE";"NW"
"10305_NAVY";"NW"
"10306_GREY";"NW"
"10306_NAVY";"NW"
"10306_WHITE";"NW"
"10307_BLACK";"NW"
"10308_GREY";"NW"
"10309_BLACK";"NW"
"10310_GREY";"NW"
"10311_BLACK";"NW"
"10312_GREY";"NW"
"10312_TURQUOISE";"NW"
"10313_PINK";"NW"
"10314_ORANGE";"NW"
"10314_PINK";"NW"
"10315_GREY";"NW"
"10316_BLACK";"NW"
"10317_BLACK";"NW"
"10318_NAVY";"NW"
"10319_GREY";"NW"
"10319_GREY_I";"NW"
"10320_GREY";"NW"
"10321_BLACK";"NW"
"10322_BORDO";"NW"
"10323_GOLD";"NW"
"10324_ORANGE";"NW"
"10325_BLUE";"NW"
"10326_PURPLE";"NW"
"10327_PURPLE";"NW"
"10328_BLUE";"NW"
"10329_BLACK";"NW"
"10330_WHITE";"NW"
"10331_BLUE";"NW"
"10332_BLACK";"NW"
"10333_BLACK";"NW"
"10333_WHITE";"NW"
"1033_BLACK";"NW"
"103_1WHITE";"SOFT LINE"
"103_WHITE";"SOFT LINE"
"104021_BEIGEBLACK";"GERIS"
"104021_BLUEBEIGE";"GERIS"
"10404_NAVY";"KangaROOS"
"10408_NAVY";"KangaROOS"
"10408_PINK";"KangaROOS"
"1040_BLACK";"GAVIAL"
"10413_GREY";"KangaROOS"
"1041_WHITE";"LOTTO"
"10489_BLACK";"GEZER"
"10489_BROWN";"GEZER"
"104_02_BEIGE";"GERIS"
"104_WHITE";"SOFT LINE"
"105011_BEIGE";"GERIS"
"105011_BLACK";"GERIS"
"105011_BLUE";"GERIS"
"10501_BLACK";"NW"
"10501_BLUE";"NW"
"10501_SILVER";"NW"
"10501_WHITE";"NW"
"1050_BEZBOJNI";"GAVIAL"
"10594_02746_02105";"RIDER"
"10594_02746__20419";"RIDER"
"10594_20754_02976";"RIDER"
"10594_20780_02976";"RIDER"
"10594_22146_02976";"RIDER"
"10594_23680_02105";"RIDER"
"10594_24064";"RIDER"
"105_01_BLACK";"GERIS"
"105_03_BEIGE";"GERIS"
"105_03_BLUE";"GERIS"
"105_1WHITE";"NW"
"105_BLUE";"NW"
"105_BROWN";"NW"
"105_MAROON";"NW"
"105_WHITE";"SOFT LINE"
"1060_1BLACK";"GAVIAL"
"1060_BLACK";"NW"
"1060_BLUE";"NW"
"1060_BROWN";"GAVIAL"
"1060_NEUTRAL";"GAVIAL"
"1060_PINK";"NW"
"1060_PINK_1";"NW"
"1060_PURPLE";"NW"
"1060_RED";"NW"
"1060_RED_1";"NW"
"1060_WHITE_G";"LOTTO"
"10611_02577_20419";"RIDER"
"10611_23563_20419";"RIDER"
"10615_BLUE";"LIBERTY"
"10615_GREEN";"LIBERTY"
"10615_NAVY";"LIBERTY"
"10615_PINK";"LIBERTY"
"10615_PINKY";"LIBERTY"
"10615_PURPLE";"LIBERTY"
"10680_BLACK";"NW"
"10680_BROWN";"NW"
"106_1WHITE";"NW"
"106_BEZ_BRD";"NW"
"106_BEZ_BRN";"NW"
"106_BLACK";"NW"
"106_RED";"NW"
"106_WHITE";"SOFT LINE"
"106_WHT_PINK";"NW"
"1070_BLACK";"GAVIAL"
"1070_BROWN";"GAVIAL"
"10719_24491";"RIDER"
"1071_BLUE";"TAIM D.O.O."
"10758_BLACK";"GEZER"
"107_BLUE";"TAIM D.O.O."
"107_NAVY";"TAIM D.O.O."
"107_RED";"TAIM D.O.O."
"107_WHITE";"SOFT LINE"
"1082_WHITE";"LOTTO"
"1089_PA_BROWN";"NW"
"108_1WHITE";"SOFT LINE"
"108_WHITE";"SOFT LINE"
"1090_PG_GREY";"NW"
"10913_BROWN";"GEZER"
"109341_BLACK";"HIT SHOES"
"109341_BLACKW";"HIT SHOES"
"109341_NAVY";"HIT SHOES"
"10934_1BLACK";"NW"
"10934_BLACK";"HIT SHOES"
"10934_BLACK_W";"NW"
"10934_NAVY";"NW"
"10934_WHITE";"NW"
"10936_GREEN";"HIT SHOES"
"10989_1_YELLOW";"KangaROOS"
"10989_BLACK";"LIBERTY"
"10989_BLUE";"LIBERTY"
"10989_GREEN";"LIBERTY"
"10989_NAVY";"LIBERTY"
"10989_PINK";"LIBERTY"
"10989_PURPLE";"LIBERTY"
"10989_YELLOW";"KangaROOS"
"109_BLACK";"SOFT LINE"
"1100110253538";"NW"
"1100110416162";"Conway"
"1100_NATUR";"GAVIAL"
"11017_BROWN";"GEZER"
"1101_22_BLACK";"MODA ELLENE"
"1101_73_BLACK";"NW"
"1101_BLACK";"MODA ELLENE"
"11020_24564_02976";"CARTAGO"
"11020_AF403_02520";"CARTAGO"
"11020_AF403_20420";"CARTAGO"
"11020_AF408_02520";"CARTAGO"
"11020_AF408_20420";"CARTAGO"
"11024_21138";"RIDER"
"11024_24179_BLK";"RIDER"
"1104148_NAVY";"MANZOTTI"
"1105_22_BLACK";"NW"
"1105_28_BEIGE";"NW"
"1105_73_BLACK";"NW"
"1105_BEIGE";"MODA ELLENE"
"1105_BLACK";"MODA ELLENE"
"11081_20138_02976";"CARTAGO"
"1108_50_PINK";"Conway"
"11096";"NW"
"11097";"NW"
"11098";"NW"
"11099";"NW"
"110_BLACK";"SOFT LINE"
"110_BLUE";"AZZURO"
"110_WHITE";"GAVIAL"
"1110_BLACK";"LOTTO"
"11118_BLUE";"GEZER"
"11118_BROWN";"GEZER"
"11118_GREY";"GEZER"
"1111_BLACK";"LOTTO"
"1111_BROWN";"TAIM D.O.O."
"1111_DBROWN";"TAIM D.O.O."
"11123_BLACK";"NW"
"11123_BLUE";"NW"
"11123_GREY";"NW"
"11123_MIX";"NW"
"1112_CRNA";"NW"
"1112_SIVA";"NW"
"1116_BLACK";"LOTTO"
"1119_BLACK";"LOTTO"
"111_BLACK";"TAIM D.O.O."
"111_BLK_FLOWER";"SOFT LINE"
"111_F_BLACK";"SOFT LINE"
"11231_FLOWER";"GEZER"
"11231_FLOWER_1";"GEZER"
"112373_VM002";"CHAMPION"
"112374_EM002";"CHAMPION"
"112374_KK001";"CHAMPION"
"112378_KK001";"CHAMPION"
"112378_WW001";"CHAMPION"
"112379_PM004";"CHAMPION"
"1124_BLACK";"LOTTO"
"1125_BLACK";"LOTTO"
"112857_BLACK";"WINK"
"112857_BLACK_1";"WINK"
"112857_BLACK_G";"WINK"
"112857_NAVY";"WINK"
"112_YELLOW";"TAIM D.O.O."
"113073_KK001";"CHAMPION"
"113076_EZ502";"CHAMPION"
"113077_KK001";"CHAMPION"
"1130_YELLOW";"TAIM D.O.O."
"11315_25373_02105";"RIDER"
"11315_25469_02105";"RIDER"
"11315_AD268_06533";"RIDER"
"11315_AD271_06533";"RIDER"
"11315_AI762_02105";"RIDER"
"11332_21929_01415";"RIDER"
"11358_02258_02520";"CARTAGO"
"11358_24084_02520";"CARTAGO"
"11358_24788_02976";"CARTAGO"
"113_YELLOW";"TAIM D.O.O."
"1140_BLUE";"NW"
"1140_GREEN";"NW"
"1140_RED";"NW"
"1140_SILVER";"NW"
"11448_BLACK";"LIBERTY"
"11448_BLUE";"LIBERTY"
"11448_D_BLUE";"LIBERTY"
"11449_BLACK";"LIBERTY"
"11449_GREEN";"LIBERTY"
"11449_LILA";"LIBERTY"
"11449_PINK";"LIBERTY"
"11478_21392_06329";"CARTAGO"
"11491_21818_33128";"RIDER"
"11495_21675_04297";"RIDER"
"114_PINK";"TAIM D.O.O."
"1150_BLACK";"LOTTO"
"11521_20973_02520";"CARTAGO"
"11573_20766_06232";"RIDER"
"11573_20766_20346";"RIDER"
"11576_02047_02121";"RIDER"
"11578_20780_02105";"RIDER"
"11578_22629_02520";"RIDER"
"11578_AR406_06533";"RIDER"
"11580_02047_05715";"RIDER"
"11586_BLACK";"GEZER"
"11586_BROWN";"GEZER"
"115_PINK";"TAIM D.O.O."
"1160_BEZBOJNI";"PRESTIGE"
"1163_BLACK";"LOTTO"
"1164_BLACK_GREEN";"LOTTO"
"11650_20698_02105";"RIDER"
"11650_20698_20419";"RIDER"
"11650_20766_02976";"RIDER"
"11652_BLACK";"NW"
"11652_BROWN";"NW"
"11679_20766_02520";"RIDER"
"116_1_PURPLE";"TAIM D.O.O."
"116_BLUE";"SOFT LINE"
"116_PURPLE";"TAIM D.O.O."
"11702_PINK";"NW"
"1170_12A_BEIGE";"NW"
"1170_12A_BLACK";"NW"
"1170_12A_YELLOW";"NW"
"1170_BLACK";"NW"
"1170_PURPLE";"TAIM D.O.O."
"11728_26010_05626";"RIDER"
"117497_BLACK";"SKECHERS"
"117504_BEIGE";"SKECHERS"
"117561_PURPLE";"SKECHERS"
"1175_BLACK";"NW"
"1175_BLUE";"NW"
"1175_GREY";"NW"
"1175_WHITE";"NW"
"117617_PINK";"SKECHERS"
"11766_21555_02105";"RIDER"
"11773_20856_02036";"RIDER"
"117_NAVY";"SOFT LINE"
"117_PURPLE";"TAIM D.O.O."
"118424_BLACK";"SKECHERS"
"1184_BLACK";"LOTTO"
"118_1GREEN";"TAIM D.O.O."
"118_GREEN";"TAIM D.O.O."
"1190_BEZBOJNI";"PRESTIGE"
"11957_20534_05197";"RIDER"
"119_BLACK";"SOFT LINE"
"119_GREEN";"TAIM D.O.O."
"11_0324_17_NAVY";"WOOLF"
"120027_CRNI";"NW"
"120041_ZELENI";"NW"
"120042";"NW"
"12015_AI139_02520";"RIDER"
"12015_AN372_02105";"RIDER"
"120_WHITE";"SOFT LINE"
"1211_NATURAL";"GAVIAL"
"12130_AI436_02301";"RIDER"
"12265_AT243_02520";"RIDER"
"12268_BC895_02105";"CARTAGO"
"12379_14";"NW"
"12379_15";"NW"
"12379_16";"NW"
"12379_17";"NW"
"12379_18";"NW"
"12394_BB533_06601";"RIDER"
"123_BLACK";"SOFT LINE"
"12430_BC599_02121";"RIDER"
"1243_BLACK";"GEZER"
"1244_BLACK";"GEZER"
"124_BLACK";"SOFT LINE"
"1250_BLACK";"LEON"
"1250_N_BLACK";"LEON"
"1250_N_WHITE";"LEON"
"1250_PERLA";"LEON"
"1250_WHITE";"LEON"
"12615_BLACK";"SKECHERS"
"12615_GREY";"SKECHERS"
"12629_GREY";"GEZER"
"12669_BLACK";"GEZER"
"12669_NAVY";"GEZER"
"12670_GREY";"GEZER"
"12675_BLACK";"GEZER"
"12676_GREY";"GEZER"
"1267_BLACK";"BAOBAOD"
"12700_PINK";"GEZER"
"12702_BROWN";"GEZER"
"12750_GREY";"GEZER"
"12980_WHITE";"SKECHERS"
"12984_BLACK";"GEZER"
"12984_BROWN";"GEZER"
"129_BLACK";"ADLER"
"129_BLACK_V";"ADLER"
"129_BLUE";"ADLER"
"129_BLUE_V_";"ADLER"
"129_BROWN_CHOKO";"ADLER"
"129_BROWN_CHOKO_V";"ADLER"
"129_GREEN";"ADLER"
"129_GREEN_V";"ADLER"
"129_GREY_MELANZ";"ADLER"
"129_GREY_MELANZ_V";"ADLER"
"129_RED";"ADLER"
"129_RED_V";"ADLER"
"129_SIVA_SKR";"ADLER"
"129_SIVA_SKR_V";"ADLER"
"129_TIRKIZ";"ADLER"
"129_TIRKIZ_V";"ADLER"
"129_WHITE";"ADLER"
"129_WHITE_V";"ADLER"
"129_ZELENA_J_V";"ADLER"
"129_ZLENA_J";"ADLER"
"12_28250_1D";"NW"
"12_28250_1M";"NW"
"12_28250_1M_GREY";"NW"
"12_28250_1M_OLIVE";"NW"
"12_28250_PINK";"NW"
"12_28250_PURPLE";"NW"
"13087_WHITE";"SKECHERS"
"13221_BLUE";"NW"
"13221_NAVY";"NW"
"13221_NAVY1";"NW"
"132_WHITE";"SOFT LINE"
"13334_BEIGE";"GEZER"
"133_BLACK";"SOFT LINE"
"13459_BLACK";"GEZER"
"13461_BEIGE";"GEZER"
"13461_BLACK";"GEZER"
"13461_N_BLACK";"GEZER"
"13461_WHITE";"GEZER"
"13462_BEIGE";"GEZER"
"13462_BLACK";"GEZER"
"13462_BORDO";"GEZER"
"13462_N_BORDO";"GEZER"
"13462_NAVY";"GEZER"
"13463_BEIGE";"GEZER"
"13463_BLACK";"GEZER"
"13464_BEIGEB";"GEZER"
"13464_BEIGEBL";"GEZER"
"13464_BEIGEN";"GEZER"
"13464_BLACK";"GEZER"
"13464_BLACKB";"GEZER"
"13464_BORDOW";"GEZER"
"13464_BROWNB";"GEZER"
"13464_NAVYB";"GEZER"
"13464_WHITEB";"GEZER"
"13464_WHITEF";"GEZER"
"13464_WHITEN";"GEZER"
"13464_WHITET";"GEZER"
"13465_1BLACK";"GEZER"
"13465_1WHITE";"GEZER"
"13465_BLACK";"GEZER"
"13465_RED";"GEZER"
"13465_WHITE";"GEZER"
"13466_1FLOWER";"GEZER"
"13466_BLACK_FLOW";"GEZER"
"13466_BLK_WHITE";"GEZER"
"13466_FLOWER";"GEZER"
"13466_N_FLOWER";"GEZER"
"13467_BEIGE";"GEZER"
"13467_BLACK";"GEZER"
"13467_BORDO";"GEZER"
"13467_N_NAVY";"GEZER"
"13467_NAVY";"GEZER"
"13497_BLACK";"GEZER"
"134_BLACK";"ADLER"
"134_BLUE";"ADLER"
"134_GREEN";"ADLER"
"134_GREEN_APPLE";"ADLER"
"134_GREY_MELANZ";"ADLER"
"134_LEMON";"ADLER"
"134_MALINE";"ADLER"
"134_MENTA";"ADLER"
"134_PINK";"ADLER"
"134_PURPUR";"ADLER"
"134_RED";"ADLER"
"134_WHITE";"ADLER"
"13503_BLACK";"GEZER"
"13503_BROWN";"GEZER"
"1350_1BLACK";"SANITAL"
"1350_1WHITE";"SANITAL"
"1350_BLACK";"SANITAL"
"1350_WHITE";"SANITAL"
"1352_1BLACK";"SANITAL"
"1352_1BLUE";"SANITAL"
"1352_1WHITE";"SANITAL"
"1352_BLACK";"SANITAL"
"1352_BLUE";"SANITAL"
"1352_WHITE";"SANITAL"
"1353_1BLACK";"SANITAL"
"1353_1WHITE";"SANITAL"
"1353_BLACK";"SANITAL"
"1353_CRNA";"NW"
"1353_OLIV";"NW"
"1353_SIVA";"NW"
"1353_WHITE";"SANITAL"
"13598_BLUE";"GEZER"
"135_1BLACK";"SOFT LINE"
"135_BLACK";"SOFT LINE"
"1364_BLUE";"SANITAL"
"1364_WHITE";"SANITAL"
"1372_1BLACK";"SANITAL"
"1372_BIJELE";"SANITAL"
"1372_BLACK";"SANITAL"
"1372_NAVY";"SANITAL"
"1372_PLAVA";"SANITAL"
"1372_WHITE";"SANITAL"
"138_BLACK";"ADLER"
"138_BLUE";"ADLER"
"138_GREEN_APPLE";"ADLER"
"138_LIME";"ADLER"
"138_MALINE";"ADLER"
"138_RED";"ADLER"
"1402_9_KHAKI";"NW"
"141054_BOE";"WOOLF"
"14142_BLACK";"GEZER"
"14142_BLACK_FLOWER";"GEZER"
"14142_FLOWER";"GEZER"
"14142_WHITE_BLACK";"GEZER"
"14142_WHITE_FLOWER";"GEZER"
"1414_BLACK";"MANZOTTI"
"1414_BROWN";"MANZOTTI"
"1418_BLACK";"LIBER LIGHT"
"142_WHITE";"SOFT LINE"
"14310_36_41_BEIGE";"NW"
"1436_NAVY";"LIBER LIGHT"
"144_BLACK";"SOFT LINE"
"145_WHITE";"SOFT LINE"
"14634_1RED";"GEZER"
"14634_1YELLOW";"GEZER"
"14634_BLACK";"GEZER"
"14634_NAVY";"GEZER"
"14634_PINK";"GEZER"
"14634_RED";"GEZER"
"14634_WHITE";"GEZER"
"14634_YELLOW";"GEZER"
"1468_BLACK";"LIBER LIGHT"
"1470_BLUE";"LIBER LIGHT"
"149536_PINK";"SKECHERS"
"149691_BLACK";"SKECHERS"
"14TX3_BROWN";"NW"
"14TX_BLACK";"NW"
"150025_WHITE";"SKECHERS"
"15003";"NW"
"15005_NERO";"NW"
"150111_BLACK";"SKECHERS"
"1503_BLACK";"NW"
"1503_GREY";"NW"
"1503_NAVY";"NW"
"1506_BLACK_BORDO";"NW"
"1506_GREY_BLACK";"NW"
"15075505_BLACK";"NW"
"15076525_BROWN";"NW"
"15093C_BLUE";"NW"
"15102_GREY";"NW"
"15102_PINK";"NW"
"15102_PURPLE";"NW"
"15102_RED";"NW"
"15112_PINK";"NW"
"15112_PURPLE";"NW"
"15112_RED";"NW"
"15112_WHITEPINK";"NW"
"15158_1WHITE";"GEZER"
"15158_2WHITE";"GEZER"
"15158_WHITE";"GEZER"
"15159_BLACK";"GEZER"
"15213_3_BEIGE";"MODA ELLENE"
"15213_3_NAVY";"MODA ELLENE"
"152306_BROWN";"FUDALI"
"154132_BLACK";"AZZURO"
"154133_BLACK";"AZZURO"
"154133_BROWN";"AZZURO"
"154134_BLACK";"TIGERLINE"
"154134_BROWN";"TIGERLINE"
"154160_NAVY";"LEONARDA COMFORT"
"154181_BLACK";"FOXTER"
"154181_BROWN";"FOXTER"
"154212_NAVY";"LEONARDA COMFORT"
"154213_WHITE";"LEONARDA COMFORT"
"154217_GREEN";"LEONARDA COMFORT"
"154247_WHITE";"LEONARDA COMFORT"
"154249_WHITE";"LEONARDA COMFORT"
"154328_WHITE";"LEONARDA COMFORT"
"154412_WHITE";"LEONARDA COMFORT"
"154534_WHITE";"LEONARDA COMFORT"
"154634_PINK";"LEONARDA COMFORT"
"15507_BROWN";"NW"
"15512_BEIGE";"ADANEX"
"155196_BLACK";"SKECHERS"
"1556_WHITE";"NW"
"1558_BLACK";"NW"
"1568_WHITE";"LIBER LIGHT"
"1572_GRAY";"NW"
"1577_GOLD";"LIBER LIGHT"
"15K0001001_BLACK";"KAPPA"
"15K0012002_BEIGE";"KAPPA"
"15K0172001_BROWN";"KAPPA"
"15K0211003_BLACK";"KAPPA"
"15K0261001_BLACK";"KAPPA"
"15K0281001_BROWN";"KAPPA"
"15K0313005_NAVY";"KAPPA"
"15K0313006_1NAVY";"KAPPA"
"15K0313006_NAVY";"KAPPA"
"15K0323003_NAVY";"KAPPA"
"16122_RED";"FF"
"16123_RED";"FF"
"16124_RED";"FF"
"16125_BLACK";"FF"
"16126_BLACK";"FF"
"16127_BLACK";"FF"
"1612_BLACK";"KLIN"
"161_BLACK";"ADLER"
"161_BLUE";"ADLER"
"161_DGREY";"ADLER"
"161_RED";"ADLER"
"161_TIRKIZ";"ADLER"
"161_WHITE";"ADLER"
"161_YELLOW";"ADLER"
"163102_PINK";"WOOLF"
"1642_GREY";"LOTTO"
"1663_GREY";"LOTTO"
"16_46_HARO";"NW"
"16_46_NAVY";"NW"
"1703_GREY";"NW"
"1712_ORANGE";"WOOLF"
"1712_RED";"WOOLF"
"1720_GREY";"NW"
"17268_90063";"GRENDHA"
"17300_90175";"GRENDHA"
"1753_WHITE";"SANITAL"
"17629_90079_05739";"GRENDHA"
"1772_BLUE";"SANITAL"
"1772_WHITE";"SANITAL"
"17732_90081_05739";"GRENDHA"
"17873_90269_05739";"GRENDHA"
"17910_BEIGE";"NW"
"17910_BLACK";"NW"
"17971_90079_06881";"GRENDHA"
"17994_90977_02234";"ZAXY"
"1812_S3_BGREY";"WOOLF"
"1812_S3_BLACK";"WOOLF"
"185_135_BEIGE";"NW"
"185_135_BLACK";"NW"
"185_135_GREY";"NW"
"185_135_RED";"NW"
"188_BORDO";"NW"
"188_GREY";"NW"
"18_61141";"NW"
"18_61141_BEIGE";"NW"
"1908100_C013_951";"WOOLF"
"1920_H12_BLACK";"NW"
"19510118_NAVY";"NW"
"19905_GREY";"KLIN"
"19905_PINK";"KLIN"
"1999410_G_WEISS";"WOOLF"
"1999434_G_37_40";"WOOLF"
"1999434_LIME";"WOOLF"
"19_109_BLACK";"V and D"
"1W8350_GREEN";"BAOBAOD"
"2000_ORANGE";"TAIM D.O.O."
"2001_BLACK";"NICKELS NOWW"
"2001_BLUE";"NW"
"2001_GOLD";"NW"
"2001_GREEN";"NW"
"2001_GREY";"NW"
"2001_NAVY";"NICKELS NOWW"
"2001_ORANGE";"TAIM D.O.O."
"2001_RED";"NW"
"2001_SILVER";"NW"
"2001_WHITE";"NICKELS NOWW"
"2001_YELLOW";"NW"
"2003JC_BLUE";"NW"
"2008107_RED";"WOOLF"
"2008_BLUE";"NW"
"2008_RED";"NW"
"2008_SILVER";"NW"
"2008_WHITE";"NW"
"2008_YELLOW";"NW"
"200_ORANGE";"TAIM D.O.O."
"20102_BEIGE";"LIBER LIGHT"
"20103_BEIGE";"LIBER LIGHT"
"20106_BLACK";"LIBER LIGHT"
"20111_7_GREY";"FREELAND"
"2011_4148_BLACK";"NW"
"2011_4148_BLUE";"NW"
"2011_4148_NAVY";"NW"
"2014_MIX";"NW"
"2018002_BLACK";"NW"
"2018002_BLUE";"NW"
"201825_BLACK";"NW"
"201835_BLACK";"BLU STAR"
"201835_BROWN";"BLU STAR"
"201859_WHITE";"NW"
"2019:_65_WHITE";"NW"
"2019_1";"NW"
"2019_10";"NW"
"2019_10_BLUE";"NW"
"2019_10_GREEN";"NW"
"2019_10_I_BLUE";"NW"
"2019_10_LIGHT BLUE";"NW"
"2019_10_YELLOW";"NW"
"2019_11";"NW"
"2019_11_BLUE";"NW"
"2019_11_NAVY";"NW"
"2019_12_BLACK";"NW"
"2019_12_BLUE";"NW"
"2019_12_BROWN";"NW"
"2019_12_BROWN_BEIGE";"NW"
"2019_12_CRVENA";"NW"
"2019_12_NAVY";"NW"
"2019_12_PINK";"NW"
"2019_12_ZELENA";"NW"
"2019_13_PINK";"NW"
"2019_13_PLAVA";"NW"
"2019_14";"NW"
"2019_14_NAVY";"NW"
"2019_15";"NW"
"2019_15_BORDO";"NW"
"2019_15_GREEN";"NW"
"2019_16_BLACK";"NW"
"2019_16_GREY";"NW"
"2019_16_PINK";"NW"
"2019_16_ZELENA";"NW"
"2019_17_GREY";"NW"
"2019_17_GREY_1";"NW"
"2019_18_PINK";"NW"
"2019_19_BLUE";"NW"
"2019_2";"NW"
"2019_20_GREY";"NW"
"2019_20_GREY_BLACK";"NW"
"2019_21_GREY";"NW"
"2019_22_PINK";"NW"
"2019_23_PURPLE";"NW"
"2019_24_BLUE";"NW"
"2019_25_GREY";"NW"
"2019_25_PINK";"NW"
"2019_26_GREY";"NW"
"2019_27_GREY";"NW"
"2019_28_BLACK";"NW"
"2019_29_PURPLE";"NW"
"2019_2_BLACK";"NW"
"2019_30_WHITE";"NW"
"2019_31_BLUE";"NW"
"2019_32_GREEN";"NW"
"2019_32_GREY";"NW"
"2019_33_BLUE";"NW"
"2019_33_GREY";"NW"
"2019_34_GREY";"NW"
"2019_35_BLACK";"NW"
"2019_36_WHITE";"NW"
"2019_37_BLUE";"NW"
"2019_37_GREEN";"NW"
"2019_37_RED";"NW"
"2019_38_GREY";"NW"
"2019_38_PINK";"NW"
"2019_39_BLACK";"NW"
"2019_3_BLACK";"NW"
"2019_3_BLUE";"NW"
"2019_4";"NW"
"2019_40_BEIGE";"NW"
"2019_40_BEIGE_1";"NW"
"2019_40_PINK";"NW"
"2019_40_PINK_1";"NW"
"2019_41_GREY";"NW"
"2019_41_GREY_1";"NW"
"2019_42_BLACK";"DISNEY"
"2019_42_BLUE";"DISNEY"
"2019_42_GREY";"DISNEY"
"2019_42_GREY_1";"DISNEY"
"2019_42_GREY_BLUE";"DISNEY"
"2019_42_PINK";"DISNEY"
"2019_42_PURPLE";"DISNEY"
"2019_42_PURPLE_1";"DISNEY"
"2019_42_RED";"DISNEY"
"2019_43_BLUE";"NW"
"2019_43_PINK";"NW"
"2019_43_WHITE";"NW"
"2019_44_GREY";"NW"
"2019_45_JEANS";"NW"
"2019_46_BLACK";"NW"
"2019_47_GREY";"NW"
"2019_48_BLACK";"NW"
"2019_49_BLACK";"NW"
"2019_5";"NW"
"2019_50_BLUE";"NW"
"2019_51_BLACK";"NW"
"2019_52_BLACK";"NW"
"2019_53_BEIGE";"NW"
"2019_53_BEIGE_1";"NW"
"2019_53_BEIGE_2";"NW"
"2019_54_GREY";"NW"
"2019_55_GREY";"NW"
"2019_56_GREY";"NW"
"2019_57_PURPLE";"NW"
"2019_58_FUCHSIA";"NW"
"2019_59_FUCHSIA";"NW"
"2019_5_GREY";"NW"
"2019_6";"NW"
"2019_60";"NW"
"2019_61";"NW"
"2019_62";"NW"
"2019_63";"NW"
"2019_64";"NW"
"2019_65_BLUE";"NW"
"2019_65_GREEN";"NW"
"2019_65_WHITE";"NW"
"2019_66_RED";"NW"
"2019_67BLACK";"NW"
"2019_68_GREEN";"NW"
"2019_68_GREY";"NW"
"2019_68_GREY_1";"NW"
"2019_69_BLACK";"NW"
"2019_70_BROWN";"NW"
"2019_71_GREY";"NW"
"2019_72_BRONZE";"NW"
"2019_73_GREY";"NW"
"2019_74_BLACK";"NW"
"2019_75_RED";"NW"
"2019_76_ORANGE";"NW"
"2019_76_PURPLE";"NW"
"2019_77_BLUE";"NW"
"2019_78_BLUE";"NW"
"2019_78_GREEN";"NW"
"2019_78_GREEN_1";"NW"
"2019_78_NAVY";"NW"
"2019_78_PINK";"NW"
"2019_78_PINKI";"NW"
"2019_78_PLAVA";"NW"
"2019_79_GREY";"NW"
"2019_7BLUE";"NW"
"2019_7GREY";"NW"
"2019_80_BLUE";"DISNEY"
"2019_80_GREY";"DISNEY"
"2019_80_RED";"DISNEY"
"2019_80_WHITE";"DISNEY"
"2019_81_BLUE";"DISNEY"
"2019_81_BLUE_1";"DISNEY"
"2019_81_BLUE_2";"DISNEY"
"2019_82_BLUE";"DISNEY"
"2019_82_BLUE_1";"DISNEY"
"2019_82_NAVY";"DISNEY"
"2019_82_PINK";"DISNEY"
"2019_82_PINK_1";"DISNEY"
"2019_82_ROSA";"DISNEY"
"2019_83_BLACK";"NW"
"2019_83_BLACK_1";"NW"
"2019_83_BLUE";"NW"
"2019_84_BLUE";"NW"
"2019_85_BLUE";"NW"
"2019_85_GREY";"NW"
"2019_85_NAVY";"NW"
"2019_85_PINK";"NW"
"2019_86_BROWN";"NW"
"2019_87_BLACK";"NW"
"2019_87_GREY";"NW"
"2019_88_BEIGE";"NW"
"2019_88_BLUE";"NW"
"2019_89_WHITE_BLUE";"NW"
"2019_89_WHITE_RED";"NW"
"2019_8_BLACK";"NW"
"2019_8_BLUE";"NW"
"2019_9";"NW"
"2019_90_BEIGE";"NW"
"2019_91_BLACK";"NW"
"2019_92_BORDO";"NW"
"2019_93_BLUE";"NW"
"2019_94_SILVER";"NW"
"2019_94_YELLOW";"NW"
"2019_95_BLUE";"NW"
"2019_95_RED";"NW"
"2019_95_WHITE";"NW"
"2019_96_WHITE";"NW"
"2019_97_BLUE";"NW"
"2019_9_GREY";"NW"
"2019_BLACK";"LEON"
"2019_BORDO";"NW"
"2019_BROWN";"NW"
"2019_BROWN_2";"NW"
"2019_BROWN_BEIGE";"NW"
"2019_GREY";"NW"
"2019_GREY_2";"NW"
"2019_N_BLACK";"LEON"
"2019_N_RED";"LEON"
"2019_RED";"LEON"
"2019_WHITE";"LEON"
"201_BLACK";"WANDERFULL"
"201_BROWN";"WANDERFULL"
"2020_YELLOW";"NW"
"2022_BLACK";"LEON"
"2022_MINT";"LEON"
"2022_N_BLACK";"LEON"
"2022_N_MINT";"LEON"
"2022_N_PERLA";"LEON"
"2022_N_SILVER";"LEON"
"2022_N_WHITE";"LEON"
"2022_PERLA";"LEON"
"2022_SILVER";"LEON"
"2022_WHITE";"LEON"
"2023_BLACK";"AZZURO"
"2023_BLACK_L";"LEON"
"2023_BLUE";"AZZURO"
"2023_BROWN";"AZZURO"
"2023_PERLA_L";"LEON"
"2023_WHITE_L";"LEON"
"20247_CRNO_PLAVA";"NW"
"2024_1BROWN";"FOXTER"
"2024_BLACK";"FOXTER"
"2024_BROWN";"AZZURO"
"2025_BLACK";"FOXTER"
"2027_BLACK";"FOXTER"
"2028_NAVY";"NW"
"202_BEIGE";"NW"
"202_BLACK";"NW"
"203053B_BEIGE";"NW"
"20331_WHITE";"CLASS LIFE"
"20332_WHITE";"CLASS LIFE"
"20333_PINK";"CLASS LIFE"
"20334_WHITE";"CLASS LIFE"
"20335_BLACK";"CLASS LIFE"
"20335_WHITE";"CLASS LIFE"
"20336_WHITE";"CLASS LIFE"
"20337_BEIGE";"CLASS LIFE"
"20337_PINK";"CLASS LIFE"
"20338_1WHITE";"LEONARDA COMFORT"
"20338_WHITE";"LEONARDA COMFORT"
"203391_BEIGE";"CLASS LIFE"
"203392_BEIGE";"CLASS LIFE"
"203393_WHITE";"CLASS LIFE"
"203394_BEIGE";"CLASS LIFE"
"203395_BEIGE";"LEONARDA COMFORT"
"203396_WHITE";"CLASS LIFE"
"203397_BEIGE";"LEONARDA COMFORT"
"203397_BLK";"LEONARDA COMFORT"
"203397_GIRL";"LEONARDA COMFORT"
"203397_HEART";"LEONARDA COMFORT"
"203398_BEIGE";"CLASS LIFE"
"203399_GREY";"CLASS LIFE"
"20339_GREY";"CLASS LIFE"
"2033_FLOWER";"CLASS LIFE"
"2033_GREY";"CLASS LIFE"
"2033_PINK";"CLASS LIFE"
"2033_WHITE";"CLASS LIFE"
"2040_BLUE";"NW"
"2041_BLUE";"NW"
"2041_GREY";"NW"
"2042_GREY";"NW"
"2043_GREY";"NW"
"2044_BLUE";"NW"
"2045_WHITE_GREY";"NW"
"2046_BLUE";"NW"
"2046_BLUE_1";"NW"
"2046_GREY";"NW"
"2046_NAVY";"NW"
"2046_PINK";"NW"
"2047_BLUE";"NW"
"2047_NAVY";"NW"
"2048_NAVY";"NW"
"2049_BRONZE";"NW"
"20506_BLUE";"LIBER LIGHT"
"205087_BLACK";"NW"
"2050_GREY";"NW"
"2051_BLACK";"NW"
"2052_GREY";"NW"
"2052_PINK";"NW"
"2053_BLACK";"NW"
"2053_GREY";"NW"
"2053_PINK";"NW"
"2054_BLACK";"NW"
"20554U_DL6";"UMBRO"
"2055_PURPLE";"NW"
"2056_GREY";"NW"
"2057_PURPLE";"NW"
"2058_BLACK";"NW"
"20595U_DL6";"UMBRO"
"2059_BLUE";"NW"
"205_WHITE";"SOFT LINE"
"2060_GREY";"NW"
"2061_PINK";"NW"
"2062_GREY";"NW"
"20631U_EDS_4";"UMBRO"
"2063_WHITE";"NW"
"2064_BLUE";"NW"
"2065_GREY";"NW"
"2066_BLUE";"NW"
"2066_BLUE_1";"NW"
"2067_GREY";"NW"
"2068_BLUE";"NW"
"2069_BLUE";"NW"
"2070_GREY";"NW"
"2071_GREY";"NW"
"2072_BROWN";"NW"
"2073_WHITE";"NW"
"2074_BLACK";"NW"
"2075_BLACK";"NW"
"2076_BLACK";"NW"
"2077_BORDO";"NW"
"2077_PURPLE";"NW"
"20781U_EVZ_5";"UMBRO"
"2078_PURPLE";"NW"
"2079_BLACK";"NW"
"2080_BEIGE";"ISABAC"
"2080_BLACK";"NW"
"2081_TURQUISE";"NW"
"2082_BLUE";"NW"
"2083_ORANGE";"NW"
"2084_1GREY";"NW"
"2084_BLUE";"NW"
"2084_GREY";"NW"
"2084_NAVY";"KLIN"
"2084_PURPLE";"NW"
"2085_BLUE";"NW"
"2085_GREEN";"NW"
"20864U_FNF";"UMBRO"
"20869U_490";"UMBRO"
"2086_GREEN";"NW"
"20872U_356";"UMBRO"
"20878U";"UMBRO"
"2087_BLUE";"NW"
"2088_BORDO";"NW"
"2089_GREY";"NW"
"2090_BLACK";"NW"
"2091_YELLOW";"NW"
"2092_BORDO";"NW"
"2092_ORANGE";"NW"
"2092_PURPLE";"NW"
"2093_BLACK";"NW"
"2093_BORDO";"NW"
"2094_BLACK";"NW"
"20951U_HD7_4";"UMBRO"
"20951U_HD7_5";"UMBRO"
"20952U_ELE_5";"UMBRO"
"2095_RED";"NW"
"2096_BLUE";"NW"
"2097_GREEN";"NW"
"2098_YELLOW";"NW"
"20992U_HDJ_4";"UMBRO"
"2099_GREEN";"NW"
"210008_BS077";"CHAMPION"
"210008_BS510";"CHAMPION"
"210008_GS010";"CHAMPION"
"210008_KK001";"CHAMPION"
"2100303_565L040";"WOOLF"
"21009U_JCT_5";"UMBRO"
"2100_BLUE";"NW"
"2100_ORANGE";"TAIM D.O.O."
"2101_BEIGE";"DR.FEET"
"2101_BLACK";"DR.FEET"
"2101_BLUE_GREEN";"DR.FEET"
"2101_NAVY";"NW"
"2102_BLACK";"NW"
"2103_GREY";"NW"
"2104_BLACK";"NW"
"2105_GREY";"NW"
"210676_1H8";"LOTTO"
"210688_OKR";"LOTTO"
"2106_RED";"NW"
"210715_1KE";"LOTTO"
"210715_1KG";"LOTTO"
"210737_58T";"LOTTO"
"210745_KK001";"CHAMPION"
"21079U_JP6_5";"UMBRO"
"21079U_JPA_5";"UMBRO"
"21079U_JPX_5";"UMBRO"
"2107_BLUE";"NW"
"2108_BLACK";"NW"
"210908_006";"CHAMPION"
"210913_8882";"CHAMPION"
"210916_006";"CHAMPION"
"2109_GREEN";"NW"
"210_ORANGE";"TAIM D.O.O."
"210_PA_GREY";"NW"
"210S_BLACK";"NW"
"210S_OLIVE";"NW"
"21104U_JPX_5";"UMBRO"
"2110_BLUE";"NW"
"2111_BLUE";"NW"
"211268_BS501";"CHAMPION"
"2112_PINK";"NW"
"2113_GREY";"NW"
"211476_BS501";"CHAMPION"
"211476_KK001";"CHAMPION"
"2114_RED";"NW"
"2115_BLACK";"NW"
"211633_59J";"LOTTO"
"211633_59JK";"LOTTO"
"2116_BORDO";"NW"
"2116_PINK";"NW"
"2117_GREY";"NW"
"211884_5GL";"LOTTO"
"211887_5L";"LOTTO"
"2118_NAVY";"NW"
"21196U_LN6";"UMBRO"
"2119_BLACK";"NW"
"212025_YELLOW";"SAFRAN"
"212026_BEIGE";"SAFRAN"
"212026_BLACK";"SAFRAN"
"2120_BLUE";"NW"
"212161_KK001";"CHAMPION"
"2121_GREEN";"NW"
"2122_BLACK";"NW"
"2123_BORDO";"NW"
"2124_BLUE";"NW"
"2125_NAVY";"NW"
"21261U_CY2";"UMBRO"
"21261U_LMT";"UMBRO"
"21261U_LN5";"UMBRO"
"212680_VS507";"CHAMPION"
"212687_BL506";"CHAMPION"
"2126_RED";"NW"
"2126_TURQUISE";"NW"
"212746_BS503";"CHAMPION"
"212755_WW001";"CHAMPION"
"2127_BLUE";"NW"
"2127_NAVY";"NW"
"212867_BS501";"CHAMPION"
"212869_UM021";"CHAMPION"
"2128_BLUE";"NW"
"2128_PURPLE";"NW"
"2129_BORDO";"NW"
"2129_GREEN";"NW"
"2130_BLUE";"NW"
"2131_GREY";"NW"
"2132_BLUE";"NW"
"21333U_LVR";"UMBRO"
"21333U_LVT";"UMBRO"
"21333U_LVX";"UMBRO"
"21338U_LWB";"UMBRO"
"2133_BLACK";"TULIPANO"
"2133_GREEN";"NW"
"2133U_MCW";"UMBRO"
"2134_GREY";"NW"
"2135_PURPLE";"NW"
"213602_1CL";"LOTTO"
"213605_1CL";"LOTTO"
"213605_1E6";"LOTTO"
"213605_1I5";"LOTTO"
"213606_1GN";"LOTTO"
"213630_6VV";"LOTTO"
"213630_IE5";"LOTTO"
"2136_PINK";"NW"
"2136_YELLOW";"NW"
"2137_BEIGE";"NW"
"213814_KK001";"CHAMPION"
"213819_BS501";"CHAMPION"
"213819_EM006";"CHAMPION"
"213822_BS501";"CHAMPION"
"213822_RS001";"CHAMPION"
"213822_WW001";"CHAMPION"
"213823_BS501";"CHAMPION"
"213823_WW001";"CHAMPION"
"21383U_MMM";"UMBRO"
"2138_BLACK";"NW"
"213943_EL506";"CHAMPION"
"2139_BEIGE";"NW"
"2139_BLACK";"NW"
"2139_BROWN";"NW"
"21402U_MND";"UMBRO"
"21402U_MNK";"UMBRO"
"2140_BROWN";"NW"
"2141_BLACK";"NW"
"2142_BLACK";"NW"
"2143_BLACK";"NW"
"2144_BROWN";"NW"
"214534_BS501";"CHAMPION"
"214534_KK001";"CHAMPION"
"214535_KK001";"CHAMPION"
"214536_EM006";"CHAMPION"
"214536_KK001";"CHAMPION"
"214537_KK001";"CHAMPION"
"214538_BS501";"CHAMPION"
"214538_KK001";"CHAMPION"
"214543_BS501";"CHAMPION"
"2145_GREY";"NW"
"21470_YELLOW";"DR.FEET"
"21471_YELOW";"DR.FEET"
"21472_YELOOW";"DR.FEET"
"21473_YELLOW";"DR.FEET"
"21474_YELLOW";"DR.FEET"
"21475_YELLOW";"DR.FEET"
"21476_YELLOW";"DR.FEET"
"21477_YELLOW";"DR.FEET"
"2147_BORDO";"DR.FEET"
"2147_BORDO_I";"DR.FEET"
"2147_PURPLE";"DR.FEET"
"2147_YELLOW";"DR.FEET"
"2147_YELLOW_1";"DR.FEET"
"2147_YELLOW_B";"DR.FEET"
"2147_YELLOW_S";"DR.FEET"
"2147_YELLOW_S1";"DR.FEET"
"2147_YELLOW_S2";"DR.FEET"
"2148_BLACK";"NW"
"214997_75K";"LOTTO"
"214997_75M";"LOTTO"
"2149_GREY";"NW"
"2150_GREY";"NW"
"2151_BLUE";"NW"
"2152_BLUE";"NW"
"2153_GREEN";"NW"
"2154_SILVER";"NW"
"2154_TENISICE";"NW"
"2155_SILVER";"NW"
"2156_GREEN";"NW"
"2157_WHITE";"NW"
"2158_BLUE";"NW"
"2158_GREY";"NW"
"215918_1E5";"LOTTO"
"215918_9JM";"LOTTO"
"215977_BLACK";"NW"
"2159_PINK";"NW"
"2160_GREEN";"NW"
"2161_GREY";"NW"
"2162_RED";"NW"
"2162_RED_1";"NW"
"216332_1CL";"LOTTO"
"2163_BLUE";"NW"
"2163_WHITE";"NW"
"2164_PINK";"NW"
"2164_PURPLE";"NW"
"2165_BLACK";"NW"
"2165_PURPLE";"NW"
"2166_BLUE";"NW"
"2167_GREY";"NW"
"2168_BLACK";"NW"
"2169_BLUE";"NW"
"2170_BLACK";"NW"
"2171_BLACK";"NW"
"2171_BROWN";"NW"
"2172_BLUE";"NW"
"2172_PINK";"NW"
"2173_GREEN";"NW"
"217494_1H8";"LOTTO"
"217494_1OU";"LOTTO"
"217494_1PL";"LOTTO"
"2174_GREEN";"NW"
"2175_BLACK";"NW"
"2176_BLACK";"NW"
"217745_KK001";"CHAMPION"
"217746_KK001";"CHAMPION"
"2177_ORANGE";"NW"
"2178_BLACK";"NW"
"2179_BLUE";"NW"
"2179_ORANGE";"NW"
"2179_RED";"NW"
"2180_GREEN";"NW"
"2181_BLUE";"NW"
"2182_GREY_BLACK";"NW"
"2183_BLUE";"NW"
"2184_BLACK";"NW"
"2184_BLUE";"NW"
"2184_BORDO";"NW"
"2184_GREEN";"NW"
"2185_BLUE";"NW"
"2186_BLUE";"NW"
"2187_GREEN";"NW"
"2188_BLUE";"NW"
"2188_PURPLE";"NW"
"2188_RED";"NW"
"2189_BLACK";"NW"
"2190_GREEN";"NW"
"2191_BEIGE";"NW"
"2192_BROWN";"NW"
"2193_BLUE";"NW"
"2194_BLACK";"NW"
"2194_BLACK_BLUE";"NW"
"2194_GREEN";"NW"
"2195_RED";"NW"
"2196_PURPLE";"NW"
"2197_RED";"NW"
"2198_TURQUISE";"NW"
"2199_GREEN";"NW"
"219PA_BLACK";"NW"
"220080_GREY";"LICO"
"220081_GREY";"LICO"
"220087_GREY";"LICO"
"2200_BLUE";"NW"
"2200_PINK";"NW"
"2200_PURPLE";"NW"
"220102_GREY";"LICO"
"2201_BLUE";"NW"
"2201_BORDO";"SEKLO"
"2201_CRNA";"SEKLO"
"2201_CRVENA";"SEKLO"
"2201_PINK";"NW"
"2201_SMEDA";"SEKLO"
"2202_BLUE";"NW"
"22033_BLACK";"FUDALI"
"22033_BROWN";"FUDALI"
"22039_20502_04156";"IPANEMA"
"2203_WHITE_RED";"NW"
"2204_BLACK";"NW"
"2204_BLACK_WHITE";"NW"
"2204_BLUE";"NW"
"2204_BROWN";"NW"
"2204_BROWN_PURPLE";"NW"
"2204_GREEN";"NW"
"2204_GREEN_I";"NW"
"2204_GREEN_ORANGE";"NW"
"2204_GREEN_YELLOW";"NW"
"2204_GREY_PINK";"NW"
"2204_ORANGE";"NW"
"2204_PINK";"NW"
"2204_PURPLE";"NW"
"2204_PURPLE_WHITE";"NW"
"2204_RED";"NW"
"2204_WHITE";"NW"
"2205_BORDO";"NW"
"220635_1H8";"LOTTO"
"220635_1OU";"LOTTO"
"220635_83D";"LOTTO"
"2206_BLACK";"NW"
"2206_BLACK_1";"NW"
"2206_BLUE";"NW"
"2206_BLUE_1";"NW"
"2206_GREEN";"NW"
"2206_ORANGE";"NW"
"2206_RED";"NW"
"2206_YELLOW";"NW"
"2207_TURQUISE";"NW"
"2208_BLUE";"NW"
"2209_RED";"NW"
"2210_BLACK";"NW"
"2210_BLUE";"NW"
"2210_RED";"NW"
"2211_RED";"NW"
"2212_BLUE";"NW"
"2213_GREY";"NW"
"2214_BLUE";"NW"
"2214_GREEN";"NW"
"2214_MINT";"NW"
"2214_PINK";"NW"
"2214_PINK_1";"NW"
"2214_RED";"NW"
"2214_TURQUISE";"NW"
"2214_WHITE";"NW"
"2214_WHITE_1";"NW"
"2215_GREEN";"NW"
"2215_GREY";"NW"
"2216_ORANGE";"NW"
"2217100_GREY";"WOOLF"
"221777_WHITE";"LEVI'S"
"2217_PINK";"NW"
"2218_GREY";"NW"
"2219_BLUE";"NW"
"2220_BLACK";"NW"
"2221_GREEN";"NW"
"2222_BLUE";"NW"
"2223_BLUE";"NW"
"2224_BORDO";"NW"
"2225_BLUE";"NW"
"2226_GREEN_BLUE";"NW"
"2227_BLACK";"NW"
"2228_RED";"NW"
"2229_RED";"NW"
"2230_BLACK";"NW"
"2230_BLUE";"NW"
"2231002_GREY";"WOOLF"
"2231002_NAVY";"WOOLF"
"2231005_BLACK";"WOOLF"
"2231005_BROWN";"WOOLF"
"2231006_NAVY";"WOOLF"
"2231007_PURPLE";"WOOLF"
"2231009_VIOLETT";"WOOLF"
"2231101_RED";"WOOLF"
"2231_BLACK";"NW"
"2232_NAVY";"NW"
"2233_BLACK";"NW"
"2234105_BLACK";"WOOLF"
"2234_NAVY";"NW"
"2235_BLACK";"NW"
"2236_BLACK";"NW"
"2237002_NAVY";"WOOLF"
"2237002_RED";"WOOLF"
"2237_BLACK";"NW"
"2238_BLACK";"NW"
"2238_GREEN";"NW"
"2239_GREY";"NW"
"2240_BLUE";"NW"
"2241_BORDO";"NW"
"2242_PINK";"NW"
"2243_GREEN";"DR.FEET"
"2244_NAVY";"NW"
"2245_NAVY";"NW"
"2246_BLACK";"NW"
"2246_BLUE";"NW"
"2246_BORDO";"NW"
"2246_GREEN";"NW"
"2247_BLACK";"NW"
"2248_BLACK";"NW"
"2249_BLACK";"NW"
"2250_RED";"NW"
"2251_BLACK";"NW"
"2252_BLACK";"NW"
"2253_BLACK";"DR.FEET"
"2253_BLUE";"DR.FEET"
"2253T";"DR.FEET"
"2254_GREEN";"NW"
"2255_BORDO";"NW"
"2256_RED";"NW"
"2257_GREY";"NW"
"2258_BLUE";"NW"
"2259_BLACK_GREEN";"NW"
"2260_BLUE";"NW"
"2261_BLUE";"NW"
"2262_BLACK";"NW"
"2263_GREEN";"NW"
"2264_GREY";"DR.FEET"
"2264_ORANGE";"DR.FEET"
"2264_RED";"NW"
"2265_BLACK";"NW"
"2265_NAVY";"NW"
"2266_RED";"NW"
"2267_BLACK";"NW"
"2268_BLUE";"NW"
"2269_BROWN";"NW"
"2270_BLACK";"NW"
"2271_PURPLE";"NW"
"2272_BLACK_BLUE";"NW"
"2273_RED";"NW"
"2274_GREY_PINK";"NW"
"2275_BEIGE_MIX";"NW"
"2276_GREY";"NW"
"2277_GREY";"NW"
"2278_BLACK";"NW"
"2279_BEIGE";"NW"
"2280_GREY";"NW"
"2281_BEIGE";"NW"
"2282_PINK";"NW"
"2283_GREEN";"NW"
"2284_BLACK";"NW"
"2285_BLUE";"NW"
"2286_BLUE";"NW"
"2286_GREEN";"NW"
"2287_ORANGE";"NW"
"2287_PINK";"NW"
"2288_ORANGE";"NW"
"2289_BLUE";"NW"
"2289_GREEN";"NW"
"2289_GREY";"NW"
"2289_PINK";"NW"
"2290_BLACK";"NW"
"2290_GREEN";"NW"
"2291_ORANGE";"NW"
"2292_BLUE";"NW"
"2293_GREEN";"NW"
"2294_WHITE";"NW"
"2295_WHITE";"NW"
"2296_GREEN";"NW"
"2296_PINK";"NW"
"2296_YELLOW";"NW"
"2297_PURPLE";"NW"
"2298_BORDO";"NW"
"2299_RED";"NW"
"23008_BLACK";"MARINOZZI"
"2300_BLACK";"NW"
"2301_ORANGE";"NW"
"2302_GREEN";"NW"
"2303_GREY";"NW"
"2304_PURPLE";"NW"
"2305_BLACK";"SEASTAR"
"2305_PURPLE";"NW"
"2306_BLACK";"SEASTAR"
"2306_PURPLE";"NW"
"2307_BLACK";"NW"
"2307_BLUE";"NW"
"2307_BROWN";"ISABAC"
"2307_GREEN";"ISABAC"
"2307_PINK";"ISABAC"
"2308_BLACK";"NW"
"2309_GREY";"NW"
"2310_GREEN";"NW"
"2311_PINK";"NW"
"2312001_GREY";"WOOLF"
"2312301_921L040";"WOOLF"
"2312_GREY";"NW"
"2313301_BLACK";"WOOLF"
"2313301_L040_565";"WOOLF"
"23138_BEIGE";"LIBER LIGHT"
"23138_BLACK";"LIBER LIGHT"
"23138_BLUE";"LIBER LIGHT"
"2313_1_COFFE";"AZZURO"
"2313_BLACK";"BAOBAOD"
"2313_BLUE";"NW"
"2314300_GREY";"WOOLF"
"2314_GREY";"NW"
"2315_PINK";"NW"
"2316_PINK";"NW"
"2317_BLUE";"NW"
"2318_PURPLE";"NW"
"2319_BORDO";"NW"
"2319_GREEN";"NW"
"2320_PINK";"NW"
"2321000_PURPLE";"WOOLF"
"2321002_BLUE";"WOOLF"
"2321_PURPLE";"NW"
"2322_BEIGE";"ISABAC"
"2322_BLACK";"ISABAC"
"2322_GREY";"ISABAC"
"2322_WHITE";"ISABAC"
"232399_1BLACK";"SKECHERS"
"232399_BLACK";"SKECHERS"
"232399_NAVY";"SKECHERS"
"2323_BLUE";"NW"
"2324_BLUE";"NW"
"2325_BLACK";"NW"
"2325_BLUE";"ISABAC"
"2325_GREEN";"ISABAC"
"2325_N_BLACK";"ISABAC"
"2326_BLUE";"NW"
"2327_BLUE";"NW"
"2327_PINK";"NW"
"2328_BLUE";"NW"
"2328_PINK";"NW"
"2329_BEIGE";"DR.FEET"
"2329_BLUE";"DR.FEET"
"2329_GREEN";"DR.FEET"
"2330_PURPLE";"NW"
"2331_BLACK";"ISABAC"
"2331_PINK";"NW"
"2332_YELLOW";"NW"
"2333_BLACK";"NW"
"2334_BLACK";"NW"
"2335_BLUE";"NW"
"2336_GREY";"NW"
"2337_BROWN";"NW"
"2338_BLACK_WHITE";"NW"
"2339_GREY";"NW"
"2340_BLACK";"NW"
"2340_BLUE";"NW"
"2341_TURQUISE";"NW"
"2342_GREY";"NW"
"23438_BORDO";"LIBER LIGHT"
"2343_BLACK";"NW"
"2344_PURPLE";"NW"
"2345_GREEN";"NW"
"2346_PURPLE";"NW"
"2347_ORANGE";"NW"
"2348_BLUE";"NW"
"2348_GREEN";"NW"
"2349_ORANGE";"NW"
"2350_GREY";"NW"
"2351_BLUE";"NW"
"2352_BLUE_RED";"NW"
"2353_BLUE";"NW"
"2353_MIX";"NW"
"2354_BLUE";"NW"
"2354_GREEN";"NW"
"2355_GREEN";"NW"
"2356_GREY";"NW"
"2357_NAVY";"NW"
"2358_BORDO";"NW"
"2359_MIX";"NW"
"2360_BLUE";"NW"
"2360_BROWN";"NW"
"2361_BLUE";"NW"
"2361_BROWN";"NW"
"2362_BLACK";"NW"
"2363_BLACK";"NW"
"2363_BLUE";"NW"
"2363_GREEN";"NW"
"2364_GREY";"NW"
"2365_BLACK";"NW"
"2366_BROWN";"NW"
"2367_BLACK";"NW"
"2368_GREY";"NW"
"2369_RED";"NW"
"2370_BLACK";"NW"
"2371_BLACK";"NW"
"2372_GREY";"NW"
"2373_BLACK";"NW"
"2373_RED";"NW"
"2374_GREEN";"NW"
"2375316_BLACK";"WOOLF"
"2375_BORDO";"NW"
"2376_BLUE";"NW"
"237704_BLACK";"SKECHERS"
"2377_RED";"NW"
"2378_BLACK";"ISABAC"
"2378_BORDO";"NW"
"2378_GREY";"ISABAC"
"2378_KHAKI";"ISABAC"
"2379_BORDO";"NW"
"2380_BLACK";"NW"
"2380_NAVY";"KLIN"
"2380_PINK";"KLIN"
"2381_BLUE";"NW"
"2382_BLACK";"NW"
"2383_GREY";"NW"
"2384_BLACK";"NW"
"2385_NAVY";"NW"
"2386_1_BLACK";"AZZURO"
"2386_3_COFFE";"AZZURO"
"2387_BLACK";"NW"
"2388_BORDO";"NW"
"2388_BROWN";"NW"
"2389_BROWN";"NW"
"2390_BROWN";"NW"
"2390_GREY";"NW"
"2391_BROWN";"NW"
"2391_RED";"NW"
"2392_BORDO";"NW"
"2393_BLUE";"NW"
"2393_YELLOW";"NW"
"2394_BEIGE";"NW"
"2394_BROWN";"NW"
"2395_BEIGE";"NW"
"2396_BLACK";"NW"
"2397_GREY";"NW"
"2398_BORDO";"NW"
"2399_BLUE";"NW"
"2400000U_BLACK";"LOTTO"
"2400000U_GREY";"LOTTO"
"2400000X_BLACK";"LOTTO"
"2400000X_GREY";"LOTTO"
"2400001U_BLACK";"LOTTO"
"2400001U_WHITE";"LOTTO"
"2400001X_RED";"LOTTO"
"2400001X_WHITE";"LOTTO"
"2400010U_WHITE";"LOTTO"
"2400020U_BLACK";"LOTTO"
"2400071U_WHITE";"LOTTO"
"2400121U_BLACK";"LOTTO"
"2400290U_BLACK";"LOTTO"
"2400290X_BLACK";"LOTTO"
"2400300U_BLACK";"LOTTO"
"2400320U_BEIGE";"LOTTO"
"2400330X_BLACK";"LOTTO"
"2400340_BLACK";"LOTTO"
"2400340U_BEIGE";"LOTTO"
"2400350U_BLACK";"LOTTO"
"240038OU_BLACK";"LOTTO"
"240038OU_OLIVE";"LOTTO"
"2400483_BEIGE";"LOTTO"
"2400483_BLACK";"LOTTO"
"2400571U_BLACK";"LOTTO"
"2400630W_BLACK";"LOTTO"
"2400660U_BLACK";"LOTTO"
"2400660U_NAVY";"LOTTO"
"2400660U_PINK";"LOTTO"
"2400830U_ROSE";"LOTTO"
"2400832U_BLACK";"LOTTO"
"2400832U_WHITE";"LOTTO"
"2400832X_BLACK";"LOTTO"
"2400890U_BLACK";"LOTTO"
"2400_BLACK";"NW"
"2401071U_NAVY";"LOTTO"
"2401_GREY";"NW"
"2402_PURPLE";"NW"
"2403_WHITE";"NW"
"2403_WHITE_1";"NW"
"2404_BLACK";"NW"
"2404_ORANGE";"NW"
"2405_GREY";"NW"
"2406_BLACK";"NW"
"2406_BLACK_1";"NW"
"2406_BROWN";"NW"
"2406_GREY";"NW"
"2406_PINK";"NW"
"2406_PURPLE";"NW"
"2406_YELLOW";"NW"
"2407_BLUE";"NW"
"2408_GREY";"NW"
"2409_BLACK";"NW"
"2410_ORANGE";"NW"
"2411201_GREY";"WOOLF"
"2411_ORANGE";"NW"
"2412_GREY";"NW"
"2413_BLACK";"NW"
"2413_BLUE";"NW"
"2413_NAVY";"NW"
"2414_PAW_PATROL";"WOOLF"
"2415_FROZEN";"WOOLF"
"241635_1_BROWN";"KAPPA"
"241635_BROWN";"KAPPA"
"2416_SAM";"WOOLF"
"2417_BLUE";"WOOLF"
"2418_BLUE";"WOOLF"
"2419_BLACK";"WOOLF"
"2419_BLACK_1";"WOOLF"
"2419_BLUE";"WOOLF"
"2419_NAVY";"WOOLF"
"2419_PINK";"WOOLF"
"242009_BLUE";"SAFRAN"
"242009_FUSHIA";"SAFRAN"
"2420101_BROWN";"WOOLF"
"2420103_BLACK";"WOOLF"
"2420106_NAVY";"WOOLF"
"2420106_RED";"WOOLF"
"2420107_BLACK";"WOOLF"
"2420203_NAVY";"WOOLF"
"2420207_BLACK";"WOOLF"
"242056_RED";"SAFRAN"
"242056_SNAKE";"SAFRAN"
"242075_BLACK";"KAPPA"
"2420_BLACK";"WOOLF"
"2420_BLUE";"WOOLF"
"2421200_GREY";"WOOLF"
"2421_GREY";"NW"
"2422102_BLACK";"WOOLF"
"2422200_C015_380";"WOOLF"
"2422_BLACK";"NW"
"2423201_LILA";"WOOLF"
"2423_GREY";"NW"
"242495_BLACK";"KAPPA"
"2424_GREEN";"NW"
"242512_BLACK";"KAPPA"
"242512_RED";"KAPPA"
"242513_BLACK";"KAPPA"
"242514_BLACK";"KAPPA"
"242514_RED";"KAPPA"
"242533_BLACK";"KAPPA"
"242533_WHITE";"KAPPA"
"2425_GREEN";"NW"
"242681_WHITE";"KAPPA"
"2426_PINK";"NW"
"242799_BLACK";"KAPPA"
"242799_BROWN";"KAPPA"
"2427_BLACK";"NW"
"2428_GREY";"NW"
"2429_PINK";"WOOLF"
"243001_BEIGE";"KAPPA"
"243046_BLACK";"KAPPA"
"243046_OLIVE";"KAPPA"
"243047_BEIGE";"KAPPA"
"2430_GREY";"NW"
"243107_GREEN";"KAPPA"
"243180_WHITE";"KAPPA"
"2431_GREY";"WOOLF"
"2432_BLUE";"WOOLF"
"243316_WHITE";"KAPPA"
"243317_BLACK";"KAPPA"
"243317_WHITE";"KAPPA"
"243368_BLACK";"KAPPA"
"243377_BLACK";"KAPPA"
"243380_NAVY";"KAPPA"
"2433_GREY";"WOOLF"
"2433_GREY_1";"WOOLF"
"243418_BLACK";"KAPPA"
"2434_BLACK";"WOOLF"
"2434_PINK";"WOOLF"
"2435_BLACK";"WOOLF"
"2435_BLUE";"WOOLF"
"2436_BLACK";"WOOLF"
"2436_BLUE";"WOOLF"
"2436_GREY";"WOOLF"
"2437_1_BLUE";"DR.FEET"
"2437_BLACK";"DR.FEET"
"2437_ORANGE";"DR.FEET"
"2437_PURPLE";"DR.FEET"
"2437_RED";"DR.FEET"
"2438_BLACK";"WOOLF"
"2439_BLACK";"WOOLF"
"2439_BLUE";"WOOLF"
"2440_GREY";"WOOLF"
"2441_BLACK";"WOOLF"
"2441_BLACK_1";"WOOLF"
"2442_BLUE";"WOOLF"
"2442_PURPLE";"WOOLF"
"2443_BLUE";"WOOLF"
"2444_PURPLE";"WOOLF"
"2445_BLACK";"FILA"
"2446_7_COFFE";"NW"
"2446_BLUE";"FILA"
"2447_GREY";"WOOLF"
"2448_BLUE";"WOOLF"
"2449_BLACK";"WOOLF"
"2450_BLUE";"WOOLF"
"2451_GREY";"WOOLF"
"2452_GREY";"WOOLF"
"2453_BLACK";"NW"
"2454_BLACK";"NW"
"2454_BLUE";"NW"
"2455_GREY";"FILA"
"2455_PINK";"FILA"
"2457_PINK";"WOOLF"
"2458_BLUE";"WOOLF"
"2458_GREY";"WOOLF"
"2459_GREY";"WOOLF"
"2460_GREY";"NW"
"2461_GREY";"FILA"
"2462_BLACK";"FILA"
"2462_PURPLE";"FILA"
"2463_BLUE";"WOOLF"
"2464_BLACK";"WOOLF"
"2465_WHITE";"WOOLF"
"2466_GREY";"WOOLF"
"2467_BLUE";"NW"
"2468_GREY";"NW"
"2469_PINK";"NW"
"2470_GREY";"NW"
"2471_BLUE";"NW"
"2471_NAVY";"NW"
"2472_PURPLE";"NW"
"2473_WHITE";"NW"
"2474_PURPLE";"NW"
"2475_BLUE";"NW"
"2476_GREY";"NW"
"2477_NAVY";"NW"
"2478_PURPLE";"NW"
"2479_ORANGE";"NW"
"2480_ORANGE";"NW"
"2480_PURPLE";"NW"
"2481_PURPLE";"NW"
"2482_BLUE";"NW"
"2483_GREY";"NW"
"2484_PURPLE";"NW"
"2485_BLACK";"NW"
"2486_BLUE";"NW"
"2487_PINK";"NW"
"2488_PURPLE";"NW"
"2489_RED";"DR.FEET"
"2490_BLACK_A_Z";"NW"
"2490A_NAVY";"NW"
"2491_BLUE";"HEAD"
"2492_WHITE";"NCxtreme"
"2493_GREY";"NW"
"2494_BLACK";"NW"
"2495_BLACK_GREEN";"NW"
"2495_BLACK_PINK";"NW"
"2496_BLACK";"NW"
"2497_GREY";"NW"
"2497_NAVY";"NW"
"2498_NAVY";"NW"
"250006";"CENTRALIN"
"25000_BLACK";"KLIN"
"2500_1_BLACK";"GAVIAL"
"2500_1_WHITE";"GAVIAL"
"2500_BLACK";"NW"
"2500_BROWN";"GAVIAL"
"2500_CRNA";"GAVIAL"
"2500_WHITE";"GAVIAL"
"2501_BROWN";"PRESTIGE"
"2501_GREY";"NW"
"2501_WHITE";"PRESTIGE"
"2502_BORDO";"FILA"
"2503_BLACK";"NW"
"2504_GREEN";"NW"
"2505_BLUE";"NW"
"2505_GREEN";"NW"
"2506_BLACK";"NW"
"2506_BLACK_GREEN";"NW"
"2506_PURPLE";"NW"
"2507_BLACK";"NW"
"2508_GREY";"NW"
"2509_BLACK";"NW"
"2510_BLUE";"NW"
"2511_GREY";"NW"
"2512_GREY";"NW"
"2513_PURPLE";"NW"
"2514002_BLUE";"WOOLF"
"2514002_PINK";"WOOLF"
"2514200_BLUE";"WOOLF"
"2514_PINK";"NW"
"2515_GREY";"NW"
"2516_BLACK";"NW"
"2517_GREY";"NW"
"2518_BLACK";"NW"
"2518_BLUE";"NW"
"252000_BEZBOJNA";"CENTRALIN"
"252003_SILVER";"SAFRAN"
"252017_CRNA";"CENTRALIN"
"252024_SMEDA";"CENTRALIN"
"252025_BEIGE";"SAFRAN"
"252025_GREY";"SAFRAN"
"252025_PINK";"SAFRAN"
"2520_BROWN";"NW"
"2521_BLUE";"NW"
"2522_BLUE";"NW"
"2523_PURPLE";"NW"
"2524201_PINK";"WOOLF"
"2524_BROWN";"NW"
"2525_BLACK";"NW"
"2526_BLUE";"WOOLF"
"2526_GREEN";"WOOLF"
"2526_ORANGE";"WOOLF"
"2526_TURQUOISE";"WOOLF"
"25279_25011_20216";"IPANEMA"
"2527_PINK";"WOOLF"
"2527_PINK_1";"WOOLF"
"2529_GREY";"AQUA TIME"
"2529_NAVY";"AQUA TIME"
"2530203_WHITE";"WOOLF"
"2530_BEIGE";"WOOLF"
"2530_BLUE";"WOOLF"
"2530_GREY";"WOOLF"
"2530_GREY_1";"WOOLF"
"2530_PINK";"WOOLF"
"2530_PURPLE";"WOOLF"
"2531200_PURPLE";"WOOLF"
"2531_BLACK";"NW"
"2532_WHITE";"NW"
"2533_BLACK";"NW"
"2534_BLACK";"NW"
"2535_PURPLE";"WOOLF"
"2536_NAVY";"NW"
"2537_GREY";"NW"
"2538_GREY";"NW"
"2539_GREY";"NW"
"253_BEIGE";"LIBER LIGHT"
"253_BLUE";"LIBER LIGHT"
"253_N_BEIGE";"LIBER LIGHT"
"253_N_BLACK";"LIBER LIGHT"
"253_N_BLUE";"LIBER LIGHT"
"253_NERO";"LIBER LIGHT"
"2540_BORDO";"NW"
"2541_BLACK";"NW"
"2542_BLACK";"NW"
"2543_GREY";"WOOLF"
"2543_RED";"WOOLF"
"2544_GREY";"WOOLF"
"2545_GREY";"NW"
"2546_GREY";"NW"
"2546_GREY_1";"NW"
"25479_20502";"IPANEMA"
"25479_21192";"IPANEMA"
"25479_22318";"IPANEMA"
"25479_25604_08030";"IPANEMA"
"25479_25605_08030";"IPANEMA"
"25479_25606_08853";"IPANEMA"
"2547_BLACK";"NW"
"2548_BLUE";"NW"
"2548_GREY";"NW"
"2549_BLUE";"NW"
"2549_NAVY";"NW"
"2550_BLACK";"NW"
"2550_BLACK_1";"NW"
"2551001_L499_159";"WOOLF"
"2551001_L499_391";"WOOLF"
"2551001_L499_565";"WOOLF"
"2551_1PURPLE";"NW"
"2551_2_BROWN";"WALKX"
"2551_2_GREY";"WALKX"
"2551_3GREY";"NW"
"2551_BEIGE";"NW"
"2551_BROWN";"NW"
"2551_BROWN_1";"NW"
"2551_BROWN_2";"NW"
"2551_BROWN_3";"NW"
"2551_CAMEL";"NW"
"2551_CAMEL_1";"NW"
"2551_CAMEL_2";"NW"
"2551_GREY";"NW"
"2551_GREY_1";"NW"
"2551_PURPLE";"NW"
"2551_PURPLE_1";"NW"
"2552_1_GREY";"NW"
"2552_1BLACK";"NW"
"2552_2_GREY";"NW"
"2552_BLACK";"NW"
"2552_BROWN";"NW"
"2552_BROWN_1";"NW"
"2552_CAMEL";"NW"
"2552_CAMEL_1";"NW"
"2552_GREY";"NW"
"2552_GREY2";"NW"
"2552_GREY_1";"NW"
"2553_BLUE";"NW"
"2553_GREY";"NW"
"2553_GREY_BLACK";"NW"
"2553_NAVY";"NW"
"2553_SIVA";"NW"
"2553_SIVA_1";"NW"
"2554_BEIGE";"NW"
"2554_BEIGE_1";"NW"
"2554_BEIGE_2";"NW"
"2555_GREY";"NW"
"2555_NAVY";"NW"
"2556_PINK";"NW"
"2556_PINK_1";"NW"
"2557_GREY";"NW"
"2558_BLACK";"NW"
"2558_GREY";"NW"
"2559_BEIGE";"NW"
"2559_BROWN";"NW"
"2560_PINK";"NW"
"2561_BLACK";"NW"
"2562_BORDO";"NW"
"2563_BORDO";"NW"
"2564_GREY";"NW"
"2565_PINK";"NW"
"25662_BORDO";"NW"
"2566_PINK";"NW"
"2567_GREY_PINK";"NW"
"2568_PINK";"NW"
"2569_BEIGE";"NW"
"2569_BEIGE_1";"NW"
"2569_BLUE";"NW"
"2569_PLAVA";"NW"
"2570_PURPLE";"NW"
"2571_PURPLE";"NW"
"25729_20197_32401";"IPANEMA"
"25729_20735_20676";"IPANEMA"
"25729_24195_20676";"IPANEMA"
"2572_GREY";"NW"
"2573_BROWN";"NW"
"2574_GREY";"NW"
"2574_GREY_1";"NW"
"2574_NAVY";"NW"
"2575_BLACK";"NW"
"2575_NAVY";"NW"
"2576_BLACK";"NW"
"2576_NAVY";"NW"
"2577_GREY";"NW"
"2577_RED";"NW"
"2578_GREY";"NW"
"2578_PURPLE";"NW"
"2579_BEIGE";"NW"
"2580_GREY";"NW"
"2580_GREY_1";"NW"
"2580_PINK";"NW"
"2580_PURPLE";"NW"
"2581_BEIGE";"NW"
"2581_BROWN";"NW"
"2581_GREY";"NW"
"2581_NAVY";"NW"
"2581_PURPLE";"NW"
"2581_RED";"NW"
"2582_NAVY";"NW"
"2583_GREY";"NW"
"2583_PINK";"NW"
"2583_PURPLE";"NW"
"2584_RED";"NW"
"2584_RED_BLACK";"NW"
"2585_BROWN";"NW"
"2585_BROWN_1";"NW"
"25868_25062_07544";"IPANEMA"
"25868_25063_07544";"IPANEMA"
"2586_GREY";"NW"
"2587_BLACK";"NW"
"2588_GREY";"NW"
"2588_PINK";"NW"
"2588_WHITE";"NW"
"2589_BEIGE";"NW"
"2590_GREY";"NW"
"2591_BLUE";"NW"
"2591_GREEN";"NW"
"25924_20776_22419";"IPANEMA"
"2592_GREY";"NW"
"2593_BEIGE";"NW"
"2593_PINK";"NW"
"2594_BLACK";"NW"
"2595_BLACK";"NW"
"2596_BEIGE";"NW"
"25970_23677_22419";"IPANEMA"
"25971_24341A_2241";"IPANEMA"
"2597_PINK";"NW"
"2597_RED";"NW"
"2598_BLACK";"NW"
"2599_GREY";"NW"
"259_2_BLACK";"NW"
"2600000_BLACK";"LOTTO"
"2600000_PINK";"LOTTO"
"2600000_ROSE";"LOTTO"
"2600110T_BLUE";"LOTTO"
"2600120K_BLACK";"LOTTO"
"2600120T_BLACK";"LOTTO"
"2600341T_BLACK";"LOTTO"
"260050_CRNA";"CENTRALIN"
"2600710K_NAVY";"LOTTO"
"260074_BEZBOJNA";"CENTRALIN"
"2600820K_BLACK";"LOTTO"
"2600820K_PINK";"LOTTO"
"2600822K_BLACK_GREY";"LOTTO"
"2600822K_RED";"LOTTO"
"2600920K_BLACK";"LOTTO"
"2600920K_NAVY";"LOTTO"
"2600920T_BLACK";"LOTTO"
"2600930K_NAVY";"LOTTO"
"2600930K_PURPLE";"LOTTO"
"2600_GREY";"NW"
"2601220K_NAVY";"LOTTO"
"260173_SMEDA";"CENTRALIN"
"2601_BEIGE";"SEKLO"
"2601_BLACK";"SEKLO"
"2601_NAVY";"NW"
"2602_BLACK";"NW"
"2603_WHITE";"NW"
"26047_21119_06125";"IPANEMA"
"2604_PINK";"NW"
"2605_GREY";"NW"
"26060_24316A_3475";"IPANEMA"
"26060_24395A_3475";"IPANEMA"
"2606_GREY";"NW"
"2607_GREY";"NW"
"2607_PINK";"NW"
"26088_20766_22419";"IPANEMA"
"26089_20320_02594";"IPANEMA"
"26089_20352_38068";"IPANEMA"
"26089_20766_11995";"IPANEMA"
"2608_BEIGE";"NW"
"2609820_RED";"KAPPA"
"260982K_NAVY";"KAPPA"
"260991_GREY";"KAPPA"
"260991K_OLIVE";"KAPPA"
"2609_WHITE";"NW"
"260_110";"NW"
"260_111";"NW"
"260_118";"NW"
"260_119";"NW"
"26104_23670_02988";"IPANEMA"
"261065_BLACK";"KAPPA"
"261065_BLUE";"KAPPA"
"261065_PINK";"KAPPA"
"261071K_RED";"KAPPA"
"2610_GREY";"NW"
"2610_NAVY";"NW"
"26117_22326";"IPANEMA"
"2611_BLACK_GREEN";"NW"
"2611_BLACK_PINK";"NW"
"26121_20729_06125";"IPANEMA"
"26121_22497";"IPANEMA"
"26123_23249_20676";"IPANEMA"
"2612_BLUE";"NW"
"2612_FLOWER";"NW"
"2612_PURPLE";"NW"
"2613001_BLACK";"WOOLF"
"2613_FLOWER";"NW"
"2613_WHITE";"NW"
"26147_20032_22419";"IPANEMA"
"2614_FLOWER";"NW"
"2615200_BLUE";"WOOLF"
"2615200_RED";"WOOLF"
"261561_1PL_PINK";"NW"
"261561PL_1GREY";"NW"
"261561PL_1PINK";"NW"
"261561PL_BLACK";"NW"
"261561PL_BLUE";"NW"
"261561PL_GREY";"NW"
"261561PL_NAVY";"NW"
"261561PL_PINK";"NW"
"261564_PINK";"NW"
"261584_1PL_BLACK";"NW"
"261584_1PL_NAVY";"NW"
"261584_1PL_PINK";"NW"
"261584_2PL_NAVY";"NW"
"261584_BLUE";"NW"
"261584_BLUE_27_31";"NW"
"261584_GREY";"NW"
"261584_LT_GREY";"NW"
"261584_NAVY_27_31";"NW"
"261584_PINK";"NW"
"261584_PINK_27_31";"NW"
"261584_PL_BLUE";"NW"
"261584_PL_GREY";"NW"
"261584_VIOLET";"NW"
"261584PL";"NW"
"261584PL_1BLUE";"NW"
"261584PL_1NAVY";"NW"
"261584PL_2NAVY";"NW"
"261584PL_3NAVY";"NW"
"261584PL_4NAVY";"NW"
"261584PL_BLACK";"NW"
"261584PL_BLUE";"NW"
"261584PL_C_GREY";"NW"
"261584PL_D_NAVY";"NW"
"261584PL_DK_PINK";"NW"
"261584PL_G_BLUE";"NW"
"261584PL_GOLD";"NW"
"261584PL_GREY";"NW"
"261584PL_J_NAVY";"NW"
"261584PL_LT_GREY";"NW"
"261584PL_NAVY";"NW"
"261584PL_PINK";"NW"
"261584PL_PINKY";"NW"
"261586_BLUE_PINK";"NW"
"261586_CAMUFLAGE";"NW"
"261586_DK_BLUE";"NW"
"261586_GREEN";"NW"
"261586_RED";"NW"
"261587_GREY";"NW"
"261587_NAVY";"NW"
"261587_PINK";"NW"
"261587_PL_NAVY";"NW"
"261587PL_1PINK";"NW"
"261587PL_FLOWER";"NW"
"261587PL_NAVY";"NW"
"261587PL_PINK";"NW"
"261587PL_PINKY";"NW"
"261587PL_SILVER";"NW"
"261588_KHAKI";"NW"
"261588PL_PINK";"NW"
"261589_NAVY";"NW"
"261589PL_NAVY";"NW"
"261598_GREY";"NW"
"261599PL_GREY";"NW"
"261599PL_PINK";"NW"
"2615_GREY";"NW"
"261603PL_NAVY";"NW"
"261603PL_PINK";"NW"
"2616200_BLUE";"WOOLF"
"2616200_RED";"WOOLF"
"2616_BLUE";"NW"
"26177_20766";"IPANEMA"
"26177_21016";"IPANEMA"
"2617_RED";"NW"
"2618_BLUE";"NW"
"2618_BORDO";"NW"
"2618_FLOWER";"NW"
"2618_PINK";"NW"
"2618_PINK_1";"NW"
"2618_PURPLE";"NW"
"2619_BLUE";"WOOLF"
"2619_NAVY";"WOOLF"
"2619_YELLOW";"WOOLF"
"2620100_NAVY";"WOOLF"
"2620100_NAVYd";"WOOLF"
"2620100_RED";"WOOLF"
"2620200_GREY";"WOOLF"
"2620201_NAVY";"WOOLF"
"2620202_BEIGE";"WOOLF"
"2620202_BLU";"WOOLF"
"2620202_BLUE";"WOOLF"
"2620202_C326_259";"WOOLF"
"2620203_BLACK";"WOOLF"
"26207_20766";"IPANEMA"
"26207_20791_22419";"IPANEMA"
"26207_24185_02064";"IPANEMA"
"26207_24827_02064";"IPANEMA"
"26208_20729";"IPANEMA"
"26208_20766_22419";"IPANEMA"
"2620_YELLOW";"WOOLF"
"26213_22619_20676";"IPANEMA"
"2621_BLUE";"NW"
"26223_20766_02064";"IPANEMA"
"26223_20766_22419";"IPANEMA"
"26223_21312_22419";"IPANEMA"
"26223_24185_02064";"IPANEMA"
"26223_24185_22419";"IPANEMA"
"2622_PINK";"NW"
"2623_BLACK";"NW"
"2625_BORDO";"NW"
"26263_22175_22419";"IPANEMA"
"26263_22267_22419";"IPANEMA"
"26264_20197_04299";"IPANEMA"
"2626_BORDO";"NW"
"2626_GREY";"NW"
"2627_GREEN";"NW"
"26282_20084_06883";"IPANEMA"
"26283_20766_04156";"IPANEMA"
"26284_20729_02064";"IPANEMA"
"26284_21675_02064";"IPANEMA"
"26289_20698_34586";"IPANEMA"
"26289_20742_34586";"IPANEMA"
"26289_20742_42460";"IPANEMA"
"2628_BLACK";"NW"
"2629_BLACK";"NW"
"2629_BLUE";"NW"
"2629_GREY";"NW"
"2629_GREY_1";"NW"
"262_090";"NW"
"262_091";"NW"
"262_092";"NW"
"262_093";"NW"
"262_094";"NW"
"262_099";"NW"
"2630_GREY";"NW"
"2630_GREY_1";"NW"
"26314_20766_02234";"IPANEMA"
"2631_PINK";"NW"
"26325_02843_05856";"IPANEMA"
"26325_20602_33947";"IPANEMA"
"26325_20729_33947";"IPANEMA"
"26325_20770_18782";"IPANEMA"
"26325_20897_33947";"IPANEMA"
"26325_21020_18782";"IPANEMA"
"26325_24760_33947";"IPANEMA"
"2632_NAVY";"NW"
"2633_BLACK";"NW"
"2633_BROWN";"NW"
"2634_BLACK";"NW"
"2634_BORDO";"NW"
"2635_BLACK";"NW"
"26362_20753_02064";"IPANEMA"
"26366_20766_22406";"IPANEMA"
"26369_22927_04043";"IPANEMA"
"2636_NERO";"NW"
"2636_NERO2";"NW"
"26371_25195_02234";"IPANEMA"
"26372_24172_08899";"IPANEMA"
"26372_24939_08899";"IPANEMA"
"26376_21604_08306";"IPANEMA"
"26376_25100_08306";"IPANEMA"
"2637_BLACK";"NW"
"2638_BLACK";"NW"
"2639_BLACK";"NW"
"26400_20766_22406";"IPANEMA"
"26400_21488_02064";"IPANEMA"
"2640_BLACK";"FILA"
"26419_20566_08306";"IPANEMA"
"26419_21609_08306";"IPANEMA"
"2641_BLACK";"NW"
"26426_20766_02064";"IPANEMA"
"26427_23387_22406";"IPANEMA"
"2642_BLACK";"NW"
"2643_NAVY";"NW"
"26442_20729_06722";"IPANEMA"
"2644_BLACK";"NW"
"2645_BLACK";"NW"
"2645_ORANGE";"NW"
"2646_NAVY";"NW"
"2647_BLUE";"WOOLF"
"2648_NAVY";"WOOLF"
"2649_NAVY";"WOOLF"
"264_BLACK";"NW"
"264_BLACK_GREY";"WANDERFULL"
"264_BLACK_WHITE";"WANDERFULL"
"264_BLACKY";"WANDERFULL"
"264_KHAKI";"NW"
"264_NAVY";"WANDERFULL"
"26506_20354_02234";"IPANEMA"
"26506_20766_02234";"IPANEMA"
"2650_GREY";"WOOLF"
"2651_GREY";"WOOLF"
"2651_GREY_1";"WOOLF"
"26525_25499_05739";"IPANEMA"
"26525_25500_02234";"IPANEMA"
"2652_BLACK";"WOOLF"
"2653_BLACK";"WOOLF"
"2654_BROWN";"WOOLF"
"2655_BLACK";"WOOLF"
"2655_NAVY";"WOOLF"
"2656_BLACK";"WOOLF"
"2657_BLUE";"WOOLF"
"2658_PINK";"WOOLF"
"2659_BLUE";"WOOLF"
"2660_PURPLE";"WOOLF"
"2661_SILVER";"WOOLF"
"2663_BLACK";"NW"
"2664_WHITE";"NW"
"2665_PINK";"NW"
"26669_AB480_02064";"IPANEMA"
"2666_BLACK";"NW"
"2667_NAVY";"DISNEY"
"2668_RED";"DISNEY"
"2669_BLACK";"WOOLF"
"2670_NAVY";"WOOLF"
"2671_NAVY";"WOOLF"
"2672_BLACK";"WOOLF"
"2673_BROWN";"WOOLF"
"2673_GREY";"WOOLF"
"2674_BLACK";"NW"
"2675_GREY";"NW"
"2676_NAVY";"NW"
"2677_GREY";"NW"
"2678_GREY";"NW"
"2678_NAVY";"NW"
"2679_BLACK";"NW"
"2680_GREY";"NW"
"2681_BLUE";"NW"
"2681_NAVY";"NW"
"2682_BLACK";"NW"
"2683_BEIGE";"WOOLF"
"2683_BORDO";"WOOLF"
"26845_AF381_09657";"IPANEMA"
"26845_AF383_02064";"IPANEMA"
"2684_GREEN";"WOOLF"
"2685_BLACK";"WOOLF"
"2685_NAVY";"WOOLF"
"2686_PINK";"NW"
"2687_BLUE";"NW"
"2687_WHITE";"NW"
"2688_RED";"NW"
"2689_RED";"NW"
"26909_AI287_02234";"IPANEMA"
"2690_GREY";"NW"
"2691_GREY";"NW"
"2692_BLACK";"NW"
"2693_BROWN";"NW"
"2693_CAMEL";"NW"
"2694_BLUE";"WOOLF"
"2695_GREY";"WOOLF"
"2696_GREY";"WOOLF"
"2697_NAVY";"WOOLF"
"2698_GREY";"WOOLF"
"2699_BLACK";"WOOLF"
"26K001201_NAVY_ROSE";"KAPPA"
"26K0042001_MINT";"KAPPA"
"26K0051001_BLACK";"KAPPA"
"26K0051001_GREY";"KAPPA"
"2700_BLUE";"NW"
"2700_GREY";"NW"
"2700_PINK";"NW"
"27018_AF381_20797";"IPANEMA"
"27018_AF383_20797";"IPANEMA"
"2701_GREY";"WOOLF"
"27021_AI782_02234";"IPANEMA"
"27021_AI783_02234";"IPANEMA"
"2702_NAVY";"WOOLF"
"2703_BLACK";"WOOLF"
"2704_GREY";"WOOLF"
"2705_GREY";"WOOLF"
"2706_BLACK";"WOOLF"
"2707_BLACK";"WOOLF"
"2708_BLACK";"WOOLF"
"2709_BROWN";"WOOLF"
"2710000_G_41_46";"WOOLF"
"2710001_G_WHITE";"WOOLF"
"2710001_WHITE";"WOOLF"
"2710002_BLACK";"WOOLF"
"2710_BLUE";"WOOLF"
"2711200_BLUE";"WOOLF"
"2711200_RED";"WOOLF"
"2711_1NAVY";"NW"
"2711_2NAVY";"WOOLF"
"2711_NAVY";"WOOLF"
"2712_PURPLE";"WOOLF"
"27133_AV908_02234";"IPANEMA"
"2713_BLACK";"NW"
"2713_RED";"NW"
"2714_BLACK";"WOOLF"
"2715_NAVY";"NW"
"2716_BLACK";"NW"
"2716_BROWN";"NW"
"2717_BLACK_GREY";"WOOLF"
"2717_BROWN";"WOOLF"
"2717_GREY";"WOOLF"
"2717_GREY_1";"WOOLF"
"27183_AV439_02064";"IPANEMA"
"2718_BLACK";"FILA"
"271926_PINK";"SAFRAN"
"2719_NAVY";"NW"
"27201_RED";"BAOBAOD"
"27209_BC514_02586";"IPANEMA"
"2720_BLUE";"WOOLF"
"2720_RED";"WOOLF"
"2721_PINK";"NW"
"2722_BLUE";"NW"
"27238_BH322_02586";"IPANEMA"
"2723_BLACK_1";"NW"
"2723_NAVY";"NW"
"2723_PINK";"NW"
"2724_BLUE";"WOOLF"
"2725_GREY";"WOOLF"
"2726_GREEN";"WOOLF"
"2727_BLACK";"FILA"
"2728_BLACK";"NW"
"2728_GREY";"NW"
"2728_GREY_BLUE";"NW"
"2729_BLACK";"NW"
"2729_BLUE";"NW"
"2729_GREY";"NW"
"2729_GREY_1";"NW"
"2730000_NAVY";"WOOLF"
"2730000_RED";"WOOLF"
"2730000_ROYAL";"WOOLF"
"2730002_GREY";"WOOLF"
"2730202_FUXIA";"WOOLF"
"2730202_GREEN";"WOOLF"
"2730203_APPLE";"WOOLF"
"2730203_PINK";"WOOLF"
"2730204_NAVY";"WOOLF"
"2730_BLUE";"NW"
"2731_BLACK";"NW"
"2732_BROWN";"NW"
"2733_BLACK";"NW"
"2734_GREY";"WOOLF"
"2735_BLACK";"WOOLF"
"2736_BROWN";"WOOLF"
"2737_GREY";"WOOLF"
"2738_BLACK";"WOOLF"
"273913_BLACK";"SPROX"
"273913_WHITE";"SPROX"
"2739_NAVY";"WOOLF"
"2740_BLACK";"WOOLF"
"2741_BLACK";"WOOLF"
"2742_BLACK";"NW"
"2742_BROWN";"NW"
"2742_BROWN_1";"NW"
"2743_BROWN";"NW"
"2744_GREY";"NW"
"2745_GREY";"NW"
"2746200";"WOOLF"
"2746_BROWN";"NW"
"2747_BLACK";"NW"
"2748_BLACK";"FILA"
"2748_BLACK_GREY";"WOOLF"
"27497800_BLACK";"NW"
"2749_BLACK";"WOOLF"
"2749_NAVY";"WOOLF"
"2750_1BROWN";"WOOLF"
"2750_BROWN";"WOOLF"
"2750_PURPLE";"WOOLF"
"2751002_G_28_35R";"NW"
"2751004_G_36_41R";"WOOLF"
"2751004_G_36_41Y";"WOOLF"
"27511880_BLACK";"NW"
"2751_BLACK";"WOOLF"
"2751_GREY";"WOOLF"
"2751_WHITE";"WOOLF"
"2752_GREY";"WOOLF"
"2752_PINK";"WOOLF"
"2753_GREY";"WOOLF"
"2754_GREEN";"WOOLF"
"2754_GREY";"WOOLF"
"2755_BLACK";"NW"
"2755_GREY";"NW"
"2755_GREY_BLACK";"NW"
"2756_GREY_PINK";"NW"
"2756_NAVY_RED";"NW"
"2757_PURPLE";"NW"
"2758_GREY";"NW"
"2758_PINK";"NW"
"2759_BROWN";"NW"
"2760_BLACK";"NW"
"2760_BLUE";"NW"
"27617_BLACK";"SAFRAN"
"2761_BLUE";"NW"
"2761_GREY";"NW"
"2762_GREY";"NW"
"2763_GREY";"NW"
"2763_GREY_1";"NW"
"2764_PINK";"NW"
"2765_GREY";"NW"
"2766_GREY";"NW"
"2767_BLUE";"NW"
"2768_GREEN";"NW"
"2769_BLACK";"NW"
"2770010_SCHWARZ";"WOOLF"
"2770_GREY";"NW"
"2771_BLACK";"NW"
"2772_BLACK";"NW"
"2773008_D";"NW"
"2773_BLACK";"NW"
"2774_BLACK";"NW"
"2775_BLACK";"NW"
"2776_NAVY";"NW"
"2777_GREY";"NW"
"2778_BLACK";"NW"
"2779_BEIGE";"NW"
"2779_BLACK";"NW"
"2781_NAVY";"NW"
"2782_BLACK";"NW"
"27839_GOLD";"SAFRAN"
"27839_SILVER";"SAFRAN"
"2783_GREY";"NW"
"27847_BLACK";"SAFRAN"
"27847_SILVER";"SAFRAN"
"2784_BLACK";"NW"
"2784_BROWN";"NW"
"2785_BLACK";"NW"
"2786_GREY";"NW"
"2787_BLACK";"NW"
"2788_GREY";"NW"
"2789_BLUE";"NW"
"2790_BLACK";"NW"
"2791_BROWN";"NW"
"2792_GREY_BLACK";"NW"
"2793_BLACK";"NW"
"2794_BLACK";"NW"
"2795_GREY";"NW"
"2796_BROWN";"NW"
"2797_GREEN";"WOOLF"
"2798_WHITE";"NW"
"2798_WHITE_1";"NW"
"2799_BROWN";"NW"
"280009_BLACK";"KAPPA"
"280009_NAVY";"KAPPA"
"280014_WHITE";"KAPPA"
"280015_RED";"KAPPA"
"28009_20542_20676";"IPANEMA"
"2800_NAVY";"NW"
"2801_JEANS";"NW"
"2802_RED";"NW"
"2803_BLUE";"NW"
"2804_PINK";"NW"
"2805_ORANGE";"NW"
"2806_BLUE";"NW"
"280770_BEZBOJNI";"GT"
"2807_BLACK";"NW"
"2808550_BROWN";"GT"
"2808550_NEUTRO";"GT"
"2808_BLACK";"NW"
"2809_GREY";"NW"
"2810_GREY";"NW"
"2810_GREY_1";"NW"
"2811_BLACK";"NW"
"2812_GREY";"NW"
"2813_BLACK";"WOOLF"
"2814_BLUE";"NW"
"2815_BLACK";"NW"
"2815_GREY";"NW"
"2816001_BROWN";"WOOLF"
"2816001_OLIVE";"WOOLF"
"2816_WHITE";"NW"
"2817_BLACK";"NW"
"2818_PINK";"NW"
"2819_GREY";"NW"
"2820200_SILVER";"WOOLF"
"2820200_SILVER3";"WOOLF"
"2820_RED";"NW"
"2821_GREY";"FILA"
"2822_NAVY";"FILA"
"2823_GREY";"FILA"
"2824_BLACK";"REUSCH"
"2824_RED";"REUSCH"
"2825_BLACK";"NW"
"2825_GREY";"NW"
"2826_GREY";"NW"
"2826_NAVY";"NW"
"2827_BLUE";"NW"
"2827_PINK";"NW"
"2827_PINK_1";"NW"
"2828_RED";"NW"
"2829_BLACK";"NW"
"283004_BEZBOJNI";"CENTRALIN"
"2830200_NAVY";"WOOLF"
"2830202_NAVY";"WOOLF"
"2830_GREY";"NW"
"2831_GREY_BLACK";"NW"
"2832_NAVY";"NW"
"2833_GREY";"NW"
"2834_BROWN";"WOOLF"
"2835_BROWN";"WOOLF"
"2836_GREY";"WOOLF"
"2837_NAVY";"WOOLF"
"2837_WHITE";"WOOLF"
"2860601_PINK";"NW"
"2860601_ROSE";"NW"
"2900290_BLACK";"GT"
"2910292_BEZBOJNI";"GT"
"2921_BLACK";"NW"
"2921_BLUE";"NW"
"2921_NAVY";"NW"
"2949_BLACK";"BLU STAR"
"2949_BLUE";"BLU STAR"
"2949_BROWN";"BLU STAR"
"2950_BLACK";"BLU STAR"
"295124_1_GREY";"NW"
"295124_1_PINK";"NW"
"295124_1NAVY";"NW"
"295124_2_GREY";"NW"
"295124_2PINK";"NW"
"295124_BLACK";"NW"
"295124_BLACK_GREY";"NW"
"295124_BLUE";"NW"
"295124_GREY";"NW"
"295124_NAVY";"NW"
"295124_PINK";"NW"
"295124_PINKY";"NW"
"295685_GREEN";"NW"
"295685_NAVY";"NW"
"2971008";"WOOLF"
"297512_METALIC";"NW"
"297512_PINK";"NW"
"297512_SILVER";"NW"
"2BFRO01";"DISNEY"
"2JAP15_BLUE";"NICKELODEON"
"2JAP23_PURPLE";"NICKELODEON"
"2JAP43_BLUE";"DISNEY"
"2JAP53_PURPLE";"NICKELODEON"
"2JAPM05_YELLOW";"NICKELODEON"
"2JAPS_PURPLE";"NICKELODEON"
"2JAPSS14_PURPLE";"NICKELODEON"
"2TGAV29";"MARVEL"
"2TGFRO51";"DISNEY"
"2TGPP22_23_PINK";"NICKELODEON"
"2TGPP22_33_BLUE";"NICKELODEON"
"3000_1_BEZBOJNI";"PRESTIGE"
"3000_BEZBOJNI";"PRESTIGE"
"3000_NATUR";"PRESTIGE"
"300200_CRVENA";"NW"
"300201_CRNA";"NW"
"300300";"NW"
"3003_0001_02_PURPLE";"GERIS"
"3003_0001_03_BLUE";"GERIS"
"3003_0001_04_BORDO";"GERIS"
"3003_0001_06_BLACK";"GERIS"
"3003_0001_06_BORDO";"GERIS"
"3003_0001_06_PLAVA";"GERIS"
"3003_0001_07_BLACK";"GERIS"
"3003_0001_11_BORDO";"GERIS"
"3003_0001_11_PLAVA";"GERIS"
"3003_0002_01_BROWN";"GERIS"
"3003_0002_01_WHITE";"GERIS"
"3003_0002_02_BORDO";"GERIS"
"3003_0002_02_GREY";"GERIS"
"3003_0002_03_WHITE";"GERIS"
"3003_0002_05_BLUE";"GERIS"
"3003_0002_05_BORDO";"GERIS"
"3003_0002_05_BROWN";"GERIS"
"3003_0002_12_BLACK";"GERIS"
"3003_0002_12_BLUE";"GERIS"
"3003_0002_12_WHITE";"GERIS"
"3003_0005_BEIGE";"GERIS"
"3003_001_03";"GERIS"
"3003_001_03_BLACK";"GERIS"
"3003_001_03_WHITE";"GERIS"
"3003_002_03_BLACK";"GERIS"
"3003_002_03_WHITE";"GERIS"
"3004_0001_02_BEZ";"GERIS"
"3004_0001_02_BLACK";"GERIS"
"3004_0001_02_BORDO";"GERIS"
"3004_0001_02_BROWN";"GERIS"
"3004_0001_02_GREY";"GERIS"
"3004_0001_02_LILA";"GERIS"
"3004_0001_03_PLAVE";"GERIS"
"3004_0001_04_BLACK";"GERIS"
"3004_0001_05_BEIGE";"GERIS"
"3004_0001_05_BLACK";"GERIS"
"3004_0001_05_BORDO";"GERIS"
"3004_0001_05_BROWN";"GERIS"
"3004_0001_05_LILA";"GERIS"
"3004_0001_06_BORDO";"GERIS"
"3004_0001_06_CRNA";"GERIS"
"3004_0001_06_PLAVA";"GERIS"
"3004_0001_07_BLACK";"GERIS"
"3004_0001_11_BEIGE_FLOW";"GERIS"
"3004_0001_11_BLK_FLOW";"GERIS"
"3004_0001_11_BLUE_FLOW";"GERIS"
"3004_0001_11_BORDO_FLOW";"GERIS"
"3004_0002_01_BROWN";"GERIS"
"3004_0002_02_BORDO";"GERIS"
"3004_0002_03_WHITE";"GERIS"
"3004_0002_05_PLAVA";"GERIS"
"3004_0002_05_SIVA";"GERIS"
"3004_0004_12_BLK";"GERIS"
"3004_0004_12_BLUE";"GERIS"
"3004_0004_12_WHITE";"GERIS"
"3004_0005_BLACK";"GERIS"
"3004_001_01_WHITE";"GERIS"
"3004_001_02_BEIGE";"GERIS"
"3004_001_02_BORDO";"GERIS"
"3004_001_02_BROWN";"GERIS"
"3004_001_02_PLAVA";"GERIS"
"3004_001_03_BIJELA";"GERIS"
"3004_001_03_BLACK";"GERIS"
"3004_001_2_GREY";"GERIS"
"3004_001_BROWN";"GERIS"
"3004_002_03_WHITE";"GERIS"
"3004_002_05_BEZ";"GERIS"
"3004_002_09_BLACK";"GERIS"
"3004_002_09_BLUE";"GERIS"
"3004_002_09_GREY";"GERIS"
"3004_002_09_WHITE";"GERIS"
"3004_002_18_BEIGE";"GERIS"
"3004_002_18_BLACK";"GERIS"
"3004_002_18_WHITE";"GERIS"
"3004_02_91_BLACK";"GERIS"
"3004_02_92_BLUE";"GERIS"
"3004_02_96_GREY";"GERIS"
"3004_02_97_WHITE";"GERIS"
"3006_0001_02_BLACK";"GERIS"
"3006_0001_02_BLUE";"GERIS"
"3006_0001_03_BLACK";"GERIS"
"3006_0001_03_BLUE";"GERIS"
"3006_0001_03_WHITE";"GERIS"
"3006_0001_04_PLAVA";"GERIS"
"3006_0001_05_BEIGE";"GERIS"
"3006_0001_05_BIJELA";"GERIS"
"3006_0001_05_BORDO";"GERIS"
"3006_0001_05_BROWN";"GERIS"
"3006_0001_05_CRNA";"GERIS"
"3006_0001_07_BEZ";"GERIS"
"3006_0001_08_CRNA";"GERIS"
"3006_0001_09_CRNA";"GERIS"
"3006_0001_11_BEZ";"GERIS"
"3006_0001_11_CRNA";"GERIS"
"3006_0001_11_PLAVA";"GERIS"
"3006_0002_BLACK";"GERIS"
"3006_001_07_BLACK";"GERIS"
"3007_0001_01_GREY";"GERIS"
"3007_0001_02_BLACK_M";"GERIS"
"3007_0001_02_BLUE_M";"GERIS"
"3007_0001_02_GREY_M";"GERIS"
"3007_0001_03_BLACK";"GERIS"
"3007_0001_03_BLUE";"GERIS"
"3007_0001_03_WHITE";"GERIS"
"3007_0001_05_BROWN";"GERIS"
"3007_0002_02_BLUE";"GERIS"
"3007_0002_05_BEIGE";"GERIS"
"3007_0002_05_BLACK";"GERIS"
"3007_02_91_BLACK";"GERIS"
"3007_2_BLACK";"GERIS"
"3007_2_WHITE";"GERIS"
"3007_BLACK";"PRESTIGE"
"300_BLACK";"LEON"
"300_PERLA";"LEON"
"300_WHITE";"LEON"
"300M_BLACK";"LEON"
"300M_WHITE";"LEON"
"3010_RED";"LOTTO"
"3011_BEIGE";"NW"
"3011_BLACK";"NW"
"30128_BLACK";"KangaROOS"
"3012_BEIGE";"NW"
"3012_BLACK";"NW"
"30171_BLUE";"NW"
"30171_GREY";"NW"
"3017_BLUE";"NW"
"3017_GREY";"NW"
"3017_SIVA";"NW"
"3017_SMEDA";"NW"
"30191_BLUE";"NW"
"30191_GREY";"NW"
"3019_BLUE";"NW"
"3019_SIVA";"NW"
"301_1_BLACK";"SANITAL"
"301_BLACK";"SANITAL"
"301_BLUE";"SANITAL"
"301_BORDO";"SANITAL"
"3020_BLUE";"NW"
"3020_GREY";"NW"
"3021_BROWN";"NW"
"3021_GREY";"NW"
"3026_BLACK";"NW"
"3026_BORDO";"NW"
"30275_BLACK";"UMBERTO TOZZI"
"30283_WHT_PINK";"KangaROOS"
"30285_BLACK";"KangaROOS"
"30285_BROWN";"UMBERTO TOZZI"
"30295_BLACK";"UMBERTO TOZZI"
"30295_WHITE";"UMBERTO TOZZI"
"302_BLACK";"SANITAL"
"302_BLUE";"SANITAL"
"302_BORDO";"SANITAL"
"30300_BLACK";"UMBERTO TOZZI"
"30300_BROWN";"UMBERTO TOZZI"
"3036_1_GREY";"NW"
"3036_BLUE";"NW"
"3036_GREY";"NW"
"3037_BLUE";"NW"
"3037_GREY";"NW"
"3038_1BLACK";"PRESTIGE"
"3038_BLACK";"PRESTIGE"
"3038_BROWN";"PRESTIGE"
"3038_MEDIUM_BROWN";"PRESTIGE"
"3038_NATUR";"PRESTIGE"
"3039_BEZBOJNI";"PRESTIGE"
"3040_NATUR";"PRESTIGE"
"30480U_090";"UMBRO"
"3049_1GREY";"NW"
"3049_1WHITE";"NW"
"3049_BLACK";"NW"
"3049_GREY";"NW"
"3049_WHITE";"NW"
"30616U_090_M";"UMBRO"
"3063_WHITE";"PRESTIGE"
"3065_NATUR";"PRESTIGE"
"30700_BLUE";"WOOLF"
"30700_GREEN";"WOOLF"
"30700_ORANGE";"WOOLF"
"30740U_GXY_M";"UMBRO"
"30753U_JRK_M";"UMBRO"
"3090_BEZBOJNI";"PRESTIGE"
"3091_MIX";"NW"
"3092_MIX";"NW"
"3095";"NW"
"30954_RED";"HIT SHOES"
"30954_RED_1";"HIT SHOES"
"3095_BLACK";"HIT SHOES"
"3096_BLACK";"HIT SHOES"
"3096_RED";"HIT SHOES"
"30974_RED";"HIT SHOES"
"30976_PINK";"HIT SHOES"
"30977_BLACK";"HIT SHOES"
"30977_BLACKW";"HIT SHOES"
"30977_BLUE";"HIT SHOES"
"30977_NAVY";"HIT SHOES"
"30977_PINK";"HIT SHOES"
"30978_RED";"HIT SHOES"
"3097_BLACK";"HIT SHOES"
"3097_NAVY";"HIT SHOES"
"3097_YELLOW";"HIT SHOES"
"3115_MIX";"NW"
"3116_BLACK";"FUDALI"
"3130_BLACK";"FUDALI"
"314_BORDO";"LIBER LIGHT"
"316642_D_GREY";"NW"
"316642_GREY";"NW"
"316642_N_DGREY";"NW"
"316642_N_NAVY";"NW"
"3200_BLACK";"LEON"
"3200_N_PERLA";"LEON"
"3200_PERLA";"LEON"
"3200_WHITE";"LEON"
"3231_GREY";"NW"
"3231_NAVY";"NW"
"3231_RED";"NW"
"3231_SILVER";"NW"
"3231_WHITE";"NW"
"32504_BEIGE";"SKECHERS"
"3252_";"NW"
"3253M1_BLACK";"KNUP"
"3253M4_RED";"KNUP"
"3273200_BLUE";"WOOLF"
"3273200_PINK";"WOOLF"
"3275200_PINK";"WOOLF"
"3275201_BLUE";"WOOLF"
"3275201_GREY";"WOOLF"
"3275201_PINK";"WOOLF"
"3275201_PINKY";"WOOLF"
"3275202_BLUE";"WOOLF"
"3275202_GREY";"WOOLF"
"3275202_PINK";"WOOLF"
"329_BLUE";"LIBER LIGHT"
"3300_BLACK";"LEON"
"3300_N_BLACK";"LEON"
"3300_N_PERLA";"LEON"
"3300_N_WHITE";"LEON"
"3300_NAVY";"LEON"
"3300_PERLA";"LEON"
"3300_WHITE";"LEON"
"333_LEOPARD";"NW"
"3371018_LILA";"WOOLF"
"3371018_PLAVA";"WOOLF"
"3371018_SIVA";"WOOLF"
"3373000_BLK";"NW"
"3373000_BLK_RED";"NW"
"3373000_PURPLE";"NW"
"3373200_BLUE";"NW"
"3373200_VIOLET";"NW"
"3373201_PURPLE";"NW"
"3385822_";"NIKE"
"3420_BLUE";"PRESTIGE"
"3439_NAVY";"PRESTIGE"
"3445_BEZBOJNI";"PRESTIGE"
"3451_BLACK";"PRESTIGE"
"3451_BLUE";"PRESTIGE"
"3471206_GREY";"WOOLF"
"3471206lila";"WOOLF"
"3471206pink";"NW"
"3471206plava";"WOOLF"
"3471206zelena";"WOOLF"
"3471207_BLUE";"WOOLF"
"3471207_GREEN";"WOOLF"
"3471207_LILA";"WOOLF"
"3471208grau";"WOOLF"
"3471208lila";"WOOLF"
"3471208zelena";"WOOLF"
"3471209_NAVY";"WOOLF"
"3471209_PINK";"WOOLF"
"3471209_ZELENA";"WOOLF"
"3473000crna";"WOOLF"
"3473001bijela";"WOOLF"
"3473101_BLACK";"WOOLF"
"3473202_BLUE";"WOOLF"
"3473202_GREY";"WOOLF"
"3500025_BLUE";"WOOLF"
"3500025_PINK";"WOOLF"
"3500068_BERRY";"WOOLF"
"3500068_DARKBLUE";"WOOLF"
"3500068_LILAC";"WOOLF"
"3500068_ORANGE";"WOOLF"
"3500068_TAUPE";"WOOLF"
"3500119_GREEN";"WOOLF"
"3500119_GREY";"WOOLF"
"3500119_NAVY";"WOOLF"
"3500122_2GREEN";"WOOLF"
"3500122_BLUE";"WOOLF"
"3500122_BROWN";"WOOLF"
"3500122_GREEN";"WOOLF"
"3500122_GREENY";"WOOLF"
"3500122_GREY_BROWN";"WOOLF"
"3500122_NAVY";"WOOLF"
"3500122_NAVYG";"WOOLF"
"3500122_PINK";"WOOLF"
"3500122_PINK_I";"WOOLF"
"3500122_PINKY";"WOOLF"
"3500123_BLUE";"WOOLF"
"3500123_BLUES";"WOOLF"
"3500123_GREY";"WOOLF"
"3500123_PINK";"WOOLF"
"3500124_BROWN";"WOOLF"
"3500124_BROWNS";"WOOLF"
"3500124_LILA";"WOOLF"
"35001290_GREY";"WOOLF"
"3500129_GREY";"WOOLF"
"3500129_PINK";"WOOLF"
"3500130_GREY";"WOOLF"
"3500130_NAVY";"WOOLF"
"3500138_BLACK";"WOOLF"
"3500138_GREEN";"WOOLF"
"3500138_GREY";"WOOLF"
"3500148_BLUE";"WALKX"
"3500148_BLUE_1";"WALKX"
"3500148_BLUE_2";"WALKX"
"3500148_BLUE_3";"WALKX"
"3500148_DK_BLUE";"WALKX"
"3500148_GREY";"WALKX"
"3500148_GREY_1";"WALKX"
"3500148_GREY_2";"WALKX"
"3500148_GREY_3";"WALKX"
"3500148_GREY_I";"WALKX"
"3500148_GREY_P";"WALKX"
"3500148_GREY_WHT";"WALKX"
"3500148_GREY_Z";"WALKX"
"3500148_NAVY";"WALKX"
"3500148_PINK";"WALKX"
"3500148_PINK_1";"WALKX"
"3500148_PINK_2";"WALKX"
"3500148_ROSA";"WALKX"
"3500148_SIVA";"WALKX"
"3500148_SIVA_1";"WALKX"
"3500162_BLACK";"WOOLF"
"3500162_BLUE";"WOOLF"
"3500162_PALM";"WOOLF"
"3500275_BLUE";"WOOLF"
"3500275_BROWN";"WOOLF"
"3500275_GREY";"WOOLF"
"3500275_LILA";"WOOLF"
"3500276_BLUE";"WOOLF"
"3500276_GREY";"WOOLF"
"3500276_LILA";"WOOLF"
"3500277_1PURPLE";"WOOLF"
"3500277_BLACK";"WOOLF"
"3500277_GREY";"WOOLF"
"3500277_LILA";"WOOLF"
"3500277_NAVY";"WOOLF"
"3500277_PURPLE";"WOOLF"
"3500391_BLUE";"DISNEY"
"3500391_GREY";"DISNEY"
"3500391_GREY_1";"DISNEY"
"3500391_GREY_BLUE";"DISNEY"
"3500391_NAVY";"DISNEY"
"3500391_PINK";"DISNEY"
"3500391_PURPLE";"DISNEY"
"3500391_RED";"DISNEY"
"3500394_GREY";"DISNEY"
"3500394_NAVY";"DISNEY"
"3500394_WHITE";"DISNEY"
"3500560_BLACK";"WOOLF"
"3500560_GREEN";"WOOLF"
"3500560_KHAKI";"WOOLF"
"3500561_BLACK";"WOOLF"
"3500561_BLUE";"WOOLF"
"3500561_GREY";"WOOLF"
"3500561_OLIVES";"WOOLF"
"3500561_OLIVET";"WOOLF"
"3500561_PINK";"WOOLF"
"3500561_RED";"WOOLF"
"3500561_TOURQUISE";"WOOLF"
"3500603_BLACK";"WOOLF"
"3500603_GREY_PINK";"WOOLF"
"3500629_OLIVE";"NW"
"3500651_BROWN";"WOOLF"
"3500651_NAVY";"WOOLF"
"3500654_BLACK_GREY";"WOOLF"
"3500654_BLACK_PINK";"WOOLF"
"3500663_BLACK_BLUE";"WOOLF"
"3500663_BLACK_YELLOW";"WOOLF"
"3500663_GREY";"WOOLF"
"3500713_BLACK";"WOOLF"
"3500713_NAVY";"WOOLF"
"3500713_PINK";"WOOLF"
"3500723_BLACK";"WOOLF"
"3500723_BORDO";"WOOLF"
"3500723_NAVY";"WOOLF"
"3500723_PINK";"WOOLF"
"3500763_BLACK";"WOOLF"
"3500763_GREY";"WOOLF"
"3500763_GREY_1";"WOOLF"
"3500763_GREY_PINK";"WOOLF"
"3500763_SIVA";"WOOLF"
"35007670_BLACK";"WOOLF"
"3500767_BLACK";"WOOLF"
"3500769_1PINK";"WOOLF"
"3500769_BLUE";"WOOLF"
"3500769_GREEN";"WOOLF"
"3500769_NAVY";"WOOLF"
"3500769_PINK";"WOOLF"
"3500769_PINK_W";"WOOLF"
"3500769_PINKI";"WOOLF"
"3500769_RED";"WOOLF"
"3500820";"NW"
"3500820_BLACK";"WOOLF"
"3500820_BLACK_1";"WOOLF"
"3500820_BLACK_2";"WOOLF"
"3500820_BLACKY";"WOOLF"
"3500913_BLUE";"NW"
"3500913_PINK";"NW"
"3500914_GREY_BLACK";"NW"
"3500914_GREY_PINK";"NW"
"3500941_1BLUE";"WOOLF"
"3500941_1PINK";"WOOLF"
"3500941_BLUE";"WOOLF"
"3500941_BLUE_GREEN";"WOOLF"
"3500941_PINK";"WOOLF"
"3500941_PINKY";"WOOLF"
"3500947_BLUE";"WOOLF"
"3500947_GREY";"WOOLF"
"3500949_BLACK";"KING CRAFT"
"3500_BLACK";"LEON"
"3500_BLUE";"LEON"
"3500_N_BLACK";"LEON"
"3500_N_WHITE";"LEON"
"3500_WHITE";"LEON"
"3501017";"WOOLF"
"3501017_BLACK";"WOOLF"
"3501017_BLACK_GREY";"WOOLF"
"3501017_BLUE_GREY";"WOOLF"
"3501017_GREY";"WOOLF"
"3501049";"WOOLF"
"3501049_1BLUE";"WOOLF"
"3501049_1NAVY";"WOOLF"
"3501049_1WHITE";"WOOLF"
"3501049_2BLUE";"WOOLF"
"3501049_2WHITE";"WOOLF"
"3501049_BLACK";"WOOLF"
"3501049_BLUE";"WOOLF"
"3501049_BORDO";"WOOLF"
"3501049_GREEN";"WOOLF"
"3501049_NAVY";"WOOLF"
"3501049_PURPLE";"WOOLF"
"3501049_TURQUIOISE";"WOOLF"
"3501049_WHITE";"WOOLF"
"3501049_YELLOW";"WOOLF"
"3501052";"WOOLF"
"3501052_BLUE";"WOOLF"
"3501080_1NAVY";"WOOLF"
"3501080_1PINK";"WOOLF"
"3501080_BLUE";"WOOLF"
"3501080_BLUE1";"WOOLF"
"3501080_BLUE_1";"WOOLF"
"3501080_BLUE_2";"WOOLF"
"3501080_BLUE_3";"WOOLF"
"3501080_GREEN";"WOOLF"
"3501080_NAVY";"WOOLF"
"3501080_NAVY_1";"WOOLF"
"3501080_PINK";"WOOLF"
"3501080_PINK_1";"WOOLF"
"3501080_PINK_2";"WOOLF"
"3501080_PINKY";"WOOLF"
"3501080_TOURQUISE";"WOOLF"
"3501080_TURQUISE";"WOOLF"
"3501105";"WOOLF"
"3501105_BLACK_GREY";"WOOLF"
"3501105_GREY";"WOOLF"
"3501105_GREY_1";"WOOLF"
"3501126_BORDO";"WOOLF"
"3501126_GREY";"WOOLF"
"3501129_GREY";"KING CRAFT"
"3501131_BROWN";"WOOLF"
"3501179_BLACK";"WOOLF"
"3501179A";"WOOLF"
"3501179A_GREY";"WOOLF"
"3501179B";"WOOLF"
"3501179B_GREY";"WOOLF"
"3501186_BLACK";"WOOLF"
"3501186_GREY";"WOOLF"
"3501191_BORDO";"WOOLF"
"3501191_NAVY";"WOOLF"
"3501205_MEMORY";"WOOLF"
"3501233";"WOOLF"
"3501233_BLACK_RED";"WOOLF"
"3501233_BLUE";"WOOLF"
"3501235_1GREY";"NW"
"3501235_BLACK";"NW"
"3501235_BROWN";"WOOLF"
"3501235_GREY";"WOOLF"
"3501235_GREY_1";"NW"
"3501235_GREY_BLACK";"NW"
"3501301_BLACK";"KING CRAFT"
"3501307_BLACK";"KING CRAFT"
"3501307_BLUE";"KING CRAFT"
"3501309_BLACK";"WOOLF"
"3501309_GREY";"WOOLF"
"3501373_BLUE";"NW"
"3501373_GREY";"NW"
"3501394_GREY";"WOOLF"
"3501394_NAVY";"WOOLF"
"3501439_BROWN";"KING CRAFT"
"3501439_GREY";"KING CRAFT"
"3501470_BORDO";"WOOLF"
"3501470_GREY";"WOOLF"
"3501470_PINK";"WOOLF"
"3501500_BLACK";"KING CRAFT"
"3501574_1_PINK";"NW"
"3501574_BLACK";"NW"
"3501574_BLUE";"NW"
"3501574_NAVY";"NW"
"3501574_PINK";"NW"
"3501574_RED";"NW"
"3501668_1BLUE";"WOOLF"
"3501668_1GREY";"WOOLF"
"3501668_BLACK";"WOOLF"
"3501668_BLUE";"WOOLF"
"3501668_GREY";"WOOLF"
"3501668_NAVY";"WOOLF"
"3501668_PINK";"WOOLF"
"3501691_1BLUE";"NW"
"3501691_1GREY";"NW"
"3501691_BLUE";"WOOLF"
"3501691_GREY";"WOOLF"
"3501691_GREY_PINK";"WOOLF"
"3501699_BLACK";"WOOLF"
"3501699_GREY";"WOOLF"
"3501699_GREY_1";"WOOLF"
"3501699_NAVY";"WOOLF"
"3501911_1BLUE";"NW"
"3501911_BLACK";"NW"
"3501911_BLUE";"NW"
"3501911_GREY";"NW"
"3501911_WHITE";"NW"
"3501944_BLUE";"NW"
"3501944_GREY";"NW"
"3501944_NAVY";"NW"
"3501947_BLACK";"WOOLF"
"3501947_BLUE";"WOOLF"
"3502016_1PINK";"WALKX"
"3502016_BLUE";"WALKX"
"3502016_GREY";"WALKX"
"3502016_NAVY";"WALKX"
"3502016_PINK";"WALKX"
"3502019_GREY";"WOOLF"
"3502019_NAVY";"WOOLF"
"3502042_BROWN";"NW"
"3502042_GREY";"NW"
"3502053_BLUE";"NW"
"3502053_NAVY";"NW"
"3502055_1_BLUE";"WOOLF"
"3502055_1_GREY";"WOOLF"
"3502055_1NAVY";"WOOLF"
"3502055_BLUE";"WOOLF"
"3502055_GREY";"WOOLF"
"3502055_NAVY";"WOOLF"
"3502117_BLACK";"NW"
"3502117_BLUE";"NW"
"3502117_BORDO";"NW"
"3502117_GREEN";"NW"
"3502117_NAVY";"NW"
"3502117_PINK";"NW"
"3502293_1PINK";"WOOLF"
"3502293_BLUE";"WOOLF"
"3502293_NAVY";"WOOLF"
"3502293_PINK";"WOOLF"
"3502308_BLACK";"WOOLF"
"3502308_BLUE";"WOOLF"
"3502308_BROWN";"WOOLF"
"3502308_GREY";"WOOLF"
"3502308_ORANGE";"WOOLF"
"3502308_PURPLE";"WOOLF"
"3502467_BLACK";"WOOLF"
"3502467_GREY";"WOOLF"
"3506_BLUE";"ISABAC"
"3511_BEIGE";"ISABAC"
"3515_BEIGE";"ISABAC"
"3520_BEIGE";"ISABAC"
"3537_PERLA";"BLU STAR"
"35667_20492_04299";"IPANEMA"
"3566_BROWN";"COMJEANS"
"3593_BLACK";"BLU STAR"
"360_1RED";"LEON"
"360_BLACK";"LEON"
"360_BLUE";"LEON"
"360_RED";"LEON"
"360_WHITE";"LEON"
"3610_BEIGE";"ISABAC"
"3611_BEIGE";"ISABAC"
"3613_BLUE";"ISABAC"
"363_BLACK";"DAER DIVAT"
"371450";"KINGSMITH"
"371_BIANCO";"SANITAL"
"372191";"JIMMY"
"375_BLACK";"L D"
"377_BEIGE";"RIMA-JOUDI"
"377_BLACK";"RIMA-JOUDI"
"3810938_WHITE";"HIT SHOES"
"382022_CHAMPAGNE";"SAFRAN"
"38810_BLACK";"SAFRAN"
"38FC139_CAMEL";"M-U"
"3905_BRONZE";"ISABAC"
"3906_BLUE";"HIT SHOES"
"391117_BLACK_GREY";"NW"
"391117_BLACK_YELLOW";"NW"
"39212_BLACK";"KangaROOS"
"3977862";"NIKE"
"3999_BLACK";"NW"
"3_2_BLK";"NW"
"3JPP13_FUXIA";"NICKELODEON"
"3PA8S01H_PINK";"DISNEY"
"3PA8S05_NAVY";"DISNEY"
"3PW1972007_6500177";"KTM"
"3PW210021807_BLACK";"KTM"
"3SWPP22_03_1PINK";"NICKELODEON"
"3SWPP22_03_PINK";"NICKELODEON"
"3SWPP22_13_BLUE";"NICKELODEON"
"400";"GERIS"
"4001_0001_BLK";"GERIS"
"4002_0001_BEIGE";"GERIS"
"4002_0001_BLUE";"GERIS"
"4002_0001_BROWN";"GERIS"
"4002_0001_WHITE";"GERIS"
"4002_00020_RED";"GERIS"
"4002_0002_BEIGE";"GERIS"
"4002_0002_BLACK";"GERIS"
"4002_0002_BROWN";"GERIS"
"4002_0002_WHITE";"GERIS"
"4002_0003_BEZ";"GERIS"
"4002_0003_BLACK";"GERIS"
"4002_0003_PURPLE";"GERIS"
"4002_0005_WHITE";"GERIS"
"4002_0010_BLACK";"GERIS"
"4002_001_BEIGE";"GERIS"
"4002_001_BLACK";"GERIS"
"4002_001_WHITE";"GERIS"
"4002_010_BEIGE";"GERIS"
"4002_010_BLACK";"GERIS"
"4002_010_BLUE";"GERIS"
"4002_010_BORDO";"GERIS"
"4002_010_BROWN";"GERIS"
"4002_015_BORDOW";"GERIS"
"4002_01_BEIGE";"GERIS"
"4002_020_BLACK";"GERIS"
"4002_020_BLUE";"GERIS"
"4002_020_BORDO";"GERIS"
"4002_020_WHITE";"GERIS"
"4002_BEIGE";"GERIS"
"4002_BLACK";"GERIS"
"4003_0001_BEIGE";"GERIS"
"4003_0001_BLUE";"GERIS"
"4003_0001_PURPLE";"GERIS"
"4003_0002_BEIGE";"GERIS"
"4003_0002_BEIGE_BLACK";"GERIS"
"4003_0002_blac_beige_rup";"GERIS"
"4003_0002_blk_bei";"GERIS"
"4003_0002_BLUE_WHITE2";"GERIS"
"4003_0002_PURPLE_WHT";"GERIS"
"4003_0002K_PURPLE_WHITE";"GERIS"
"4003_0003_BORDO";"GERIS"
"4003_0003_WHITE";"GERIS"
"4003_0004_BLK";"GERIS"
"4003_0004_WHT";"GERIS"
"4003_0005_BLUE";"GERIS"
"4003_0005_BORDO";"GERIS"
"4003_0005_BORDO2";"GERIS"
"4003_0005_PURPLE";"GERIS"
"4003_0005_WHITE";"GERIS"
"4003_0006_BLACK";"GERIS"
"4003_0006_BLUE";"GERIS"
"4003_0006_BORDO";"GERIS"
"4003_0006_BROWN";"GERIS"
"4003_0006_PURPLE";"GERIS"
"4003_0006_WHITE";"GERIS"
"4003_001_BEIGE";"GERIS"
"4003_001_BLACK";"GERIS"
"4003_001_BLUE";"GERIS"
"4003_001_BORDO";"GERIS"
"4003_001_BORDO_1";"GERIS"
"4003_001_BROWN";"GERIS"
"4003_001_WHITE";"GERIS"
"4003_002_BEIGE";"GERIS"
"4003_002_BEIGE_BLACK";"GERIS"
"4003_002_BEIGE_BLUE";"GERIS"
"4003_002_BEIGE_BROWN";"GERIS"
"4003_002_BEIGE_WHITE";"GERIS"
"4003_002_BLACK";"GERIS"
"4003_002_BLACK_BEIGE";"GERIS"
"4003_002_BLUE_BEIGE";"GERIS"
"4003_002_BLUE_WHITE";"GERIS"
"4003_002_BORDO_BEIGE";"GERIS"
"4003_002_BROWN_BEIGE";"GERIS"
"4003_002_WHITE_BEIGE";"GERIS"
"4003_002_WHITE_BLUE";"GERIS"
"4003_002_WHITE_BORDO";"GERIS"
"4003_003_BEIGE";"GERIS"
"4003_003_BLACK";"GERIS"
"4003_003_BLUE";"GERIS"
"4003_003_BORDO";"GERIS"
"4003_003_BROWN";"GERIS"
"4003_003_PURPLE";"GERIS"
"4003_003_WHITE";"GERIS"
"4003_004_BEIGE";"GERIS"
"4003_004_BLACK";"GERIS"
"4003_004_BLUE";"GERIS"
"4003_004_BROWN";"GERIS"
"4003_004_WHITE";"GERIS"
"4003_0054_BEIGE";"GERIS"
"4003_0054_BLACK";"GERIS"
"4003_0054_BLUE";"GERIS"
"4003_0054_BORDO_SFH";"GERIS"
"4003_0054_BROWN";"GERIS"
"4003_0054_PURPLE";"GERIS"
"4003_0054_WHT";"GERIS"
"4003_0055_BEIGE";"GERIS"
"4003_0055_BLACK";"GERIS"
"4003_0055_BLUE";"GERIS"
"4003_005_BEIGE";"GERIS"
"4003_005_BLACK";"GERIS"
"4003_005_BLUE";"GERIS"
"4003_005_BORDO";"GERIS"
"4003_005_WHITE";"GERIS"
"4003_007_BEIGE";"GERIS"
"4003_007_BLACK";"GERIS"
"4003_007_BLUE";"GERIS"
"4003_007_BORDO";"GERIS"
"4003_007_BROWN";"GERIS"
"4003_007_WHITE";"GERIS"
"4003_008_BEIGE";"GERIS"
"4003_008_NAVY";"GERIS"
"4003_SFH_BEIGE";"GERIS"
"4003_SFH_RED";"GERIS"
"4005_0001_BROWN";"GERIS"
"4006_0001_BLUE";"GERIS"
"4006_0001_BROWN";"GERIS"
"4006_0003_BLK";"GERIS"
"4006_0003_NAVY";"GERIS"
"4006_001_BLACK_M";"GERIS"
"4008_00002_BLACK";"GERIS"
"4008_0001_01_BIJELA";"GERIS"
"4008_0001_02_BROWN";"GERIS"
"4008_0001_02_LILA";"GERIS"
"4008_0001_03_BLACK";"GERIS"
"4008_0001_06_BORDO";"GERIS"
"4008_0001_06_CRNA";"GERIS"
"4008_0001_BLUE";"GERIS"
"4008_0002_01_WHITE";"GERIS"
"4008_0002_91_BLACK";"GERIS"
"4008_0002_BROWN";"GERIS"
"4008_0003_03_BLACK";"GERIS"
"4008_0003_03_BLK";"GERIS"
"4008_0004_12_WHITE";"GERIS"
"4008_0005_BLUE";"GERIS"
"4008_0006_PLAVA";"GERIS"
"4008_0007_BORDO";"GERIS"
"4008_0007_CRVENA";"GERIS"
"4008_0008_BEIGE";"GERIS"
"4008_001_WHITE";"GERIS"
"4008_002_03_BIJELA";"GERIS"
"4008_003_BEIGE";"GERIS"
"4008_003_BLACK";"GERIS"
"4008_003_BLUE";"GERIS"
"4008_003_BORDO";"GERIS"
"4008_003_WHITE";"GERIS"
"4008_004_BLACK";"GERIS"
"4008_004_BROWN";"GERIS"
"4008_004_WHITE";"GERIS"
"4008_005_BLACK";"GERIS"
"4008_005_BLUE";"GERIS"
"4008_005_WHITE";"GERIS"
"4008_010 WHITE";"GERIS"
"4008_010_BEIGE";"GERIS"
"4008_010_BLACK";"GERIS"
"4008_010_BLUE";"GERIS"
"4008_010_BORDO";"GERIS"
"4008_010_BROWN";"GERIS"
"4008_010_WHITE";"GERIS"
"4008_01_WHITE";"GERIS"
"4009_0004_beige";"GERIS"
"4009_0004_BLACK";"GERIS"
"4009_0004_GREY";"GERIS"
"404251_BLACK";"REUSCH"
"404264_WHITE";"REUSCH"
"405111_BLACK";"NCxtreme"
"405111_BLUE";"NCxtreme"
"405430_NAVY";"REUSCH"
"405443_NAVY";"REUSCH"
"4057_OLIVE";"JAGULEP"
"4059_BLACK";"WANDERFULL"
"4059_BROWN";"WANDERFULL"
"406228_BLACK";"NORDCAP"
"406228_NAVY";"NORDCAP"
"406228_OLIVE";"NORDCAP"
"4099_BLACK";"WANDERFULL"
"4099_BLACK_B";"WANDERFULL"
"4102_GOLD";"HIT SHOES"
"4102_PLATIN";"HIT SHOES"
"4102_ROSE";"HIT SHOES"
"4103_BLACK";"WANDERFULL"
"4103_BLACK1";"WANDERFULL"
"4103_BLACK_GREY";"WANDERFULL"
"4107_WHITE";"HIT SHOES"
"4109_BLACK";"WANDERFULL"
"4111_GOLD";"HIT SHOES"
"4111_PLATIN";"HIT SHOES"
"4111_PLATIN1";"HIT SHOES"
"4111_ROSE_GOLD";"HIT SHOES"
"4111_SILVER";"HIT SHOES"
"4111_SILVER1";"HIT SHOES"
"4112_GOLD";"HIT SHOES"
"4112_PLATIN";"HIT SHOES"
"4114_GREY";"WANDERFULL"
"4116_BEIGE";"HIT SHOES"
"4116_BLACK";"HIT SHOES"
"4116_NAVY";"HIT SHOES"
"4116_WHITE";"HIT SHOES"
"4117_BEIGE";"HIT SHOES"
"4117_BLACK";"HIT SHOES"
"4118_BLACK";"HIT SHOES"
"4120_BLACK";"HIT SHOES"
"4120_BLUE";"HIT SHOES"
"4126_BLACK_W";"WANDERFULL"
"4126_GREY";"WANDERFULL"
"4132_BLACK";"WANDERFULL"
"4132_GREY";"WANDERFULL"
"4139_BLACK";"WANDERFULL"
"4144_1BLACK";"WANDERFULL"
"4144_BLACK";"WANDERFULL"
"4144_BLACKY";"WANDERFULL"
"4144_WHITE";"WANDERFULL"
"4148_1_BLACK";"FREELAND"
"4148_1_SMEDA";"FREELAND"
"4148_6_GREY";"FREELAND"
"4148_7_GREY";"FREELAND"
"4148_7_NAVY";"FREELAND"
"4148_BLACK";"FREELAND"
"4148_BLACK_1";"HIT SHOES"
"4148_BLUE";"FREELAND"
"4148_GREY";"HIT SHOES"
"4148_RED";"HIT SHOES"
"4148_WHITE";"HIT SHOES"
"4148_WHITE_1";"HIT SHOES"
"4148_Y_BLACK";"FREELAND"
"4148_Y_NAVY";"FASHION"
"4149_1BLACK";"FREELAND"
"4149_1BLUE";"FREELAND"
"4149_1GREY";"FREELAND"
"4149_1NAVY";"FREELAND"
"4149_2_BLUE";"FREELAND"
"4149_4_BLACK";"FREELAND"
"4149_4_BLACKY";"FREELAND"
"4149_4_BLUE";"FREELAND"
"4149_4_GREY";"FREELAND"
"4149_4_GREYS";"FREELAND"
"4149_4_NAVY";"FREELAND"
"4149_4_RED";"FREELAND"
"4149_5_BLUE";"FREELAND"
"4149_BLACK";"FREELAND"
"4149_BLACK_G";"FREELAND"
"4149_BLACK_R";"FREELAND"
"4149_BLACK_W";"FREELAND"
"4149_BLACKY";"FREELAND"
"4149_BLUE_W";"FREELAND"
"4149_BROWN";"FREELAND"
"4149_GREY";"FREELAND"
"4149_GREY_1";"FREELAND"
"4149_GREY_BLACK";"FREELAND"
"4149_NAVY_G";"FREELAND"
"4149_NAVY_W";"FREELAND"
"4149_PINK_G";"FREELAND"
"4149_RED";"FREELAND"
"4149_RED_W";"FREELAND"
"4149_S_GREY";"FREELAND"
"4150_BLACK";"HIT SHOES"
"4150_BLACK_WHITE";"FREELAND"
"4150_BLUE";"FREELAND"
"4150_BROWN";"HIT SHOES"
"4150_GREY";"HIT SHOES"
"4150_GREY_1";"HIT SHOES"
"4150_NAVY";"FREELAND"
"4150_SIVA";"FREELAND"
"4151_BLACK";"FREELAND"
"4151_BLACK_1";"FREELAND"
"4151_BLACK_2";"HIT SHOES"
"4151_BLACK_3";"FREELAND"
"4151_BLACK_4";"FREELAND"
"4151_BLACK_W";"FREELAND"
"4151_BLUE";"FREELAND"
"4151_BLUE_1";"FREELAND"
"4151_BROWN";"FREELAND"
"4151_CRNA";"FREELAND"
"4151_GREY";"FREELAND"
"4151_GREY_1";"FREELAND"
"4151_NAVY";"FREELAND"
"4151_NAVY_1";"FREELAND"
"4152_BLACK";"HIT SHOES"
"4152_BLUE";"FREELAND"
"4152_GREY";"FREELAND"
"4152_NAVY";"FREELAND"
"4153_BLACK";"FREELAND"
"4153_BLUE";"FREELAND"
"4154_BLACK";"FREELAND"
"4154_BLACKY";"FREELAND"
"4154_BLUE";"FREELAND"
"4154_NAVY";"FREELAND"
"4154_RED";"FREELAND"
"4155_1GREY";"FREELAND"
"4155_1NAVY";"FREELAND"
"4155_GREY";"FREELAND"
"4155_NAVY";"FREELAND"
"4155_RED";"FREELAND"
"4156_NAVY";"FREELAND"
"4157_BLACK";"NW"
"4157_NAVY";"NW"
"4158_1GREY";"FREELAND"
"4158_BLACK";"FREELAND"
"4158_GREY";"FREELAND"
"4198154";"NIKE"
"422011_03";"LONSDALE"
"423361_BLACK";"LE SOFT"
"4247_PINK";"LOTTO"
"4250_BLACK";"LEON"
"4250_N_PERLA";"LEON"
"4250_PERLA";"LEON"
"4250_PINK";"LEON"
"4250_SILVER";"LEON"
"4250_WHITE";"LEON"
"4251_1_MINT";"LEON"
"4251_MINT";"LEON"
"4251_MINT_SILVER";"LEON"
"4251_PERLA";"LEON"
"4259_NAVY";"AQUA TIME"
"4259_PURPLE";"AQUA TIME"
"4259_RED";"AQUA TIME"
"4259_WHITE";"AQUA TIME"
"429_BORDO";"LIBER LIGHT"
"430008_BEIGE";"LE SOFT"
"430008_BLUE";"LE SOFT"
"430008_GREY";"LE SOFT"
"430500_BLUE";"LE SOFT"
"430500_BORDO";"LE SOFT"
"430500_GREY";"LE SOFT"
"4350_FLOWER";"SANITAL"
"4350_FLOWER_WHT";"SANITAL"
"4350_HEARTS";"SANITAL"
"4352_1FLOWER";"SANITAL"
"4352_FLOWER";"SANITAL"
"4358_FLOWER_I";"SANITAL"
"4358_FLOWER_II";"SANITAL"
"4358_FLOWER_III";"SANITAL"
"4367_FLOWER_BLK";"SANITAL"
"4367_WHT_FLOWER";"SANITAL"
"4370552_NAVY";"NW"
"4370552_PINK";"NW"
"4371_FLOWER_I";"SANITAL"
"4371_WHITE";"SANITAL"
"4372_1BLK_FLOWER";"SANITAL"
"4372_1FLOWER";"SANITAL"
"4372_BLACK_F";"SANITAL"
"4372_BLACK_FLOWER";"SANITAL"
"4372_BLK_FLOWER";"SANITAL"
"4372_FLOWER";"SANITAL"
"4372_HEART";"SANITAL"
"4372_WHITE_FLOWER";"SANITAL"
"4386_BLACK";"GEZER"
"4386_BROWN";"GEZER"
"4386_DARKBROWN";"GEZER"
"4386_GREY";"GEZER"
"4386_NAVY";"GEZER"
"452000_PINK";"SAFRAN"
"452009_NAVY";"SAFRAN"
"452014_NAVY";"SAFRAN"
"452015_BRONZE";"SAFRAN"
"452015_SILVER";"SAFRAN"
"452027_GREY";"SAFRAN"
"452027_NAVY";"SAFRAN"
"452030_BLUE";"SAFRAN"
"452030_GREY";"SAFRAN"
"4530_BLUE";"KLIN"
"4530_PINK";"KLIN"
"45801_RED";"SAFRAN"
"46NORD_GREY";"46NORD"
"4700_BLACK";"LEON"
"4700_BROWN";"LEON"
"4700_N_BLACK";"LEON"
"4701_BLACK";"NW"
"4776_BEIGE";"NW"
"4776_BLACK";"NW"
"481_1BEIGE";"LIBER LIGHT"
"481_1BLACK";"LIBER LIGHT"
"481_1BLUE";"LIBER LIGHT"
"481_BEIGE";"LIBER LIGHT"
"481_BIANCO";"LIBER LIGHT"
"481_BLACK";"LIBER LIGHT"
"481_BLUE";"LIBER LIGHT"
"485226";"KINGSMITH"
"488243";"NIKE"
"4921_BLACK";"NW"
"4944_PURPLE";"LOTTO"
"49805_BRONZE";"SAFRAN"
"49806_NAVY";"SAFRAN"
"49806_PINK";"SAFRAN"
"4BSTC03_BLK";"DISNEY"
"5000_002_16_BROWN_BEIGE";"GERIS"
"5000_002_16_ORANGE_GREY";"GERIS"
"5000_002_20_MATBEIGE";"GERIS"
"5000_002_20_MATBROWN";"GERIS"
"5000_002_20_MATGREY";"GERIS"
"5000_002_BEIGE";"GERIS"
"5000_002_BLACK";"GERIS"
"5000_002_BROWN";"GERIS"
"5000_002_MATBLUE";"GERIS"
"5000_002_WHITE";"GERIS"
"5000_BROWN";"LEON"
"5001_002_09_BLACK";"GERIS"
"5001_002_09_GREY";"GERIS"
"5001_002_09_WHITE";"GERIS"
"5001_002_20_BLACK";"GERIS"
"5001_002_20_BLUE";"GERIS"
"5001_BLACK";"LEON"
"5001_N_BLACK";"LEON"
"5001_N_PERLA";"LEON"
"5001_N_WHITE";"LEON"
"5001_PERLA";"LEON"
"5001_RED";"LEON"
"5001_SILVER";"LEON"
"5001_WHITE";"LEON"
"5002_BLACK";"LEON"
"5002_N_BLACK";"LEON"
"5002_N_PERLA";"LEON"
"5002_N_WHITE";"LEON"
"5002_PERLA";"LEON"
"5002_WHITE";"LEON"
"5011_BLUE";"LOTTO"
"501_BEIGE";"LIBER LIGHT"
"501_BLACK";"NW"
"501_GREEN";"NW"
"501_WHITE";"NW"
"504192_BLACK_W";"NW"
"5057538258804_BLACK";"NW"
"5066_1WHITE";"WEIDE"
"5066_BEIGE";"WEIDE"
"5066_WHITE";"WEIDE"
"50739_WHITE";"SAFRAN"
"508A_BLACK";"BAOBAO"
"510007_SIVI";"GT"
"510010_SMB";"GT"
"51001_BEZBOJNI";"GT"
"51002_CRNI";"GT"
"51003_SMEDI";"GT"
"51004_BEZBOJNI";"GT"
"51005_BEZBOJNI";"GT"
"511000_BEZBOJNI";"COCCINE"
"5110_RED";"NW"
"51151_BLUE";"LEMIGO"
"51151_RED";"LEMIGO"
"51151_YELLOW";"LEMIGO"
"511685_NATURAL";"COCCINE"
"511692_BLACK";"COCCINE"
"511708_BROWN";"COCCINE"
"51186BL";"NW"
"51186BL_YELLOW";"NW"
"511_BLACK";"HIT SHOES"
"511_WHITE";"HIT SHOES"
"512125_BLUE";"COCCINE"
"512125_NAVY";"COCCINE"
"514_BEIGE";"LIBER LIGHT"
"514_BORDO";"LIBER LIGHT"
"514_BROWN";"LIBER LIGHT"
"520_PA_CAMEL";"NW"
"527_PA_CAMEL";"NW"
"5280815_GREY";"PAPAYA"
"5281124_FUXIA";"PAPAYA"
"529_NAVY";"LIBER LIGHT"
"530_1WHITE";"LIBER LIGHT"
"530_BLACK";"LIBER LIGHT"
"530_BLUE";"LIBER LIGHT"
"530_WHITE";"LIBER LIGHT"
"530_WHITE_BLACK";"NW"
"530_WHITE_PINK";"NW"
"5329_BLACK";"Daer"
"5370_BLACK";"FUDALI"
"5411_NAVY";"WALKMAN"
"5413_BLACK";"NW"
"5413_WHITE";"NW"
"55146_BLACK";"NW"
"55146_RED";"NW"
"553_BLUE";"LIBER LIGHT"
"553_BROWN";"LIBER LIGHT"
"553_BROWN_GREY";"LIBER LIGHT"
"553_RED";"LIBER LIGHT"
"5552_GREY";"NW"
"55_52_BLACK";"NW"
"5621_BLACK";"LET GET"
"57619D_BLACK";"BAOBAOD"
"57623_BLACK";"BAOBAOD"
"5765_BLACK";"URBAN STREET"
"590542_NAVY";"LICO"
"590543_GREEN";"LICO"
"590553_PINK";"LICO"
"590561_NAVY";"LICO"
"590577_YELLOW";"LICO"
"590592_BLUE";"LICO"
"590609_GREY";"LICO"
"590617_NAVY";"LICO"
"5910_NAVY";"LOTTO"
"5940_NAVY";"LOTTO"
"5971M_BLACK";"NW"
"5971MED";"NW"
"5971MZ_WHITE";"NW"
"5971Z_BLACK";"NW"
"59802_BLACK";"SESAMALL"
"59802_BROWN";"SESAMALL"
"59802_SILVER";"SESAMALL"
"59802_WHITE";"SESAMALL"
"598_01_BEIGE";"FASHION"
"598_01_BLACK";"FASHION"
"598_01_BROWN";"FASHION"
"598_01_WHITE";"FASHION"
"5BF592_BEIGE";"M-U"
"5BF592_BLACK";"M-U"
"6000_1_BLACK";"LEON"
"6000_1_WHITE";"LEON"
"6000_BLACK";"LEON"
"6000_WHITE";"LEON"
"6004700_BLACK";"KTM"
"6005_BLACK";"LEON"
"6005_N_BLACK";"LEON"
"6005_N_WHITE";"LEON"
"6005_WHITE";"LEON"
"60107";"CENTRALIN"
"6032_BLACK";"WEIDE"
"6032_GREEN";"WEIDE"
"6033_RED";"WEIDE"
"6034_RED";"WEIDE"
"6035_BLACK";"WEIDE"
"60401_BLACK";"AZZURO"
"60401_GREEN";"AZZURO"
"60401_GREY";"AZZURO"
"60401_NAVY";"AZZURO"
"60420_BLACK";"AZZURO"
"60420_BLACK_GREY";"AZZURO"
"60420_GREY";"AZZURO"
"60420_NAVY";"AZZURO"
"60420_WHITE";"AZZURO"
"605_BLACK";"ADLER"
"6065_BLUE";"NW"
"6066_BLACK";"S.SUNNY"
"6066_YELLOW";"S.SUNNY"
"6078_BLUE";"NW"
"6109_BLACK";"S.SUNNY"
"6109_BROWN";"S.SUNNY"
"6114_BLACK";"NW"
"6120611_BLACK";"GT"
"612061501";"GT"
"6120615_BLACK";"GT"
"6123_BLACK";"S.SUNNY"
"6123_RED";"S.SUNNY"
"613_BLACK";"ADLER"
"613_BLUE";"ADLER"
"613_RED";"ADLER"
"613B_BLACK";"NW"
"613B_BLUE";"NW"
"616544_007_BLACK";"NIKE"
"616546_203";"NIKE"
"616696_016";"NIKE"
"616696_WHITE";"NIKE"
"6175_BLACK";"WEIDE"
"6175_BORDO";"WEIDE"
"617_BLACK";"LIBER LIGHT"
"6204_BEIGE";"LIBER LIGHT"
"6204_BLACK";"LIBER LIGHT"
"6204_BLUE";"LIBER LIGHT"
"6204_WHITE";"LIBER LIGHT"
"6273_BLACK";"S.SUNNY"
"6273_NAVY";"S.SUNNY"
"6273_RED";"S.SUNNY"
"6309220";"NW"
"630_BLACK";"LIBER LIGHT"
"630_TMORO";"LIBER LIGHT"
"6318_KL_BLACK";"NW"
"6318_KL_CHAMPAGNE";"NW"
"6318_KL_GREY";"NW"
"632_BLACK";"LIBER LIGHT"
"6338_BLACK";"BAOBAOD"
"6338_BLUE";"BAOBAOD"
"6338_RED";"BAOBAOD"
"6338_WHITE";"BAOBAOD"
"641_BLACK";"LIBER LIGHT"
"641_BROWN";"LIBER LIGHT"
"6452_TURKIS_GOLD";"IPANEMA"
"6479";"GRENDHA"
"6500117_BLUE";"NW"
"6500117_PURPLE";"NW"
"6500209";"NW"
"6500362_POWERRECK";"NW"
"6500425";"NW"
"6500425W";"NW"
"6500482_BLACK";"WOOLF"
"6500483_BLACK_M";"WOOLF"
"6500483_GREY_BERRY";"WOOLF"
"6500483_WHITE";"WOOLF"
"6500484_BLACK_Z";"WOOLF"
"6500485_BLUE";"WOOLF"
"6500485_GREY";"WOOLF"
"6500788_BLUE";"WOOLF"
"6501030B";"NW"
"6501030C";"NW"
"6501034_A";"NW"
"6501034_AS";"NW"
"6501034_B";"NW"
"6501034_BS";"NW"
"6501034_BW";"NW"
"6501079_BLACK";"WOOLF"
"6501080_1WHITE";"WOOLF"
"6501080_WHITE";"WOOLF"
"65010812_1GREY";"NW"
"65010812_GREY";"WOOLF"
"6501083_1BLACK";"WOOLF"
"6501083_BLACK";"WOOLF"
"6501084_BLACK";"WOOLF"
"6501117";"NW"
"6501117A";"NW"
"6501147";"NW"
"6501147_A";"NW"
"6501147_C";"NW"
"6501147_D";"NW"
"6501150A";"ACTIVE TOUCH"
"6501436F";"FILA"
"6501611_BLACK";"FILA"
"6501656_PURPLE";"WOOLF"
"6501685_A";"NW"
"6501685_AAA";"NW"
"6501685_C";"NW"
"6501693A";"NW"
"6501831_AA";"NW"
"6501831_B";"NW"
"6501862_BLACK";"NW"
"6502028_BLACK";"NORDCAP"
"6502028_BROWN";"NORDCAP"
"6502266_NAVY";"FILA"
"6502268_BEIGE";"FILA"
"6502268_BLACK";"FILA"
"6502268_BLUE";"FILA"
"6502268_NAVY";"FILA"
"6502268_WHITE";"FILA"
"6502270_1_WHITE";"FILA"
"6502270_BLUE";"FILA"
"6502270_WHITE";"FILA"
"6502272_1_GREY";"FILA"
"6502272_GREY";"FILA"
"6502272_WHITE";"FILA"
"6502309_A";"NW"
"6502309_B";"NW"
"6502310_A";"NW"
"6502328_A";"NW"
"6502328_B";"NW"
"65025PT_A";"NW"
"65025PT_B";"NW"
"6502980_A";"8TIMES3"
"6502980_B";"8TIMES3"
"6502985_A";"8TIMES3"
"6502985_B";"8TIMES3"
"653819_002";"NIKE"
"653_1_BROWN";"LIBER LIGHT"
"653_BLACK";"LIBER LIGHT"
"653_BLUE";"LIBER LIGHT"
"653_BROWN";"LIBER LIGHT"
"6564_PINK";"NW"
"6604600_BLACK";"KTM"
"668_BEIGE";"GOGO SHOES"
"668_BLACK";"GOGO SHOES"
"6711_OLIVE";"LOTTO"
"67339_BLACK";"NW"
"67339_WHITE";"NW"
"683807_GREY";"XTREME SPORTS"
"683807_LIME";"XTREME SPORTS"
"683807_LIME_AF_36_41";"XTREME SPORTS"
"683904_BLACK";"XTREME SPORTS"
"683912_BLACK";"XTREME SPORTS"
"683914_GREY";"XTREME SPORTS"
"683915_GREY";"XTREME SPORTS"
"6895_PINK";"NW"
"6905_BL_BEIGE";"NW"
"6905_BL_BLACK";"NW"
"6918_BROWN";"SUPER MODE"
"7006A_BLACK";"GOGO SHOES"
"700_1_BLACK";"PRESTIGE"
"700_BLACK";"PRESTIGE"
"700_M_BLACK";"LEON"
"700_M_WHITE";"LEON"
"700M_NISKA_41_46_bijela";"LEON"
"700M_NISKA_41_46_crna";"LEON"
"700SR_BLACK";"COMFORT STEP"
"700SR_WHITE";"COMFORT STEP"
"70149_BLACK";"KangaROOS"
"70210_BLACK";"KangaROOS"
"70221_BLK";"KangaROOS"
"7057_PINK";"NW"
"7099_BEIGE";"ISABAC"
"710218_BLACK";"LICO"
"710_BLACK";"NW"
"710_NAVY";"NW"
"712_PINK";"Conway"
"712C_BLUE";"NW"
"712C_PINK";"NW"
"712C_ROZA";"NW"
"712C_T_BLUE";"NW"
"713552_BLACK";"ROUTT"
"715_GREY";"SANITAL"
"7183_BEIGE";"BAOBAOD"
"7183_BLACK";"BAOBAOD"
"7193_BLACK";"BAOBAOD"
"722_BLACK";"LET GET"
"7272_BEIGE";"LOTTO"
"73111_CRNA";"NW"
"73113_SIVA";"NW"
"73119_OLIV";"NW"
"7359_BLACK";"NW"
"7359_GREY";"NW"
"7380_GREEN";"NW"
"7380_GREY";"NW"
"749794_410";"NIKE"
"750_1BLACK";"SANITAL"
"750_1BLUE";"SANITAL"
"750_1WHITE";"SANITAL"
"750_BLACK";"SANITAL"
"750_BLUE";"SANITAL"
"750_WHITE";"SANITAL"
"7532_BLACK";"ROSSELLA LOPES"
"7537_BLACK";"NW"
"7555_BLACK";"NW"
"7557_GREY";"NW"
"7588_GREEN";"NW"
"759_BLACK";"LET GET"
"759_BORDO";"LET GET"
"7602_PA_BLACK";"NW"
"7709_BEIGE";"NW"
"7718001_BLACK";"NW"
"772005_BEIGE";"SAFRAN"
"7766_WINE_RED";"NW"
"778_BLACK";"FREELAND"
"779_BLACK";"FREELAND"
"779_BROWN";"FREELAND"
"779_GREY";"FREELAND"
"779_NAVY";"FREELAND"
"779_OLIVE";"FREELAND"
"78138_BLACK";"NW"
"78138_RED";"NW"
"78138_YELLOW";"NW"
"7909_BLUE";"NW"
"8000_BROWN";"SEKLO"
"80035_GREEN";"KangaROOS"
"80059_BLACK";"KangaROOS"
"8008_BLUE";"X-JEANS"
"8008_GREY";"X-JEANS"
"8008_KHAKI";"X-JEANS"
"8008_RED";"X-JEANS"
"800_WHITE";"LEON"
"8010_BLACK";"AZZURO"
"80129_20766A";"IPANEMA"
"80129_24286A_0631";"IPANEMA"
"8012_GREY";"XTREME SPORTS"
"8018_BEIGE";"Mellisa"
"8018_GREEN";"Mellisa"
"8018_WHITE";"Mellisa"
"80403_23998_22636";"IPANEMA"
"80403_23998A_0299";"IPANEMA"
"80403_24188_32445";"IPANEMA"
"80408_20502_06883";"IPANEMA"
"80408_22467_06883";"IPANEMA"
"80415_20698_08500";"IPANEMA"
"80415_22117_06231";"IPANEMA"
"80415_22531_06231";"IPANEMA"
"80415_22531_06897";"IPANEMA"
"80415_22531_08500";"IPANEMA"
"80415_23183_06897";"IPANEMA"
"80415_24005_06897";"IPANEMA"
"80416_20197_20692";"IPANEMA"
"80416_20534_08053";"IPANEMA"
"80416_20534_20692";"IPANEMA"
"80416_20534_20812";"IPANEMA"
"80416_21138";"IPANEMA"
"80416_21577";"IPANEMA"
"80416_22117_08030";"IPANEMA"
"80416_22117_08053";"IPANEMA"
"80416_22117K_2069";"IPANEMA"
"8052_BEIGE";"BAOBAOD"
"8052_BLACK";"BAOBAOD"
"807320";"NIKE"
"81030_20247A";"IPANEMA"
"81030_20320";"IPANEMA"
"81030_20502_02064";"IPANEMA"
"81030_20689";"IPANEMA"
"81030_20766D";"IPANEMA"
"81030_20790D_2241";"IPANEMA"
"81030_21311";"IPANEMA"
"81030_23097_08679";"IPANEMA"
"81030_24172_20700";"IPANEMA"
"81030_24184_02064";"IPANEMA"
"81030_24184A_2241";"IPANEMA"
"81030_24184D";"IPANEMA"
"81030_24501_20700";"IPANEMA"
"81081_21729";"RIDER"
"81081_21869A";"RIDER"
"81081_21929A";"RIDER"
"81173_OLIVE";"KangaROOS"
"812202_WHITE";"COMFORT STEP"
"812712_WHITE";"COMFORT STEP"
"812_WHITE";"COMFORT STEP"
"81376U_FRS";"UMBRO"
"81437U_GRV";"UMBRO"
"81470U_GXV_BLACK";"UMBRO"
"81632U_JLQ";"UMBRO"
"81633U_JLQ";"UMBRO"
"81636U_JLQ";"UMBRO"
"81637U_JLQ";"UMBRO"
"81666_20247A";"RIDER"
"81666_20756_01614";"RIDER"
"81666_23876_01614";"RIDER"
"81666_23876A_2082";"RIDER"
"81666_24033_02055";"RIDER"
"81666_24050";"RIDER"
"81666_24050_20822";"RIDER"
"81712_22119_08030";"IPANEMA"
"81713_24151_20692";"IPANEMA"
"81720_22521_29504";"IPANEMA"
"81722_21964_04008";"IPANEMA"
"81722_21977_04008";"IPANEMA"
"81722_22262_06509";"IPANEMA"
"81739_20320A_2241";"IPANEMA"
"81739_20354_20700";"IPANEMA"
"81739_20780_22419";"IPANEMA"
"81739_21345_22419";"IPANEMA"
"81739_21345A";"IPANEMA"
"81739_21721A";"IPANEMA"
"81749U_LEE";"UMBRO"
"81753U_LEE";"UMBRO"
"81774_22839_33196";"IPANEMA"
"81774_24137_33196";"IPANEMA"
"81803_24128_06107";"IPANEMA"
"81803_24130_06076";"IPANEMA"
"81805_20505A";"IPANEMA"
"81805_20837";"IPANEMA"
"81805_21515A";"IPANEMA"
"81805_21564A_0812";"IPANEMA"
"81805_23504_08122";"IPANEMA"
"81805_23504_20216";"IPANEMA"
"81805_23553_20216";"IPANEMA"
"81805_24006_20216";"IPANEMA"
"81805_24006A_0812";"IPANEMA"
"81805_24145_08122";"IPANEMA"
"81805_24145_20216";"IPANEMA"
"81805_AG217_20216";"IPANEMA"
"81805_AG222_08122";"IPANEMA"
"81805_AT157_02064";"IPANEMA"
"81805_BC801_02586";"IPANEMA"
"81875U_LUA";"UMBRO"
"81885_22286_04299";"IPANEMA"
"81886_22210_33881";"IPANEMA"
"81888_20771_07127_NAVY";"IPANEMA"
"81888_20791_07127_PINK";"IPANEMA"
"8188OU_LUA";"UMBRO"
"819003_001";"NIKE"
"81903_24123";"RIDER"
"81922_20561_22419";"IPANEMA"
"81922_20796_22419";"IPANEMA"
"81929_21117_22419";"IPANEMA"
"81929_21345_22419";"IPANEMA"
"81929_23555";"IPANEMA"
"81930_21038_04009";"IPANEMA"
"81930_21345_04007";"IPANEMA"
"81930_21552_04008";"IPANEMA"
"81931_21038_06076_PINK";"IPANEMA"
"81932_20602_22419";"IPANEMA"
"81932_24357_22419";"IPANEMA"
"819416_601";"NIKE"
"81943_20764_04013";"IPANEMA"
"81943_22408_08030";"IPANEMA"
"81943_24337_08030";"IPANEMA"
"81944_24042_04013";"IPANEMA"
"81944_24312_08030";"IPANEMA"
"81946_20728_20676";"IPANEMA"
"81946_20791A";"IPANEMA"
"81946_22612_20676";"IPANEMA"
"81946_22612_20797";"IPANEMA"
"81946_23476A";"IPANEMA"
"81946_24523_32401";"IPANEMA"
"81946_24582_20676";"IPANEMA"
"81946_24720_20797";"IPANEMA"
"81948_23181_09942";"IPANEMA"
"81948_24192_09942";"IPANEMA"
"81977_20108_06107";"IPANEMA"
"81977_20642A";"IPANEMA"
"81977_21312_06107";"IPANEMA"
"81997_20108_06107";"IPANEMA"
"81997_20168_34700";"IPANEMA"
"81997_20197_34395";"IPANEMA"
"81997_20642A_0712";"IPANEMA"
"81997_20706A";"IPANEMA"
"81997_20748A_0610";"IPANEMA"
"81997_21312_34700";"IPANEMA"
"81997_21312A";"IPANEMA"
"81997_22460_34395";"IPANEMA"
"81997_23086_34700";"IPANEMA"
"81997_25853_34395";"IPANEMA"
"81997_25854_34395";"IPANEMA"
"81997_AG198_35357";"IPANEMA"
"81997_BC815_35357";"IPANEMA"
"82000_20766_22419";"IPANEMA"
"82021_21553";"IPANEMA"
"82021_23480_22419";"IPANEMA"
"82024_21555_20419";"RIDER"
"82024_23563";"RIDER"
"82031_23563";"RIDER"
"82032_21379A";"IPANEMA"
"82032_2153A_2241";"IPANEMA"
"82035_21038_04299";"IPANEMA"
"82038_3RA";"WINK"
"82044_23159_32665";"IPANEMA"
"82053_20818_06108";"IPANEMA"
"82053_22471_34700";"IPANEMA"
"82058_01148_34703";"ZAXY"
"82059_90208_34124";"ZAXY"
"82064_22883_08844";"IPANEMA"
"82065_22375_08844";"IPANEMA"
"82067_20093_08844";"IPANEMA"
"82067_20762_08844";"IPANEMA"
"82067_20762A";"IPANEMA"
"82067_20766_08844";"IPANEMA"
"82067_20766A";"IPANEMA"
"82067_21684A";"IPANEMA"
"82067_24286_06883";"IPANEMA"
"82067_24517_08844";"IPANEMA"
"82071_20766A";"IPANEMA"
"82071_20790A_0688";"IPANEMA"
"82071_22471A";"IPANEMA"
"82084_22037_BLK";"IPANEMA"
"82084_22521_20797";"IPANEMA"
"82104_21770_04013";"IPANEMA"
"82120_20089A";"IPANEMA"
"82120_20168_22419";"IPANEMA"
"82120_20542_22406";"IPANEMA"
"82120_20728_02197";"IPANEMA"
"82120_21138A";"IPANEMA"
"82120_21433_22419";"IPANEMA"
"82120_22748A_2241";"IPANEMA"
"82120_22777_02197";"IPANEMA"
"82120_24729_22419";"IPANEMA"
"82196_20534_33478";"RIDER"
"82196_21929_33478";"RIDER"
"82208_23427";"RIDER"
"82208_24050";"RIDER"
"82215_20780_33339";"RIDER"
"82215_20818_33339";"RIDER"
"82241_20808";"RIDER"
"82248_20093";"IPANEMA"
"82248_21345";"IPANEMA"
"82279_20826";"IPANEMA"
"82279_21117";"IPANEMA"
"82279_22273_09297";"IPANEMA"
"82280_20780";"IPANEMA"
"82280_20810_22419";"IPANEMA"
"82280_21119";"IPANEMA"
"82281_20780";"IPANEMA"
"82281_21038_09297";"IPANEMA"
"82282_21117_29209";"IPANEMA"
"82282_22412_08844";"IPANEMA"
"82283_20093";"IPANEMA"
"82283_20602";"IPANEMA"
"82283_21345_22419";"IPANEMA"
"82283_22037";"IPANEMA"
"82283_22120_22419";"IPANEMA"
"82283_22535_22419";"IPANEMA"
"82285_21119_22406";"IPANEMA"
"82289_24495";"IPANEMA"
"82289_24496";"IPANEMA"
"82289_24497_08844";"IPANEMA"
"82290_21392";"IPANEMA"
"82291_21345_22419";"IPANEMA"
"82291_21869_22419";"IPANEMA"
"82293_20791";"IPANEMA"
"82303_21392";"IPANEMA"
"82304_22295";"IPANEMA"
"82304_22351";"IPANEMA"
"82304_22440";"IPANEMA"
"82306_20741";"IPANEMA"
"82306_20780_20797";"IPANEMA"
"82306_21305_20797";"IPANEMA"
"82306_24714_20676";"IPANEMA"
"82308_20247_20775";"IPANEMA"
"82308_20706";"IPANEMA"
"82308_24314";"IPANEMA"
"82308_24467";"IPANEMA"
"82364_20301_20419";"RIDER"
"82364_20756";"RIDER"
"82364_24193";"RIDER"
"82365_20706";"RIDER"
"82366_20837";"IPANEMA"
"82397_20780";"IPANEMA"
"82397_21108_02064";"IPANEMA"
"82397_21119";"IPANEMA"
"82398_20889";"IPANEMA"
"82398_21489_22419";"IPANEMA"
"82398_22282_02064";"IPANEMA"
"82398_24174";"IPANEMA"
"82398_24174_02064";"IPANEMA"
"82398_24444_22419";"IPANEMA"
"82400_21532_08030";"IPANEMA"
"82404_20032";"IPANEMA"
"82404_20753";"IPANEMA"
"82418_20766_22419";"IPANEMA"
"82429_21112_22406";"IPANEMA"
"82429_21120_22406";"IPANEMA"
"82429_21539_22419";"IPANEMA"
"82429_AJ078_02064";"IPANEMA"
"82460_20502";"IPANEMA"
"82469_20755_09297";"IPANEMA"
"82469_21197_09297";"IPANEMA"
"82469_21345_09297";"IPANEMA"
"82490_20754";"RIDER"
"82495_24582_02105";"RIDER"
"82495_24649_02105";"RIDER"
"82499_20084_33037";"RIDER"
"82499_21563_33037";"RIDER"
"82510_20084_09816";"RIDER"
"82514_22521";"RIDER"
"82517_20766_22419";"IPANEMA"
"82517_21488_22419";"IPANEMA"
"82517_22253_22419";"IPANEMA"
"82517_24185_22419";"IPANEMA"
"82518_23767_22419";"IPANEMA"
"82519_20735_06509";"IPANEMA"
"82519_20780_04008";"IPANEMA"
"82521_20320_22419";"IPANEMA"
"82522_20247_04007";"IPANEMA"
"82522_20766_04007";"IPANEMA"
"82523_22190_06107";"IPANEMA"
"82524_20762_0884";"IPANEMA"
"82524_23140_08844";"IPANEMA"
"82524_23657_08844";"IPANEMA"
"82525_20770_20700";"IPANEMA"
"82525_21488_20700";"IPANEMA"
"82527_20729_22419";"IPANEMA"
"82527_20780_22419";"IPANEMA"
"82536_20781_08030";"IPANEMA"
"82536_20789_08030";"IPANEMA"
"82536_20805_08030";"IPANEMA"
"82538_20743_08030";"IPANEMA"
"82539_20700_06107";"IPANEMA"
"82539_20706_34700";"IPANEMA"
"82544_20368_20797";"IPANEMA"
"82564_20534_33339";"RIDER"
"82564_20698_33339";"RIDER"
"82591_20746_20700";"IPANEMA"
"82591_20766_20700";"IPANEMA"
"82591_21513_20700";"IPANEMA"
"82591_24172_20700";"IPANEMA"
"82591_24665_20700";"IPANEMA"
"82591_24958_20700";"IPANEMA"
"82591_AG367_02234";"IPANEMA"
"82591_AQ595_02064";"IPANEMA"
"82591_AQ601_02234";"IPANEMA"
"82595_20537_08844";"IPANEMA"
"82595_22329_08844";"IPANEMA"
"82597_20973_02719";"IPANEMA"
"82598_20542_20676";"IPANEMA"
"82598_20542_20797";"IPANEMA"
"82598_20697_33165";"IPANEMA"
"82598_20819_20797";"IPANEMA"
"82598_24547_20797";"IPANEMA"
"82598_24548_33165";"IPANEMA"
"82598_24729_20797";"IPANEMA"
"82598_25001_20676";"IPANEMA"
"82598_AJ551_20676";"IPANEMA"
"82598_AS039_20676";"IPANEMA"
"82599_20688_29504";"IPANEMA"
"82599_24598_29504";"IPANEMA"
"82614_21729_02150";"CARTAGO"
"82614_21729_02520";"CARTAGO"
"82614_21729_20419";"CARTAGO"
"82614_21729_33045";"CARTAGO"
"82614_21929_02150";"CARTAGO"
"82614_21929_02520";"CARTAGO"
"82614_21929_20419";"CARTAGO"
"82614_22912_20419";"CARTAGO"
"82614_23250_20419";"CARTAGO"
"82614_26378_20419";"CARTAGO"
"82614_26379_02520";"CARTAGO"
"82614_26379_20419";"CARTAGO"
"82615_21364_01689";"RIDER"
"82615_22213_01689";"RIDER"
"82615_22378_01689";"RIDER"
"82621_22826_06231";"RIDER"
"82655_20766_02064";"IPANEMA"
"82655_22352_09297";"IPANEMA"
"82655_24249_02064";"IPANEMA"
"82658_20294_02064";"RIDER"
"82658_21392_02064";"RIDER"
"82661_20108_22419";"IPANEMA"
"82661_20746_20700";"IPANEMA"
"82661_20766_22419";"IPANEMA"
"82661_20791_22419";"IPANEMA"
"82670_20032_04297";"RIDER"
"82673_20795_06107";"RIDER"
"82673_20795_20775";"RIDER"
"82682_20197_02064";"IPANEMA"
"82682_20766_02064";"IPANEMA"
"82682_20766_02234";"IPANEMA"
"82682_24749_02064";"IPANEMA"
"82683_20766_02064";"IPANEMA"
"82683_20766_20700";"IPANEMA"
"82683_20770_02064";"IPANEMA"
"82722_22689_02234";"IPANEMA"
"82731_09772_20419";"RIDER"
"82738_20989_09816";"RIDER"
"82742_21375_04297";"RIDER"
"82742_23563_04297";"RIDER"
"82760_20973_02234";"IPANEMA"
"82760_21488_02064";"IPANEMA"
"82761_20247_20700";"IPANEMA"
"82761_23311_20700";"IPANEMA"
"82764_24901_22406";"IPANEMA"
"82766_23975_02064";"IPANEMA"
"82767_20197_04007";"IPANEMA"
"82767_20729_04009";"IPANEMA"
"82767_20755_04007";"IPANEMA"
"82767_20755_04009";"IPANEMA"
"82769_20729_20700";"IPANEMA"
"82769_22257_20700";"IPANEMA"
"82770_20766_20216";"IPANEMA"
"82772_20728_29209";"IPANEMA"
"82772_20843_29209";"IPANEMA"
"82773_20770_08030";"IPANEMA"
"82777_21820_08030";"IPANEMA"
"82779_20492_06107";"IPANEMA"
"82779_20698_04665";"IPANEMA"
"82779_20698_06107";"IPANEMA"
"82779_20770_06107";"IPANEMA"
"82779_20874_04665";"IPANEMA"
"82779_20874_06107";"IPANEMA"
"82780_22460_06107";"IPANEMA"
"82809_20805_06680";"RIDER"
"82815_20197_20775";"RIDER"
"82815_20534_20775";"RIDER"
"82818_20534_33339";"RIDER"
"82818_20756_33339";"RIDER"
"82829_20764_06107";"IPANEMA"
"82832_20766_06608";"IPANEMA"
"82840_21488_07544";"IPANEMA"
"82842_20352_22419";"IPANEMA"
"82855_20729_02064";"IPANEMA"
"82855_20729_02234";"IPANEMA"
"82855_20766_02064";"IPANEMA"
"82855_20766_02234";"IPANEMA"
"82855_24826_02064";"IPANEMA"
"82855_AJ031_02234";"IPANEMA"
"82855_AJ336_02234";"IPANEMA"
"82858_20197_20775";"IPANEMA"
"82858_20688_29504";"IPANEMA"
"82862_20728_02064";"IPANEMA"
"82862_20728_02234";"IPANEMA"
"82864_20988_04008";"IPANEMA"
"82892_24411_04008";"IPANEMA"
"82893_20354_02234";"IPANEMA"
"82893_20766_02234";"IPANEMA"
"82926_25317_09297";"IPANEMA"
"82931_20811_02234";"IPANEMA"
"82931_21296_20700";"IPANEMA"
"82932_20352_02064";"IPANEMA"
"82932_20766_02234";"IPANEMA"
"82932_BB599_08679";"IPANEMA"
"82935_BLACK";"NW"
"82935_BLUE";"NW"
"82935_GREY";"NW"
"83010_20755_23210";"RIDER"
"83059_23876_02976";"RIDER"
"83062_24801_04297";"RIDER"
"83063_20713_33339";"RIDER"
"83074_20689_09942";"IPANEMA"
"83074_21393_09942";"IPANEMA"
"83074_21532_09942";"IPANEMA"
"83074_24581_09942";"IPANEMA"
"83075_52428_06086";"IPANEMA"
"83075_54022_09942";"IPANEMA"
"83081_23525_20692";"IPANEMA"
"83140_20764_20700";"IPANEMA"
"83140_20780_02197";"IPANEMA"
"83140_20932_20700";"IPANEMA"
"83141_20791_04008";"IPANEMA"
"83141_22309_04008";"IPANEMA"
"83141_22612_04008";"IPANEMA"
"83142_25415_05856";"IPANEMA"
"83167_22369_08678";"IPANEMA"
"83175_20660_22406";"IPANEMA"
"83175_20825_22419";"IPANEMA"
"83178_22182_09297";"IPANEMA"
"83180_20492_04008";"IPANEMA"
"83186_20106_08030";"IPANEMA"
"83186_20988_08853";"IPANEMA"
"83187_21443_36062";"IPANEMA"
"83188_20700_05968";"IPANEMA"
"83188_20771_06086";"IPANEMA"
"83188_20783_06086";"IPANEMA"
"83188_20874_05968";"IPANEMA"
"83203_22031_33165";"IPANEMA"
"83243_20354_02234";"IPANEMA"
"83243_20354_06313";"IPANEMA"
"83243_20995_06313";"IPANEMA"
"83243_AS021_02102";"IPANEMA"
"83243_AS023_02234";"IPANEMA"
"83243_AS026_02234";"IPANEMA"
"83244_20766_02234";"IPANEMA"
"83244_AJ326_02234";"IPANEMA"
"83244_BD842_02102";"IPANEMA"
"83324_AG741_09266";"IPANEMA"
"83330_AH419_33323";"IPANEMA"
"83335_AH731_04121";"IPANEMA"
"83349_AH859_05857";"IPANEMA"
"83349_AH862_05857";"IPANEMA"
"83349_AH867_05857";"IPANEMA"
"83349_AH867_38149";"IPANEMA"
"83349_AH869_05857";"IPANEMA"
"83349_AH869_38149";"IPANEMA"
"83353_AH745_20775";"IPANEMA"
"83353_AH746_20775";"IPANEMA"
"83353_AH748_20775";"IPANEMA"
"83353_AH749_20775";"IPANEMA"
"83354_AH529_20775";"IPANEMA"
"83354_AH531_09942";"IPANEMA"
"83354_AH531_20775";"IPANEMA"
"83354_AK105_09942";"IPANEMA"
"83354_AK105_20775";"IPANEMA"
"83355_AH420_35357";"IPANEMA"
"83355_AH423_35357";"IPANEMA"
"83355_AH425_35357";"IPANEMA"
"83355_BC651_35357";"IPANEMA"
"83386_AJ496_02064";"IPANEMA"
"83386_AJ500_02064";"IPANEMA"
"83415_AG930_09266";"IPANEMA"
"83415_AG932_09266";"IPANEMA"
"83470_AO899_20812";"IPANEMA"
"83471_AR628_02234";"IPANEMA"
"83474_AQ918_34956";"IPANEMA"
"83477_AR049_34397";"IPANEMA"
"83485_AR576_09942";"IPANEMA"
"83485_AR577_09942";"IPANEMA"
"83485_AR580_09942";"IPANEMA"
"83485_AR581_09942";"IPANEMA"
"83486_AR555_09942";"IPANEMA"
"83486_AR558_09942";"IPANEMA"
"83508_AR030_02234";"IPANEMA"
"83527_BB402_02976";"RIDER"
"83534_AQ902_04009";"IPANEMA"
"83539_AR966_02234";"IPANEMA"
"83543_24006_41531";"IPANEMA"
"83543_AQ993_33665";"IPANEMA"
"83582_AW914_08679";"IPANEMA"
"83585_AT220_33165";"IPANEMA"
"83590_AS032_02234";"IPANEMA"
"83606_AW816_50230";"IPANEMA"
"83609_AZ064_05809";"IPANEMA"
"83612_BB801_02234";"IPANEMA"
"83614_AY571_36063";"IPANEMA"
"83614_AY575_36063";"IPANEMA"
"83614_BC871_34744";"IPANEMA"
"83615_BC939_09942";"IPANEMA"
"83615_BC943_09942";"IPANEMA"
"83615_BC948_09942";"IPANEMA"
"83615_BC950_09942";"IPANEMA"
"83621_AZ046_05809";"IPANEMA"
"83629_BC877_02007";"IPANEMA"
"83659_BB879_35357";"IPANEMA"
"83660_BC739_08679";"IPANEMA"
"83702_BF537_43852";"IPANEMA"
"83704_BE071_08679";"IPANEMA"
"839985_400_NAVY";"NIKE"
"844441_070";"NIKE"
"845021_003_GREY";"NIKE"
"845021_104_WHT";"NIKE"
"845104_006_BLACK_PINK";"NIKE"
"8572_BLACK";"FUDALI"
"85_179_BEIGE_GOLD";"NW"
"86683_SILVER";"NW"
"8698_BROWN";"SUPER COOL"
"869969_001_BLACK";"NIKE"
"869970_401";"NIKE"
"869970_401_BLUE";"NIKE"
"869974_401_TDV";"NIKE"
"870025_400_NAVY";"NIKE"
"8706_BEIGE";"BAOBAOD"
"8708_RED";"BAOBAOD"
"87201_BLACK";"NW"
"8777_BLACK";"NW"
"88053_BLACK";"NW"
"88053_TAN";"NW"
"883822_BLACK";"GOER"
"886_4420_BLACK";"WANDERFULL"
"886_4420_BROWN";"WANDERFULL"
"886_4420_GREY";"WANDERFULL"
"886_4420_OLIVE";"WANDERFULL"
"8875_BLACK";"FREELAND"
"8875_BROWN";"FREELAND"
"8876_BROWN";"FREELAND"
"8940A_BLACKGREY";"NW"
"8940A_BLACKWHITE";"NW"
"8940A_NAVYWHITE";"NW"
"8B991_BROWN";"CLOWSE"
"9002_WINE";"NW"
"900_1BLACK";"LEON"
"900_1WHITE";"LEON"
"900_BLACK";"LEON"
"900_WHITE";"LEON"
"901001_NEUTRAL";"GT"
"901019_BLACK";"GT"
"901019_BORDO";"GT"
"901019_SMEDA";"GT"
"901019_SMEDA2";"GT"
"901019_SVIJETLOSMEĐA";"NW"
"90112_NAVY";"NW"
"90200_BLACK";"LE SOFT"
"90200_BROWN";"LE SOFT"
"902_1BLUE";"LEON"
"902_BLACK";"LEON"
"902_BLUE";"LEON"
"902_RED";"LEON"
"902_WHITE";"LEON"
"9050_BLACK";"NW"
"9050_WHITE";"NW"
"905_BLACK";"LEON"
"906_BLACK";"LEON"
"9071D_BLACK";"BAOBAOD"
"909_BEIGE";"LEON"
"910_BLACK";"LEON"
"910_WHITE";"LEON"
"912_BLACK";"LEON"
"912_N_BLACK";"LEON"
"912_N_WHITE";"LEON"
"912_WHITE";"LEON"
"9205_BLACK";"NW"
"923306_BLACK";"LE SOFT"
"923306_GREY";"LE SOFT"
"926_BLUE";"SANITAL"
"930_BLUE";"SANIBIO"
"931S_BEIGE";"NW"
"931S_BLACK";"NW"
"931S_BLUE";"NW"
"933_1_WHITE";"LEON"
"933_1_YELLOW";"LEON"
"933_WHITE";"LEON"
"933_YELLOW";"LEON"
"9353_BLACK";"BAOBAOD"
"935S_BLUE";"NW"
"9398_BLACK";"BAOBAOD"
"940090_BLACK";"NORWAY ORIGINALS"
"940090_NAVY";"NORWAY ORIGINALS"
"9401_BLACK";"NW"
"94217_PINK";"KLIN"
"9421_BLACK";"KLIN"
"9421_BLUE";"KLIN"
"9421_BLUE_PINK";"KLIN"
"9421_NAVY";"KLIN"
"9421_PINK";"KLIN"
"9421_PINKI";"KLIN"
"9505_KHAKI";"NW"
"9506_BLACK";"NW"
"950_BLACK";"LEON"
"950_PERLA";"LEON"
"950_WHITE";"LEON"
"9519R_BEIGE";"BAOBAOD"
"9519R_BLACK";"BAOBAOD"
"9523_BLACK";"BAOBAOD"
"9523_BLUE";"BAOBAOD"
"953_BLACK";"LEON"
"953_BLUE";"LEON"
"953_WHITE";"LEON"
"9542_BLACK";"NW"
"9544_BLACK";"NW"
"9554_BLACK";"NW"
"9557R_RED";"BAOBAOD"
"95K0783001_NAVY";"KAPPA"
"9651_BEIGE";"La Bottine Souriante"
"9651_BLACK";"La Bottine Souriante"
"9655_BLACK";"IDEAL SHOES"
"9655_BROWN";"IDEAL SHOES"
"9667_RED";"BAOBAOD"
"968_BLACK";"FUDALI"
"9703_RED";"BAOBAOD"
"9705_BLACK";"BAOBAOD"
"9705_BLUE";"BAOBAOD"
"9705_BROWN";"BAOBAOD"
"9705_GREY";"BAOBAOD"
"9705_RED";"BAOBAOD"
"9706_RED";"BAOBAOD"
"972_WHITE";"HIT SHOES"
"9761_BEIGE";"BAOBAOD"
"9761_BLACK";"BAOBAOD"
"9769_NAVY";"BAOBAOD"
"9772_BEIGE";"BAOBAOD"
"9772_BLACK";"BAOBAOD"
"9833_GREEN";"NW"
"9833_NAVY";"NW"
"9833_ORANGE";"NW"
"9895_BLACK";"BAOBAOD"
"9899_BLACK";"BAOBAOD"
"9899_BLUE";"BAOBAOD"
"9988_GREEN";"LET GET"
"99966_BLACK";"LET GET"
"9999003_1_AQUASCHUHE";"WOOLF"
"9999003_BLACK";"NW"
"9999003_CARS";"WOOLF"
"9999003_CARS_1";"WOOLF"
"9999003_FROZEN";"WOOLF"
"9999003_FROZEN_1";"WOOLF"
"9999003_MCQUEEN";"WOOLF"
"9999003_MINIONS";"WOOLF"
"9999003_MINNIE_MOUSE";"WOOLF"
"9999003_PAW PATROL";"WOOLF"
"9B1012_BORDO";"CLOWSE"
"9B1028_BLACK";"CLOWSE"
"9B1028_BROWN";"CLOWSE"
"9B1059_BLACK";"CLOWSE"
"A01_1BLACK";"BIANCOMOLINA"
"A01_BIJELA_AIR";"BIANCOMOLINA"
"A01_BLACK";"BIANCOMOLINA"
"A01_BLACK_C";"BIANCOMOLINA"
"A01_BLACK_C1";"BIANCOMOLINA"
"A01_BLACK_C2";"BIANCOMOLINA"
"A01_BLACK_C3";"BIANCOMOLINA"
"A01_BLACK_C4";"BIANCOMOLINA"
"A01_BLACK_CC";"BIANCOMOLINA"
"A01_BLACK_CP";"BIANCOMOLINA"
"A01_BLACK_CS";"BIANCOMOLINA"
"A01_BLACK_P";"BIANCOMOLINA"
"A01_BLACK_S";"BIANCOMOLINA"
"A01_CRNA_AIR";"BIANCOMOLINA"
"A01_CRNA_W";"BIANCOMOLINA"
"A01_CRNA_W1";"BIANCOMOLINA"
"A01_CRNA_W2";"BIANCOMOLINA"
"A01_CRVENA";"BIANCOMOLINA"
"A01_FLOWER";"BIANCOMOLINA"
"A01_FLOWER_C";"BIANCOMOLINA"
"A01_FLOWER_C1";"BIANCOMOLINA"
"A01_FLOWER_CC";"BIANCOMOLINA"
"A01_FLOWER_II";"BIANCOMOLINA"
"A01_FLOWER_NN";"BIANCOMOLINA"
"A01_FLOWER_S";"BIANCOMOLINA"
"A01_FLOWER_S1";"BIANCOMOLINA"
"A01_FLOWER_SN";"BIANCOMOLINA"
"A01_FRIZER";"BIANCOMOLINA"
"A01_GREEN";"BIANCOMOLINA"
"A01_GREEN_C";"BIANCOMOLINA"
"A01_GREEN_N";"BIANCOMOLINA"
"A01_GREEN_NN";"BIANCOMOLINA"
"A01_GREEN_S";"BIANCOMOLINA"
"A01_HEART";"BIANCOMOLINA"
"A01_HEART_C";"BIANCOMOLINA"
"A01_HEART_CC";"BIANCOMOLINA"
"A01_HEART_NN";"BIANCOMOLINA"
"A01_HEART_S";"BIANCOMOLINA"
"A01_HEART_S1";"BIANCOMOLINA"
"A01_HEARTS";"BIANCOMOLINA"
"A01_ORANGE";"BIANCOMOLINA"
"A01_PINK";"BIANCOMOLINA"
"A01_PINK_1C";"BIANCOMOLINA"
"A01_PINK_C";"BIANCOMOLINA"
"A01_PINK_C1";"BIANCOMOLINA"
"A01_PINK_I";"BIANCOMOLINA"
"A01_PINK_N";"BIANCOMOLINA"
"A01_PINK_NN";"BIANCOMOLINA"
"A01_PINK_S";"BIANCOMOLINA"
"A01_PINKI";"BIANCOMOLINA"
"A01_RED";"BIANCOMOLINA"
"A01_RED_1C";"BIANCOMOLINA"
"A01_RED_C";"BIANCOMOLINA"
"A01_RED_CP";"BIANCOMOLINA"
"A01_RED_I";"BIANCOMOLINA"
"A01_RED_N";"BIANCOMOLINA"
"A01_SMEDA";"BIANCOMOLINA"
"A01_SMEDA_MAT";"BIANCOMOLINA"
"A01_TIGER";"BIANCOMOLINA"
"A01_TIGER_C";"BIANCOMOLINA"
"A01_WHITE";"BIANCOMOLINA"
"A01_WHITE_1C";"BIANCOMOLINA"
"A01_WHITE_C";"BIANCOMOLINA"
"A01_WHITE_CC";"BIANCOMOLINA"
"A01_WHITE_CP";"BIANCOMOLINA"
"A01_WHITE_N";"BIANCOMOLINA"
"A01_WHITE_NN";"BIANCOMOLINA"
"A01_Z_GREEN";"BIANCOMOLINA"
"A01_ZELENA";"BIANCOMOLINA"
"A02_BIJELA";"BIANCOMOLINA"
"A02_BIJELA_C";"BIANCOMOLINA"
"A02_BLACK";"BIANCOMOLINA"
"A02_BLACK_C";"BIANCOMOLINA"
"A02_BLACK_C1";"BIANCOMOLINA"
"A02_BLACK_CC";"BIANCOMOLINA"
"A02_BLACK_N";"BIANCOMOLINA"
"A02_BLACK_NN";"BIANCOMOLINA"
"A02_BLACK_P";"BIANCOMOLINA"
"A02_BLACK_R";"BIANCOMOLINA"
"A02_BLACK_W";"BIANCOMOLINA"
"A02_CRNA";"BIANCOMOLINA"
"A02_WHITE";"BIANCOMOLINA"
"A02_WHITE_CC";"BIANCOMOLINA"
"A02_WHITE_N";"BIANCOMOLINA"
"A05_BLACK";"BIANCOMOLINA"
"A05_BLACK_1";"BIANCOMOLINA"
"A05_BLACK_C";"BIANCOMOLINA"
"A05_BLACK_C1";"BIANCOMOLINA"
"A05_BLACK_GP";"BIANCOMOLINA"
"A05_BLACK_P";"BIANCOMOLINA"
"A05_FLOWER_C";"BIANCOMOLINA"
"A05_FLOWER_CZ";"BIANCOMOLINA"
"A05_FLOWER_G";"BIANCOMOLINA"
"A05_FLOWER_GC";"BIANCOMOLINA"
"A05_FLOWER_II";"BIANCOMOLINA"
"A05_FLOWER_IIG";"BIANCOMOLINA"
"A05_FLOWER_III";"BIANCOMOLINA"
"A05_FLOWER_N";"BIANCOMOLINA"
"A05_FLOWER_NC";"BIANCOMOLINA"
"A05_FLOWER_NN";"BIANCOMOLINA"
"A05_FLOWER_PC";"BIANCOMOLINA"
"A05_HEART";"BIANCOMOLINA"
"A05_HEART_C";"BIANCOMOLINA"
"A05_HEART_CC";"BIANCOMOLINA"
"A05_HEART_G";"BIANCOMOLINA"
"A05_WHITE";"BIANCOMOLINA"
"A05_WHITE_1";"BIANCOMOLINA"
"A05_WHITE_1C";"BIANCOMOLINA"
"A05_WHITE_C";"BIANCOMOLINA"
"A05_WHITE_CC";"BIANCOMOLINA"
"A05_WHITE_CP";"BIANCOMOLINA"
"A05_WHITE_G";"BIANCOMOLINA"
"A05_WHITE_GC";"BIANCOMOLINA"
"A05_WHITE_N";"BIANCOMOLINA"
"A05_WHITE_NN";"BIANCOMOLINA"
"A05_WHITE_R";"BIANCOMOLINA"
"A05_WHITE_Z";"BIANCOMOLINA"
"A05_WHITE_Z1";"BIANCOMOLINA"
"A06_GOLD";"BIANCOMOLINA"
"A06_GOLD_C";"BIANCOMOLINA"
"A06_GOLD_CC";"BIANCOMOLINA"
"A06_SILVER";"BIANCOMOLINA"
"A06_SILVER_C";"BIANCOMOLINA"
"A06_SILVER_CC";"BIANCOMOLINA"
"A10_002_BEIGE";"NW"
"A10_002_BLACK";"NW"
"A10_002_PINK";"NW"
"A117_12";"MOENIA"
"A117_21_BEIGE";"MOENIA"
"A117_85";"MOENIA"
"A12_CRNA";"NW"
"A131_BLACK";"ANTONIA COMFORT"
"A132_BROWN";"ANTONIA COMFORT"
"A161_BLACK";"ANTONIA COMFORT"
"A162_BLACK";"ANTONIA COMFORT"
"A1654_BLACK";"NW"
"A181_BLACK";"ANTONIA COMFORT"
"A200_ANTIC_S";"BIANCOMOLINA"
"A200_BIJELA";"BIANCOMOLINA"
"A200_BLACK";"BIANCOMOLINA"
"A200_BLACK_C";"BIANCOMOLINA"
"A200_BLACK_CP";"BIANCOMOLINA"
"A200_BLACK_N";"BIANCOMOLINA"
"A200_BLACK_NN";"BIANCOMOLINA"
"A200_BLACK_W";"BIANCOMOLINA"
"A200_CRNA";"BIANCOMOLINA"
"A200_FLOWER_1C";"BIANCOMOLINA"
"A200_FLOWER_C";"BIANCOMOLINA"
"A200_FLOWER_CC";"BIANCOMOLINA"
"A200_FLOWER_CR";"BIANCOMOLINA"
"A200_FLOWER_II";"BIANCOMOLINA"
"A200_FLOWER_IIN";"BIANCOMOLINA"
"A200_FLOWER_IIR";"BIANCOMOLINA"
"A200_FLOWER_N";"BIANCOMOLINA"
"A200_FLOWER_NN";"BIANCOMOLINA"
"A200_FRIZER";"BIANCOMOLINA"
"A200_GOLD";"BIANCOMOLINA"
"A200_GOLD_C";"BIANCOMOLINA"
"A200_GOLD_CC";"BIANCOMOLINA"
"A200_GOLD_I";"BIANCOMOLINA"
"A200_GOLD_II";"BIANCOMOLINA"
"A200_GOLD_N";"BIANCOMOLINA"
"A200_GOLD_NN";"BIANCOMOLINA"
"A200_GOLD_S";"BIANCOMOLINA"
"A200_GREEN";"BIANCOMOLINA"
"A200_GREEN_1C";"BIANCOMOLINA"
"A200_GREEN_C";"BIANCOMOLINA"
"A200_GREEN_N";"BIANCOMOLINA"
"A200_HEART";"BIANCOMOLINA"
"A200_HEART_1C";"BIANCOMOLINA"
"A200_HEART_C";"BIANCOMOLINA"
"A200_HEART_NN";"BIANCOMOLINA"
"A200_HEART_SN";"BIANCOMOLINA"
"A200_PINK";"BIANCOMOLINA"
"A200_PINK_2";"BIANCOMOLINA"
"A200_PINK_C";"BIANCOMOLINA"
"A200_PINK_C1";"BIANCOMOLINA"
"A200_RED";"BIANCOMOLINA"
"A200_RED_C";"BIANCOMOLINA"
"A200_RED_S";"BIANCOMOLINA"
"A200_RED_S1";"BIANCOMOLINA"
"A200_RED_SN";"BIANCOMOLINA"
"A200_SILVER";"BIANCOMOLINA"
"A200_SILVER_C";"BIANCOMOLINA"
"A200_SILVER_N";"BIANCOMOLINA"
"A200_SILVER_N1";"BIANCOMOLINA"
"A200_SILVER_NN";"BIANCOMOLINA"
"A200_WHITE";"BIANCOMOLINA"
"A200_WHITE_1";"BIANCOMOLINA"
"A200_WHITE_1C";"BIANCOMOLINA"
"A200_WHITE_C";"BIANCOMOLINA"
"A200_WHITE_CC";"BIANCOMOLINA"
"A200_WHITE_N";"BIANCOMOLINA"
"A200_WHITE_N1";"BIANCOMOLINA"
"A200_WHITE_NN";"BIANCOMOLINA"
"A200_WHITE_S";"BIANCOMOLINA"
"A200_ZELENA";"BIANCOMOLINA"
"A202_WHITE";"BIANCOMOLINA"
"A270_BLACK";"NW"
"A270_WHITE";"NW"
"A31_BLACK";"ANTONIA COMFORT"
"A355_BLACK";"HIT SHOES"
"A3620";"NW"
"A3_1PINK";"NW"
"A3_GREY";"NW"
"A3_PINK";"NW"
"A557_BLACK";"NW"
"A565_CHAMPAGNE";"NW"
"A6072_GREY";"APOLLO"
"A6201_1_BLACK";"APOLLO"
"A6219_BLACK";"SRN SURANO"
"A6219_GREY";"SRN SURANO"
"A66_BLACK";"m.t"
"A66_BLACKW";"m.t"
"A66_BLUE";"m.t"
"A66_GREY";"m.t"
"A66_WHITE";"m.t"
"A67_BLACK";"S.C"
"A67_BLACKW";"S.C"
"A6_BLACK";"NW"
"A6_BLACKY";"NW"
"A6_GREY";"NW"
"A6_NAVY";"NW"
"A70VB15_BLUE";"INBLU"
"A70VB16_RED";"INBLU"
"A8107_NAVY";"Conway"
"A8107_PINK";"Conway"
"A81_BLACK";"ANTONIA COMFORT"
"A8358_1GREY";"Conway"
"A8358_BLUE";"Conway"
"A8358_GREY";"Conway"
"A8358_RED";"Conway"
"A8359_1PINK";"Conway"
"A8359_BLUE";"Conway"
"A8359_PINK";"Conway"
"A8369_BLUE";"Conway"
"A8369_PINK";"Conway"
"A8510_NAVY";"Conway"
"A8510_PINK";"Conway"
"A8841_PINK";"NW"
"A8880_BLUE";"ANDY-Z"
"A8880_GREEN";"ANDY-Z"
"A8884_FUCHSIA";"ANDY-Z"
"A8885_GREY";"ANDY-Z"
"A8886_BLUE";"ANDY-Z"
"A8886_FUCHSIA";"ANDY-Z"
"A8886_ORANGE";"ANDY-Z"
"A8888_FUCHSIA";"ANDY-Z"
"A8888_GREEN";"ANDY-Z"
"A8889_CAMOUFLAGE";"ANDY-Z"
"A8889_MORO";"ANDY-Z"
"A9032_BLACK";"APOLLO"
"A9039_BLACK";"NW"
"A9050_BLACK";"NW"
"A9050_NAVY";"NW"
"A9066_BLACK";"NW"
"A9066_RED";"NW"
"A9066_WHITE";"NW"
"A91_BLACK";"ANTONIA COMFORT"
"A91_BROWN";"ANTONIA COMFORT"
"AA01_1_PINK";"BIANCOMOLINA"
"AA01_1_RED";"BIANCOMOLINA"
"AA01_1_TERAKOTA";"BIANCOMOLINA"
"AA01_2_RED";"BIANCOMOLINA"
"AA01_2_TERAKOTA";"BIANCOMOLINA"
"AA01_B_SILVER";"BIANCOMOLINA"
"AA01_BEIGE";"BIANCOMOLINA"
"AA01_BEIGE_Z";"BIANCOMOLINA"
"AA01_BLACK";"BIANCOMOLINA"
"AA01_BLACKPUDER";"BIANCOMOLINA"
"AA01_BLACKWHT";"BIANCOMOLINA"
"AA01_GOLD";"BIANCOMOLINA"
"AA01_GOLDPUDER";"BIANCOMOLINA"
"AA01_GOLDWHT";"BIANCOMOLINA"
"AA01_GREY";"BIANCOMOLINA"
"AA01_HEART";"BIANCOMOLINA"
"AA01_LEPTIR";"BIANCOMOLINA"
"AA01_MOZAIK";"BIANCOMOLINA"
"AA01_N_BEIGE";"BIANCOMOLINA"
"AA01_N_WHITE";"BIANCOMOLINA"
"AA01_P_GOLD";"BIANCOMOLINA"
"AA01_P_PERLA";"BIANCOMOLINA"
"AA01_P_WHITE";"BIANCOMOLINA"
"AA01_PERLA";"BIANCOMOLINA"
"AA01_PERLAWHT";"BIANCOMOLINA"
"AA01_PINK";"BIANCOMOLINA"
"AA01_RED";"BIANCOMOLINA"
"AA01_SILVER";"BIANCOMOLINA"
"AA01_SILVERWHT";"BIANCOMOLINA"
"AA01_TERAKOTA";"BIANCOMOLINA"
"AA01_TERAKOTAW";"BIANCOMOLINA"
"AA01_W_GOLD";"BIANCOMOLINA"
"AA01_WHITE";"BIANCOMOLINA"
"AA01_WHITE_P";"BIANCOMOLINA"
"AA01_WWHITE";"BIANCOMOLINA"
"AA05_BLACK";"BIANCOMOLINA"
"AA05_HEART";"BIANCOMOLINA"
"AA05_WHITE";"BIANCOMOLINA"
"AA200_GOLD";"BIANCOMOLINA"
"AA200_GOLDPUD";"BIANCOMOLINA"
"AA200_GOLDWHT";"BIANCOMOLINA"
"AA200_GREEN";"BIANCOMOLINA"
"AA200_PERLA";"BIANCOMOLINA"
"AA200_PERLAWHITE";"BIANCOMOLINA"
"AA200_WHITE";"BIANCOMOLINA"
"AA200_WHITERWH";"BIANCOMOLINA"
"AA202_PERLA";"BIANCOMOLINA"
"AB112_BLACK";"Conway"
"AB112_NAVY";"Conway"
"AB7788_BLACK";"Conway"
"AB7788_NAVY";"Conway"
"AB875_BLACK";"NW"
"ABRA_GOLD";"NW"
"ABRA_SILVER";"NW"
"ABRI_BROWN";"NW"
"ABRI_GREY";"NW"
"ABRI_M_BROWN";"NW"
"ABRI_M_GREY";"NW"
"AC010_BLACK";"NW"
"AC010_BLUE";"NW"
"AC010_RED";"NW"
"AC011_BLUE";"NW"
"AC011_RED";"NW"
"ACROLOO_02_BLUE";"NICKELODEON"
"ACROLOO_12_PINK";"NICKELODEON"
"ACROPP22_03_PINK";"NICKELODEON"
"ACROPP22_13_BLUE";"NICKELODEON"
"ADAL_BLACK";"NW"
"ADAL_BLUE";"NW"
"ADAL_GREY";"NW"
"ADAL_M_BLACK";"NW"
"ADAL_M_GREY";"NW"
"ADD_1BLACK";"MANZOTTI"
"ADD_1NAVY";"FREELAND"
"ADD_BLACK";"FREELAND"
"ADD_NAVY";"MANZOTTI"
"ADD_WHITE";"MANZOTTI"
"ADIRA_BEIGE";"ROSSELLA LOPES"
"AF6022";"ADIDAS"
"AFZAL_BLUE";"NW"
"AFZAL_BROWN";"NW"
"AFZAL_GREY";"NW"
"AJ1823_GREY";"NW"
"AK0101_30";"ANDY-Z"
"AK0102_BLACK";"ANDY-Z"
"AK0102_WHITE";"ANDY-Z"
"AK0137_03_BLUE";"ANDY-Z"
"AK0137_11_ORANGE";"ANDY-Z"
"AK0205_51_GREY";"ANDY-Z"
"ALASKA_RED";"Conway"
"ALEX_GREY";"ROCK SPRING"
"ALPENKOFEL_GREY";"Conway"
"ALTENMARKT_BLACK";"Conway"
"AM0148_01_BLACK";"ANDY-Z"
"AM0151_01_BLACK";"ANDY-Z"
"AM0223_24_BLACK";"ANDY-Z"
"AM0224_01_BLACK";"ANDY-Z"
"AM023803_BLUE";"ANDY-Z"
"AM0244_16_BLUE";"ANDY-Z"
"AM4001_05_GREY";"ANDY-Z"
"AMY_BROWN";"NW"
"AMY_GREY";"NW"
"AMY_M_BROWN";"NW"
"AMY_M_GREY";"NW"
"AN51_BLACK";"NW"
"ANAHI_BLACK";"ROSSELLA LOPES"
"ANAHI_WHITE";"ROSSELLA LOPES"
"ANDREAS_BLACK";"NW"
"ANNIKA_060_377";"Conway"
"APOLO_BLACK";"NW"
"APOLO_BLUE";"NW"
"APOLO_GREY";"NW"
"APOLON_GREY";"GEZER"
"AQ0185B";"ADIDAS"
"AQ0186";"ADIDAS"
"ARB201911_1_BLACK";"NW"
"ARB201911_1_GREY";"NW"
"ARB201911_28_GREY";"NW"
"ARB201911_2B_BLACK";"NW"
"ARB201911_8_BLACK";"NW"
"AREH_CRNA";"ESSKIMO"
"AREH_CRVENA";"ESSKIMO"
"AREH_PLAVA";"ESSKIMO"
"AREH_TURKIS";"ESSKIMO"
"AREH_ZELENA";"ESSKIMO"
"ARLA_BLACK";"ROSSELLA LOPES"
"ARLA_FUXIA";"ROSSELLA LOPES"
"ARLA_PURPLE";"ROSSELLA LOPES"
"ARMY_BLUE";"NW"
"ARTSY_BLACK";"NALLAN"
"ARTSY_GRAY";"NALLAN"
"ARTSY_PINK";"NALLAN"
"ARTSY_WHITE";"NALLAN"
"ASPEN_BLACK";"Conway"
"ASPEN_BLACK_1";"Conway"
"ASPEN_NAVY";"Conway"
"ASPEN_NAVY_1";"Conway"
"AT1716_BLACK";"NW"
"ATA181101_01";"ATHLETIC"
"ATA181103_03";"ATHLETIC"
"ATA181103_05";"ATHLETIC"
"ATA181106_01";"ATHLETIC"
"ATA181106_14";"ATHLETIC"
"ATA181110_02";"ATHLETIC"
"ATA181202";"ATHLETIC"
"ATA181202_02";"ATHLETIC"
"ATA181203";"ATHLETIC"
"ATA181301_03";"ATHLETIC"
"ATA181301_09";"ATHLETIC"
"ATILA_PINK";"NW"
"ATJF173101_01";"ATHLETIC"
"ATJF173101_02";"ATHLETIC"
"ATJF173101_04";"ATHLETIC"
"ATM810061_01";"ATHLETIC"
"ATR181100_03";"ATHLETIC"
"ATR181100_04";"ATHLETIC"
"AW010232_WHITE";"ANDY-Z"
"AW010233_BLACK";"ANDY-Z"
"AW0124_93_YELLOW";"ANDY-Z"
"AW0131_08_PINK";"ANDY-Z"
"AW013703_BLUE";"ANDY-Z"
"AW013711_ORANGE";"ANDY-Z"
"AW013808_FUCHSIA";"ANDY-Z"
"AW020602_WHITE";"ANDY-Z"
"AW020802_WHITE";"ANDY-Z"
"AW020803_BLUE";"ANDY-Z"
"AW0224_10_WINE_BORDO";"ANDY-Z"
"AW0224_16_BLUE";"ANDY-Z"
"AW023224_BLACK";"ANDY-Z"
"AW023703_BLUE";"ANDY-Z"
"AW023708_FUCHSIA";"ANDY-Z"
"AW023711_ORANGE";"ANDY-Z"
"AW023808_FUCHSIA";"ANDY-Z"
"AW0243_01_BLACK";"ANDY-Z"
"AW0243_10_WINE";"ANDY-Z"
"AW0243_16_NAVY";"ANDY-Z"
"AW0243_24_BLACK";"ANDY-Z"
"AW0243_77_TAUPE";"ANDY-Z"
"AW0248_01_BLACK";"ANDY-Z"
"AW0248_24_BLACK";"ANDY-Z"
"AYLA_BLUE";"NW"
"AYLA_BROWN";"NW"
"AYLA_GREY";"NW"
"AZZURRO_BLUE";"AZZURO"
"B0002_BLACK";"NW"
"B0002_BLUE";"NW"
"B0002_GREY";"NW"
"B0002_WHITE";"NW"
"B02_BLACK";"TIGERLINE"
"B03_PERLA";"BIANCOMOLINA"
"B06_GREY";"TIGERLINE"
"B104_PINK";"MOUNTAIN"
"B104_PINKI";"MOUNTAIN"
"B1075_PINK";"NW"
"B121_021_BLACK";"MOENIA"
"B140_BLACK";"MOUNTAIN"
"B140_BLUE";"MOUNTAIN"
"B1411_WHITE";"MOUNTAIN"
"B141_PINK";"MOUNTAIN"
"B142_BLACK";"MOUNTAIN"
"B142_BLUE";"MOUNTAIN"
"B153155_BEIGE";"NW"
"B185230_GREY";"WOOLF d.o.o."
"B186870_BROWN";"D.T. NEW YORK"
"B23022";"ADIDAS"
"B23914";"ADIDAS"
"B248580_NAVY";"NORWAY ORIGINALS"
"B2_BLACK";"LEON"
"B2_BLACK_R";"LEON"
"B2_BROWN";"LEON"
"B2_BROWN_R";"LEON"
"B2_WHITE";"LEON"
"B2_WHITE_R";"LEON"
"B315013_NAVY";"D.T. NEW YORK"
"B315013_PURPLE";"D.T. NEW YORK"
"B315023_GREY";"D.T. NEW YORK"
"B358_BLUE";"NW"
"B376_BEIGE";"NW"
"B376_BLACK";"NW"
"B376_BLUE";"NW"
"B376_GREEN";"NW"
"B376_PINK";"NW"
"B384363_BLUE";"Happy Bee"
"B386170_BLACK";"MILLIE-CO"
"B386170_WHITE";"MILLIE-CO"
"B419299_BLACK";"D.T. NEW YORK"
"B429463_BLACK";"TISSAIA"
"B44711";"ADIDAS"
"B452100_WHITE";"SAFRAN"
"B4_BROWN";"LEON"
"B4_BROWN_R";"LEON"
"B4_BROWN_RR";"LEON"
"B4_MBROWN";"LEON"
"B5032_BEIGE";"BELLAMICA"
"B5032_BLACK";"BELLAMICA"
"B5032_LEOPARD";"BELLAMICA"
"B606870_GREEN";"NW"
"B6073_53_BLACK";"APOLLO"
"B6073_55_NAVY";"APOLLO"
"B6080_NAVY";"APOLLO"
"B616_BLACK";"MOENIA"
"B62005_BLACK";"APOLLO"
"B62005_GREY";"APOLLO"
"B6208_20_GREY";"APOLLO"
"B6208_NAVY";"APOLLO"
"B6219_BLACK";"SRN SURANO"
"B6219_PURPLE";"SRN SURANO"
"B629_BLACK";"MOENIA"
"B691C_BEIGE";"MOENIA"
"B691C_BLACK";"MOENIA"
"B7019_BEIGE";"LET GET"
"B7019_BLACK";"LET GET"
"B7036_BEIGE";"LET GET"
"B7036_BLUE";"LET GET"
"B821203_BEIGE";"TOPWAY"
"B8307_BLACK";"NW"
"B831570_WHITE";"D.T. NEW YORK"
"B8375_BLACK";"KAFEINI"
"B842900_NAVY";"NW"
"B845350_CAMEL";"MOZA-X"
"B850060_PINK";"NW"
"B851340_BLACK";"D.T. NEW YORK"
"B852120_BLACK";"NW"
"B854500_NAVY";"D.T. NEW YORK"
"B858740_WHITE";"LES ARLESIENNES"
"B859100_BLACK";"NORWAY ORIGINALS"
"B859270_NAVY";"NW"
"B859540_BLACK";"D.T. NEW YORK"
"B860460_BLACK";"NORWAY ORIGINALS"
"B860460_OLIVE";"NORWAY ORIGINALS"
"B862280_NAVY";"TOPWAY COMFORT"
"B862650_BLACK";"LES ARLESIENNES"
"B863860_BROWN";"TOPWAY COMFORT"
"B866700_WHITE";"D.T. NEW YORK"
"B868299_GREEN";"NW"
"B877350_BLUE";"NW"
"B886010_GOLD";"LES ARLESIENNES"
"B886010_SILVER";"LES ARLESIENNES"
"B886510_NAVY";"D.T. NEW YORK"
"B890370_BLACK";"TOPWAY"
"B891140_NAVY";"D.T. NEW YORK"
"B893695_NAVY";"D.T. NEW YORK"
"B896770_BLACK";"LES ARLESIENNES"
"B9050_BLACK";"NW"
"B9055_NAVY";"APOLLO"
"B907230_GREY";"NW"
"B907240_GREY";"NW"
"B9350_BLACK";"LET GET"
"B96578";"ADIDAS"
"BA7803";"ADIDAS"
"BA_S98_BLACK";"NW"
"BA_S98_GREY";"NW"
"BA_S98_KHAKI";"NW"
"BABY_PINK";"NW"
"BALIS_GOLD";"ROSSELLA LOPES"
"BALIS_SILVER";"ROSSELLA LOPES"
"BALOA_BLACK";"ROSSELLA LOPES"
"BANETA_BLACK";"ROSSELLA LOPES"
"BANETA_GOLD";"ROSSELLA LOPES"
"BANI_NAVY";"NW"
"BARINA_BLACK";"ROSSELLA LOPES"
"BARINA_GOLD";"ROSSELLA LOPES"
"BARINA_SILVER";"ROSSELLA LOPES"
"BASIC_BOXER_BLACK";"HEAD"
"BASIC_BOXER_DKGREY";"HEAD"
"BASIC_BOXER_GREY";"HEAD"
"BASIC_BOXER_PEACOAT";"HEAD"
"BASIC_BOXER_TURQUOISE";"HEAD"
"BASIC_BOXER_WHITE";"HEAD"
"BATES_BLK";"Conway"
"BB0805";"ADIDAS"
"BB0807";"ADIDAS"
"BB171378_COFFE";"WALKMAN"
"BBY005_BEIGE";"NW"
"BC201505017B";"H.S.L."
"BC30FD92_RED";"INBLU"
"BE67054102_BLACK";"ROLY"
"BE67054102_BLUE";"ROLY"
"BEBA___BLACK";"MODA ELLENE"
"BEBA___GOLD";"MODA ELLENE"
"BEBA___SILVER";"MODA ELLENE"
"BEBA___WHITE";"MODA ELLENE"
"BEKI_BLACK";"ROSSELLA LOPES"
"BEKI_GOLD";"ROSSELLA LOPES"
"BEKI_SILVER";"ROSSELLA LOPES"
"BELLA_BLACK";"M-U"
"BENTLEY";"NW"
"BERLIN_CRNA";"ESSKIMO"
"BERLIN_ZELENA";"ESSKIMO"
"BES21_06_PINK";"NW"
"BESTBOY_BLACK";"SAFETY JOGGER"
"BESTRUN_BLACK";"SAFETY JOGGER"
"BFH005_WHITE";"M-U"
"BFH008_BLACK";"M-U"
"BFH011_BLACK";"M-U"
"BG166_BEIGE";"COMER"
"BG166_BLACK";"COMER"
"BG166_BLUE";"COMER"
"BG166_FUXIA";"COMER"
"BG166_RED";"COMER"
"BH108_HB_GREY";"NW"
"BILMA_BEIGE";"MODA ELLENE"
"BILMA_BLACK";"MODA ELLENE"
"BISKA_BROWN";"M-U"
"BIVA_BLACK";"ROSSELLA LOPES"
"BKKSS04";"DISNEY"
"BKKX7110_BLACK";"La Bottine Souriante"
"BL395P_BEIGE";"NW"
"BL535_BEIGE";"SEASTAR"
"BL558_BEIGE";"SEASTAR"
"BL558P_BROWN";"SEASTAR"
"BL593_BEIGE";"SEASTAR"
"BL607_GREEN";"NW"
"BLD_AW103_BLACK";"NW"
"BLDL0021_02_NAVY";"NICKELODEON"
"BLDLOL21_02_PINK";"L.O.L."
"BLDPP21_13_PINK";"NICKELODEON"
"BLF2R_LILAC";"NW"
"BLFS19_NAVY";"NW"
"BLT_100_1_NAVY";"NW"
"BLT_100_1_RED";"NW"
"BN67160202_BLACK";"ROLY"
"BOLTON_BLACK_GREY";"Conway"
"BORKA_CAMEL";"MODA ELLENE"
"BOTKAMP_BLACK";"NW"
"BRUNO_BLACK";"UMBERTO TOZZI"
"BUBBLE_BEIGE";"ESSKIMO"
"BUBBLE_BLACK";"ESSKIMO"
"BUBBLE_BORDO";"ESSKIMO"
"BUBBLE_GREEN";"ESSKIMO"
"BUBBLE_GREY";"ESSKIMO"
"BUBBLE_NAVY";"ESSKIMO"
"BUBBLE_WHITE";"ESSKIMO"
"BUHA";"NW"
"BX13510_PURPLE_";"NW"
"BX13526_WHITE";"NW"
"BX17_8_BEIGE";"NW"
"BX17_91_BLACK";"NW"
"BX861_BLACK";"NW"
"BYJ6107_BLACK";"La Bottine Souriante"
"C126C_BEIGE";"NW"
"C126C_BLACK";"NW"
"C126C_BLUE";"NW"
"C126C_GREY";"NW"
"C126C_RED";"NW"
"C128C_BEIGE";"NW"
"C128C_BLACK";"NW"
"C128C_BLUE";"NW"
"C128C_GREY";"NW"
"C128C_RED";"NW"
"C198C_BEIGE";"NW"
"C198C_BLACK";"NW"
"C198C_BLUE";"NW"
"C198C_GREEN";"NW"
"C198C_GREY";"NW"
"C198C_RED";"NW"
"C198C_YELLOW";"NW"
"C22_BLACK";"NW"
"C22_GREY";"NW"
"C22_NAVY";"NW"
"C24452_1WHITE";"NW"
"C24452_PINK";"NW"
"C24452_WHITE";"NW"
"C24455_PURPLE";"NW"
"C2455_1BLUE";"NW"
"C2455_BEIGE";"NW"
"C2455_BLACK";"NW"
"C2455_BLUE";"NW"
"C2455_PINK";"NW"
"C2455_WHITE";"NW"
"C30290_BROWN";"UMBERTO TOZZI"
"C452109_PINK";"SAFRAN"
"C452109_SILVER";"SAFRAN"
"C452115_GREY";"SAFRAN"
"C5000_BASKETBALL";"CHAMPION"
"C8051_BLACK";"CORINA"
"C860_BEIGE";"SIXTH SENS"
"C882_BLACK";"SIXTH SENS"
"C90928_BROWN";"NW"
"CA014_GREY";"NW"
"CA01_BLUE";"ANDY-Z"
"CA01_CAMOUFLAGE";"ANDY-Z"
"CA01_FUCHSIA";"ANDY-Z"
"CA01_GREEN";"ANDY-Z"
"CA01_LT_BLUE";"ANDY-Z"
"CA01_PURPLE";"ANDY-Z"
"CA01_RED";"ANDY-Z"
"CA5171_2";"WINK"
"CAJA_BLACK";"NW"
"CALGARY_BLACK";"Conway"
"CAM06_BLACK";"FUDALI"
"CAM06_BROWN";"FUDALI"
"CAMORA_BLACK";"NW"
"CANISA_BLACK";"NW"
"CAR_BLUE";"WOOLF"
"CAR_RED";"WOOLF"
"CARMEN_BROWN";"ROSSELLA LOPES"
"CASTA_BLACK";"NW"
"CB09_GREEN";"ANDY-Z"
"CB09_MINT_GREEN";"ANDY-Z"
"CB09_RED";"ANDY-Z"
"CCRCARS06";"DISNEY"
"CCRG_B08";"DISNEY"
"CD133_BLACK";"NW"
"CECILIA_BLACK";"ROSSELLA LOPES"
"CEFI_BLACK";"ROSSELLA LOPES"
"CESNA_BEIGE";"ROSSELLA LOPES"
"CETINA_SILVER";"ROSSELLA LOPES"
"CG4044";"ADIDAS"
"CG4045";"ADIDAS"
"CG4049";"ADIDAS"
"CG4050_BLACK";"ADIDAS"
"CG4053";"ADIDAS"
"CG4054";"ADIDAS"
"CH133U01_01";"CHAMPION"
"CH133U01_02";"CHAMPION"
"CH133U01_03";"CHAMPION"
"CH133U01_03_GREY";"CHAMPION"
"CH133U01_04";"CHAMPION"
"CH133U01_04_MIX";"CHAMPION"
"CH133U01_06";"CHAMPION"
"CH133U03_01";"CHAMPION"
"CH133U03_01_WHITE";"CHAMPION"
"CH133U03_02";"CHAMPION"
"CH133U03_02_BLACK";"CHAMPION"
"CH133U03_03";"CHAMPION"
"CH133U03_03_GREY";"CHAMPION"
"CH133U03_04";"CHAMPION"
"CH133U03_04_MIX";"CHAMPION"
"CH133U03_05";"CHAMPION"
"CH133U05_01";"CHAMPION"
"CH133U05_02";"CHAMPION"
"CH133U05_03";"CHAMPION"
"CH133U05_04";"CHAMPION"
"CH133U05_06";"CHAMPION"
"CH15W12_01";"CHAMPION"
"CH15W12_02";"CHAMPION"
"CH15W12_03";"CHAMPION"
"CH15W12_10";"CHAMPION"
"CH15W12_12";"CHAMPION"
"CH15W12_13";"CHAMPION"
"CH15W12_17";"CHAMPION"
"CH15W15_10";"CHAMPION"
"CH16U04_02";"CHAMPION"
"CH16W02_08";"CHAMPION"
"CH16W02_09";"CHAMPION"
"CHA201M090_01";"CHAMPION"
"CHA201M090_02";"CHAMPION"
"CHA201M090_10";"CHAMPION"
"CHC181123_2192";"CHAMPION"
"CHC181123_724";"CHAMPION"
"CHE201M100_01";"CHAMPION"
"CHE201M100_02";"CHAMPION"
"CHE201M100_3A";"CHAMPION"
"CHE201M103_01";"CHAMPION"
"CHE201M103_02";"CHAMPION"
"CHE211M103_01";"CHAMPION"
"CHE211M103_02";"CHAMPION"
"CHE233M101_01";"CHAMPION"
"CHE233M101_31";"CHAMPION"
"CHE233M105_01";"CHAMPION"
"CHE233M105_31";"CHAMPION"
"CHE241F307_10";"CHAMPION"
"CHE241F307_1U";"CHAMPION"
"CHE241F307_1X";"CHAMPION"
"CHE241M122_01";"CHAMPION"
"CHE241U301_01";"CHAMPION"
"CHE241U301_03";"CHAMPION"
"CHE241U301_10";"CHAMPION"
"CHE241U301_1X";"CHAMPION"
"CHE241U303_01";"CHAMPION"
"CHE241U303_03";"CHAMPION"
"CHE241U303_10";"CHAMPION"
"CHE241U303_1X";"CHAMPION"
"CHE241U305_01";"CHAMPION"
"CHE241U305_03";"CHAMPION"
"CHE241U305_10";"CHAMPION"
"CHE241U305_1U";"CHAMPION"
"CHE243M101_01";"CHAMPION"
"CHE251M102_01";"CHAMPION"
"CHE251M102_02";"CHAMPION"
"CHES171823_GREY";"CHAMPION"
"CHES173807_BLACK";"CHAMPION"
"CHES173808_2175";"CHAMPION"
"CHES173808_2176";"CHAMPION"
"CHES173815_2192NAVY";"CHAMPION"
"CHES173815_BLACK";"CHAMPION"
"CHES181800_BLACK";"CHAMPION"
"CHES181800_NAVY";"CHAMPION"
"CHES183800_BLACK";"CHAMPION"
"CHES183800_NAVY";"CHAMPION"
"CHES183801_2192NAVY";"CHAMPION"
"CHES183801_BLACK";"CHAMPION"
"CHES183807_GREY";"CHAMPION"
"CHES183811_BLACK";"UMBRO"
"CHES191803_2175";"CHAMPION"
"CHES191803_523";"CHAMPION"
"CHES191815_2175";"CHAMPION"
"CHES193800_001";"CHAMPION"
"CHES193800_2175";"CHAMPION"
"CHF211B400_20";"CHAMPION"
"CHF211B401_20";"CHAMPION"
"CHF211F400_85";"CHAMPION"
"CHF211F403_01";"CHAMPION"
"CHF211F403_10";"CHAMPION"
"CHF211F404_15";"CHAMPION"
"CHF211G401_10";"CHAMPION"
"CHF211G402_10";"CHAMPION"
"CHF211G403_04";"CHAMPION"
"CHF211M405_01";"CHAMPION"
"CHF211M410_01";"CHAMPION"
"CHF211M410_02";"CHAMPION"
"CHF233F103_01";"CHAMPION"
"CHF233F103_92";"CHAMPION"
"CHF233M100_01";"CHAMPION"
"CHF233M100_1U";"CHAMPION"
"CHF241B113_03";"CHAMPION"
"CHF241B125_10_WHITE";"CHAMPION"
"CHF241B150_02";"CHAMPION"
"CHF241B403_06";"CHAMPION"
"CHF241B422_63";"CHAMPION"
"CHF241F400_01";"CHAMPION"
"CHF241F400_84";"CHAMPION"
"CHF241F405_01";"CHAMPION"
"CHF241F405_84";"CHAMPION"
"CHF241G125_08_WHITE";"CHAMPION"
"CHF241G151_10";"CHAMPION"
"CHF241G403_80";"CHAMPION"
"CHF241G406_77";"CHAMPION"
"CHF241M100_01";"CHAMPION"
"CHF241M122_01";"CHAMPION"
"CHF241M122_03";"CHAMPION"
"CHF241M400_01";"CHAMPION"
"CHF241M400_05";"CHAMPION"
"CHF241M404_02";"CHAMPION"
"CHF241M405_01";"CHAMPION"
"CHF243B123_10";"CHAMPION"
"CHF243F112_30";"CHAMPION"
"CHF243G101_84";"CHAMPION"
"CHF243M113_01";"CHAMPION"
"CHF251B107_02";"CHAMPION"
"CHF251B109_61";"CHAMPION"
"CHF251B118_02";"CHAMPION"
"CHF251B418_22";"CHAMPION"
"CHF251F105_01_BLACK";"CHAMPION"
"CHF251F110_06";"CHAMPION"
"CHF251F110_11";"CHAMPION"
"CHF251F120_06";"CHAMPION"
"CHF251F120_10";"CHAMPION"
"CHF251G105_01";"CHAMPION"
"CHF251M105_02";"CHAMPION"
"CHF251M112_01";"CHAMPION"
"CHF251M117_02";"CHAMPION"
"CHF251M117_30";"CHAMPION"
"CHF251M407_62";"CHAMPION"
"CHF261M111_02";"CHAMPION"
"CHFR181801";"CHAMPION"
"CHH133U04_03";"CHAMPION"
"CHHS173800_2175";"CHAMPION"
"CHHS173800_2192";"CHAMPION"
"CHHS173800_830OS";"CHAMPION"
"CHHS173801_2175";"CHAMPION"
"CHHS173801_2192";"CHAMPION"
"CHHS183706_BORDO";"CHAMPION"
"CHHS193601_357OS";"CHAMPION"
"CHHS193601_523OS";"CHAMPION"
"CHHS193601_821OS";"CHAMPION"
"CHHS193602_550OS";"CHAMPION"
"CHHS193802_523OS";"CHAMPION"
"CHHS193802_821OS";"CHAMPION"
"CHHS193803_2175OS";"CHAMPION"
"CHHS193803_523OS";"CHAMPION"
"CHHS193804_002OS";"CHAMPION"
"CHHS193804_005OS";"CHAMPION"
"CHHS193809_821OS";"CHAMPION"
"CHHS193814_100OS";"CHAMPION"
"CHHS193814_2175OS";"CHAMPION"
"CHHS193814_724OS";"CHAMPION"
"CHHS193900_307OS";"CHAMPION"
"CHHS193900_357OS";"CHAMPION"
"CHHS193903_357OS";"CHAMPION"
"CHJ171152_21";"CHAMPION"
"CHRT171805_2175_BLACK";"CHAMPION"
"CHRT171805_BLACK";"CHAMPION"
"CHRT171805_NAVY";"CHAMPION"
"CHT161880_001";"CHAMPION"
"CHT161888_012";"CHAMPION"
"CHT171880_003";"CHAMPION"
"CHT171880_011";"CHAMPION"
"CHT171881_003";"CHAMPION"
"CHT181808_300";"CHAMPION"
"CHT183806";"CHAMPION"
"CHT191821_300";"CHAMPION"
"CHTR183111_2175";"CHAMPION"
"CHTR183111_2192";"CHAMPION"
"CHTR183161_2175";"CHAMPION"
"CHTR183161_2192";"CHAMPION"
"CHTR191120_2192";"CHAMPION"
"CHTR191120_350";"CHAMPION"
"CHTR191122_2192";"CHAMPION"
"CHTR191122_250";"CHAMPION"
"CHTR191128_2192";"CHAMPION"
"CHTR191128_820";"CHAMPION"
"CHTS151124_2175";"CHAMPION"
"CHTS163104_2175";"CHAMPION"
"CHTS163110_2175";"CHAMPION"
"CHTS163110_2192";"CHAMPION"
"CHZ193340_2192";"CHAMPION"
"CHZ193440_302";"CHAMPION"
"CIANA_BLACK";"NW"
"CIPA_BLACK";"NW"
"CITI_BLACK";"ROSSELLA LOPES"
"CITI_CAMEL";"ROSSELLA LOPES"
"CK253_BLACK";"SEASTAR"
"CK253_PINK";"SEASTAR"
"CK309_BLACK";"SEASTAR"
"CLEVA_BLACK";"NW"
"CLIFF_BROWN";"NW"
"CONNECT_BLACK_WHT";"LOTTO"
"CONNECT_BLK_GREY";"LOTTO"
"CONNECT_RED_WHT";"LOTTO"
"CORTINA_BLACK";"Conway"
"CRAY_BLACK";"NW"
"CRAY_BROWN";"NW"
"CRAY_GREEN";"NW"
"CRAY_GREY";"NW"
"CRAY_GREY_GREEN";"NW"
"CREW_BLACK";"HEAD"
"CREW_GREY";"HEAD"
"CREW_WHITE";"HEAD"
"CRFBTM21_07_NAVY";"DISNEY"
"CRFPP22_03_GREEN";"NICKELODEON"
"CRO328_BLACK";"NW"
"CROFRO01";"DISNEY"
"CROSTAR01";"DISNEY"
"CROTROLL02";"DreamWorks"
"CROVA08";"DISNEY"
"CRYSTAL_NAVY";"Jela"
"CV532_BLACK";"NW"
"CV532_CHAMPAGNE";"NW"
"CVIETA_BLUE";"ROSSELLA LOPES"
"CVIETA_PEWTER";"ROSSELLA LOPES"
"D001_BLACK";"NW"
"D001_GOLD";"NW"
"D001_SILVER";"NW"
"D001_WHITE";"NW"
"D02_BEIGE";"GEZER"
"D02_BLACK";"GEZER"
"D02_REDBLUE";"GEZER"
"D08_BEIGE";"GEZER"
"D08_BLACK";"GEZER"
"D08_NAVY";"GEZER"
"D2019_1";"NW"
"D2019_1_BLUE";"NW"
"D2019_1_GREY";"NW"
"D2019_1_RED";"NW"
"D2019_1_WHITE";"NW"
"D3125_BLACK";"FUDALI"
"D314_PERLA";"FRATELLI BABB"
"D314_WHITE";"FRATELLI BABB"
"D315_FLOWER";"FRATELLI BABB"
"D316_FLOWER";"FRATELLI BABB"
"D316_WHITE";"FRATELLI BABB"
"D65_BLACK";"QUEEN BEE"
"D65_CAMEL";"QUEEN BEE"
"D6902_BLACK";"Daer"
"D7922_BLK";"NW"
"D7932_1_BLACK";"NW"
"D7934_1_BLACK";"NW"
"D8515_BLACK";"QUEEN BEE"
"D8515_BROWN";"QUEEN BEE"
"D878_BLACK";"QUEEN BEE"
"D878_BROWN";"VOLCAN"
"D_06_RED";"GEZER"
"D_130_PERLA";"FRATELLI BABB"
"D_134_PERLA";"FRATELLI BABB"
"D_175_BLACK";"FRATELLI BABB"
"D_175_BRONZE";"FRATELLI BABB"
"D_300_BLACK";"FRATELLI BABB"
"D_300_BRONZE";"FRATELLI BABB"
"D_300_FLOWER";"FRATELLI BABB"
"D_302_BLACK_M";"FRATELLI BABB"
"D_312_DOKTOR";"FRATELLI BABB"
"D_312_FLOWER";"FRATELLI BABB"
"D_312_FLOWER_K";"FRATELLI BABB"
"D_312_PLUTASILVER";"FRATELLI BABB"
"D_312_SILVER";"FRATELLI BABB"
"D_314_PERLA";"FRATELLI BABB"
"D_314_WHITE";"FRATELLI BABB"
"D_315_FLOWER";"FRATELLI BABB"
"D_316_BLACK";"FRATELLI BABB"
"D_316_BRONZE";"FRATELLI BABB"
"D_316_FLOWER";"FRATELLI BABB"
"D_316_SILVER";"FRATELLI BABB"
"D_316_WHITE";"FRATELLI BABB"
"D_316_WHITE_K";"FRATELLI BABB"
"D_317_K_BLACK";"FRATELLI BABB"
"D_322_PWDSILV_K";"FRATELLI BABB"
"DA115_BEIGE";"SEASTAR"
"DA115_BLACK";"SEASTAR"
"DA129_BLACK";"SEASTAR"
"DA150_BEIGE";"SEASTAR"
"DACHSTEIN_BLACK";"Jela"
"DAKAR";"Conway"
"DB17108_COFFEE";"NW"
"DB171634_BLACK";"NW"
"DB181912_NAVY";"WALKMAN"
"DBS9139_BEIGE";"La Bottine Souriante"
"DBS9139_BLACK";"La Bottine Souriante"
"DD308_WHITE";"NW"
"DD308_WHITE_SILVER";"NW"
"DEBI_GREY";"ROCK SPRING"
"DEBI_RED";"ROCK SPRING"
"DF3310_KHAKI";"NW"
"DF3583_BEIGE";"NW"
"DF3583_BLACK";"NW"
"DIABETO_PED";"NW"
"DIRK_BLACK";"LEMIGO"
"DIRK_GREEN";"LEMIGO"
"DIRK_NAVY";"LEMIGO"
"DMASK_F";"NW"
"DMASK_K";"NW"
"DMASK_M";"NW"
"DMASK_Z";"NW"
"DOLLY_CAMEL";"MODA ELLENE"
"DOLLY_GREEN";"MODA ELLENE"
"DOLPHIN_DARKBLUE";"AQUA TIME"
"DOLPHIN_GREY";"AQUA TIME"
"DOLPHIN_PINK";"AQUA TIME"
"DOLPHIN_PURPLE";"AQUA TIME"
"DOME_BLACK";"NW"
"DOME_BLACKY";"NW"
"DONA_BROWN";"MODA ELLENE"
"DONA_GREY";"MODA ELLENE"
"DXJ8560_BLACK";"NW"
"DXJ8560_PINK";"NW"
"DXJ8560_WHITE";"NW"
"DY171563_BLACK";"WALKMAN"
"DY171563_COFFEE";"WALKMAN"
"E060_BROWN";"CLOWSE"
"E122_019_BLACK";"NW"
"E122_197_BEIGE";"MOENIA"
"E122_197_BLACK";"MOENIA"
"E122_BEIGE";"MOENIA"
"E122_BLACK";"MOENIA"
"E5125_BLACK";"NW"
"E617_BEIGE";"MOENIA"
"E681_BLACK";"MOENIA"
"EBU_NAVY";"BONINO"
"EBU_PURPLE";"BONINO"
"EDA_BLACK";"IN DESIVNO"
"EDI_BLACK";"Conway"
"EK08P_BEIGE";"SEASTAR"
"EK08P_BLACK";"SEASTAR"
"ELA193169_01";"ELLESSE"
"ELB193155_04";"ELLESSE"
"ELF201F101_10";"ELLESSE"
"ELF202F505_08";"ELLESSE"
"ELF202F506_04";"ELLESSE"
"ELF211F400_01";"ELLESSE"
"ELF211F400_07";"ELLESSE"
"ELF211F400_10";"ELLESSE"
"ELF211F401_84";"ELLESSE"
"ELF211F405_10";"ELLESSE"
"ELF211F405_84";"ELLESSE"
"ELF211F405_85";"ELLESSE"
"ELF211M406_01";"ELLESSE"
"ELF211M406_02";"ELLESSE"
"ELF211M407_03";"CHAMPION"
"ELHF191161_01";"ELLESSE"
"ELHF191211_01";"ELLESSE"
"ELIAS_BLACK";"Conway"
"ELKE930_BLACK";"LEMIGO"
"ELKE930_BLUE";"LEMIGO"
"ELKE930_GREEN";"LEMIGO"
"ELKE930_NAVY";"LEMIGO"
"ELKE930_RED";"LEMIGO"
"ELZA949_GREEN";"LEMIGO"
"EMOJI_PINK";"NW"
"EMY_RED";"IN DESIGNO"
"ENI_BLUE";"BONINO"
"ENI_GREY";"BONINO"
"ERIC_FUXIA";"WOOLF"
"ERIC_ORANGE";"WOOLF"
"ERIC_ORANGE_BLUE";"WOOLF"
"ERIC_PINK";"WOOLF"
"ERIC_SPIRALE_BLUE_LIME";"WOOLF"
"ERIK_NAVY";"MARINOZZI"
"ERIK_WHITE";"MARINOZZI"
"ERZBERG_GREY";"Conway"
"ESA_NAVY";"BONINO"
"ESKIMO_BLACK";"Conway"
"ESKIMO_BLACKI";"Conway"
"ESKIMO_BLUE";"Conway"
"ESKIMO_GREY";"Conway"
"ESKIMO_NAVY";"Conway"
"ESMAN_NAVY";"AQUA TIME"
"EVA_BEIGE";"BIANCOMOLINA"
"EVA_BEIGE_PINK";"BIANCOMOLINA"
"EVA_BROWN";"BIANCOMOLINA"
"EVA_LEPTIR";"BIANCOMOLINA"
"EVA_MINT";"BIANCOMOLINA"
"EVA_ORANGE";"BIANCOMOLINA"
"EVA_PERLA";"BIANCOMOLINA"
"EVA_W_MINT";"BIANCOMOLINA"
"EVA_W_WHITE";"BIANCOMOLINA"
"EVA_WHITE";"BIANCOMOLINA"
"EVEREST_BLACK";"Conway"
"EVEREST_NAVY";"Conway"
"EVEREST_ROYAL";"Conway"
"F01_BIJELA";"BIANCOMOLINA"
"F01_BLACK_NN";"BIANCOMOLINA"
"F01_BLACK_P";"BIANCOMOLINA"
"F01_BLACK_R";"BIANCOMOLINA"
"F01_BLACK_S";"BIANCOMOLINA"
"F01_BLACK_S1";"BIANCOMOLINA"
"F01_BLACK_S2";"BIANCOMOLINA"
"F01_BLACK_W";"BIANCOMOLINA"
"F01_BLACK_WW";"BIANCOMOLINA"
"F01_CRNA";"BIANCOMOLINA"
"F01_CRNA2";"BIANCOMOLINA"
"F01_CRNA_1";"BIANCOMOLINA"
"F01_CRNA_C";"BIANCOMOLINA"
"F01_CRNA_C1";"BIANCOMOLINA"
"F01_CRNA_W";"BIANCOMOLINA"
"F01_CRNA_W2";"BIANCOMOLINA"
"F01_CRNA_WB";"BIANCOMOLINA"
"F01_CRNA_WW";"BIANCOMOLINA"
"F01_ENGLAND";"BIANCOMOLINA"
"F01_FLOWER";"BIANCOMOLINA"
"F01_FLOWER1";"BIANCOMOLINA"
"F01_FLOWER_2_C";"BIANCOMOLINA"
"F01_FLOWER_C";"BIANCOMOLINA"
"F01_FLOWER_C1";"BIANCOMOLINA"
"F01_FLOWER_C2";"BIANCOMOLINA"
"F01_FLOWER_CC";"BIANCOMOLINA"
"F01_FLOWER_CP";"BIANCOMOLINA"
"F01_FLOWER_CR";"BIANCOMOLINA"
"F01_FLOWER_II_C";"BIANCOMOLINA"
"F01_FLOWER_NN";"BIANCOMOLINA"
"F01_FLOWER_S";"BIANCOMOLINA"
"F01_FLOWER_SS";"BIANCOMOLINA"
"F01_FLOWER_TN";"BIANCOMOLINA"
"F01_FRIZER";"BIANCOMOLINA"
"F01_FRIZER_C";"BIANCOMOLINA"
"F01_GREEN";"BIANCOMOLINA"
"F01_GREEN_1";"BIANCOMOLINA"
"F01_GREEN_1C";"BIANCOMOLINA"
"F01_GREEN_C";"BIANCOMOLINA"
"F01_GREEN_S1";"BIANCOMOLINA"
"F01_GREEN_Z";"BIANCOMOLINA"
"F01_HEART";"BIANCOMOLINA"
"F01_HEART_1";"BIANCOMOLINA"
"F01_HEART_C";"BIANCOMOLINA"
"F01_HEART_NN";"BIANCOMOLINA"
"F01_HEART_S";"BIANCOMOLINA"
"F01_ORANGE";"BIANCOMOLINA"
"F01_PINK";"BIANCOMOLINA"
"F01_PINK_1C";"BIANCOMOLINA"
"F01_PINK_C";"BIANCOMOLINA"
"F01_PINK_C1";"BIANCOMOLINA"
"F01_PINK_I";"BIANCOMOLINA"
"F01_PINK_NN";"BIANCOMOLINA"
"F01_PINK_S";"BIANCOMOLINA"
"F01_RED";"BIANCOMOLINA"
"F01_RED_1C";"BIANCOMOLINA"
"F01_RED_C";"BIANCOMOLINA"
"F01_RED_NN";"BIANCOMOLINA"
"F01_RED_S";"BIANCOMOLINA"
"F01_SMEDA";"BIANCOMOLINA"
"F01_SMEDA_MAT";"BIANCOMOLINA"
"F01_WHITE";"BIANCOMOLINA"
"F01_WHITE_1";"BIANCOMOLINA"
"F01_WHITE_1C";"BIANCOMOLINA"
"F01_WHITE_C";"BIANCOMOLINA"
"F01_WHITE_CP";"BIANCOMOLINA"
"F01_WHITE_NN";"BIANCOMOLINA"
"F01_WHITE_S";"BIANCOMOLINA"
"F01_WHITE_S1";"BIANCOMOLINA"
"F01_wht";"BIANCOMOLINA"
"F02_BIJELA";"BIANCOMOLINA"
"F02_BIJELA_2";"BIANCOMOLINA"
"F02_BIJELA_3";"BIANCOMOLINA"
"F02_BIJELA_C";"BIANCOMOLINA"
"F02_BIJELA_NN";"BIANCOMOLINA"
"F02_BIJELA_S";"BIANCOMOLINA"
"F02_BIJELA_XL";"BIANCOMOLINA"
"F02_BIJELA_Z";"BIANCOMOLINA"
"F02_BLACK";"BIANCOMOLINA"
"F02_BLACK_1";"BIANCOMOLINA"
"F02_BLACK_C";"BIANCOMOLINA"
"F02_BLACK_CC";"BIANCOMOLINA"
"F02_BLACK_P";"BIANCOMOLINA"
"F02_BLACK_PP";"BIANCOMOLINA"
"F02_BLACK_SG";"BIANCOMOLINA"
"F02_BLK_XL";"BIANCOMOLINA"
"F02_CRNA_1";"BIANCOMOLINA"
"F02_CRNA_2";"BIANCOMOLINA"
"F02_WHITE_C";"BIANCOMOLINA"
"F02_WHITE_CC";"BIANCOMOLINA"
"F05_BLACK";"BIANCOMOLINA"
"F05_BLACK2";"BIANCOMOLINA"
"F05_BLACK_C";"BIANCOMOLINA"
"F05_BLACK_CC";"BIANCOMOLINA"
"F05_BLACK_G";"BIANCOMOLINA"
"F05_BLACK_I";"BIANCOMOLINA"
"F05_BLACK_PC";"BIANCOMOLINA"
"F05_BLACK_S";"BIANCOMOLINA"
"F05_FLOWER_1C";"BIANCOMOLINA"
"F05_FLOWER_2";"BIANCOMOLINA"
"F05_FLOWER_2R";"BIANCOMOLINA"
"F05_FLOWER_C";"BIANCOMOLINA"
"F05_FLOWER_CC";"BIANCOMOLINA"
"F05_FLOWER_CG";"BIANCOMOLINA"
"F05_FLOWER_CP";"BIANCOMOLINA"
"F05_FLOWER_G";"BIANCOMOLINA"
"F05_FLOWER_GC";"BIANCOMOLINA"
"F05_FLOWER_II";"BIANCOMOLINA"
"F05_FLOWER_II_C";"BIANCOMOLINA"
"F05_FLOWER_NC";"BIANCOMOLINA"
"F05_FLOWER_NN";"BIANCOMOLINA"
"F05_FLOWER_NS";"BIANCOMOLINA"
"F05_HEART_C";"BIANCOMOLINA"
"F05_HEART_CP";"BIANCOMOLINA"
"F05_HEART_G";"BIANCOMOLINA"
"F05_HEART_S";"BIANCOMOLINA"
"F05_HEART_SR";"BIANCOMOLINA"
"F05_WHITE";"BIANCOMOLINA"
"F05_WHITE:_II";"BIANCOMOLINA"
"F05_WHITE_C";"BIANCOMOLINA"
"F05_WHITE_C1";"BIANCOMOLINA"
"F05_WHITE_CC";"BIANCOMOLINA"
"F05_WHITE_CZ";"BIANCOMOLINA"
"F05_WHITE_G";"BIANCOMOLINA"
"F05_WHITE_G1";"BIANCOMOLINA"
"F05_WHITE_GC";"BIANCOMOLINA"
"F05_WHITE_I";"BIANCOMOLINA"
"F05_WHITE_NC";"BIANCOMOLINA"
"F05_WHITE_NN";"BIANCOMOLINA"
"F05_WHITE_R";"BIANCOMOLINA"
"F05_WHITE_SC";"BIANCOMOLINA"
"F06_GOLD";"BIANCOMOLINA"
"F06_GOLD_C";"BIANCOMOLINA"
"F06_GOLD_CC";"BIANCOMOLINA"
"F06_GOLD_CZ";"BIANCOMOLINA"
"F06_SILVER";"BIANCOMOLINA"
"F06_SILVER_C";"BIANCOMOLINA"
"F06_SILVER_CC";"BIANCOMOLINA"
"F125_026_BLACK";"MOENIA"
"F125_152_BLACK";"MOENIA"
"F125_157_BLACK";"MOENIA"
"F163_BLACK";"NW"
"F172_BLACK";"NW"
"F172_BLUE";"NW"
"F172_GREY";"NW"
"F1_198_01_4_WHITE";"NW"
"F200_ANTIC";"BIANCOMOLINA"
"F200_ANTIC_1";"BIANCOMOLINA"
"F200_ANTIC_II";"BIANCOMOLINA"
"F200_ANTIC_S";"BIANCOMOLINA"
"F200_BIJELA";"BIANCOMOLINA"
"F200_BIJELA_2";"BIANCOMOLINA"
"F200_BLACK";"BIANCOMOLINA"
"F200_BLACK_C";"BIANCOMOLINA"
"F200_BLACK_NN";"BIANCOMOLINA"
"F200_CRNA";"BIANCOMOLINA"
"F200_CRNA_2";"BIANCOMOLINA"
"F200_CRNA_I";"BIANCOMOLINA"
"F200_CRNA_S";"BIANCOMOLINA"
"F200_CRVENA";"BIANCOMOLINA"
"F200_CRVENA_2";"BIANCOMOLINA"
"F200_CRVENA_S";"BIANCOMOLINA"
"F200_FLOWER";"BIANCOMOLINA"
"F200_FLOWER_1";"BIANCOMOLINA"
"F200_FLOWER_C";"BIANCOMOLINA"
"F200_FLOWER_CC";"BIANCOMOLINA"
"F200_FLOWER_II";"BIANCOMOLINA"
"F200_FLOWER_IIC";"BIANCOMOLINA"
"F200_FLOWER_III";"BIANCOMOLINA"
"F200_FLOWER_NN";"BIANCOMOLINA"
"F200_FLOWER_R";"BIANCOMOLINA"
"F200_FLOWER_S";"BIANCOMOLINA"
"F200_FRIZER";"BIANCOMOLINA"
"F200_gold1";"BIANCOMOLINA"
"F200_GOLD_1";"BIANCOMOLINA"
"F200_GOLD_C";"BIANCOMOLINA"
"F200_GOLD_C1";"BIANCOMOLINA"
"F200_GOLD_CC";"BIANCOMOLINA"
"F200_GOLD_D";"BIANCOMOLINA"
"F200_GOLD_I";"BIANCOMOLINA"
"F200_GOLD_II";"BIANCOMOLINA"
"F200_GOLD_S";"BIANCOMOLINA"
"F200_GOLD_WOOD";"BIANCOMOLINA"
"F200_HEART";"BIANCOMOLINA"
"F200_HEART_1C";"BIANCOMOLINA"
"F200_HEART_C";"BIANCOMOLINA"
"F200_HEART_NN";"BIANCOMOLINA"
"F200_HEART_S";"BIANCOMOLINA"
"F200_HEART_S1";"BIANCOMOLINA"
"F200_NIKEL";"BIANCOMOLINA"
"F200_PINK";"BIANCOMOLINA"
"F200_PINK_1";"BIANCOMOLINA"
"F200_PINK_1C";"BIANCOMOLINA"
"F200_PINK_C";"BIANCOMOLINA"
"F200_PINK_GOLD_NN";"BIANCOMOLINA"
"F200_PINK_I";"BIANCOMOLINA"
"F200_PINK_NN";"BIANCOMOLINA"
"F200_PINKY_C";"BIANCOMOLINA"
"F200_RED";"BIANCOMOLINA"
"F200_RED_1C";"BIANCOMOLINA"
"F200_RED_C";"BIANCOMOLINA"
"F200_RED_CC";"BIANCOMOLINA"
"F200_ROSE_GOLD";"BIANCOMOLINA"
"F200_ROSE_GOLD_II";"BIANCOMOLINA"
"F200_ROSE_GOLD_III";"BIANCOMOLINA"
"F200_ROSEGOLD";"BIANCOMOLINA"
"F200_ROSEGOLD_NN";"BIANCOMOLINA"
"F200_SILVER";"BIANCOMOLINA"
"F200_SILVER_C";"BIANCOMOLINA"
"F200_SILVER_CC";"BIANCOMOLINA"
"F200_SILVER_I";"BIANCOMOLINA"
"F200_SILVER_N";"BIANCOMOLINA"
"F200_SILVER_S";"BIANCOMOLINA"
"F200_WHITE";"BIANCOMOLINA"
"F200_WHITE_1";"BIANCOMOLINA"
"F200_WHITE_1C";"BIANCOMOLINA"
"F200_WHITE_C";"BIANCOMOLINA"
"F200_WHITE_CC";"BIANCOMOLINA"
"F200_WHITE_NN";"BIANCOMOLINA"
"F200_WHITE_R";"BIANCOMOLINA"
"F200_WHITE_S";"BIANCOMOLINA"
"F202_BIJELA_crv_";"BIANCOMOLINA"
"F202_CRNA_B";"BIANCOMOLINA"
"F202_CRNA_W";"BIANCOMOLINA"
"F202_WHITE_GREEN";"BIANCOMOLINA"
"F202_WOOD_WHT";"BIANCOMOLINA"
"F202_ZELENA";"BIANCOMOLINA"
"F2918_BLACK";"SPORT"
"F2918_CAMEL";"SPORT"
"F2918_GREY";"SPORT"
"F35694_PINK";"ADIDAS"
"F35696_BLUE";"ADIDAS"
"F35846_GREY";"ADIDAS"
"F3833_BLACK";"NW"
"F3_GREY";"NW"
"F419_BLACK";"SERGIO TODZI"
"F53_BLACK";"Daer"
"F635_BLACK";"MOENIA"
"F67_BLACK";"KOMER"
"F67_BROWN";"KOMER"
"F78_BLACK";"KOMER"
"F78_CAMEL";"KOMER"
"F81021_BLACK";"NW"
"FA7A514_2";"WINK"
"FALKERT_BLACK";"Conway"
"FALKERT_NAVY";"Conway"
"FATEKS_BLUE";"NW"
"FATEKS_BROWN";"NW"
"FATEKS_GREY";"NW"
"FATEKS_RED";"NW"
"FB81867_1";"WINK"
"FB81867_4";"WINK"
"FC9923_BLACK";"NW"
"FC9923_CHAMPAGNE";"NW"
"FC9923_SILVER";"NW"
"FDL112_BLACK";"FUDALI"
"FELIKS_BLUE";"WOOLF"
"FENSY_BLACK";"AQUA TIME"
"FENSY_BLUE";"AQUA TIME"
"FENSY_PINK";"AQUA TIME"
"FENSY_PURPLE";"AQUA TIME"
"FENSY_WHITE";"AQUA TIME"
"FF01_1_BLACK";"BIANCOMOLINA"
"FF01_1_TERAKOTA";"BIANCOMOLINA"
"FF01_1_WHITE";"BIANCOMOLINA"
"FF01_1TERAKOTA";"BIANCOMOLINA"
"FF01_1WHITE";"BIANCOMOLINA"
"FF01_2WHITE";"BIANCOMOLINA"
"FF01_BLACK";"BIANCOMOLINA"
"FF01_FLOWER";"BIANCOMOLINA"
"FF01_GREEN";"BIANCOMOLINA"
"FF01_HEART";"BIANCOMOLINA"
"FF01_LEPTIR";"BIANCOMOLINA"
"FF01_P_WHITE";"BIANCOMOLINA"
"FF01_PERLA";"BIANCOMOLINA"
"FF01_PERLA_S";"BIANCOMOLINA"
"FF01_PINK";"BIANCOMOLINA"
"FF01_RED";"BIANCOMOLINA"
"FF01_TERAKOTA";"BIANCOMOLINA"
"FF01_WHITE";"BIANCOMOLINA"
"FF01_WHITE_1Z";"BIANCOMOLINA"
"FF01_WHITE_Z";"BIANCOMOLINA"
"FF01_Z_FLOWER";"BIANCOMOLINA"
"FF01_Z_WHITE";"BIANCOMOLINA"
"FF05_1FLOWER";"BIANCOMOLINA"
"FF05_BLACK";"BIANCOMOLINA"
"FF05_C_BLACK";"BIANCOMOLINA"
"FF05_FLOWER";"BIANCOMOLINA"
"FF05_HEART";"BIANCOMOLINA"
"FF05_P_HEART";"BIANCOMOLINA"
"FF05_P_WHITE";"BIANCOMOLINA"
"FF05_WHITE";"BIANCOMOLINA"
"FF05_WHITE_Z";"BIANCOMOLINA"
"FF06_C_GOLD";"BIANCOMOLINA"
"FF06_GOLD";"BIANCOMOLINA"
"FF06_SILVER";"BIANCOMOLINA"
"FF200_BLACK";"BIANCOMOLINA"
"FF200_FLOWER";"BIANCOMOLINA"
"FF200_HEART";"BIANCOMOLINA"
"FF200_PINK";"BIANCOMOLINA"
"FF200_SILVER";"BIANCOMOLINA"
"FF200_WHITE";"BIANCOMOLINA"
"FF200_WHITE_P";"BIANCOMOLINA"
"FG7A403_1";"WINK"
"FG7A403_4";"WINK"
"FIONA_BLACK";"AQUA TIME"
"FIONA_FUXIA";"AQUA TIME"
"FIT_GREEN";"WOOLF"
"FIT_GREY";"WOOLF"
"FIT_ORANGE";"WOOLF"
"FIT_PINK";"WOOLF"
"FIT_PINKB";"WOOLF"
"FIT_PINKY";"WOOLF"
"FIT_PINKYS";"WOOLF"
"FITROLL_GREEN";"WOOLF"
"FL114_BLACK";"NW"
"FL1505_BLACK";"NW"
"FL1505_BLUE";"NW"
"FLACHAU_BLUE";"Conway"
"FLACHAU_ORANGE";"Conway"
"FLX_WHITE";"BIANCOMOLINA"
"FLYDE_BLK_WHT";"LOTTO"
"FS005_BLACK";"NW"
"FS005_FUME";"NW"
"FS1781_2";"WINK"
"FS1781_4";"WINK"
"FS5081_1";"WINK"
"FS5081_2";"WINK"
"FTM104_WHITE";"FILA"
"FTM22102A_WHITE";"FILA"
"FTM24103_NAVY";"FILA"
"FTM24105_WHITE";"FILA"
"FTW24104_WHITE";"FILA"
"FTW24105_WHITE";"FILA"
"FTW24106_BLUE";"FILA"
"FTW24106_WHITE";"FILA"
"FTW24107_WHITE";"FILA"
"FTW24108_WHITE";"FILA"
"FUNZIP_BLACK";"NW"
"FV6017_1";"WINK"
"FV6017_2";"WINK"
"FV6373_1";"WINK"
"FV6373_2";"WINK"
"FV6374_1";"WINK"
"FV6374_2";"WINK"
"FY2009_BLACK";"NW"
"G113_BLACK";"BAOBAOD"
"G113_BROWN";"BAOBAOD"
"G147_GOLD";"NW"
"G147_SILVER";"NW"
"G152_BLACK";"NW"
"G152_KHAKI";"NW"
"G30_BEIGE";"FLUFOR"
"G3171_BLACK";"FUDALI"
"G65347";"ADIDAS"
"G65429";"ADIDAS"
"G6615_BLACK";"FUDALI"
"G95008";"ADIDAS"
"GA0321_KHAKI";"NW"
"GARDEN_BLACK";"NW"
"GARDEN_BLACKY";"NW"
"GARYA222_GREY";"NW"
"GARYA222_WHITE";"NW"
"GENDER_BLACK";"POWER PLAY"
"GENDER_WHITE";"POWER PLAY"
"GERIS Anatomisches Schuhwerk wurde mit d";"GERIS"
"GH_331_GREY";"NW"
"GL173_BLACK";"BAOBAOD"
"GL173_BORDO";"BAOBAOD"
"GL21_BLACK";"BAOBAOD"
"GL21_BORDO";"BAOBAOD"
"GLEŽNJAČE";"WINK"
"GROSSGLOCKNER_BLACK_YELLOW";"Jela"
"GROSSGLOCKNER_GREY_FUCHSIA";"Jela"
"GS0225_1PINK";"NW"
"GS0225_BLACK";"NW"
"GS0225_PINK";"NW"
"GS02_BLK";"NW"
"GS05_MIX";"NW"
"GS58P_BEIGE";"SEASTAR"
"H00281";"NW"
"H00281_BEIGE";"NW"
"H00281_BLACK";"NW"
"H00960_BLACK";"NW"
"H17_50056_BEIGE";"HIT SHOES"
"H1800350_BLACK";"HIT SHOES"
"H1800354_BROWN";"HIT SHOES"
"H182002_BLACK";"HIT SHOES"
"H182002_BROWN";"HIT SHOES"
"H182002_CAMEL";"HIT SHOES"
"H182004_BLACK";"HIT SHOES"
"H182006_BLACK";"HIT SHOES"
"H182007_CAMEL";"HIT SHOES"
"H182008_BLACK";"HIT SHOES"
"H182008_CAMEL";"HIT SHOES"
"H182009_BLACK";"HIT SHOES"
"H182009_GREY";"HIT SHOES"
"H182009_KHAKI";"HIT SHOES"
"H182022_BLACK";"HIT SHOES"
"H18353_BLACK";"HIT SHOES"
"H18553_BLACK";"NW"
"H18553_BROWN";"NW"
"H18557_BLACK";"HIT SHOES"
"H18557_BLUE";"HIT SHOES"
"H18ALP01_BEIGE";"HIT SHOES"
"H18ALP01_BLACK";"HIT SHOES"
"H18ALP01_TIFORIO";"HIT SHOES"
"H18ALP05_BEIGE";"HIT SHOES"
"H18ALP05_BLACK";"HIT SHOES"
"H18ALP05_BORDO";"HIT SHOES"
"H1908_BLUE";"NW"
"H1908_NAVY";"NW"
"H191920_BLUE";"NW"
"H191921_GREY";"NW"
"H1919_BLACK";"NW"
"H1919_NAVY";"NW"
"H19_2010_BLACK";"HIT SHOES"
"H19_2012_BLACK";"HIT SHOES"
"H19_2013_BLACK";"HIT SHOES"
"H19_2013_GREEN";"HIT SHOES"
"H19_2014_BLACK";"HIT SHOES"
"H19_2014_BLUE";"HIT SHOES"
"H19_2014_WHITE";"HIT SHOES"
"H19_2015_BLACK";"HIT SHOES"
"H19_2015_GREEN";"HIT SHOES"
"H19_2015_RED";"HIT SHOES"
"H19_2015BLUE";"HIT SHOES"
"H19_2016_WHITE";"HIT SHOES"
"H19_2017_GREEN";"HIT SHOES"
"H19_2018_BLACK";"HIT SHOES"
"H19_2018_BLUE";"HIT SHOES"
"H19_2018_GREEN";"HIT SHOES"
"H19_2018_RED";"HIT SHOES"
"H2088_NAVY";"NW"
"H2088_WHITE";"NW"
"H2090_1GREY";"NW"
"H2090_BLACK";"NW"
"H2090_GREY";"NW"
"H2090_NAVY";"NW"
"H2090_PINK";"NW"
"H2090_WHITE";"NW"
"H2093_1_WHITE";"NW"
"H2093_1RED";"NW"
"H2093_2_RED";"NW"
"H2093_2_WHITE";"NW"
"H2093_3_RED";"NW"
"H2093_3_WHITE";"NW"
"H2093_RED";"NW"
"H2093_WHITE";"NW"
"H2195_BLACK";"S.C"
"H2314_BLUE";"NW"
"H2314_BORDO";"NW"
"H2314_GREEN";"NW"
"H2314_OLIVE";"NW"
"H308_BLACK";"NW"
"H728T_BROWN";"NW"
"H8308_SILVER";"JOIA"
"H8308_WHITE";"JOIA"
"H83_BLACK";"NW"
"H83_RED";"NW"
"H854_CAMEL";"NW"
"H854_GREY";"NW"
"H8817_BEIGE";"ROSSELLA LOPES"
"H8_46";"NW"
"H908A_BLACK";"NW"
"H908T_BROWN";"NW"
"H9102_BEIGE";"ROSSELLA LOPES"
"H9102_LEOPARD";"ROSSELLA LOPES"
"HADY_BLACK";"HANSON"
"HADY_BROWN";"HANSON"
"HAGAN_BLACK";"HANSON"
"HAGAN_BROWN";"HANSON"
"HAGAN_OLIVE";"HANSON"
"HAGDI_BLACK";"HANSON"
"HAGDI_BROWN";"HANSON"
"HAIMO_BLK";"HANSON"
"HAIMO_BROWN";"HANSON"
"HAKAN_CRNA";"Conway"
"HALE_BLACK";"HANSON"
"HAMBURG_CRVENA";"ESSKIMO"
"HAMBURG_SIVA";"ESSKIMO"
"HANK_BROWN";"HANSON"
"HANSON_BROWN";"HANSON"
"HAUS_BLACK";"HANSON"
"HAUS_BLUE";"HANSON"
"HAWK_BLUE";"NW"
"HAZEL";"HANSON"
"HB5470_BLACK";"WINK"
"HB5470_FUXIA";"WINK"
"HBL105_BLACK";"NW"
"HBL105_BROWN";"NW"
"HBL2_BEIGE";"NW"
"HE19801_BROWN";"HIT SHOES"
"HE19802_BROWN";"HIT SHOES"
"HEFES_BLACK";"HANSON"
"HENRI_BLACK";"HANSON"
"HENRI_BROWN";"HANSON"
"HENRY";"HANSON"
"HENRY_BLACK";"HANSON"
"HF19523_BLACK";"HIT SHOES"
"HF19523_CREAM";"HIT SHOES"
"HF19523_RED";"HIT SHOES"
"HF19523_WHITE";"HIT SHOES"
"HFN619_BLACK";"NW"
"HG19244_BLUE";"HIT SHOES"
"HG19244_PURPLE";"HIT SHOES"
"HG19244_RED";"HIT SHOES"
"HG19244_TURQUOISE";"HIT SHOES"
"HG19244_WHITE";"HIT SHOES"
"HG193831_BEIGE";"HIT SHOES"
"HG193831_BLACK";"HIT SHOES"
"HG193831_RED";"HIT SHOES"
"HG19715_BLACK";"HIT SHOES"
"HG19715_RED";"HIT SHOES"
"HG19836_1_BRONZ";"HIT SHOES"
"HG19836_BEIGE";"HIT SHOES"
"HG19836_BLACK";"HIT SHOES"
"HG19836_BLACKS";"HIT SHOES"
"HG19836_BLUE";"HIT SHOES"
"HG19836_BRONZE";"HIT SHOES"
"HG19836_GOLD";"HIT SHOES"
"HG19836_GREEN";"HIT SHOES"
"HG19836_NAVY";"HIT SHOES"
"HG19836_NAVYBLUE";"HIT SHOES"
"HG19836_NAVYS";"HIT SHOES"
"HG19836_PINK";"HIT SHOES"
"HG19836_PLATINUM";"HIT SHOES"
"HG19836_RED";"HIT SHOES"
"HG19836_S_RED";"HIT SHOES"
"HG19836_WHITE";"HIT SHOES"
"HG19882_BLACK";"HIT SHOES"
"HG19882_BLUE";"HIT SHOES"
"HG19882_BRONZE";"HIT SHOES"
"HG19882_GOLD";"HIT SHOES"
"HG19882_PINK";"HIT SHOES"
"HG19882_PURPLE";"HIT SHOES"
"HG19882_SILVER";"HIT SHOES"
"HG19882_WHITE";"HIT SHOES"
"HG19901_BEIGE";"HIT SHOES"
"HG19901_BLACK_GREY";"HIT SHOES"
"HG19901_PURPLE";"HIT SHOES"
"HG19902_BROWN";"HIT SHOES"
"HG19903_BORDO";"HIT SHOES"
"HG19903_GREY";"HIT SHOES"
"HG19903_RED";"HIT SHOES"
"HG19905_BEIGE_GREY";"HIT SHOES"
"HG19905_BEIGE_RED";"HIT SHOES"
"HG19905_BLACK_YELLOW";"HIT SHOES"
"HG19907_BEIGE";"HIT SHOES"
"HG19907_BLACK";"HIT SHOES"
"HG19907_RED";"HIT SHOES"
"HG19907_YELLOW";"HIT SHOES"
"HG19_836_BLACK";"HIT SHOES"
"HG19_836_BRONZ";"HIT SHOES"
"HG19_836_RED";"HIT SHOES"
"HG19_836_SMOKED";"HIT SHOES"
"HG19_836_YELLOW";"HIT SHOES"
"HG22322_BEIGE";"HIT SHOES"
"HG22322_BLACK";"HIT SHOES"
"HG22322_BLUE";"HIT SHOES"
"HG22322_BLUE1";"HIT SHOES"
"HG22322_BRONZE";"HIT SHOES"
"HG22322_GOLD";"HIT SHOES"
"HG22322_GREEN";"HIT SHOES"
"HG22322_NAVY";"HIT SHOES"
"HG22322_PLATINUM";"HIT SHOES"
"HG22322_PURPLE";"HIT SHOES"
"HG22322_PURPLE1";"HIT SHOES"
"HG22322_RED";"HIT SHOES"
"HG22322_RED1";"HIT SHOES"
"HG22322_SILVER";"HIT SHOES"
"HG22322_WHITE";"HIT SHOES"
"HG22384_BLACK";"HIT SHOES"
"HG22384_GOLD";"HIT SHOES"
"HG22384_PINK";"HIT SHOES"
"HG22384_RED";"HIT SHOES"
"HG22384_WHITE";"HIT SHOES"
"HG22835_BLACK";"HIT SHOES"
"HG22835_BRONZE";"HIT SHOES"
"HG22835_GOLD";"HIT SHOES"
"HG22835_NAVYBLUE";"HIT SHOES"
"HG22835_PLATINUM";"HIT SHOES"
"HG22835_RED";"HIT SHOES"
"HG22835_SILVER";"HIT SHOES"
"HG22835_SMOKED";"HIT SHOES"
"HG22835_WHITE";"HIT SHOES"
"HG22835_YELLOW";"HIT SHOES"
"HG22836_BEIGE";"HIT SHOES"
"HG22836_BEIGE2";"HIT SHOES"
"HG22836_BEIGE_I";"HIT SHOES"
"HG22836_BLACK";"HIT SHOES"
"HG22836_BLACK_1";"HIT SHOES"
"HG22836_BLACK_II";"HIT SHOES"
"HG22836_BRONZ";"HIT SHOES"
"HG22836_GOLD";"HIT SHOES"
"HG22836_NAVY";"HIT SHOES"
"HG22836_NAVYBLUE";"HIT SHOES"
"HG22836_PLATINUM";"HIT SHOES"
"HG22836_PLATINUM_I";"HIT SHOES"
"HG22836_PLATINUM_II";"HIT SHOES"
"HG22836_RED";"HIT SHOES"
"HG22836_RED_1";"HIT SHOES"
"HG22836_RED_2";"HIT SHOES"
"HG22836_RED_3";"HIT SHOES"
"HG22836_SILVER";"HIT SHOES"
"HG22836_SILVER_I";"HIT SHOES"
"HG22836_SMOKED";"HIT SHOES"
"HG22836_SMOKED2";"HIT SHOES"
"HG22836_TURQUOISE";"HIT SHOES"
"HG22836_TURQUOISE2";"HIT SHOES"
"HG22836_TURQUOISE_1";"HIT SHOES"
"HG22836_WHITE";"HIT SHOES"
"HG22836_WHITE2";"HIT SHOES"
"HG22836_WHITE_1";"HIT SHOES"
"HG22836_WHITE_B";"HIT SHOES"
"HG22836_WHITE_G";"HIT SHOES"
"HG22836_WHITE_R";"HIT SHOES"
"HG22836_YELLOW";"HIT SHOES"
"HG22836_YELLOW_1";"HIT SHOES"
"HG22837_BEIGE";"HIT SHOES"
"HG22837_BLACK";"HIT SHOES"
"HG22837_BLUE";"HIT SHOES"
"HG22837_BLUE1";"HIT SHOES"
"HG22837_BLUE2";"HIT SHOES"
"HG22837_GOLD";"HIT SHOES"
"HG22837_NAVY";"HIT SHOES"
"HG22837_PINK";"HIT SHOES"
"HG22837_WHITE";"HIT SHOES"
"HG22837_WHITE1";"HIT SHOES"
"HG22837_YELLOW";"HIT SHOES"
"HG22837_YELLOW_1";"HIT SHOES"
"HG22882_BEIGE";"HIT SHOES"
"HG22882_BLACK";"HIT SHOES"
"HG22882_BLUE";"HIT SHOES"
"HG22882_GOLD";"HIT SHOES"
"HG22882_GREEN";"HIT SHOES"
"HG22882_RED";"HIT SHOES"
"HG22882_WHITE";"HIT SHOES"
"HG22882_YELLOW";"HIT SHOES"
"HG22883_BEIGE";"HIT SHOES"
"HG22883_BLACK";"HIT SHOES"
"HG22883_BLACKY";"HIT SHOES"
"HG22883_BRONZE";"HIT SHOES"
"HG22883_GOLD";"HIT SHOES"
"HG22883_SILVER";"HIT SHOES"
"HG22883_TURQUOISE";"HIT SHOES"
"HG22883_WHITE";"HIT SHOES"
"HG22883_YELLOW";"HIT SHOES"
"HG_22836_1";"HIT SHOES"
"HILOL_BLACK";"L.O.L."
"HIPP13WL";"NW"
"HIPP53_NAVY";"NICKELODEON"
"HJ50_BLACK";"CSCK.S"
"HJ52_NAVY";"CSCK.S"
"HJ53_NAVY";"CSCK.S"
"HJ55_PINK";"CSCK.S"
"HJ61_BLACK";"CSCK.S"
"HJ62_PINK";"CSCK.S"
"HJ65_BLACK";"NW"
"HJ7035_BLACK";"H.S.L."
"HJ7035_GOLD";"H.S.L."
"HJ7035_PINK";"H.S.L."
"HJ7035_SILVER";"H.S.L."
"HJ70_PINK";"NW"
"HJ71_PINK";"NW"
"HJ73_PINK";"CSCK.S"
"HJ76_BLACK";"NW"
"HJ78_BLACK";"NW"
"HJ79_BLACK";"CSCK.S"
"HJ81_BLACK";"CSCK.S"
"HJ82_BLACK";"NW"
"HOCHKONIG_BLACK";"Conway"
"HOCHKONIG_GREY";"Conway"
"HOCHOBIR_BLACK_GREY";"Conway"
"HOGUN_GREY_ORANGE";"Jela"
"HOLIDAY_CAT";"NW"
"HOLIDAY_DOGS";"NW"
"HOLIDAY_LOVE";"NW"
"HOLIDAY_SANTA";"NW"
"HOLIDAY_TEDDY";"NW"
"HONI_BROWN";"GAN'S"
"HOWI_BLACK";"Conway"
"HPF350_G001_BEIGE";"HIT SHOES"
"HPF350_G001_NAVY";"HIT SHOES"
"HPF350_G001_RED";"HIT SHOES"
"HPF350_N001_WHITE";"HIT SHOES"
"HPF350_S001_BEIGE";"HIT SHOES"
"HPF350_S001_WHITE";"HIT SHOES"
"HPF350_S001A02_BIJELA";"HIT SHOES"
"HPF350_S001A02_WHT";"HIT SHOES"
"HPF350_S001A03_WHITE";"HIT SHOES"
"HPF350_S001A04_WHITE";"HIT SHOES"
"HPF350_S001A05_WHITE";"HIT SHOES"
"HPF350_S001A05_WHT";"HIT SHOES"
"HPF350_S001A06_WHITE";"HIT SHOES"
"HPF350_S001A07_BIJELA";"HIT SHOES"
"HPF350_S001A07_WHITE";"HIT SHOES"
"HPF350_S001A07_WHT";"HIT SHOES"
"HPF350_S001A08_WHITE";"HIT SHOES"
"HPF350_S001A09_WHITE";"HIT SHOES"
"HPF350_S001A11_WHITE";"HIT SHOES"
"HPF350_S001GRN_GREEN";"HIT SHOES"
"HPF350_S002_1YELLOW";"HIT SHOES"
"HPF350_S002_BLACK";"HIT SHOES"
"HPF350_S002_GREEN";"HIT SHOES"
"HPF350_S002_PINK";"HIT SHOES"
"HPF350_S002_YELLOW";"HIT SHOES"
"HPF350_SOO1A02_WHITE";"HIT SHOES"
"HPF350_W030_BROWN";"HITNEX"
"HPF350_WHITE";"HIT SHOES"
"HPF352_02_WHITE";"HIT SHOES"
"HPF352_03_WHITE";"HIT SHOES"
"HPF352_12_WHITE";"HIT SHOES"
"HPF352_17_WHITE";"HIT SHOES"
"HPF352_18_WHITE";"HIT SHOES"
"HPF352_19_WHITE";"HIT SHOES"
"HPF352_20_WHITE";"HIT SHOES"
"HPF352_21_WHITE";"HIT SHOES"
"HPF352_22_WHITE";"HIT SHOES"
"HPF352_24_WHITE";"HIT SHOES"
"HPF352_28_BEIGE";"HIT SHOES"
"HPF352_28_WHITE";"HIT SHOES"
"HPF352_29_BEIGE";"HIT SHOES"
"HPF352_29_WHITE";"HIT SHOES"
"HPF352_2_WHITE";"HIT SHOES"
"HPF352_30_WHITE";"HIT SHOES"
"HPF352_32_BEIGE";"HIT SHOES"
"HPF352_33_WHITE";"HIT SHOES"
"HPF352_39_WHITE";"HIT SHOES"
"HPF352_41_WHITE";"HIT SHOES"
"HPF352_46_WHITE";"HIT SHOES"
"HPF352_51_WHITE";"HIT SHOES"
"HPF352_52_BEIGE";"HIT SHOES"
"HPF352_59_PURPLE";"HIT SHOES"
"HPF352_70_WHITE";"HIT SHOES"
"HPF352_C_MINT";"HIT SHOES"
"HPF352_C_YELLOW";"HIT SHOES"
"HPF352_G001_NAVY";"HIT SHOES"
"HPF352_G002_1BLACK";"HIT SHOES"
"HPF352_G002_BEIGE";"HIT SHOES"
"HPF352_G002_BLACK";"HIT SHOES"
"HPF352_G002_RED";"HIT SHOES"
"HPF352_G010_BLACK";"HIT SHOES"
"HPF352_G011_1BLACK";"HIT SHOES"
"HPF352_G011_BEIGE";"HIT SHOES"
"HPF352_G011_BLACK";"HIT SHOES"
"HPF352_G011_RED";"HIT SHOES"
"HPF352_G011_WHITE";"HIT SHOES"
"HPF352_G012_BLACK";"HIT SHOES"
"HPF352_G012_BLUE";"HIT SHOES"
"HPF352_G012_RED";"HIT SHOES"
"HPF352_G012_WHITE";"HIT SHOES"
"HPF352_G04_RED";"HIT SHOES"
"HPF352_GREY_BUTERFLY";"HIT SHOES"
"HPF352_N00102_PINK";"HIT SHOES"
"HPF352_N003_GREY";"HIT SHOES"
"HPF352_N004_NAVY";"HIT SHOES"
"HPF352_N010_1BEIGE";"HIT SHOES"
"HPF352_N010_1BROWN";"HIT SHOES"
"HPF352_N010_2BROWN";"HIT SHOES"
"HPF352_N010_BEIGE";"HIT SHOES"
"HPF352_N010_BROWN";"HIT SHOES"
"HPF352_N010_GREEN";"HIT SHOES"
"HPF352_N010_PINK";"HIT SHOES"
"HPF352_N010_PURPLE";"HIT SHOES"
"HPF352_N010_WHITE";"HIT SHOES"
"HPF352_N011_BEIGE";"HIT SHOES"
"HPF352_N011_RED";"HIT SHOES"
"HPF352_N011_WHITE";"HIT SHOES"
"HPF352_N012_BLUE";"HIT SHOES"
"HPF352_N012_BROWN";"HIT SHOES"
"HPF352_N012_PINK";"HIT SHOES"
"HPF352_N012_RED";"HIT SHOES"
"HPF352_N01_WHITE";"HIT SHOES"
"HPF352_N04_BEIGE";"HIT SHOES"
"HPF352_N04_BROWN";"HIT SHOES"
"HPF352_S00102_WHITE";"HIT SHOES"
"HPF352_S00113_WHITE";"HIT SHOES"
"HPF352_S0011_WHITE";"HIT SHOES"
"HPF352_S00133_WHITE";"HIT SHOES"
"HPF352_S0013_WHITE";"HIT SHOES"
"HPF352_S0017_WHITE";"HIT SHOES"
"HPF352_S001_1BLACK";"HIT SHOES"
"HPF352_S001_2BLACK";"HIT SHOES"
"HPF352_S001_BEIGE";"HIT SHOES"
"HPF352_S001_BLACK";"HIT SHOES"
"HPF352_S001_NAVY";"HIT SHOES"
"HPF352_S001_PINKBUTERFY";"HIT SHOES"
"HPF352_S001_WHITE";"HIT SHOES"
"HPF352_S001_YELLOW";"HIT SHOES"
"HPF352_S001A02_WHITE";"HIT SHOES"
"HPF352_S001A03_WHITE";"HIT SHOES"
"HPF352_S001A03_WHT";"HIT SHOES"
"HPF352_S001A05_WHITE";"HIT SHOES"
"HPF352_S001A07_WHITE";"HIT SHOES"
"HPF352_S001A11_WHITE";"HIT SHOES"
"HPF352_S001A12_1WHITE";"HIT SHOES"
"HPF352_S001A12_WHITE";"HIT SHOES"
"HPF352_S001A13_WHITE";"HIT SHOES"
"HPF352_S001A13_WHT";"HIT SHOES"
"HPF352_S001A15_WHITE";"HIT SHOES"
"HPF352_S001A28_WHITE";"HIT SHOES"
"HPF352_S001A31_BEIGE";"HIT SHOES"
"HPF352_S001BCK";"HIT SHOES"
"HPF352_S001YEW_YELLOW";"HIT SHOES"
"HPF352_S002_1WHITE";"HIT SHOES"
"HPF352_S002_1YELLOW";"HIT SHOES"
"HPF352_S002_BEIGE";"HIT SHOES"
"HPF352_S002_BIJELA";"HIT SHOES"
"HPF352_S002_BLACK";"HIT SHOES"
"HPF352_S002_GREEN";"HIT SHOES"
"HPF352_S002_NAVY";"HIT SHOES"
"HPF352_S002_ORANGE";"HIT SHOES"
"HPF352_S002_RED";"HIT SHOES"
"HPF352_S002_WHITE";"HIT SHOES"
"HPF352_S002_WHITE_S";"HIT SHOES"
"HPF352_S002_WHT";"HIT SHOES"
"HPF352_S002_YELLOW";"HIT SHOES"
"HPF352_S002BCS";"HIT SHOES"
"HPF352_S002BLACK";"HIT SHOES"
"HPF352_S003_BEIGE";"HIT SHOES"
"HPF352_S003_BLACK";"HIT SHOES"
"HPF352_S003_WHITE";"HIT SHOES"
"HPF352_S003_WHT";"HIT SHOES"
"HPF352_S003BLACK";"HIT SHOES"
"HPF352_S004_BEIGE";"HIT SHOES"
"HPF352_S004_BLACK";"HIT SHOES"
"HPF352_S004_BLUE";"HIT SHOES"
"HPF352_S004_NAVY";"HIT SHOES"
"HPF352_S010_1BEIGE";"HIT SHOES"
"HPF352_S010_1BLACK";"HIT SHOES"
"HPF352_S010_1WHITE";"HIT SHOES"
"HPF352_S010_1YELLOW";"HIT SHOES"
"HPF352_S010_20_WHITE";"HIT SHOES"
"HPF352_S010_2BEIGE";"HIT SHOES"
"HPF352_S010_2BLACK";"HIT SHOES"
"HPF352_S010_2WHITE";"HIT SHOES"
"HPF352_S010_4BLACK";"HIT SHOES"
"HPF352_S010_BEIGE";"HIT SHOES"
"HPF352_S010_BLACK";"HIT SHOES"
"HPF352_S010_BLACKY";"HIT SHOES"
"HPF352_S010_BLUE";"HIT SHOES"
"HPF352_S010_GREEN";"HIT SHOES"
"HPF352_S010_PINK";"HIT SHOES"
"HPF352_S010_WHITE";"HIT SHOES"
"HPF352_S010_YELLOW";"HIT SHOES"
"HPF352_S011_1WHITE";"HIT SHOES"
"HPF352_S011_21_WHITE";"HIT SHOES"
"HPF352_S011_BEIGE";"HIT SHOES"
"HPF352_S011_BLACK";"HIT SHOES"
"HPF352_S011_BLACKY";"HIT SHOES"
"HPF352_S011_BLUE";"HIT SHOES"
"HPF352_S011_FLOWER";"HIT SHOES"
"HPF352_S011_WHITE";"HIT SHOES"
"HPF352_S011_WHT";"HIT SHOES"
"HPF352_S012_1BEIGE";"HIT SHOES"
"HPF352_S012_1BLACK";"HIT SHOES"
"HPF352_S012_1PINK";"HIT SHOES"
"HPF352_S012_1WHITE";"HIT SHOES"
"HPF352_S012_BEIGE";"HIT SHOES"
"HPF352_S012_BLACK";"HIT SHOES"
"HPF352_S012_BLUE";"HIT SHOES"
"HPF352_S012_PINK";"HIT SHOES"
"HPF352_S012_SWHITE";"HIT SHOES"
"HPF352_S012_WHITE";"HIT SHOES"
"HPF352_S012_WHT";"HIT SHOES"
"HPF352_S013_BLUE";"HIT SHOES"
"HPF352_S014_19_WHITE";"HIT SHOES"
"HPF352_S014_WHITE";"HIT SHOES"
"HPF352_S01_BLACK";"HIT SHOES"
"HPF352_S01_WHITE";"HIT SHOES"
"HPF352_S020_BLACK";"HIT SHOES"
"HPF352_S020_YELLOW";"HIT SHOES"
"HPF352_S029_BEIGE";"HIT SHOES"
"HPF352_S02_WHITE";"HIT SHOES"
"HPF352_S03_WHITE";"HIT SHOES"
"HPF352_S04_BLACK";"HIT SHOES"
"HPF352_S04_DBROWN";"HIT SHOES"
"HPF352_S04_ORANGE";"HIT SHOES"
"HPF352_S04_WHITE";"HIT SHOES"
"HPF352_S07_WHITE";"HIT SHOES"
"HPF352_S114_WHITE";"HIT SHOES"
"HPF352_S11_WHITE";"HIT SHOES"
"HPF352_S12_WHITE";"HIT SHOES"
"HPF352_S13_WHITE";"HIT SHOES"
"HPF352_S14_WHITE";"HIT SHOES"
"HPF352_S15_WHITE";"HIT SHOES"
"HPF352_S17_WHITE";"HIT SHOES"
"HPF352_S19_WHITE";"HIT SHOES"
"HPF352_S20_WHITE";"HIT SHOES"
"HPF352_S24_PINK";"HIT SHOES"
"HPF352_S25_WHITE";"HIT SHOES"
"HPF352_S27_WHITE";"HIT SHOES"
"HPF352_S29_BEIGE";"HIT SHOES"
"HPF352_S30";"HIT SHOES"
"HPF352_S30_BEIGE";"HIT SHOES"
"HPF352_S30_PINK";"HIT SHOES"
"HPF352_S31_BEIGE";"HIT SHOES"
"HPF352_S39_WHITE";"HIT SHOES"
"HPF352_S3_WHITE";"HIT SHOES"
"HPF352_S40_WHITE";"HIT SHOES"
"HPF352_S41_WHITE";"HIT SHOES"
"HPF352_S42_BEIGE";"HIT SHOES"
"HPF352_S43_WHITE";"HIT SHOES"
"HPF352_S44_WHITE";"HIT SHOES"
"HPF352_S47_WHITE";"HIT SHOES"
"HPF352_S48_GREEN";"HIT SHOES"
"HPF352_S49_GREY";"HIT SHOES"
"HPF352_S50_WHITE";"HIT SHOES"
"HPF352_S51_WHITE";"HIT SHOES"
"HPF352_S52_BEIGE";"HIT SHOES"
"HPF352_S54_GREEN";"HIT SHOES"
"HPF352_S55_WHITE";"HIT SHOES"
"HPF352_S56_BLACK";"HIT SHOES"
"HPF352_S57_WHITE";"HIT SHOES"
"HPF352_S58_PURPLE";"HIT SHOES"
"HPF352_S60_PURPLE";"HIT SHOES"
"HPF352_S62_BROWN";"HIT SHOES"
"HPF352_S63_BEIGE";"HIT SHOES"
"HPF352_S64_BEIGE";"HIT SHOES"
"HPF352_S65_BLACK";"HIT SHOES"
"HPF352_S66_WHITE";"HIT SHOES"
"HPF352_S71_BEIGE";"HIT SHOES"
"HPF352_SOO2_GREEN";"HIT SHOES"
"HPF352S003_BLACK";"HIT SHOES"
"HPF380_S010_NAVY";"HIT SHOES"
"HPF380_S011_NAVY";"HIT SHOES"
"HPF380_S012_BLACK";"HIT SHOES"
"HPM3360_S041_BLACKY";"HIT SHOES"
"HPM360_S041_BLACK";"HIT SHOES"
"HPM360_S041_BROWN";"HIT SHOES"
"HPM360_S041_WHITE";"HIT SHOES"
"HPM360_S042_BLACK";"HIT SHOES"
"HPM360_S042_WHITE";"HIT SHOES"
"HR19706011_BEIGE";"HIT SHOES"
"HR19706011_RED";"HIT SHOES"
"HR19951011_BEIGE";"HIT SHOES"
"HR19951011_NAVY";"HIT SHOES"
"HR19_740_025_BEIGE";"HIT SHOES"
"HR19_740_025_BLACK";"HIT SHOES"
"HR19_740_025_BLUE";"HIT SHOES"
"HR19_740_025_WHITE";"HIT SHOES"
"HR22_BLUE";"ESSKIMO"
"HR22_RED";"ESSKIMO"
"HS23226_BLACK";"HANSON"
"HS672_BLACK";"NW"
"HS676_CHAMPAGNE";"NW"
"HSF352_S018_BLACK";"HIT SHOES"
"HSF352_S019_BLACK";"HIT SHOES"
"HT19800_BLACK_MAT";"GERIS"
"HT19800_BRONZE_MAT";"GERIS"
"HT19800_DBLUE_MAT";"GERIS"
"HT19800_GOLD_MAT";"GERIS"
"HT19800_RED_MAT";"GERIS"
"HT19800_SILVER_MAT";"GERIS"
"HT19800_WHITE_MAT";"GERIS"
"HT19801_BEIGE_NOB";"GERIS"
"HT19801_BLACK_NOB";"GERIS"
"HT19801_DBLUE_NOB";"GERIS"
"HT19801_RED_NOB";"GERIS"
"HT19801_TABA_NOB";"GERIS"
"HT19802_BLACK_MAT";"GERIS"
"HT19802_BRONZE";"GERIS"
"HT19802_DBLUE_MAT";"GERIS"
"HT19802_GOLD_MAT";"GERIS"
"HT19802_RED_MAT";"GERIS"
"HT19802_SILVER_MAT";"GERIS"
"HT19802_WHITE_MAT";"GERIS"
"HT19803_BEIGE_NOB";"GERIS"
"HT19803_BLACK_NOB";"GERIS"
"HT19803_DBLUE_NOB";"GERIS"
"HT19803_RED_NOB";"GERIS"
"HT19803_TABA_NOB";"GERIS"
"HT805_BLACK";"GERIS"
"HT805_NAVY";"GERIS"
"HT805_WHITE";"GERIS"
"HTC19756_NAVY";"AQUA TIME"
"HTC19756_PINK";"AQUA TIME"
"HU501_BLACK";"SEASTAR"
"HU503_BLACK";"SEASTAR"
"HU503_PINK";"SEASTAR"
"HU504_BLACK";"SEASTAR"
"HU517_BLACK";"SEASTAR"
"HU6525_BLACK";"FLYEE"
"HUGO_BLACK";"HANSON"
"HUSKY_060_357";"Conway"
"HV1092205";"HEAD"
"HV1092504";"HEAD"
"HW152285_BLUE";"NW"
"HW152285_PINK";"NW"
"HW152285_PURPLE";"NW"
"HW20_2309";"NW"
"HW20_2309_BEIGE";"NW"
"HW_107_25_02";"HEAD"
"HW_107_27_02";"HEAD"
"HW_112_BLACK";"HEAD"
"HX1445_18_BLACK";"ROSSELLA LOPES"
"HX7A382_BROWN";"WINK"
"HX7A382_NAVY";"WINK"
"HY525_BROWN";"WINK"
"HYZ102_BLACK";"KOMER"
"HYZ111_BEIGE";"KOMER"
"HYZ111_BLACK";"KOMER"
"HZ1093406_BROWN";"HEAD"
"HZ2000_31_GREY";"GOGO SHOES"
"HZ2000_31_PINK";"GOGO SHOES"
"HZ200_CAMEL";"GOGO SHOES"
"HZ2093606_BLACK";"HEAD"
"I_LOVE_MAMA_CRNA";"ESSKIMO"
"I_LOVE_MAMA_SIVA";"ESSKIMO"
"I_LOVE_PAPA_LILA";"ESSKIMO"
"I_LOVE_PAPA_PLAVA";"ESSKIMO"
"I_LOVE_PAPA_SIVA";"ESSKIMO"
"I_LOVE_PAPA_SVPLAVA";"ESSKIMO"
"ICON_BLUE";"THUNDER"
"ICON_D_BLACK";"THUNDER"
"IGA932_BLACK";"LEMIGO"
"IGA935_GREEN";"LEMIGO"
"ILSE967_BLUE";"LEMIGO"
"ILSE967_GREEN";"LEMIGO"
"ILSE967_NAVY";"LEMIGO"
"ILSE967_RED";"LEMIGO"
"ILSE967_YELLOW";"LEMIGO"
"IMPACT_BLACK";"THUNDER"
"IMPACT_BLACK1";"THUNDER"
"IMPACT_BLUE";"THUNDER"
"IMPACT_BLUE_B";"THUNDER"
"IMPACT_LIME";"THUNDER"
"IMPEGNO";"NW"
"IMPEGNO_BLACK";"NW"
"INKA_GREY";"ESSKIMO"
"INKA_PINK";"ESSKIMO"
"INKA_WHITE";"ESSKIMO"
"J202_BLACK";"PARNAS"
"J202_WHITE";"PARNAS"
"J2C171100_22";"J2C"
"J2C171100_26";"J2C"
"J2C171100_30";"J2C"
"JANE_BEIGE";"NW"
"JANKO_BLACK";"GAN'S"
"JANKO_YELLOW";"GAN'S"
"JAP29_MULTI";"MARVEL"
"JAP49_MULTI";"MARVEL"
"JAPLAN7_MULTI";"NW"
"JAPLMIN48_MULTI";"NW"
"JAPLST33_MULTI";"DISNEY"
"JD535_BLACK";"EXQUILY"
"JD535_CAMEL";"EXQUILY"
"JE6155_1";"WINK"
"JE6155_2";"WINK"
"JE9202_BLACK";"NW"
"JE9205B_BLACK";"NW"
"JESSY_GREY";"LEMIGO"
"JH318_BEIGE";"SEASTAR"
"JH331_BLACK";"SEASTAR"
"JH332_BLACK";"SEASTAR"
"JH375_BLACK";"SEASTAR"
"JH375_PINK";"S.SUNNY"
"JH390_BEIGE";"SEASTAR"
"JHSL03_L_BLACK";"H.S.L."
"JHSL03_L_FUCHSIA";"H.S.L."
"JHSL03_M_RED_C_Z";"H.S.L."
"JL1996_BLACK";"NW"
"JM3011_BLACK";"WEIDE"
"JN121_BLACK";"NW"
"JON_BLACK";"NW"
"JON_BLACK_GREY";"NW"
"JOOP_BLACK";"GEZER"
"JOOP_BLUE";"GEZER"
"JOOP_BROWN";"GEZER"
"JOSHUA_GREY";"ROCK SPRING"
"JPF370_1GREY";"Dr. Jack"
"JPF370_BLACK";"Dr. Jack"
"JPF370_GREEN";"Dr. Jack"
"JPF370_GREY";"Dr. Jack"
"JPF370_PINK";"Dr. Jack"
"JPF370_PURPLE";"Dr. Jack"
"JPF370_RED";"Dr. Jack"
"JPF370_YELLOW";"Dr. Jack"
"JT29R_BLACK";"NW"
"JT29R_RED";"NW"
"JT719_BLACK";"NW"
"JT719_NAVY";"NW"
"JYT3_BEIGE";"POGGIO DOLCE"
"JYT3_BLACK";"POGGIO DOLCE"
"K100_BLACK";"BOTSAN"
"K119_GREY";"MARVEL"
"K200_BLACK";"BOTSAN"
"K273_BLACK";"JES MILE"
"K295_BLACK";"JES MILE"
"K3502293_1PINK";"WOOLF"
"K3502293_BLUE";"WOOLF"
"K3502293_GREEN";"WOOLF"
"K3502293_PINK";"WOOLF"
"K391_BLACK";"JES MILE"
"K5327_BLACK";"NW"
"K5327_BROWN";"NW"
"K60_BLACK";"NW"
"K60_GREY";"NW"
"K903_PINK";"NW"
"K_9937_BLACK";"NW"
"KALOL21_02_BLACK";"L.O.L."
"KANSAS";"DESIGN SAFETY"
"KAPP33_BLUE";"NICKELODEON"
"KD_3_FUXIA_24_31";"KOALAS"
"KD_3_NAVY_24_31";"KOALAS"
"KG102_NAVY";"NW"
"KG1AV09_NAVY";"DISNEY"
"KG42_GREEN";"NW"
"KIM972_BLUE";"LEMIGO"
"KIM972_GREEN";"LEMIGO"
"KIM972_RED";"LEMIGO"
"KIM972_YELLOW";"LEMIGO"
"KITZSTEINHORN_BLACK";"Conway"
"KL320_GREY";"NW"
"KL911_BLACK";"JANESSA"
"KL_335_KHAKI";"NW"
"KLQS39_BEIGE";"NW"
"KLQS_BLACK";"NW"
"KLQS_PINK";"NW"
"KLX25NAS_3D_03_BLUE";"NW"
"KLX25NAS_3D_04_PPURPLE";"NW"
"KNILOL_PINK";"L.O.L."
"KNIMIN_BLUE";"MINIONS"
"KNIMIN_PINK";"MINIONS"
"KNIPP_BLUE";"NICKELODEON"
"KO154_RED_W";"LEON"
"KO2019_BLACK";"LEON"
"KO2019_RED";"LEON"
"KO2019_WHITE";"LEON"
"KO3100_BLACK";"LEON"
"KO3100_WHITE";"LEON"
"KO360_BLACK";"LEON"
"KO360_BLUE";"LEON"
"KO360_RED";"LEON"
"KO910_BLACK";"LEON"
"KO910_WHITE";"LEON"
"KO950_BEIGE";"LEON"
"KO950_BLUE";"LEON"
"KO951_BLACK";"LEON"
"KO953_BLACK";"LEON"
"KO953_BLUE";"LEON"
"KO953_WHITE";"LEON"
"KOA01_1_GREEN";"BIANCOMOLINA"
"KOA01_1BLACK";"BIANCOMOLINA"
"KOA01_1PINK";"BIANCOMOLINA"
"KOA01_1WHITE";"BIANCOMOLINA"
"KOA01_2BLACK";"BIANCOMOLINA"
"KOA01_3BLACK";"BIANCOMOLINA"
"KOA01_BLACK";"BIANCOMOLINA"
"KOA01_BLACK_CP";"BIANCOMOLINA"
"KOA01_BLACK_P";"BIANCOMOLINA"
"KOA01_C_BLACK";"BIANCOMOLINA"
"KOA01_C_FLOWER";"BIANCOMOLINA"
"KOA01_C_GREEN";"BIANCOMOLINA"
"KOA01_C_HEART";"BIANCOMOLINA"
"KOA01_C_PINK";"BIANCOMOLINA"
"KOA01_FLOWER";"BIANCOMOLINA"
"KOA01_GREEN";"BIANCOMOLINA"
"KOA01_HEART";"BIANCOMOLINA"
"KOA01_HEART_K";"BIANCOMOLINA"
"KOA01_N_WHITE";"BIANCOMOLINA"
"KOA01_P_GREEN";"BIANCOMOLINA"
"KOA01_P_PINK";"BIANCOMOLINA"
"KOA01_PINK";"BIANCOMOLINA"
"KOA01_R_WHITE";"BIANCOMOLINA"
"KOA01_RED";"BIANCOMOLINA"
"KOA01_W_PINK";"BIANCOMOLINA"
"KOA01_W_WHITE";"BIANCOMOLINA"
"KOA01_WHITE";"BIANCOMOLINA"
"KOA01_WHITE_C";"BIANCOMOLINA"
"KOA01_WHITE_Z";"BIANCOMOLINA"
"KOA01_Z_GREEN";"BIANCOMOLINA"
"KOA01_Z_WHITE";"BIANCOMOLINA"
"KOA05_1_FLOWER";"BIANCOMOLINA"
"KOA05_1_WHITE";"BIANCOMOLINA"
"KOA05_BLACK";"BIANCOMOLINA"
"KOA05_C_BLACK";"BIANCOMOLINA"
"KOA05_C_FLOWER";"BIANCOMOLINA"
"KOA05_C_HEART";"BIANCOMOLINA"
"KOA05_C_WHITE";"BIANCOMOLINA"
"KOA05_FLOWER";"BIANCOMOLINA"
"KOA05_HEART";"BIANCOMOLINA"
"KOA05_P_BLACK";"BIANCOMOLINA"
"KOA05_WHITE";"BIANCOMOLINA"
"KOA05_WHITE_PS";"BIANCOMOLINA"
"KOA06_SILVER";"BIANCOMOLINA"
"KOA200_1BLACK";"BIANCOMOLINA"
"KOA200_1WHITE";"BIANCOMOLINA"
"KOA200_2BLACK";"BIANCOMOLINA"
"KOA200_2WHITE";"BIANCOMOLINA"
"KOA200_3BLACK";"BIANCOMOLINA"
"KOA200_3WHITE";"BIANCOMOLINA"
"KOA200_BLACK";"BIANCOMOLINA"
"KOA200_BLACK_CP";"BIANCOMOLINA"
"KOA200_FLOWER";"BIANCOMOLINA"
"KOA200_FLOWER_C";"BIANCOMOLINA"
"KOA200_GOLD_C";"BIANCOMOLINA"
"KOA200_GREEN";"BIANCOMOLINA"
"KOA200_HEART";"BIANCOMOLINA"
"KOA200_HEART_C";"BIANCOMOLINA"
"KOA200_HEART_NN";"BIANCOMOLINA"
"KOA200_PINK";"BIANCOMOLINA"
"KOA200_PINK_C";"BIANCOMOLINA"
"KOA200_RED_C";"BIANCOMOLINA"
"KOA200_SILVER";"BIANCOMOLINA"
"KOA200_SILVER_C";"BIANCOMOLINA"
"KOA200_SILVER_C1";"BIANCOMOLINA"
"KOA200_SILVER_N";"BIANCOMOLINA"
"KOA200_WHITE";"BIANCOMOLINA"
"KOA200_WHITE_C";"BIANCOMOLINA"
"KOA200_WHITE_CC";"BIANCOMOLINA"
"KOA202_1WHITE";"BIANCOMOLINA"
"KOA202_WHITE";"BIANCOMOLINA"
"KOAA01_BEIGE_PUDER";"BIANCOMOLINA"
"KOAA01_WHITE_G";"BIANCOMOLINA"
"KOAA05_WHITE";"BIANCOMOLINA"
"KOAA200_FLOWER";"BIANCOMOLINA"
"KOAA200_GOLD";"BIANCOMOLINA"
"KOF01_1_BLACK";"BIANCOMOLINA"
"KOF01_1_GREEN";"BIANCOMOLINA"
"KOF01_1RED";"BIANCOMOLINA"
"KOF01_2_GREEN";"BIANCOMOLINA"
"KOF01_2_RED";"BIANCOMOLINA"
"KOF01_3RED";"BIANCOMOLINA"
"KOF01_BLACK";"BIANCOMOLINA"
"KOF01_BLACK_WH";"BIANCOMOLINA"
"KOF01_C1_PINK";"BIANCOMOLINA"
"KOF01_C_GREEN";"BIANCOMOLINA"
"KOF01_C_PINK";"BIANCOMOLINA"
"KOF01_C_RED";"BIANCOMOLINA"
"KOF01_C_WHITE";"BIANCOMOLINA"
"KOF01_FLOWER";"BIANCOMOLINA"
"KOF01_GREEN";"BIANCOMOLINA"
"KOF01_HEART";"BIANCOMOLINA"
"KOF01_NN_PINK";"BIANCOMOLINA"
"KOF01_NN_RED";"BIANCOMOLINA"
"KOF01_PINK";"BIANCOMOLINA"
"KOF01_PINK_S";"BIANCOMOLINA"
"KOF01_R_BLACK";"BIANCOMOLINA"
"KOF01_RED";"BIANCOMOLINA"
"KOF01_RED_B";"BIANCOMOLINA"
"KOF01_RED_C";"BIANCOMOLINA"
"KOF01_S_GREEN";"BIANCOMOLINA"
"KOF01_WHITE";"BIANCOMOLINA"
"KOF01_Z_GREEN";"BIANCOMOLINA"
"KOF05_BLACK";"BIANCOMOLINA"
"KOF05_C_FLOWER";"BIANCOMOLINA"
"KOF05_C_HEART";"BIANCOMOLINA"
"KOF05_C_WHITE";"BIANCOMOLINA"
"KOF05_FLOWER";"BIANCOMOLINA"
"KOF05_HEART";"BIANCOMOLINA"
"KOF05_N_HEART";"BIANCOMOLINA"
"KOF05_N_WHITE";"BIANCOMOLINA"
"KOF05_PC_BLACK";"BIANCOMOLINA"
"KOF05_R_BLACK";"BIANCOMOLINA"
"KOF05_WHITE";"BIANCOMOLINA"
"KOF06_GOLD";"BIANCOMOLINA"
"KOF06_SILVER";"BIANCOMOLINA"
"KOF200_1BLACK";"BIANCOMOLINA"
"KOF200_1FLOWER";"BIANCOMOLINA"
"KOF200_1RED";"BIANCOMOLINA"
"KOF200_1WHITE";"BIANCOMOLINA"
"KOF200_2BLACK";"BIANCOMOLINA"
"KOF200_2WHITE";"BIANCOMOLINA"
"KOF200_3BLACK";"BIANCOMOLINA"
"KOF200_4BLACK";"BIANCOMOLINA"
"KOF200_BLACK";"BIANCOMOLINA"
"KOF200_FLOWER";"BIANCOMOLINA"
"KOF200_GOLD";"BIANCOMOLINA"
"KOF200_GOLD_C";"BIANCOMOLINA"
"KOF200_GOLD_N";"BIANCOMOLINA"
"KOF200_HEART";"BIANCOMOLINA"
"KOF200_PINK";"BIANCOMOLINA"
"KOF200_PINK_C";"BIANCOMOLINA"
"KOF200_RED";"BIANCOMOLINA"
"KOF200_ROSEGOLD";"BIANCOMOLINA"
"KOF200_RWHITE";"BIANCOMOLINA"
"KOF200_SILVER";"BIANCOMOLINA"
"KOF200_SILVER_C";"BIANCOMOLINA"
"KOF200_SILVER_CC";"BIANCOMOLINA"
"KOF200_WHITE";"BIANCOMOLINA"
"KOF200_WHITE_C";"BIANCOMOLINA"
"KOF202_BLACK";"BIANCOMOLINA"
"KOFF01_1BLACK";"BIANCOMOLINA"
"KOFF01_BLACK";"BIANCOMOLINA"
"KOFF01_RED";"BIANCOMOLINA"
"KOFF05_BLACK";"BIANCOMOLINA"
"KOFF05_CC_HEART";"BIANCOMOLINA"
"KOFF05_WHITE";"BIANCOMOLINA"
"KOFF06_C_GOLD";"BIANCOMOLINA"
"KOFF06_GOLD";"BIANCOMOLINA"
"KOFF200_GOLD";"BIANCOMOLINA"
"KOFF200_RED_PUDER";"BIANCOMOLINA"
"KOFF200_SILVER";"BIANCOMOLINA"
"KOFF200_WHITE";"BIANCOMOLINA"
"KORA925_BLUE";"LEMIGO"
"KORA925_RED";"LEMIGO"
"KORA925_REDPAJ";"LEMIGO"
"KORA_925_REDROM";"LEMIGO"
"KOV202_PINK";"LEON"
"KOV261_BLUE";"LEON"
"KPF352_12_WHITE";"HIT SHOES"
"KPF352_S00102_WHITE";"HIT SHOES"
"KPF352_S00107_WHITE";"HIT SHOES"
"KPF352_S00107_WHT";"HIT SHOES"
"KPF352_S00112_WHITE";"HIT SHOES"
"KPF352_S00112_WHT";"HIT SHOES"
"KPF352_S00128_BEIGE";"HIT SHOES"
"KPF352_S00129_WHITE";"HIT SHOES"
"KPF352_S01_WHITE";"HIT SHOES"
"KPF352_S02_WHITE";"HIT SHOES"
"KPF352_S03_WHITE";"HIT SHOES"
"KROKO_BLUE";"WOOLF"
"KROKO_GREEN";"WOOLF"
"KROKO_ORANGE";"WOOLF"
"KROKO_RED";"WOOLF"
"L1007_CHAMPAGNE";"NW"
"L1187_BLACK";"L D"
"L118_23_BLACK";"MOENIA"
"L118_23_BLK_BEIGE";"MOENIA"
"L118_26_BLK_BEIGE";"MOENIA"
"L19110103__BLACK";"HRX"
"L57615_1CL";"LOTTO"
"L58893_1H8";"LOTTO"
"L58893_1IN";"LOTTO"
"L58902_1GN";"LOTTO"
"L58902_1HK";"LOTTO"
"L627_BLACK";"MOENIA"
"L8817_GOLD";"NW"
"L8817_SILVER";"NW"
"L973_BLACK";"SEASTAR"
"LA252_WHITE";"SEASTAR"
"LA252_WHITE_RED";"SEASTAR"
"LA295_BLACK";"NW"
"LAN_BLUE";"NW"
"LAVER_BLUE";"NW"
"LAVER_RED";"NW"
"LB111_BLACK";"LOVE BALLERINS"
"LB111_BLUE";"LOVE BALLERINS"
"LB111_GRAY";"LOVE BALLERINS"
"LB111_TURKUAZ";"LOVE BALLERINS"
"LB111_WHITE";"LOVE BALLERINS"
"LC96341_BLACK";"NW"
"LD23019_OLIVE";"HANSON"
"LD248009_GREY";"HANSON"
"LD2480775_BLACK";"HANSON"
"LD_61_3_BLACK";"NW"
"LDLJ192_BEIGE";"NW"
"LDLJ192_BLACK";"NW"
"LE60802_WHITE";"NW"
"LE60803_WHITE";"NW"
"LE6080_WHITE";"NW"
"LECH_BLACK";"Conway"
"LET651_BLACK";"FUDALI"
"LET_52_BEIGE";"FUDALI"
"LET_52_BLACK";"FUDALI"
"LEVI_BLACK_RED";"Conway"
"LH113_BLACK";"SEASTAR"
"LINZ_SIVA";"ESSKIMO"
"LLT1529_BLACK";"NW"
"LLT1529_NAVY";"NW"
"LLT1530_BLUE";"NW"
"LLT1617_BLACK";"NW"
"LLT1617_NAVY";"NW"
"LLT1618_BLACK";"NW"
"LLT1618_BLUE";"NW"
"LNA223F101_01";"LONSDALE"
"LOTUS_BEIGE";"NW"
"LOTUS_KHAKI";"NW"
"LOVOR_NAVY";"NW"
"LOWRI_BEIGE";"MODA ELLENE"
"LOWRI_LIGHTBLUE";"MODA ELLENE"
"LP1536_BLACK";"NW"
"LP1536_YELLOW";"NW"
"LP1747_BLUE";"NW"
"LP1747_YELLOW";"NW"
"LS68_BLACK";"NW"
"LS68_PINK";"NW"
"LS68_SILVER";"NW"
"LS68_WHITE";"NW"
"LT417_BLACK";"NW"
"LT417_WHITE";"NW"
"LT9851_BLACK";"NW"
"LTA181301_04";"LOTTO"
"LTA181302_03";"LOTTO"
"LTA181302_04";"LOTTO"
"LTA183312_02";"LOTTO"
"LTA191101_01";"LOTTO"
"LTA193105_01";"LOTTO"
"LTA193312_75";"LOTTO"
"LTB191204_01";"LOTTO"
"LTB191204_02";"LOTTO"
"LTB193102_95";"LOTTO"
"LTE201U100_01";"LOTTO"
"LTE201U100_03";"LOTTO"
"LTE201U102_01";"LOTTO"
"LTE241M201_01";"LOTTO"
"LTF201B121_02";"LOTTO"
"LTF201G121_02";"LOTTO"
"LTF203F100_01";"LOTTO"
"LTF203F100_10";"LOTTO"
"LTF203F101_01";"LOTTO"
"LTF203F101_03";"LOTTO"
"LTF203M101_01";"LOTTO"
"LTF203M101_02";"LOTTO"
"LTF203M101_10";"LOTTO"
"LTF203M109_01";"LOTTO"
"LTF203M119_01";"LOTTO"
"LTF211B107_02";"LOTTO"
"LTF211B108_02";"LOTTO"
"LTF211F104_03";"LOTTO"
"LTF211F109_74";"LOTTO"
"LTF211M104_01";"LOTTO"
"LTF211M104_03";"LOTTO"
"LTF213B102_01";"LOTTO"
"LTF213M202_01";"LOTTO"
"LTF213M202_09";"LOTTO"
"LTF221B403_02";"LOTTO"
"LTF221F109_01";"LOTTO"
"LTF221F401_75";"LOTTO"
"LTF221G106_10";"LOTTO"
"LTF221G403_10";"LOTTO"
"LTF221M103_01";"LOTTO"
"LTF221M108_01";"LOTTO"
"LTF221M108_10";"LOTTO"
"LTF231B102_28";"LOTTO"
"LTF231B103_28";"LOTTO"
"LTF231B104_25";"LOTTO"
"LTF231B400_01";"LOTTO"
"LTF231B400_02";"LOTTO"
"LTF231F102_75";"LOTTO"
"LTF231F102_82";"LOTTO"
"LTF231F403_04";"LOTTO"
"LTF231F403_85";"LOTTO"
"LTF231F404_92";"LOTTO"
"LTF231G100_03";"LOTTO"
"LTF231G104_07";"LOTTO"
"LTF231G403_75";"LOTTO"
"LTF231M101_62";"LOTTO"
"LTF231M103_01";"LOTTO"
"LTF231M108_01";"LOTTO"
"LTF231M401_01";"LOTTO"
"LTF231M401_05";"LOTTO"
"LTF231M401_62";"LOTTO"
"LTF241B111_01";"LOTTO"
"LTF241B116_01";"LOTTO"
"LTF241B117_64";"LOTTO"
"LTF241B119_64";"LOTTO"
"LTF241F103_01";"LOTTO"
"LTF241F107_10";"LOTTO"
"LTF241F107_1X";"LOTTO"
"LTF241F403_10";"LOTTO"
"LTF241F404_85";"LOTTO"
"LTF241G400_10";"LOTTO"
"LTF241G401_73";"LOTTO"
"LTF241G404_46";"LOTTO"
"LTF241M105_01";"LOTTO"
"LTF241M105_10";"LOTTO"
"LTF241M125_64";"LOTTO"
"LTF241M401_61";"LOTTO"
"LTF241M402_01";"LOTTO"
"LTF241M402_62";"LOTTO"
"LTF243B101_02";"LOTTO"
"LTF243F105_01";"LOTTO"
"LTF243G103_01";"LOTTO"
"LTF243M105_61";"LOTTO"
"LTF251F105_82";"LOTTO"
"LTF251M105_01";"LOTTO"
"LTF251M105_10";"LOTTO"
"LTF251M109_01";"LOTTO"
"LTF251M109_10";"LOTTO"
"LTF261F401_LILA";"LOTTO"
"LTF261F401_WHITE";"LOTTO"
"LX023_WHITE";"NW"
"LX027_BLACK";"NW"
"LX202_BLACK";"NW"
"LX202_KHAKI";"NW"
"LX209_BEIGE";"NW"
"LY9125_CHAMPAGNE";"NW"
"LY9125_WHITE";"NW"
"LY_703_PINK";"NW"
"LYDIA_BEIGE";"Jela"
"M079_BLACK";"NW"
"M079_BROWN";"NW"
"M101_BLACK";"BAOBAOD"
"M101_BLUE";"BAOBAOD"
"M101_BROWN";"BAOBAOD"
"M126_025_BLACK";"MOENIA"
"M126_188_BLACK";"MOENIA"
"M182_RED";"ANTONIA COMFORT"
"M183_NAVY";"ANTONIA COMFORT"
"M183_RED";"ANTONIA COMFORT"
"M184_BEIGE";"ANTONIA COMFORT"
"M184_BLACK";"ANTONIA COMFORT"
"M184_BLACK_LOVE";"ANTONIA COMFORT"
"M184_BLUE";"ANTONIA COMFORT"
"M184_BLUE_LOVE";"ANTONIA COMFORT"
"M184_BORDO_LOVE";"ANTONIA COMFORT"
"M184_GOLD";"ANTONIA COMFORT"
"M184_GREY";"ANTONIA COMFORT"
"M184_R_BEIGE";"ANTONIA COMFORT"
"M184_R_BLACK";"ANTONIA COMFORT"
"M184_R_WHITE";"ANTONIA COMFORT"
"M184_RED";"ANTONIA COMFORT"
"M184_WHITE";"ANTONIA COMFORT"
"M185_WHITE";"ANTONIA COMFORT"
"M186_WHITE";"ANTONIA COMFORT"
"M187_BLUE";"ANTONIA COMFORT"
"M187_BROWN";"ANTONIA COMFORT"
"M187_GOLD";"ANTONIA COMFORT"
"M187_WHITE";"ANTONIA COMFORT"
"M188_FLOWER";"ANTONIA COMFORT"
"M188_FLOWER1";"ANTONIA COMFORT"
"M189_BEIGE";"ANTONIA COMFORT"
"M189_BLUE";"ANTONIA COMFORT"
"M189_BROWN";"ANTONIA COMFORT"
"M189_FLOWER";"ANTONIA COMFORT"
"M189_RED";"ANTONIA COMFORT"
"M190_1WHITE";"ANTONIA COMFORT"
"M190_2WHITE";"ANTONIA COMFORT"
"M190_3WHITE";"ANTONIA COMFORT"
"M190_B_BLACK";"ANTONIA COMFORT"
"M190_BLACK";"ANTONIA COMFORT"
"M190_BLACK_FLOWER";"ANTONIA COMFORT"
"M190_BLUE_RED";"ANTONIA COMFORT"
"M190_GREEN_FLOWER";"ANTONIA COMFORT"
"M190_PURPLE";"ANTONIA COMFORT"
"M190_R_BLACK";"ANTONIA COMFORT"
"M190_RED";"ANTONIA COMFORT"
"M190_RED_FLOWER";"ANTONIA COMFORT"
"M190_WHITE";"ANTONIA COMFORT"
"M190_WHITE_FLOWER";"ANTONIA COMFORT"
"M191_1SILVER";"ANTONIA COMFORT"
"M191_1WHITE";"ANTONIA COMFORT"
"M191_2WHITE";"ANTONIA COMFORT"
"M191_3_WHITE";"ANTONIA COMFORT"
"M191_BLACK_FLOWER";"ANTONIA COMFORT"
"M191_BLK_FLOWER";"ANTONIA COMFORT"
"M191_FLOWER";"ANTONIA COMFORT"
"M191_FLOWER_BLACK";"ANTONIA COMFORT"
"M191_G_FLOWER";"ANTONIA COMFORT"
"M191_HEART";"ANTONIA COMFORT"
"M191_NAVY";"ANTONIA COMFORT"
"M191_PINK";"ANTONIA COMFORT"
"M191_PURPLE";"ANTONIA COMFORT"
"M191_SILVER";"ANTONIA COMFORT"
"M191_VJE";"ANTONIA COMFORT"
"M191_WHITE";"ANTONIA COMFORT"
"M191_WHT";"ANTONIA COMFORT"
"M192_PURPLE";"ANTONIA COMFORT"
"M193_GREEN";"ANTONIA COMFORT"
"M193_GREY";"ANTONIA COMFORT"
"M194_PINK";"ANTONIA COMFORT"
"M195_BEIGE";"FOXTER"
"M195_RED";"FOXTER"
"M196_YELLOW";"CLASS LIFE"
"M197_PURPLE";"CLASS LIFE"
"M198_1_WHITE";"ANTONIA COMFORT"
"M198_1BLACK";"ANTONIA COMFORT"
"M198_2_WHITE";"ANTONIA COMFORT"
"M198_BLACK";"ANTONIA COMFORT"
"M198_WHITE";"ANTONIA COMFORT"
"M199_1WHITE";"ANTONIA COMFORT"
"M199_2_WHITE";"ANTONIA COMFORT"
"M199_BLACK";"ANTONIA COMFORT"
"M199_RED";"ANTONIA COMFORT"
"M199_REDZ";"ANTONIA COMFORT"
"M199_WHITE";"ANTONIA COMFORT"
"M199_WHITE1";"ANTONIA COMFORT"
"M1D163161_BLACK";"NW"
"M1D16316_APRICOT";"NW"
"M1L16316_PINK";"NW"
"M200_1WHITE";"ANTONIA COMFORT"
"M200_WHITE";"ANTONIA COMFORT"
"M201_1WHITE";"ANTONIA COMFORT"
"M201_WHITE";"ANTONIA COMFORT"
"M2026_LEPTIR";"ANTONIA COMFORT"
"M2026_RED";"ANTONIA COMFORT"
"M202_1_WHITE";"LEONARDA COMFORT"
"M202_1FLOWER";"LEONARDA COMFORT"
"M202_2_WHITE";"LEONARDA COMFORT"
"M202_3_WHITE";"LEONARDA COMFORT"
"M202_4_WHITE";"LEONARDA COMFORT"
"M202_BLKFLOWER";"LEONARDA COMFORT"
"M202_DOG";"LEONARDA COMFORT"
"M202_FLOWER";"LEONARDA COMFORT"
"M202_LEPTIR";"LEONARDA COMFORT"
"M202_LEPTIR2";"LEONARDA COMFORT"
"M202_LEPTIR3";"LEONARDA COMFORT"
"M202_LEPTIR4";"LEONARDA COMFORT"
"M202_S1_BEIGE";"LEONARDA COMFORT"
"M202_S_BEIGE";"LEONARDA COMFORT"
"M202_WHITE";"LEONARDA COMFORT"
"M377_BLACK";"SEASTAR"
"M622_BLACK";"MOENIA"
"M687_BEIGE";"MOENIA"
"M687_BLACK";"MOENIA"
"M687_GREY";"MOENIA"
"M687_RED";"MOENIA"
"M6990_BLACK";"NW"
"M7652_WHITE";"CONVERSE"
"M7L151_BLACK";"NW"
"M9237_BEIGE";"NW"
"M9237_BLACK";"NW"
"M9238_BLACK";"NW"
"M_23_BLACK";"NW"
"MABON_LIME";"Conway"
"MACK_BLACK";"Conway"
"MACK_blue_lime";"Conway"
"MACK_NAVY";"Conway"
"MACK_RED";"Conway"
"MACY_PINK_PAW";"DISNEY"
"MACY_SILVER_PAW";"DISNEY"
"MAJOR_BLACK";"Conway"
"MAJOR_BLUE";"Conway"
"MAJOR_NAVY_PURPLE";"Conway"
"MALA_BLUE";"Conway"
"MANDI_WHITE";"Conway"
"MANDY_BLACK";"Conway"
"MANI_BLUE";"Conway"
"MANI_RED";"Conway"
"MANI_WHITE";"Conway"
"MANII_BLACK";"Conway"
"MANIO_GREY";"Conway"
"MANIO_ORANGE";"Conway"
"MAO_BLACK_41_46";"Conway"
"MAO_FUXIA";"Conway"
"MAO_NAVY";"Conway"
"MAO_ROYAL";"Conway"
"MAOR_BLACK";"Flexy line"
"MARA_BLACK";"BIGBRAVE"
"MARA_FUXIA";"BIGBRAVE"
"MARA_GOLD";"BIGBRAVE"
"MARA_NAVY";"BIGBRAVE"
"MARA_SILVER";"BIGBRAVE"
"MARA_WHITE";"BIGBRAVE"
"MARAT_BLACK";"NW"
"MAREN_NAVY";"NW"
"MAREN_PINK";"NW"
"MARIS_BLACK";"GAN'S"
"MARO_BLACK";"Conway"
"MARO_NAVY";"Conway"
"MARTY_BLACK";"HANSON"
"MARTY_CAMEL";"HANSON"
"MATEA_BLACK";"NW"
"MATS_GREY";"CODE SEVEN"
"MATS_KHAKI";"CODE SEVEN"
"MATS_NAVY";"CODE SEVEN"
"MATS_RED";"CODE SEVEN"
"MAUN_BLACK";"Flexy line"
"MAX_BLACK";"Flexy line"
"MB95363_NAVY";"JOMIKS"
"MB9538_BLACK";"JOMIKS"
"MB9538_BLUE";"JOMIKS"
"MB9538_NAVY";"JOMIKS"
"MB9538_PINK";"JOMIKS"
"MD95421_BLACK";"JOMIKS"
"MD97611_BLACK";"JOMIKS"
"MEBEL_BLACK";"Flexy line"
"MEGAN_BLACK";"Conway"
"MEGAN_NAVY";"Conway"
"MEGAN_RED";"Conway"
"MEGAN_RED_2";"Conway"
"MEGAN_WHITE";"Conway"
"MEKA_BLACK";"NW"
"MELBA_BLACK";"NW"
"MELBA_BROWN";"NW"
"MELIS_BLACK";"Flexy line"
"MELO_BLACK";"Conway"
"MELO_NAVY";"Conway"
"MEMIR_BROWN";"Flexy line"
"MENES";"Conway"
"MENES_BLACK";"Conway"
"MENES_BLACK_GREY";"Conway"
"MENES_BLUE";"Conway"
"MENES_GREY";"Conway"
"MENES_GREY_1";"Conway"
"MENES_SILVER";"Conway"
"MENES_WHITE";"Conway"
"MERI_BLACK";"NW"
"MERIL_BLACK";"Flexy line"
"MERIL_BROWN";"Flexy line"
"MERTA_APRICOT";"NW"
"MERTA_BLACK";"NW"
"METE_BLACK";"Flexy line"
"METE_BROWN";"Flexy line"
"MEVI_BLACK";"HANSON"
"MEVI_CAMEL";"HANSON"
"MGC_COFFE";"UMBERTO TOZZI"
"MI19_BLUE";"NW"
"MI19_RED";"NW"
"MICRUS";"THUNDER"
"MIDO_BLACK";"Flexy line"
"MIKE_BLUE_PAW";"DISNEY"
"MIKEL_BLACK";"Flexy line"
"MILY_BLACK";"ROSSELLA LOPES"
"MIND_BLACK";"Flexy line"
"MING_BLACK";"Flexy line"
"MING_BROWN";"Flexy line"
"MINNI_PINK";"NW"
"MINOR_BLACK";"Flexy line"
"MIO_BLACK";"Flexy line"
"MIRTA_BEIGE";"NW"
"MIRTA_BLACK";"NW"
"MITETERSILL_BLACK_BLUE";"Conway"
"MJ11016_BLACK";"HRX"
"MJ11016_BLUE";"HRX"
"MJ11016_NAVY";"HRX"
"MJPP21_03_PINK";"NICKELODEON"
"MJPP21_13_NAVY";"NICKELODEON"
"ML58_BORDO";"COMER"
"ML59_BLACK";"COMER"
"MLO642_BLACK";"WEIDE"
"MM130_PINK";"NW"
"MM_352_BLACK";"NW"
"MM_352_CHAMPAGNE";"NW"
"MO1120_BLACK";"WEIDE"
"MODUL_GREY";"Conway"
"MODUL_NAVY";"Conway"
"MODY_BLACK";"Conway"
"MODY_LIME";"Conway"
"MODY_NAVY";"Conway"
"MOKA_BLACK";"BIGBRAVE"
"MOKA_LEOPARD";"BIGBRAVE"
"MOKA_LEOPARDC";"BIGBRAVE"
"MOKA_LEOPARDS";"BIGBRAVE"
"MOKA_NAVY";"BIGBRAVE"
"MOKA_RED";"BIGBRAVE"
"MOKO_BLACK";"Flexy line"
"MOLA_BLACK";"GAN'S"
"MOLA_CAMEL";"GAN'S"
"MOLIN_BLACK";"Conway"
"MOLIN_GREY";"Conway"
"MOLIN_NAVY";"Conway"
"MOLIVIA_BLACK";"NW"
"MOMO_BLACK";"Jela"
"MOMO_NAVY";"Jela"
"MONA_BLACK";"BIGBRAVE"
"MONA_WHITE";"BIGBRAVE"
"MONI_BLACK";"BIGBRAVE"
"MONI_GOLD";"BIGBRAVE"
"MONI_SILVER";"BIGBRAVE"
"MONI_WHITE";"BIGBRAVE"
"MONTPARNASSE_BEIGE";"ROCK SPRING"
"MORES_BLACK";"Conway"
"MORES_LIME";"Conway"
"MORES_RED";"Conway"
"MORI_BLACK";"BIGBRAVE"
"MORI_FUXIA";"BIGBRAVE"
"MORI_GOLD";"BIGBRAVE"
"MORI_NAVY";"BIGBRAVE"
"MORI_SILVER";"BIGBRAVE"
"MORI_WHITE";"BIGBRAVE"
"MORPHEUS";"Conway"
"MOTO_BLACK";"Flexy line"
"MOUNTAIN1_BLACK";"46NORD"
"MOUNTAIN_BLACK";"WOOLF"
"MOUNTAIN_BLACKP";"WOOLF"
"MOUNTAIN_BLACKS";"WOOLF"
"MOUNTAIN_DBLACK";"WOOLF"
"MOUNTAIN_GREY";"WOOLF"
"MOUNTAIN_GREYG";"WOOLF"
"MOUNTAIN_GREYR";"WOOLF"
"MOUNTAIN_ROYAL";"WOOLF"
"MOUNTAIN_WHITE";"46NORD"
"MOUNTAINS_BLACK";"WOOLF"
"MOZIS_BLACK";"Flexy line"
"MP01_WHITE";"BIANCOMOLINA"
"MR068_BLACK";"MOENIA"
"MR651_BLACK";"MOENIA"
"MR653_BLACK";"MOENIA"
"MR902_BLACK";"MOENIA"
"MS9039_BLACK";"Mellisa"
"MSP14_BLACK";"DREAMER"
"MSP14_BLUE";"DREAMER"
"MSP14_SILVER";"DREAMER"
"MT_D0977_1_DK_PINK";"NW"
"MU95401_BLACK";"JOMIKS"
"MULL_BLACK";"Flexy line"
"MULL_BROWN";"Flexy line"
"MURFI_BLACK";"Flexy line"
"MURFI_BROWN";"Flexy line"
"MUZIR_BLACK";"Conway"
"MUZIR_NAVY";"Conway"
"MYLO_1_BROWN";"Flexy line"
"MYLO_1BLACK";"Flexy line"
"MYLO_BLACK";"Flexy line"
"MYLO_BROWN";"Flexy line"
"MZ200_KHAKI";"NW"
"MZ3000_16_GREY";"GOGO SHOES"
"MZ3000_4_BLACK";"GOGO SHOES"
"N07_BROWN";"Dolce Iva"
"N13_BLACK";"Conway"
"N13_NAVY";"Conway"
"N14_NAVY";"Conway"
"N15";"Conway"
"N15_BLACK";"Conway"
"N15_GREY";"Conway"
"N15_NAVY";"Conway"
"N16_GREY";"Conway"
"N172_BLUE";"NW"
"N172_BROWN";"NW"
"N172_GREY";"NW"
"N190_BLACK";"ANTONIA COMFORT"
"N191_BEIGE";"ANTONIA COMFORT"
"N192_BEIGE";"ANTONIA COMFORT"
"N19_BLACK";"Conway"
"N19_GREY";"Conway"
"N2021_BLACK";"HIT SHOES"
"N2021_BLACKY";"HIT SHOES"
"N2021_BRONZE";"HIT SHOES"
"N2021_BROWN";"HIT SHOES"
"N2021_GREEN";"HIT SHOES"
"N2021_NAVY";"HIT SHOES"
"N2021_ORANGE";"HIT SHOES"
"N2021_RED";"HIT SHOES"
"N2021_WHITE";"HIT SHOES"
"N20_BLACK";"Conway"
"N20_GREY";"Conway"
"N27_BLACK";"Conway"
"N27_GREY";"Conway"
"N27_NAVY";"Conway"
"N28_GREY";"Conway"
"N2_BLACK";"Conway"
"N2_NAVY";"Conway"
"N352_3_FLOWER";"NALLAN"
"N352_FLOWER";"NALLAN"
"N352_WHITE";"NALLAN"
"N357_3_FLOWER";"NALLAN"
"N4_BLACK";"Conway"
"N4_NAVY";"Conway"
"N5_BLACK";"Conway"
"N6_BLACK";"Conway"
"N9AX_BLACK";"NW"
"NAP60_NAVY";"K-I"
"NB537_BLACK";"NW"
"NB537_WHITE";"NW"
"NB631_WHITE";"NW"
"NB661_BEIGE";"NW"
"NB661_BLACK";"NW"
"NB661_GREY";"NW"
"NELMA_BLK";"MODA ELLENE"
"NENA_BLK";"MODA ELLENE"
"NEW01_NAVY";"NW"
"NF_23012_36_41_BLACK___WEISS";"NW"
"NIF2357_BLACK";"NW"
"NIF2357_GREY";"NW"
"NIF2357_NAVY";"NW"
"NILS_BLACK";"LEMIGO"
"NILS_NAVY";"LEMIGO"
"NNGFRO01_BLUE";"DISNEY"
"NNGM7_PINK";"DISNEY"
"NP89452";"Conway"
"NPF352_A14";"NALLAN"
"NPF352_A15";"NALLAN"
"NPF352_A24";"NALLAN"
"NPF352_A25";"NALLAN"
"NPF352_A26";"NALLAN"
"NPF352_A27";"NALLAN"
"NPF352_K_BLACK";"NALLAN"
"NPF352_K_CHERY";"NALLAN"
"NPF352_K_DRED";"NALLAN"
"NPF352_K_L012GOLD";"NALLAN"
"NPF352_K_ORANG";"NALLAN"
"NPF352_K_YELLOW";"NALLAN"
"NPF352_L011_BROWN";"NALLAN"
"NPF352_L012_1GREEN";"NALLAN"
"NPF352_L012_BLACK";"NALLAN"
"NPF352_L012_RED";"NALLAN"
"NPF352_LA011_RED";"NALLAN"
"NPF352_LA012_BORDO";"NALLAN"
"NPF352_LA012_GREEN";"NALLAN"
"NPF362_GREEN";"NALLAN"
"NPF362_K_GOLDEN";"NALLAN"
"NPF362_K_RED";"NALLAN"
"NPF362_ORANGE";"NALLAN"
"NPF362_RED";"NALLAN"
"NPF380_1BROWN";"NALLAN"
"NPF380_2_BROWN";"NALLAN"
"NPF380_BLACK";"NALLAN"
"NPF380_BLUE";"NALLAN"
"NPF380_BROWN";"NALLAN"
"NPF380_K_CHERRY";"NALLAN"
"NPF380_K_DBROWN";"NALLAN"
"NPF380_K_GOLDEN";"NALLAN"
"NPF380_K_GREEN";"NALLAN"
"NPF380_K_GREY";"NALLAN"
"NPF380_K_LA001_YELLOW";"NALLAN"
"NPF380_K_LGREEN";"NALLAN"
"NPF380_K_TBROWN";"NALLAN"
"NPF380_K_WHT";"NALLAN"
"NPF380_K_YELLOW";"NALLAN"
"NPF380_L002_PURPLE";"NALLAN"
"NPF380_LA002_PURPLE";"NALLAN"
"NPF380_LA003_1GREEN";"NALLAN"
"NPF380_LA003_BLACK";"NALLAN"
"NPF380_LA003_BLUE";"NALLAN"
"NPF380_LA003_GREEN";"NALLAN"
"NPF380_LA003_PINK";"NALLAN"
"NPF380_LA003_WHITE";"NALLAN"
"NPF380_PURPLE";"NALLAN"
"NPF380_WHITE";"NALLAN"
"NPF380_YELLOW";"NALLAN"
"NS1103302_NAVAHO";"NAVAHO"
"NS1113301_NAVAHO";"NAVAHO"
"NS1251403_COFFEE";"NAVAHO"
"NU11216_BLACK";"NAVAHO"
"NU1251605_NAVAHO";"NAVAHO"
"NU1251708_NAVAHO";"NAVAHO"
"NW_112_16_BLACK";"NAVAHO"
"NY_111_34_01";"NAVAHO"
"OCTOPUS_BLUE";"AQUA TIME"
"OCTOPUS_NAVY";"AQUA TIME"
"OCTOPUS_PINK";"AQUA TIME"
"OCTOPUS_PURPLE";"AQUA TIME"
"OD_ACID_GREEN";"ONEDOTLEFT"
"OD_ARCTIC_BLUE";"ONEDOTLEFT"
"OD_BLACK";"ONEDOTLEFT"
"OD_ELECTR_YELLOW";"ONEDOTLEFT"
"OD_MELLOW_YELLOW";"ONEDOTLEFT"
"OD_MISCHMASCH";"ONEDOTLEFT"
"OD_PALE_BLUE";"ONEDOTLEFT"
"OD_POWDER_PINK";"ONEDOTLEFT"
"OD_RUBY_HAZE";"ONEDOTLEFT"
"OD_SUMMER_BLUE";"ONEDOTLEFT"
"OD_TOXIC_PINK";"ONEDOTLEFT"
"ODIN_GREY_ORANGE";"Jela"
"OF227_BLACK";"CLOWSE"
"OH008_BLACK";"NW"
"OH008_GOLD";"NW"
"OH008_SILVER";"NW"
"OLI939_BLUE";"LEMIGO"
"OLI939_GREEN";"LEMIGO"
"OLI939_PINK";"LEMIGO"
"OLI939_PINKY";"LEMIGO"
"OLI939_RED";"LEMIGO"
"OPATIJA_BEIGE";"ESSKIMO"
"OPATIJA_BIJELA";"ESSKIMO"
"OPATIJA_BLACK";"ESSKIMO"
"OPATIJA_BORDO";"ESSKIMO"
"OPATIJA_CRVENA";"ESSKIMO"
"OPATIJA_LILA";"ESSKIMO"
"OPATIJA_PETROLEJ";"ESSKIMO"
"OPATIJA_PINK";"ESSKIMO"
"OPATIJA_PLAVA";"ESSKIMO"
"OPATIJA_ROYAL";"ESSKIMO"
"OPATIJA_SIVA";"ESSKIMO"
"OPATIJA_SMEDA";"ESSKIMO"
"OPATIJA_SVSIVA";"ESSKIMO"
"OR371_RED";"CLOWSE"
"OROSEY_BEIGE";"ROCK SPRING"
"OROSEY_GREY";"ROCK SPRING"
"ORTLER_GREY";"Conway"
"OSLO_BLACK_GREY";"Conway"
"OSLO_BLACK_RED";"Conway"
"OSLO_NAVY_ORANGE";"Conway"
"P1741_18_BLACK";"TULIPANO"
"P1741_18_BROWN";"TULIPANO"
"P2133_SILVER";"TULIPANO"
"P2262_SILVER";"TULIPANO"
"P2327_BLACK";"VOLCAN"
"P2327_BROWN";"VOLCAN"
"P2327_COFFEE";"VOLCAN"
"P29_BLACK";"LIBER LIGHT"
"P2L6206_BLACK";"NW"
"P2L6206_SILVER";"NW"
"P3T11686_APRIKOT";"NW"
"P3T11686_BLACK";"NW"
"P6966_PINK";"TULIPANO"
"P6966_SILVER";"TULIPANO"
"P7L7365_APRIKOT";"NW"
"PA04532202_BLACK";"ROLY"
"PA04532505_BLUE";"ROLY"
"PA04532505_BLUE_1";"ROLY"
"PA04532555_NAVY";"ROLY"
"PA04532560";"ROLY"
"PA66880405_BLUE";"ROLY"
"PA66882555_NAVY";"ROLY"
"PA66882555_RED";"ROLY"
"PC_4002_BLACK";"BLU STAR"
"PC_4002_WHITE";"BLU STAR"
"PC_5002_BLACK";"BLU STAR"
"PC_5002_WHITE";"BLU STAR"
"PERF_SHORT_CREW_BLUE";"HEAD"
"PERF_SHORT_CREW_WHITE";"HEAD"
"PERFORMANSE_CREW_BLACK";"HEAD"
"PERFORMANSE_CREW_BLK";"HEAD"
"PERFORMANSE_CREW_GREY";"HEAD"
"PERFORMANSE_CREW_WHITE";"HEAD"
"PERFORMANSE_CREW_WHT";"HEAD"
"PERFORMANSE_QUARTER_BLACK";"HEAD"
"PERFORMANSE_QUARTER_BLK";"HEAD"
"PERFORMANSE_QUARTER_BLK_GREY";"HEAD"
"PERFORMANSE_QUARTER_WHITE";"HEAD"
"PERFORMANSE_QUARTER_WHT";"HEAD"
"PERFORMANSE_SNEAKER";"HEAD"
"PF272_BLACK";"NW"
"PFG101_2_BLACK";"GERIS"
"PFG101_2_WHITE";"GERIS"
"PFG101_3_BLACK";"GERIS"
"PFG101_3_BROWN";"GERIS"
"PFG117_02_GREEN";"GERIS"
"PFG118_01_BLACK";"GERIS"
"PINA_BLACK";"AQUA TIME"
"PINA_PURPLE";"AQUA TIME"
"PINA_WHITE";"AQUA TIME"
"PITZTAL_BLACK";"Conway"
"PJM15_NAVY";"NW"
"PLAM_BLACK";"NW"
"PLAME_BLACK";"NW"
"PLAME_BLUE";"NW"
"PLANET_GREEN";"NW"
"PLANET_PURPLE";"NW"
"platinum";"HIT SHOES"
"PM0811_SILVER";"NW"
"PM0811_WHITE";"NW"
"PMSV1611206_01";"J2C"
"PMSV1611206_02";"J2C"
"PMSV1611206_03";"J2C"
"PMSV1611206_04";"J2C"
"POLO_BLACK";"NW"
"POOLNAS21_NAVY";"NW"
"POOLNAS24_3D_01_BLACK";"NW"
"POOLNAS24_3D_PINK";"NW"
"PORTIA_BLACK";"AQUA TIME"
"PORTIA_WHITE";"AQUA TIME"
"PPS14_PINK";"NW"
"PRUGA_BIJELA";"ESSKIMO"
"PRUGA_CRNA";"ESSKIMO"
"PRUGA_PLAVA";"ESSKIMO"
"PRUGA_SIVA";"ESSKIMO"
"PS01_BLACK";"SEASTAR"
"PS01_BROWN";"SEASTAR"
"PS01_GOLD";"SEASTAR"
"PS01_SILVER";"SEASTAR"
"PS01_WHITE";"SEASTAR"
"PS25_BLACK";"SEASTAR"
"PU02_WHITE";"BIANCOMOLINA"
"PU03_1_ENGLAND";"BIANCOMOLINA"
"PU03_1_FLOWER";"BIANCOMOLINA"
"PU03_1BLACK";"BIANCOMOLINA"
"PU03_1WHITE";"BIANCOMOLINA"
"PU03_2_FLOWER";"BIANCOMOLINA"
"PU03_BEIGE";"BIANCOMOLINA"
"PU03_BLACK";"BIANCOMOLINA"
"PU03_ENGLAND";"BIANCOMOLINA"
"PU03_ENGLAND_II";"BIANCOMOLINA"
"PU03_FLOWER";"BIANCOMOLINA"
"PU03_FLOWER2";"BIANCOMOLINA"
"PU03_FRIZER";"BIANCOMOLINA"
"PU03_L_WHITE";"BIANCOMOLINA"
"PU03_RED";"BIANCOMOLINA"
"PU03_WHITE";"BIANCOMOLINA"
"PU03_ZEBRA";"BIANCOMOLINA"
"PU100_M_BLACK";"LEON"
"PU101_BLACK";"LEON"
"PU101_BLACK_M";"LEON"
"PU101_BROWN";"LEON"
"PU101_BROWN_M";"LEON"
"PU101_N_BLACK";"LEON"
"PU101_N_WHITE";"LEON"
"PU101_NM_BLACK";"LEON"
"PU101_NM_BROWN";"LEON"
"PU101_WHITE";"LEON"
"PU101_WHITE_M";"LEON"
"PU200_BRONZE";"BIANCOMOLINA"
"PU200_HEART";"BIANCOMOLINA"
"PU200_RED";"BIANCOMOLINA"
"PU200_TOURQUISE";"BIANCOMOLINA"
"PU_100_36_41blk";"LEON"
"PU_100_36_41wht";"LEON"
"PU_100_41_46_blk";"LEON"
"PU_100_41_46_wht";"LEON"
"PU_100_M_WHITE";"LEON"
"PU_100_MINT";"LEON"
"PU_100_N_MINT";"LEON"
"PU_100_N_PERLA";"LEON"
"PU_100_N_SILVER";"LEON"
"PU_100_PERLA";"LEON"
"PU_100_SILVER";"LEON"
"PU_100_WHITE";"LEON"
"PU_100BLACK";"LEON"
"PU_100WHITE";"LEON"
"PUH_WHITE";"NW"
"Q15_BLACK";"WANDERFULL"
"Q15_BLACK_GREY";"WANDERFULL"
"QP1032605_BLACK";"PATTINA COMODA"
"QPF351_T001_BLACK";"HITNEX"
"QPF351_T001_BLUE";"HITNEX"
"QPF351_T001_OLIVE";"HITNEX"
"QPF351_T001_PURPLE";"HITNEX"
"QQ376_KHAKI";"NW"
"QQ635_BLACK";"NW"
"QUARTER_BLACK";"HEAD"
"QUARTER_GREY";"HEAD"
"QUARTER_WHITE";"HEAD"
"R105_BLACK";"S.S"
"R188_BLACK";"NW"
"R18_10_BLACK";"NW"
"R18_8_BLACK";"NW"
"R6960_BLACK";"NW"
"RABIOLI_BLK";"Conway"
"RABIOLI_NAVY";"Conway"
"RAFA_BLACK";"Conway"
"RAJNA_BLACK";"ROSSELLA LOPES"
"RAKEL_PINK";"Conway"
"RAKEL_SORT_36_41";"Conway"
"RANGER_OLIVE";"NW"
"RANGERI_BLACK";"NW"
"RANGERS_BLACK";"NW"
"RANGERS_GREEN";"NW"
"RANGERS_GREY";"NW"
"RANGERS_OLIVE";"NW"
"RAPA_BLACK";"Conway"
"RASA_BLACK";"Conway"
"RASSY_BLACK";"NW"
"RAYSE_BLACK";"LOTTO"
"RB145_BLACK";"SEASTAR"
"RB157_BROWN";"SEASTAR"
"RB1801_MIX";"NW"
"RB1801_PINK";"NW"
"RBX07";"NW"
"RD8_CHAMPAGNE";"NW"
"RD8_SILVER";"NW"
"REBA_BLACK";"ROSSELLA LOPES"
"REEBAK_BLACK";"HIT SHOES"
"REEBAK_BLUE";"HIT SHOES"
"RELA_PINK";"Conway"
"RELA_RED";"Conway"
"RELAZIO_BLACK_GREY";"LOTTO"
"RELAZIO_TAUPE_SAND";"LOTTO"
"RELMA_GREY";"Conway"
"REMA_BLACK";"Conway"
"RENZO_BLACK";"Conway"
"RENZO_BLACKBLUE";"Conway"
"RENZO_GREY";"Conway"
"RESI_GREY";"Conway"
"RESI_PINK";"Conway"
"REY_BLACK";"Conway"
"REY_NAVY";"Conway"
"RH131_BEIGE";"Soft Space"
"RH131_BLACK";"Soft Space"
"RICCO";"Conway"
"RICCO_NAVY";"Conway"
"RIJEKA_CRNA";"ESSKIMO"
"RIJEKA_GREY";"ESSKIMO"
"RIJEKA_PETROL";"ESSKIMO"
"RIJEKA_PLAVA";"ESSKIMO"
"RIJEKA_SIVA";"ESSKIMO"
"RIJEKA_WHITE";"ESSKIMO"
"RIKI_BLACK";"Conway"
"RIKI_NAVY";"Conway"
"RIMBA_BLACK_R";"Conway"
"RIOLETA_BLACK";"NW"
"RJ007_GRU_SILVER";"DISNEY"
"RJ007_PAW_POWER_PINK";"DISNEY"
"ROA_BLACK";"Conway"
"ROA_GRAY";"Conway"
"ROA_NAVY";"Conway"
"RODINA_BLACK";"MODA ELLENE"
"RODINA_COFFEE";"MODA ELLENE"
"ROE_BLACK";"NW"
"ROGLA_BIJELA";"ESSKIMO"
"ROGLA_CRNA";"ESSKIMO"
"ROGLA_SIVA";"ESSKIMO"
"ROK_BLACK";"Conway"
"ROMA_BLACK";"ROSSELLA LOPES"
"ROMA_CAMEL";"ROSSELLA LOPES"
"ROMA_GREY";"ROSSELLA LOPES"
"ROMA_PINK";"ROSSELLA LOPES"
"RON_BLACK";"Conway"
"RON_GREY";"Conway"
"ROVER_BLACK";"Conway"
"ROYAL_CLJOG_BLUE";"REEBOK"
"ROYAL_CLJOG_NAVY";"REEBOK"
"ROYAL_CLJOG_PINK";"REEBOK"
"RUBA_GREY";"Conway"
"RUDAR_BLACK";"NW"
"RUINA_BLACK";"MODA ELLENE"
"RUMI_BLACK_GREY";"Conway"
"RUMI_NAVY";"Conway"
"RUNA_BLACK";"Conway"
"RUNA_GREY";"Conway"
"RUNA_NAVY";"Conway"
"RUTA_BLACK";"Conway"
"RUTA_NAVY";"Conway"
"RUTLAND_1_BLACK";"Conway"
"RUTLAND_1WHITE";"Conway"
"RUTLAND_BLACK";"Conway"
"RUTLAND_BLK_WHITE";"Conway"
"RUTLAND_NAVY";"Conway"
"RUTLAND_WHITE";"Conway"
"RUTLAND_WHITES";"Conway"
"S010_BEIGE";"HIT SHOES"
"S010_WHITE";"HIT SHOES"
"S010_YELLOW";"HIT SHOES"
"S011_PINK";"HITNEX"
"S10228_388";"CHAMPION"
"S10276_006";"CHAMPION"
"S10280_2175_PINK";"CHAMPION"
"S10282_1515_GREY";"CHAMPION"
"S10287_1038";"CHAMPION"
"S10287_2192_NAVY";"CHAMPION"
"S10288_011";"CHAMPION"
"S10288_076";"CHAMPION"
"S10288_1051";"CHAMPION"
"S10290_016_FUCHSIA";"CHAMPION"
"S10290_2256_BLACK";"CHAMPION"
"S10295_2175";"CHAMPION"
"S10299_8761";"CHAMPION"
"S10370_ES010";"CHAMPION"
"S10370_K003";"CHAMPION"
"S10374_ES003";"CHAMPION"
"S10374_KK0002";"CHAMPION"
"S10377_KK002";"CHAMPION"
"S10377_VS502";"CHAMPION"
"S10379_KK002";"CHAMPION"
"S10380_VS018";"CHAMPION"
"S10384_RS501";"CHAMPION"
"S10387_ES002";"CHAMPION"
"S10387_MS516";"CHAMPION"
"S10470_ES010";"CHAMPION"
"S10470_WW006";"CHAMPION"
"S10480_WW001";"CHAMPION"
"S10504_PS013";"CHAMPION"
"S10504_WW001";"CHAMPION"
"S10574_WW001";"CHAMPION"
"S10661_KK002";"CHAMPION"
"S10661_PS013";"CHAMPION"
"S10678_KK001";"CHAMPION"
"S10678_MS01";"CHAMPION"
"S10695_ES010";"CHAMPION"
"S10695_KK001";"CHAMPION"
"S10854_KK001";"CHAMPION"
"S10854_KK002";"CHAMPION"
"S10854_WW001";"CHAMPION"
"S10855_KK001";"CHAMPION"
"S10867_KK001";"CHAMPION"
"S10867_PS013";"CHAMPION"
"S10872_KK001";"CHAMPION"
"S10875_ES007";"CHAMPION"
"S10875_KK001";"CHAMPION"
"S10876_KK001";"CHAMPION"
"S10932_EM007";"CHAMPION"
"S10932_KK001";"CHAMPION"
"S10937_KK001";"CHAMPION"
"S10937_WW001";"CHAMPION"
"S10940_ES007";"CHAMPION"
"S10940_KK001";"CHAMPION"
"S10_WHITE";"NW"
"S11080_KK001";"CHAMPION"
"S11098_WW001";"CHAMPION"
"S11099_VS022";"CHAMPION"
"S11103_KK001";"CHAMPION"
"S11103_WW005";"CHAMPION"
"S11106_KK001";"CHAMPION"
"S11156_KK001";"CHAMPION"
"S11161_KK001";"CHAMPION"
"S11162_PS046";"CHAMPION"
"S11162_WW01";"CHAMPION"
"S11274_KK001";"CHAMPION"
"S11277_KK001";"CHAMPION"
"S11278_BS501";"CHAMPION"
"S11279_PS013";"CHAMPION"
"S11335_ES010";"CHAMPION"
"S11335_PS013";"CHAMPION"
"S11337_ES010";"CHAMPION"
"S11337_PS006";"CHAMPION"
"S11339_WW001";"CHAMPION"
"S11340_KK001";"CHAMPION"
"S11412_KK001";"CHAMPION"
"S11413_MS503";"CHAMPION"
"S11416_KK001";"CHAMPION"
"S11416_KK001_TEONA";"CHAMPION"
"S11418_WW001";"CHAMPION"
"S11419_PS013";"CHAMPION"
"S11421_RS520";"CHAMPION"
"S11529_WW001";"CHAMPION"
"S11531_PS013";"CHAMPION"
"S11532_KK001";"CHAMPION"
"S11532_WW001";"CHAMPION"
"S11533_KK001";"CHAMPION"
"S11533_WW001";"CHAMPION"
"S11537_WW001";"CHAMPION"
"S11537_WW002";"CHAMPION"
"S11634_KK001";"CHAMPION"
"S11634_PS013";"CHAMPION"
"S11636_WW001";"CHAMPION"
"S11879_KK001";"CHAMPION"
"S11879_YS162";"CHAMPION"
"S11880_KK001";"CHAMPION"
"S11880_RS520";"CHAMPION"
"S11881_WW003";"CHAMPION"
"S11903_KK01";"CHAMPION"
"S11903_MS009";"CHAMPION"
"S11907_BLACKP";"CHAMPION"
"S11908_BLACK";"CHAMPION"
"S11908_WHITE";"CHAMPION"
"S11_BLACK";"NW"
"S11_PINK";"NW"
"S1250_BLUE";"SANITAL"
"S1250_PINK";"SANITAL"
"S126_BLACK";"NW"
"S126_BLUE";"NW"
"S126_KHAKI";"NW"
"S14247_36_41";"NW"
"S1650_BLACK";"NW"
"S20166_2175";"CHAMPION"
"S20219_003";"CHAMPION"
"S20220_006";"CHAMPION"
"S20220_2175";"CHAMPION"
"S20221_2175";"CHAMPION"
"S20223_2175";"CHAMPION"
"S20223_2192_DEEP";"CHAMPION"
"S20226_2192";"CHAMPION"
"S20254_2175_40";"CHAMPION"
"S20256_1751_BLACK";"CHAMPION"
"S20256_1751_WH";"CHAMPION"
"S20258_006";"CHAMPION"
"S20258_2175";"CHAMPION"
"S20356_001_GREY";"CHAMPION"
"S20356_2175";"CHAMPION"
"S20356_2192_NAVY";"CHAMPION"
"S20357_2192_NAVY";"CHAMPION"
"S20357_2758_GREY";"CHAMPION"
"S20360_001";"CHAMPION"
"S20360_005_RED";"CHAMPION"
"S20360_2192";"CHAMPION"
"S20362_2175";"CHAMPION"
"S20363_2192";"CHAMPION"
"S20364_2175";"CHAMPION"
"S20364_2192_NAVY";"CHAMPION"
"S20367_005";"CHAMPION"
"S20367_2175_BLACK";"CHAMPION"
"S20368_001_GREY";"CHAMPION"
"S20368_2175_BLACK";"CHAMPION"
"S20369_2192";"CHAMPION"
"S20371_001";"CHAMPION"
"S20371_2256";"CHAMPION"
"S20374_2504";"CHAMPION"
"S20385_1515";"CHAMPION"
"S20385_2192";"CHAMPION"
"S20394_2175";"CHAMPION"
"S20398_2175_BLACK";"CHAMPION"
"S20398_2192_BLUE";"CHAMPION"
"S20475_KK001_BLACK";"CHAMPION"
"S20475_WW001_WHITE";"CHAMPION"
"S20476_WW001";"CHAMPION"
"S20478_GS501";"CHAMPION"
"S20478_KK001";"CHAMPION"
"S20483_KK002";"CHAMPION"
"S20485_BS517";"CHAMPION"
"S20485_KK001";"CHAMPION"
"S20487_KK001";"CHAMPION"
"S20489_GS509";"CHAMPION"
"S20489_KK001";"CHAMPION"
"S20490_BS501";"CHAMPION"
"S20490_ES002";"CHAMPION"
"S20490_WW001";"CHAMPION"
"S20496_KK003";"CHAMPION"
"S20499_KK004";"CHAMPION"
"S20500_KK001_BLACK";"CHAMPION"
"S20507_ES502";"CHAMPION"
"S20520_BS501";"CHAMPION"
"S20520_KK002";"CHAMPION"
"S20520_MS516";"CHAMPION"
"S20653_ES007";"CHAMPION"
"S20653_KK001";"CHAMPION"
"S20664_BS501_NAVY";"CHAMPION"
"S20664_KK001_BLACK";"CHAMPION"
"S20675_KK001";"CHAMPION"
"S20675_KK002";"CHAMPION"
"S20679_WW001";"CHAMPION"
"S20682_BS050_DGREY";"CHAMPION"
"S20682_BS050_NAVY";"CHAMPION"
"S20695_KK001_BLACK";"CHAMPION"
"S20793_ES017";"CHAMPION"
"S20793_KK002";"CHAMPION"
"S20798_ES502";"CHAMPION"
"S20798_KK001_BLACK";"CHAMPION"
"S20911_WW001";"CHAMPION"
"S20916_KK001";"CHAMPION"
"S20924_BS501";"CHAMPION"
"S20924_KK001";"CHAMPION"
"S20930_KK002";"CHAMPION"
"S20960_KK001";"CHAMPION"
"S20960_RS001";"CHAMPION"
"S20961_BS501";"CHAMPION"
"S20961_KK001";"CHAMPION"
"S20969_BS518";"CHAMPION"
"S20969_KK007";"CHAMPION"
"S21179_KK001";"CHAMPION"
"S21182_BS501";"CHAMPION"
"S21182_KK001";"CHAMPION"
"S21245_KK001";"CHAMPION"
"S21245_WW001";"CHAMPION"
"S21252_GS517";"CHAMPION"
"S21252_KK001";"CHAMPION"
"S21272_ES010";"CHAMPION"
"S21272_GS517";"CHAMPION"
"S21272ES010";"CHAMPION"
"S21278_GS517";"CHAMPION"
"S21278_KK001";"CHAMPION"
"S21281_GS517";"CHAMPION"
"S21281_KK001";"CHAMPION"
"S21376_BS501";"CHAMPION"
"S21376_ES017";"CHAMPION"
"S21382_ES007";"CHAMPION"
"S21382_KK002";"CHAMPION"
"S21391_KK001";"CHAMPION"
"S21511_KK002";"CHAMPION"
"S21534_BS501";"CHAMPION"
"S21534_KK001";"CHAMPION"
"S21535_KK001";"CHAMPION"
"S21535_RS001";"CHAMPION"
"S21538_KK001";"CHAMPION"
"S21540_KK001";"CHAMPION"
"S21540_WW005";"CHAMPION"
"S21545_WW001";"CHAMPION"
"S21572_BS501";"CHAMPION"
"S21572_KK001";"CHAMPION"
"S21572_RS001";"CHAMPION"
"S21574_BS501";"CHAMPION"
"S21574_KK001";"CHAMPION"
"S21605_KK001";"CHAMPION"
"S21605_RS001";"CHAMPION"
"S21680_KK001";"CHAMPION"
"S21680_WW001";"CHAMPION"
"S21684_KK001";"CHAMPION"
"S21686_KK001";"CHAMPION"
"S21687_KK001";"CHAMPION"
"S21688_KK001";"CHAMPION"
"S21690_KK001";"CHAMPION"
"S21746_KK001";"CHAMPION"
"S21746_YS001";"CHAMPION"
"S21748_BS501";"CHAMPION"
"S21748_KK001";"CHAMPION"
"S21751_BS501";"CHAMPION"
"S21751_KK001";"CHAMPION"
"S21751_N_BS501";"CHAMPION"
"S21751_N_WW001";"CHAMPION"
"S21751_WW001";"CHAMPION"
"S21752_KK001";"CHAMPION"
"S21836_BS501";"CHAMPION"
"S21836_KK001";"CHAMPION"
"S21838_KK001";"CHAMPION"
"S21839_ES010";"CHAMPION"
"S21839_KK001";"CHAMPION"
"S21840_ES010";"CHAMPION"
"S21841_ES007";"CHAMPION"
"S21844_KK001";"CHAMPION"
"S21978_GS517";"CHAMPION"
"S21979_ES007";"CHAMPION"
"S21979_KK001";"CHAMPION"
"S21980_BS507";"CHAMPION"
"S21980_KK001";"CHAMPION"
"S21980_KK001_1";"CHAMPION"
"S21981_KK001";"CHAMPION"
"S21982_GS517";"CHAMPION"
"S21982_KK001";"CHAMPION"
"S21983_BS507";"CHAMPION"
"S21983_ES007";"CHAMPION"
"S21984_KK001";"CHAMPION"
"S21985_BS507";"CHAMPION"
"S21987_KK001";"CHAMPION"
"S21988_KK001";"CHAMPION"
"S22085_KK001";"CHAMPION"
"S22087_KK001";"CHAMPION"
"S22087_WW001";"CHAMPION"
"S22155_KK001";"CHAMPION"
"S22155_MS023";"CHAMPION"
"S22158_ES007";"CHAMPION"
"S22158_KK001";"CHAMPION"
"S22159_GS517";"CHAMPION"
"S22161_KK001";"CHAMPION"
"S22162_KK001";"CHAMPION"
"S22162_MS034";"CHAMPION"
"S22162_RS001";"CHAMPION"
"S22423_GS518";"CHAMPION"
"S22526_DGREEN";"CHAMPION"
"S22548_ES001";"CHAMPION"
"S22549_KK007";"CHAMPION"
"S22551_GS518";"CHAMPION"
"S22551_KK001";"CHAMPION"
"S22553_KK001";"CHAMPION"
"S22584_KK001";"CHAMPION"
"S22588_BLACK_RED";"CHAMPION"
"S22588_BLUE";"CHAMPION"
"S237018_BEIGE";"NW"
"S237018_BLACK";"NW"
"S30119_2307";"CHAMPION"
"S30165_F15";"CHAMPION"
"S30168_1069";"CHAMPION"
"S30276_1020";"CHAMPION"
"S30276_190";"CHAMPION"
"S30276_2977";"CHAMPION"
"S30380_089";"CHAMPION"
"S30454_F16";"CHAMPION"
"S30454_S16";"CHAMPION"
"S30460_S16";"CHAMPION"
"S30467_S17";"CHAMPION"
"S30489_1271";"CHAMPION"
"S30489_S17";"CHAMPION"
"S30527_S17";"CHAMPION"
"S30533_001";"CHAMPION"
"S30574_BS036";"CHAMPION"
"S30622_F16";"CHAMPION"
"S30690_006";"CHAMPION"
"S30710_1965";"CHAMPION"
"S30711_1965";"CHAMPION"
"S30712_S17";"CHAMPION"
"S30741_001";"CHAMPION"
"S30821_S17";"CHAMPION"
"S30824_001";"CHAMPION"
"S30836_011";"CHAMPION"
"S30854_2192_NAVY";"CHAMPION"
"S30866_5186";"CHAMPION"
"S30905_RS048";"CHAMPION"
"S30907_PS039";"CHAMPION"
"S30908_PS038";"CHAMPION"
"S30912_BS518";"CHAMPION"
"S30924_BS517";"CHAMPION"
"S30942_BS501";"CHAMPION"
"S30954_YS007";"CHAMPION"
"S310";"CHAMPION"
"S31068_2192";"CHAMPION"
"S31068_BS036";"CHAMPION"
"S31068_VS021";"CHAMPION"
"S31070_ES017_GREY";"CHAMPION"
"S31070_ES502";"CHAMPION"
"S31070_WW001";"CHAMPION"
"S31081_BS517_NAVY";"CHAMPION"
"S31083_KK002_BLACK";"CHAMPION"
"S31087_ES011";"CHAMPION"
"S31088_WW006";"CHAMPION"
"S31093_KK001_BLACK";"CHAMPION"
"S31094_KK001";"CHAMPION"
"S31111";"CHAMPION"
"S31111_ES007";"CHAMPION"
"S31112_ES007";"CHAMPION"
"S31113_BS020";"CHAMPION"
"S31114_BS020";"CHAMPION"
"S31121_PS036";"CHAMPION"
"S31187_WW001";"CHAMPION"
"S31207_BS501";"CHAMPION"
"S31279_BS501";"CHAMPION"
"S31290_BS501";"CHAMPION"
"S31310_BS501";"CHAMPION"
"S31348_BS501";"CHAMPION"
"S31358_KK001";"CHAMPION"
"S31358_WW001";"CHAMPION"
"S31359_KK001";"CHAMPION"
"S31359_WW001";"CHAMPION"
"S31361_KK001";"CHAMPION"
"S31361_WW001";"CHAMPION"
"S31364_KK001";"CHAMPION"
"S31368_ES017";"CHAMPION"
"S31370_BS501";"CHAMPION"
"S31370_GS004";"CHAMPION"
"S31400_BS501";"CHAMPION"
"S31407_KK001";"CHAMPION"
"S31410_PS010";"CHAMPION"
"S31486_BS501_NAVY";"CHAMPION"
"S31487_KK001_BLACK";"CHAMPION"
"S31545_WW006";"CHAMPION"
"S31563_BS501";"CHAMPION"
"S31568_ES010";"CHAMPION"
"S31575_BS036";"CHAMPION"
"S31575_GS518";"CHAMPION"
"S31575_RS001";"CHAMPION"
"S31576_BS501";"CHAMPION"
"S31578_BS036";"CHAMPION"
"S31578_KK001";"CHAMPION"
"S31583_WW001";"CHAMPION"
"S31595";"ADIDAS"
"S31596_PS041";"CHAMPION"
"S31596_VS009";"CHAMPION"
"S31599_VS003";"CHAMPION"
"S31621_ES007";"CHAMPION"
"S31633_KK001";"CHAMPION"
"S31637_PS009";"CHAMPION"
"S31654_WW006";"CHAMPION"
"S31655_WW001";"CHAMPION"
"S31656_VS009";"CHAMPION"
"S31657_BS036";"CHAMPION"
"S31657_RS001";"CHAMPION"
"S31658_BS036";"CHAMPION"
"S31658_KK001";"CHAMPION"
"S31659_3334";"CHAMPION"
"S31659_VS003";"CHAMPION"
"S31671_KK001";"CHAMPION"
"S31683_ES010";"CHAMPION"
"S31691_WW001";"CHAMPION"
"S31811_BS501";"CHAMPION"
"S31813_PS013";"CHAMPION"
"S31815_ES007";"CHAMPION"
"S31815_KK001";"CHAMPION"
"S31817_ES007";"CHAMPION"
"S31825_BS501";"CHAMPION"
"S31825_PS013";"CHAMPION"
"S31826_BS501";"CHAMPION"
"S31826_PS01";"CHAMPION"
"S31829_KK001";"CHAMPION"
"S31830_KK001";"CHAMPION"
"S31924_WW001";"CHAMPION"
"S32059_BS501";"CHAMPION"
"S32060_BS501";"CHAMPION"
"S32061_BS501";"CHAMPION"
"S32061_BS503";"CHAMPION"
"S32061_GS517";"CHAMPION"
"S32063_BS501";"CHAMPION"
"S32064_BS501";"CHAMPION"
"S32068_BS501";"CHAMPION"
"S32069_ES508";"CHAMPION"
"S32075_ES010";"CHAMPION"
"S32075_PS013";"CHAMPION"
"S32077_KK001";"CHAMPION"
"S32086_KK001";"CHAMPION"
"S32087_ES010";"CHAMPION"
"S32111_BS501";"CHAMPION"
"S32112_KK001";"CHAMPION"
"S32168_BS501";"CHAMPION"
"S32169_ES007";"CHAMPION"
"S32170_ES007";"CHAMPION"
"S32171_WW001";"CHAMPION"
"S32172_WW001";"CHAMPION"
"S32174_WW001";"CHAMPION"
"S32177_PS013";"CHAMPION"
"S32178_WW001";"CHAMPION"
"S32179_WW001";"CHAMPION"
"S32236_BS503";"CHAMPION"
"S32237_BS016";"CHAMPION"
"S32238_BS016";"CHAMPION"
"S32239_BS016";"CHAMPION"
"S32240_KK001";"CHAMPION"
"S32245_WW005";"CHAMPION"
"S32246_WW005";"CHAMPION"
"S32247_WW001";"CHAMPION"
"S32251_PS016";"CHAMPION"
"S32254_VS018";"CHAMPION"
"S32254_WW001";"CHAMPION"
"S32255_VS018";"CHAMPION"
"S32255_WW001";"CHAMPION"
"S32335_KK001";"CHAMPION"
"S32341_ES007";"CHAMPION"
"S32352_PS013";"CHAMPION"
"S32353_PS013";"CHAMPION"
"S32580_BS036";"CHAMPION"
"S32581_ES010";"CHAMPION"
"S32582_BS036";"CHAMPION"
"S32582_BS517";"CHAMPION"
"S32585_WW001";"CHAMPION"
"S32592_PS013";"CHAMPION"
"S32592_VS022";"CHAMPION"
"S32593_ES010";"CHAMPION"
"S32593_PS010";"CHAMPION"
"S32594_PS085";"CHAMPION"
"S32598_PS013";"CHAMPION"
"S32599_PS013";"CHAMPION"
"S32710_WW001";"CHAMPION"
"S32789_WW001";"CHAMPION"
"S32791_ES010";"CHAMPION"
"S32799_WW001";"CHAMPION"
"S32801_WW001";"CHAMPION"
"S32802_WW001";"CHAMPION"
"S32804_PS132";"CHAMPION"
"S331_BLACK";"NW"
"S331_CAMEL";"NW"
"S33385_SAR";"CHAMPION"
"S33390_PINK";"CHAMPION"
"S40060_1688";"CHAMPION"
"S40060_3388";"CHAMPION"
"S40083_ES012";"CHAMPION"
"S40083_ES507";"CHAMPION"
"S77694";"ADIDAS"
"S9448_BLACK";"LOTTO"
"S_117_KHAKI";"NW"
"S_121_GREY";"NW"
"SABA_BLACK";"NW"
"SABA_NAVY";"NW"
"SABBAS_BLACK";"WOOLF"
"SABBAS_GREY";"WOOLF"
"SABBAS_NAVY";"WOOLF"
"SABBIEN_BLACK";"AQUA TIME"
"SABBIEN_WHITE";"AQUA TIME"
"SABELIUS_COFFE";"GAN'S"
"SAGA_BLACK";"ROSSELLA LOPES"
"SAGS_BLACK";"GAN'S"
"SAGS_BROWN";"GAN'S"
"SALA_BEIGE";"NW"
"SALA_BLACK";"NW"
"SAMARA_PINK";"AQUA TIME"
"SAMARA_PURPLE";"AQUA TIME"
"SAMMY_BLK";"GAN'S"
"SAMURU_BLK";"GAN'S"
"SAN_1BLACK";"Conway"
"SAN_1NAVY";"Conway"
"SAN_BLUE";"Conway"
"SAN_CRNE";"Conway"
"SAN_NAVY";"Conway"
"SAN_NERO";"Conway"
"SANDRO_1BLACK";"NW"
"SANDRO_1NAVY";"NW"
"SANDRO_BLACK";"NW"
"SANDRO_NAVY";"NW"
"SANGON_BLACK";"GAN'S"
"SANGON_BROWN";"GAN'S"
"SANI_CRNA";"GAN'S"
"SANI_SMEDA";"GAN'S"
"SANKAR_GREY";"GAN'S"
"SANTOS_BLACK";"GAN'S"
"SANTOS_COFFE";"GAN'S"
"SANUK_NAVY";"GAN'S"
"SANVARE_N01";"SENVARE"
"SAR35_BLUE";"COMER"
"SAR35_BRONZE";"COMER"
"SAR35_FLOWER";"COMER"
"SAR35_FUXIA";"COMER"
"SAR35_GOLD";"COMER"
"SAR35_GREEN";"COMER"
"SAR35_SILVER";"COMER"
"SAR37_BLACK";"COMER"
"SAR37_BRONZE";"COMER"
"SAR37_FLOWER";"COMER"
"SAR37_GOLD";"COMER"
"SAR37_PINK";"COMER"
"SAR37_RED";"COMER"
"SAR37_SILVER";"COMER"
"SAR37_WHITE";"COMER"
"SAR60_BLACK";"COMER"
"SAR60_GOLD";"COMER"
"SAR60_PINK";"COMER"
"SAR60_SILVER";"COMER"
"SAR60_WHITE";"COMER"
"SARABI_BLK_GREY";"KAPPA"
"SARFI_BLACK";"GAN'S"
"SARFI_COFFEE";"GAN'S"
"SATI_TAN";"GAN'S"
"SAVANA_BEIGE";"MODA ELLENE"
"SAVANA_BLACK";"MODA ELLENE"
"SAVIO_COFFE";"GAN'S"
"SAXON_BLACK";"GAN'S"
"SAXON_COFFE";"GAN'S"
"SAXON_NAVY";"GAN'S"
"SBP063_BEIGE";"GERIS"
"SBP063_RED";"GERIS"
"SC5867_BLACK";"BASIDA"
"SCHAFBERG_NAVY";"Conway"
"SCHMITTENHOHE_GREEN";"Conway"
"SCHMITTENHOHE_NAVY";"Conway"
"SCHMITTENHOHE_RED";"Conway"
"SCHNEEBERG_BLACK";"Conway"
"SCOT_BROWN";"GAN'S"
"SD4277_NAVY";"NW"
"SD701_BLACK";"AZZURO"
"SD701_LIME";"AZZURO"
"SD701_NAVY";"AZZURO"
"SD702_BLACK";"AZZURO"
"SD702_GREY";"AZZURO"
"SD702_ROYAL";"AZZURO"
"SDSTC93_GREY";"DISNEY"
"SEBAR_BLACK";"AQUA TIME"
"SEBAR_NAVY";"AQUA TIME"
"SEDEF_NAVY";"GAN'S"
"SEEBERG_BLUE";"Conway"
"SEEBERG_LILA";"Conway"
"SEGAN_BLACK";"AQUA TIME"
"SEGAN_BLUE";"AQUA TIME"
"SEKA_BLACK";"NW"
"SEKA_BROWN";"NW"
"SEKAR_BLACK";"GAN'S"
"SEKEL_BLACK";"GAN'S"
"SEKL_BLACK";"GAN'S"
"SEKL_BROWN";"GAN'S"
"SELENA_BLACK";"ROSSELLA LOPES"
"SEM_crna";"GAN'S"
"SENADIN_BLK";"GAN'S"
"SENADIN_BRN";"GAN'S"
"SENEC_BLACK";"AQUA TIME"
"SENEC_NAVY";"AQUA TIME"
"SENOL_BLACK";"AQUA TIME"
"SENOL_BLUE";"AQUA TIME"
"SENS_BLACK";"GAN'S"
"SENTIS";"Conway"
"SERGE_BLACK";"GAN'S"
"SERGE_COFFEE";"GAN'S"
"SF30_017_BEIGE";"MOENIA"
"SF30_017_BLACK";"MOENIA"
"SF40078_BLACK";"RIMA-JOUDI"
"SF60_611_BEIGE";"NW"
"SF60_611_BLACK";"NW"
"SF60_611_BLUE";"NW"
"SF861_BLACK";"Soft Space"
"SF882515_BLACK";"NW"
"SF882_85_BLACK";"NW"
"SF883335_BLACK";"NW"
"SF891_28_BLACK";"MOENIA"
"SF891_552_BEIGE";"NW"
"SF891_BLACK";"NW"
"SFF_10_BLACK";"NW"
"SFF_10_BLUE";"NW"
"SG81809_BLACK";"WINK"
"SG81812_PINK";"WINK"
"SG91488_GREY_LIME";"WINK"
"SH5612_BLACK";"WALKMAN"
"SH81775_NAVY";"WINK"
"SH_2599_GOLD";"NW"
"SIKEN_BLACK";"AQUA TIME"
"SIKEN_BLUE";"AQUA TIME"
"SIKI_BLACK";"GAN'S"
"SIKI_CAMEL";"GAN'S"
"SILA_BEIGE";"NW"
"SILA_BLACK";"NW"
"SILVIUS_BLACK";"AQUA TIME"
"SILVIUS_BLUE";"AQUA TIME"
"SIMBO_BROWN";"GAN'S"
"SIMBO_CRNE";"GAN'S"
"SIMBO_SMEDA";"GAN'S"
"SIMILAUN_GREY";"Conway"
"SIMON_BROWN";"GAN'S"
"SIMON_NAVY";"GAN'S"
"SIMON_SPIRALE_BLUE_ORANGE";"WOOLF"
"SINISA_BROWN";"GAN'S"
"SK180_60C_RED";"NW"
"SK185131_BLACK";"NW"
"SK185135_BEIGE";"NW"
"SK185135_BLACK";"NW"
"SK185135_BLUE";"NW"
"SK18562_GOLD";"Soft Space"
"SK510_58";"MOENIA"
"SL5121_BROWN";"NW"
"SLAY_BEIGE";"LOTTO"
"sm-000360";"70mai"
"sm-000371";"JIMMY"
"sm-000372";"JIMMY"
"sm-000385";"JIMMY"
"sm-000386";"JIMMY"
"sm-000418";"JIMMY"
"sm-000425";"70mai"
"sm-000430";"JIMMY"
"sm-000455";"JIMMY"
"sm-000457";"JIMMY"
"sm-000459";"JIMMY"
"sm-000460";"JIMMY"
"sm-000509";"JIMMY"
"sm-000515";"70mai"
"sm-000565";"70mai"
"sm-000588";"JIMMY"
"sm-000602";"KingSmith"
"sm-000715";"JIMMY"
"sm-000719";"JIMMY"
"sm-000743";"JIMMY"
"sm-000787";"JIMMY"
"sm-000788";"JIMMY"
"sm-000789";"JIMMY"
"sm-000824";"70mai"
"sm-001012";"Petkit"
"sm-001013";"Petkit"
"sm-001014";"Petkit"
"sm-001016";"Petkit"
"sm-001017";"Petkit"
"sm-001018";"Petkit"
"sm-001022";"JIMMY"
"sm-001038";"JIMMY"
"sm-001039";"JIMMY"
"sm-001040";"JIMMY"
"sm-001046";"KingSmith"
"sm-001047";"KingSmith"
"sm-001058";"YESOUL"
"sm-001059";"YESOUL"
"sm-001069";"JIMMY"
"sm-001081";"JIMMY"
"sm-001086";"YESOUL"
"sm-001087";"JIMMY"
"sm-001096";"70mai"
"sm-001102";"JIMMY"
"sm-001104";"Petkit"
"sm-001105";"Petkit"
"sm-001106";"Petkit"
"sm-001108";"Petkit"
"sm-001136";"70mai"
"sm-001139";"JIMMY"
"sm-001144";"JIMMY"
"sm-001147";"JIMMY"
"sm-001156";"JIMMY"
"sm-001167";"70mai"
"sm-001169";"70mai"
"sm-001173";"JIMMY"
"sm-001174";"JIMMY"
"sm-001196";"JIMMY"
"sm-001197";"JIMMY"
"sm-001198";"JIMMY"
"sm-001209";"JIMMY"
"sm-001214";"JIMMY"
"sm-001217";"JIMMY"
"sm-001219";"JIMMY"
"sm-001221";"JIMMY"
"sm-001230";"JIMMY"
"sm-001231";"JIMMY"
"sm-001247";"Petkit"
"sm-001248";"Petkit"
"sm-001249";"Petkit"
"sm-001250";"Petkit"
"sm-001251";"Petkit"
"sm-001251-GR";"Petkit"
"sm-001251-WH";"Petkit"
"sm-001252";"70mai"
"sm-001253";"70mai"
"sm-001254";"YESOUL"
"sm-001255";"JIMMY"
"sm-001258";"JIMMY"
"sm-001260";"KingSmith"
"sm-001271";"NARWAL"
"sm-001275";"NARWAL"
"sm-001276";"NARWAL"
"sm-001277";"NARWAL"
"sm-001278";"NARWAL"
"sm-001279";"NARWAL"
"sm-001280";"NARWAL"
"sm-001281";"NARWAL"
"sm-001282";"NARWAL"
"sm-001284";"NARWAL"
"sm-001285";"NARWAL"
"sm-001287";"70mai"
"sm-001290";"KingSmith"
"sm-001291";"KingSmith"
"sm-001301";"JIMMY"
"sm-001306";"KingSmith"
"sm-001310";"Petkit"
"sm-001316";"NARWAL"
"sm-001318";"NARWAL"
"sm-001319";"NARWAL"
"sm-001320";"NARWAL"
"sm-001322";"YESOUL"
"sm-001323";"YESOUL"
"sm-001324";"YESOUL"
"sm-001326";"JIMMY"
"sm-001327";"JIMMY"
"sm-001328";"JIMMY"
"sm-001330";"JIMMY"
"sm-001331";"JIMMY"
"sm-001333";"NARWAL"
"sm-001335";"Petkit"
"sm-001336";"Petkit"
"sm-001337";"KingSmith"
"sm-001338";"KingSmith"
"sm-001339";"70mai"
"sm-001341";"70mai"
"sm-001342";"YESOUL"
"sm-001343";"YESOUL"
"sm-001344";"JIMMY"
"sm-001345";"JIMMY"
"sm-001346";"KingSmith"
"sm-001347";"KingSmith"
"sm-001348";"JIMMY"
"sm-001353";"JIMMY"
"sm-001358";"NARWAL"
"sm-001365";"Petkit"
"sm-001368";"Petkit"
"sm-001369";"70mai"
"sm-001370";"70mai"
"sm-001374";"NARWAL"
"sm-001375";"70mai"
"sm-001376";"70mai"
"sm-001377";"70mai"
"sm-001380";"NARWAL"
"sm-001382";"KingSmith"
"sm-001384";"JIMMY"
"sm-001393";"NARWAL"
"sm-001398";"JIMMY"
"sm-001399";"Petkit"
"sm-001400";"Petkit"
"sm-001401";"Petkit"
"sm-001402";"JIMMY"
"sm-001403";"KingSmith"
"sm-001412";"YESOUL"
"sm-001416";"70mai"
"sm-001417";"70mai"
"sm-001418";"70mai"
"sm-001419";"70mai"
"sm-001420";"YESOUL"
"sm-001421";"JIMMY"
"sm-001422";"JIMMY"
"sm-001423";"JIMMY"
"sm-001424";"NARWAL"
"sm-001425";"NARWAL"
"sm-001427";"Hollyland"
"sm-001428";"Hollyland"
"sm-001429";"Hollyland"
"sm-001430";"Hollyland"
"sm-001431";"Hollyland"
"sm-001432";"Hollyland"
"sm-001433";"Hollyland"
"sm-001434";"Hollyland"
"sm-001435";"Hollyland"
"sm-001436";"Hollyland"
"sm-001437";"Hollyland"
"sm-001444";"Hollyland"
"sm-001445";"JIMMY"
"sm-001447";"YESOUL"
"sm-001449";"70mai"
"sm-001450";"70mai"
"sm-001451";"70mai"
"sm-001452";"70mai"
"sm-001455";"NARWAL"
"sm-001471";"70mai"
"sm-001474";"KingSmith"
"sm-001475";"YESOUL"
"sm-001477";"70mai"
"sm-001478";"70mai"
"sm-001479";"70mai"
"sm-001480";"70mai"
"sm-001483";"Petkit"
"sm-001484";"YESOUL"
"sm-001485";"70mai"
"sm-001486";"Petkit"
"sm-001488";"JIMMY"
"sm-001491";"JIMMY"
"sm-001494";"70mai"
"sm-001495";"70mai"
"sm-001496";"NARWAL"
"sm-001497";"Wybot"
"sm-001498";"Wybot"
"sm-001499";"Wybot"
"sm-001501";"70mai"
"sm-001504";"JIMMY"
"sm-001505";"JIMMY"
"sm-001508";"JIMMY"
"sm-001509";"JIMMY"
"sm-001522";"NARWAL"
"sm-001523";"NARWAL"
"sm-001524";"NARWAL"
"sm-001525";"Eletronbike"
"sm-001526";"Eletronbike"
"sm-001527";"Eletronbike"
"sm-001531";"70mai"
"sm-001532";"Eletronbike"
"sm-001533";"Eletronbike"
"sm-001534";"Eletronbike"
"sm-001535";"Eletronbike"
"sm-001536";"Eletronbike"
"sm-001537";"Eletronbike"
"sm-001540";"Eletronbike"
"sm-001545";"Wybot"
"sm-001546";"Wybot"
"sm-001547";"70mai"
"sm-001549";"70mai"
"sm-001550";"AKLUER"
"sm-1020467";"HYPER GOGO"
"sm-1020471";"HYPER GOGO"
"sm-1020472";"HYPER GOGO"
"sm-1020473";"HYPER GOGO"
"sm-1020486";"HYPER GOGO"
"sm-1020487";"HYPER GOGO"
"sm-1020488";"HYPER GOGO"
"sm-1034180";"HYPER GOGO"
"sm-1034184";"HYPER GOGO"
"sm-1034186";"HYPER GOGO"
"sm-1034187";"HYPER GOGO"
"sm-1034756";"HYPER GOGO"
"sm-1040972";"HYPER GOGO"
"sm-1040981";"HYPER GOGO"
"sm-348954";"JIMMY"
"sm-364633";"JIMMY"
"sm-369827";"JIMMY"
"sm-370219";"JIMMY"
"sm-370643";"JIMMY"
"sm-370972";"JIMMY"
"sm-371162";"JIMMY"
"sm-371450";"KingSmith"
"sm-371608";"JIMMY"
"sm-371891";"JIMMY"
"sm-371899";"JIMMY"
"sm-372191";"JIMMY"
"sm-372335";"JIMMY"
"sm-441516";"JIMMY"
"sm-442199";"JIMMY"
"sm-466697";"JIMMY"
"sm-485226";"KingSmith"
"sm-486696";"JIMMY"
"sm-F1FSB";"Petkit"
"sm-M500-128";"70mai"
"sm-PB300-B";"Petkit"
"sm-PB300-P";"Petkit"
"sm-PB300-S";"Petkit"
"sm-PB400-P";"Petkit"
"sm-PB400-S";"Petkit"
"sm-PETCE0";"Petkit"
"sm-PETDUAL";"Petkit"
"sm-PETGREB";"Petkit"
"sm-RC11";"70mai"
"SM06_BLACK";"LASAMBA"
"SM06_NAVY";"LASAMBA"
"SM06_WHITE";"LASAMBA"
"SMA1001_BLACK";"AIR SOFT"
"SMA1001_WHITE";"AIR SOFT"
"SMA1004_BLACK";"AIR SOFT"
"SNEAKER_BLACK";"HEAD"
"SNEAKER_WHITE";"HEAD"
"SNORLAX_BLACK";"AQUA TIME"
"SNWPP03_PINK";"NICKELODEON"
"SNWPP13_BLUE";"NICKELODEON"
"SNWPP13_NAVY";"NICKELODEON"
"SOKI_BLACK";"GAN'S"
"SOKI_TAN";"GAN'S"
"SOLA_BEIGE";"NW"
"SOLA_BLACK";"NW"
"SOLER_BLACK";"GAN'S"
"SOREN";"AQUA TIME"
"SOTA_BLACK";"ROSSELLA LOPES"
"SOTA_SILVER";"ROSSELLA LOPES"
"SOTTO_BROWN";"GAN'S"
"SOTTO_NAVY";"GAN'S"
"SP01_BLACK";"NW"
"SPISPM09";"NW"
"SPLIT_BIJELA";"ESSKIMO"
"SPLIT_CRNA";"ESSKIMO"
"SPLIT_CRVENA";"ESSKIMO"
"SPLIT_GREY";"ESSKIMO"
"SPLIT_PINK";"ESSKIMO"
"SPLIT_PLAVA";"ESSKIMO"
"SPLIT_SIVA";"ESSKIMO"
"SPLIT_SMEDA";"ESSKIMO"
"SR2647_BLACK";"NW"
"SR2647_CHAMPAGNE";"NW"
"SR2647_FUXIA";"NW"
"SR2647_LTBLUE";"NW"
"SR2647_LTGREEN";"NW"
"SR2647_PINK";"NW"
"SR2647_SILVER";"NW"
"SS_35_BLACK";"NW"
"ST2000_1GREEN";"Stedman"
"ST2000_1NAVY";"Stedman"
"ST2000_BLACK";"Stedman"
"ST2000_BLUE";"Stedman"
"ST2000_BORDO";"Stedman"
"ST2000_GREEN";"Stedman"
"ST2000_GREY";"Stedman"
"ST2000_NAVY";"Stedman"
"ST2000_OLIVE";"Stedman"
"ST2000_PURPLE";"Stedman"
"ST2000_RED";"Stedman"
"ST2000_ROYAL";"Stedman"
"ST2000_SIVA";"Stedman"
"ST2000_WHITE";"Stedman"
"ST200_1GREY";"Stedman"
"ST2600_1BLUE";"Stedman"
"ST2600_BLACK";"Stedman"
"ST2600_BLUE";"Stedman"
"ST2600_BORDO";"Stedman"
"ST2600_NAVY";"Stedman"
"ST2600_ORANGE";"Stedman"
"ST2600_PINK";"Stedman"
"ST2600_RED";"Stedman"
"ST2600_WHITE";"Stedman"
"ST3102_BLACK";"NW"
"ST3102_CHAMPAGNE";"NW"
"STARS_CRVENA";"ESSKIMO"
"STARS_LILA";"ESSKIMO"
"STARS_TURKIS";"ESSKIMO"
"STARS_ZELENA";"ESSKIMO"
"STEIN";"GAN'S"
"STEIN_COFFE";"GAN'S"
"STEPA_BEIGE";"NW"
"STEPA_BLACK";"NW"
"STF211F402_10";"SERGIO TACCHINI"
"STF211F402_80";"SERGIO TACCHINI"
"STF211M402_02";"SERGIO TACCHINI"
"STF211M402_31";"SERGIO TACCHINI"
"STF211M412_01";"SERGIO TACCHINI"
"STF211M412_02";"SERGIO TACCHINI"
"SUAD_BLK";"GAN'S"
"SUBRAL_BLACK";"GAN'S"
"SUMMER_1";"NW"
"SUMMER_2";"NW"
"SUMMER_3";"NW"
"SUMMER_4";"NW"
"SUMMER_5";"NW"
"SUMMER_6";"NW"
"SURAV29_MULT";"MARVEL"
"SURAV29_MULTI";"MARVEL"
"SURF21_PURPLE";"MARVEL"
"SURP43_FUXIA";"MARVEL"
"SUTTON_BLACK";"AQUA TIME"
"SUTTON_BLUE";"AQUA TIME"
"SV_MARTIN_BLACK";"ESSKIMO"
"SV_MARTIN_GREY";"ESSKIMO"
"SV_MARTIN_WHITE";"ESSKIMO"
"SVANTE_1_NAVY";"GAN'S"
"SVANTE_NAVY";"GAN'S"
"SVIBEN_BLACK";"UMBERTO TOZZI"
"SVUM141_BLACK";"UMBRO"
"SVUM141_NAVY";"UMBRO"
"SVUM141_WHITE";"UMBRO"
"SVUM141S04_01";"UMBRO"
"SVUM141S05_01";"UMBRO"
"SVUM141S05_BLACK";"UMBRO"
"SVUM141S07_01";"UMBRO"
"SVUM141S07_02";"UMBRO"
"SWEED_SPIRALE_BLACK";"WOOLF"
"SWORD_BEIGE";"GAN'S"
"SWORD_BLACK";"GAN'S"
"SX08_BLACK";"NW"
"SX08_WHITE";"NW"
"SY18_F1417_GREY";"NW"
"SY18_N1417_NAVY";"NW"
"SYNDEY_GREY";"ROCK SPRING"
"T00058_BLACK";"UMBRO"
"T034_1PURPLE";"Dr. Jack"
"T034_2PURPLE";"Dr. Jack"
"T034_GREEN";"Dr. Jack"
"T034_PURPLE";"Dr. Jack"
"T034_RED";"Dr. Jack"
"T034_YELLOW";"Dr. Jack"
"T057_BLACKROSE";"NW"
"T057_BLACKWHITE";"NW"
"T057_NAVYBLUE";"NW"
"T057_ROSEPINK";"NW"
"T1018_CHAMPAGNE";"NW"
"T502_002_BEIGE";"HIT SHOES"
"T502_45_BLACK";"HIT SHOES"
"T502_45_RED";"HIT SHOES"
"T573_BROWN";"SEASTAR"
"T6115_WHITE";"LOTTO"
"T6403_WHITE";"LOTTO"
"T6652_NAVY";"LOTTO"
"T6653_PINK";"LOTTO"
"T6754_PINK";"LOTTO"
"T9175_RED";"NW"
"T9175_ROSE_GOLD";"NW"
"T9175_SILVER";"NW"
"TACOMA_BLACK";"Conway"
"TADA_CRNA";"MODA ELLENE"
"TADEA_CRNA";"MODA ELLENE"
"TAFFY";"NW"
"TAGA_BROWN";"MODA ELLENE"
"TAGO_BLACK";"Conway"
"TAKUYA_BEIGE";"MODA ELLENE"
"TAKUYA_BLACK";"MODA ELLENE"
"TALA_BLACK";"NW"
"TANER_BLACK";"Flexy line"
"TANO_BLACK";"Flexy line"
"TAREK_BLACK";"Conway"
"TARGA";"DESIGN SAFETY"
"TARIK_BLACK";"Conway"
"TARO_BLACK";"NW"
"TARO_BLACKY";"NW"
"TARO_NERO";"NW"
"TAZRA_BLACK";"NW"
"TBF350_N001_BLUE";"TARSALS"
"TEA_BLACK";"NW"
"TEMBO_BLACK";"Conway"
"TENDA_BLACK";"GEZER"
"TENDA_BROWN";"GEZER"
"TEO_BLACK";"Conway"
"TERMIX_NAVY";"LEMIGO"
"TERMIX_PINK";"LEMIGO"
"TERRA_BLACK_BLUE";"NW"
"TERRA_BLUE";"WOOLF"
"TERRA_RED";"WOOLF"
"TH_01_BLACK";"NW"
"TH_01_RED";"NW"
"TH_01_YELLOW";"NW"
"TIFA_BEZ";"MODA ELLENE"
"TIFA_BLACK";"MODA ELLENE"
"TIFA_NAVY";"MODA ELLENE"
"TIFA_YELLOW";"MODA ELLENE"
"TIGRA_crna";"MODA ELLENE"
"TIGRA_smeda";"MODA ELLENE"
"TIGRA_TAN";"MODA ELLENE"
"TILMA_BEIGE";"MODA ELLENE"
"TJLOL22_22PINK";"L.O.L."
"TJPP22_33_BLUE";"NICKELODEON"
"TKWZ0220_BEIGE";"MODA ELLENE"
"TKWZ0220_BLACK";"MODA ELLENE"
"TKWZ0232_BEIGE";"MODA ELLENE"
"TKWZ0232_NAVY";"MODA ELLENE"
"TL3829_BLACK";"NW"
"TL3829_RED";"NW"
"TM2018_BLACK";"NW"
"TM2018_PEWTER";"NW"
"TM2018_ROSEGOLD";"NW"
"TM2018_SILVER";"NW"
"TOLA_BLACK";"MODA ELLENE"
"TOLA_CAMEL";"MODA ELLENE"
"TOMAS_BLACK";"Flexy line"
"TONY_BLACK";"UMBERTO TOZZI"
"TOTIE934_BLACK";"LEMIGO"
"TOTIE934_RED";"LEMIGO"
"TOTO_VERDE_GREY";"NW"
"TOVA";"NW"
"TOWN_BLACK";"NW"
"TOWN_BLACK_M";"NW"
"TOWN_BROWN";"NW"
"TOWN_GREY";"NW"
"TP025_07_RED";"HIT SHOES"
"TP025_10_BORDO";"HIT SHOES"
"TP025_10_CAMEL";"HIT SHOES"
"TP025_13_BLACK";"HIT SHOES"
"TP025_13_CAMEL";"HIT SHOES"
"TP025_13_WHITE";"HIT SHOES"
"TP025_15_BLACK";"HIT SHOES"
"TP0430_CAMEL";"HIT SHOES"
"TP0442_BLACK";"HIT SHOES"
"TP0442_CAMEL";"HIT SHOES"
"TP0442_WHITE";"HIT SHOES"
"TP501A_BLACK";"HIT SHOES"
"TP501A_BLACK_WHITE";"HIT SHOES"
"TP501A_NAVY";"HIT SHOES"
"TP501A_WHITE";"HIT SHOES"
"TP501B_BEIGE";"HIT SHOES"
"TP501B_BROWN";"HIT SHOES"
"TP502A_BROWN";"HIT SHOES"
"TP502A_GOLD";"HIT SHOES"
"TP502A_ROSE_GOLD";"HIT SHOES"
"TP502A_SILVER";"HIT SHOES"
"TP502B_PINK";"HIT SHOES"
"TP502B_SILVER";"HIT SHOES"
"TP504A_BEIGE";"HIT SHOES"
"TP504A_BLACK";"HIT SHOES"
"TP504A_RED";"HIT SHOES"
"TP504A_WHITE";"HIT SHOES"
"TP505A_BEIGE";"HIT SHOES"
"TP505A_BLACK";"HIT SHOES"
"TP505A_RED";"HIT SHOES"
"TP505A_WHITE";"HIT SHOES"
"TP_502_A ROSE GOLD";"HIT SHOES"
"TPABTM22_07_NAVY";"MARVEL"
"TPF350_N001_BEIGE";"TARSALS"
"TPF360_GREY";"TARSALS"
"TPF360_WHITE";"TARSALS"
"TPF360_YELLOW";"TARSALS"
"TRAIL";"Conway"
"TRAV19";"MARVEL"
"TRBTM22_07_NAVY";"MARVEL"
"TREKK_BLACK";"WOOLF"
"TREKS_GREY";"WOOLF"
"TRFR041_24_29";"DISNEY"
"TRFRO101";"DISNEY"
"TRISTANA_BEIGE";"MODA ELLENE"
"TRISTANA_BLACK";"MODA ELLENE"
"TRLOL22_42_BLUE";"L.O.L."
"TRPP22_23_PINK";"NICKELODEON"
"TRPP22_33_BLUE";"NICKELODEON"
"TRPP33";"DISNEY"
"TRPP83";"DISNEY"
"TRSPM29_30_35";"DISNEY"
"TRSPM59";"MARVEL"
"TRSTC73";"DISNEY"
"TRTSTC53_30_35";"DISNEY"
"TS0245_BLACK";"HIT SHOES"
"TS0245_CAMEL";"HIT SHOES"
"TS0245_RED";"HIT SHOES"
"TS0245_WHITE";"HIT SHOES"
"TS0246_BLACK";"HIT SHOES"
"TS0246_CAMEL";"HIT SHOES"
"TS0246_RED";"HIT SHOES"
"TS0246_WHITE";"HIT SHOES"
"TU242_BLACK";"SEASTAR"
"TURRACH";"Conway"
"TWINGO_RED";"NW"
"TXY006_BEIGE";"NW"
"TZ114_BEIGE";"S.S"
"TZ114_BLUE";"S.S"
"TZ114_GREEN";"S.S"
"TZ118_SILVER";"S.S"
"TZ118_WHITE";"S.S"
"TZ121_BLACK";"S.S"
"TZ173_BLACK";"S.S"
"TZ173_BLUE";"S.S"
"TZ64_BEIGE";"S.S"
"TZ64_PINK";"S.S"
"U74221_BLACK";"NW"
"U74223_NAVY";"NW"
"U_25_BLACK";"FRATELLI BABB"
"U_31_WHITE";"FRATELLI BABB"
"UK180_BLACK";"SEASTAR"
"UK180_BROWN";"SEASTAR"
"UMA201M705_02";"UMBRO"
"UMA201M806_01";"UMBRO"
"UMA201M807_01";"UMBRO"
"UMA201M807_02";"UMBRO"
"UMA201M840_02";"UMBRO"
"UMA201M841_10";"UMBRO"
"UMA203M101_01";"UMBRO"
"UMA211M801_10";"UMBRO"
"UMA213M100_01";"UMBRO"
"UMA213M100_02";"UMBRO"
"UMB153122_BLACK";"UMBRO"
"UMB153122_BLUE";"UMBRO"
"UMB173100_BLACK";"UMBRO"
"UMB173100_GREY";"UMBRO"
"UMBL183102_02";"UMBRO"
"UME181521_02";"UMBRO"
"UME181522_02";"UMBRO"
"UME183103_BLACK";"UMBRO"
"UME201U201_04_5";"UMBRO"
"UME201U201_10_5";"UMBRO"
"UME201U203_10_5";"UMBRO"
"UME213M401_01";"UMBRO"
"UME213M401_02";"UMBRO"
"UME213M401_3A";"UMBRO"
"UME213M403_01";"UMBRO"
"UME213M403_02";"UMBRO"
"UME233M400_01";"UMBRO"
"UME233M400_02";"UMBRO"
"UME233M400_3C";"UMBRO"
"UME233M400_41";"UMBRO"
"UME233M401_01";"UMBRO"
"UME233M401_02";"UMBRO"
"UME233M401_3C";"UMBRO"
"UME233M401_41";"UMBRO"
"UMEFX193054000_10";"UMBRO"
"UMEFX193054001_10";"UMBRO"
"UMEFX193054002_10";"UMBRO"
"UMEFX193054003_01_BLACK";"UMBRO"
"UMEFX193054003_02";"UMBRO"
"UMEFX193054003_10";"UMBRO"
"UMEFX193054003_34";"UMBRO"
"UMEFX193054003_N_01";"UMBRO"
"UMEFX193054003_N_02";"UMBRO"
"UMEFX193054004_10_";"UMBRO"
"UMEFX193054005_10_";"UMBRO"
"UMEFX193054005_N_10";"UMBRO"
"UMEFX193054006_01_BLACK";"UMBRO"
"UMEFX193054006_10_WHITE";"UMBRO"
"UMEFX193054006_34";"UMBRO"
"UMEFX193054006_N_01";"UMBRO"
"UMEFX193054007_01";"UMBRO"
"UMEFX193054007_02";"UMBRO"
"UMEFX193054007_10";"UMBRO"
"UMEFX193054007_24";"UMBRO"
"UMEFX193054007_34";"UMBRO"
"UMEFX193056001_01";"UMBRO"
"UMEFX193056001_05";"UMBRO"
"UMEFX19354006_N_10";"UMBRO"
"UMF1411016_010";"UMBRO"
"UMF181604_04_RED";"UMBRO"
"UMF181604_05_NAVY";"UMBRO"
"UMF201B105_01";"UMBRO"
"UMF201B106_01";"UMBRO"
"UMF201B107_01";"UMBRO"
"UMF201B107_02";"UMBRO"
"UMF201B107_04";"UMBRO"
"UMF201B109_02";"UMBRO"
"UMF201B109_42";"UMBRO"
"UMF201B111 02";"UMBRO"
"UMF201B111_02";"UMBRO"
"UMF201M102_01";"UMBRO"
"UMF201M102_02";"UMBRO"
"UMF201M107_01";"UMBRO"
"UMF201M107_02";"UMBRO"
"UMF201M108_01";"UMBRO"
"UMF201M109_48";"UMBRO"
"UMF201M111_02";"UMBRO"
"UMF201M111_63";"UMBRO"
"UMF203B104_02";"UMBRO"
"UMF203B104_07";"UMBRO"
"UMF203B112_01";"UMBRO"
"UMF203B112_20";"UMBRO"
"UMF203B116_04";"UMBRO"
"UMF203B116_64";"UMBRO"
"UMF203B118_02";"UMBRO"
"UMF203B118_25";"UMBRO"
"UMF203M102_04";"UMBRO"
"UMF203M106_01";"UMBRO"
"UMF203M106_02";"UMBRO"
"UMF203M106_48";"UMBRO"
"UMF211B102_06";"UMBRO"
"UMF211B120_01";"UMBRO"
"UMF211B120_02";"UMBRO"
"UMF211B121_02";"UMBRO"
"UMF211B124_01";"UMBRO"
"UMF211B124_04";"UMBRO"
"UMF211B124_10";"UMBRO"
"UMF211M102_01";"UMBRO"
"UMF211M102_1V";"UMBRO"
"UMF211M103_01";"UMBRO"
"UMF211M116_1U";"UMBRO"
"UMF211M122_20";"UMBRO"
"UMF223B100_01";"UMBRO"
"UMF223B106_01";"UMBRO"
"UMF223B106_02";"UMBRO"
"UMF223B117_42";"UMBRO"
"UMF223M109_01";"UMBRO"
"UMF223M109_05";"UMBRO"
"UMF223M109_10";"UMBRO"
"UMF223M113_01";"UMBRO"
"UMF223M115_25";"UMBRO"
"UMF223M120_01";"UMBRO"
"UMF231B102_02";"UMBRO"
"UMF231B102_67";"UMBRO"
"UMF231B113_01";"UMBRO"
"UMF231B114_02";"UMBRO"
"UMF231B118_20";"UMBRO"
"UMF231B119_01";"UMBRO"
"UMF231B119_20";"UMBRO"
"UMF231M104_1Y";"UMBRO"
"UMF231M104_67";"UMBRO"
"UMF231M108_02";"UMBRO"
"UMF231M108_1U";"UMBRO"
"UMF231M108_45";"UMBRO"
"UMF231M109_1U";"UMBRO"
"UMF231M118_20";"UMBRO"
"UMF231M121_02";"UMBRO"
"UMF233B105_02";"UMBRO"
"UMF233B109_20";"UMBRO"
"UMF233B109_67";"UMBRO"
"UMF233M104_25";"UMBRO"
"UMF243B104_20";"UMBRO"
"UMF243B114_20";"UMBRO"
"UMF243M104_06";"UMBRO"
"UMF243M108_01";"UMBRO"
"UMF243M114_20";"UMBRO"
"UMF243M119_01";"UMBRO"
"UMF251M102_01";"UMBRO"
"UMF251M112_01";"UMBRO"
"UMH153120_BLACK";"UMBRO"
"UMH153120_GREY";"UMBRO"
"UMH153120_NAVY";"UMBRO"
"UMHS17110_02";"UMBRO"
"UMK173430";"UMBRO"
"UMK173432";"UMBRO"
"UMK181450_052";"UMBRO"
"UMK181603_01_WHITE";"UMBRO"
"UMK181603_04_RED";"UMBRO"
"UMK183108";"UMBRO"
"UMK183108_553_5";"UMBRO"
"UMK183109_554";"UMBRO"
"UMK193100_01_5";"UMBRO"
"UML151460";"UMBRO"
"UMNZ181103_05";"UMBRO"
"UMNZ181109_NAVY";"UMBRO"
"UMNZ181109_RED";"UMBRO"
"UMNZ181109_WHITE";"UMBRO"
"UMNZ181309_NAVY";"UMBRO"
"UMNZ181309_RED";"UMBRO"
"UMNZ181309_WHITE";"UMBRO"
"UMR173190_BLACK";"UMBRO"
"UMR173190_NAVY";"UMBRO"
"UMR181600_01_WHITE";"UMBRO"
"UMR181600_04_RED";"UMBRO"
"UMS143125_01";"UMBRO"
"UMS143128_01";"UMBRO"
"UMS143128_04";"UMBRO"
"UMS143129_02";"UMBRO"
"UMS143133_01";"UMBRO"
"UMS173111_005";"UMBRO"
"UMS173111_007";"UMBRO"
"UMS173144_02_BLACK";"UMBRO"
"UMS173144_06_GREY";"UMBRO"
"UMS181130_02";"UMBRO"
"UMS181151_01";"UMBRO"
"UMS1831107_03";"UMBRO"
"UMS183140_02_BLACK";"UMBRO"
"UMS183141_02";"UMBRO"
"UMS183141_31";"UMBRO"
"UMS18315";"UMBRO"
"UMS183150";"UMBRO"
"UMS183150_002";"UMBRO"
"UMS183150_005";"UMBRO"
"UMS183150_007";"UMBRO"
"UMS183155_009M";"UMBRO"
"UMS183156_005";"UMBRO"
"UMS183350_007";"UMBRO"
"UMS183355_009";"UMBRO"
"UMS183356_005";"UMBRO"
"UMS193141_15_BLACK_GREY";"UMBRO"
"UMSW17100_066";"UMBRO"
"UMSW171100_049";"UMBRO"
"UMSW171102";"UMBRO"
"UMSW171103_016";"UMBRO"
"UMSW171107_06";"UMBRO"
"UMSW171108_01";"UMBRO"
"UMSW171301_068_BLACK";"UMBRO"
"UMSW171308_01";"UMBRO"
"UMSW173100_044";"UMBRO"
"UMSW173100_044_BLACK";"UMBRO"
"UMSW173100_05";"UMBRO"
"UMSW173107_05";"UMBRO"
"UMSW173107_055";"UMBRO"
"UMSW173107_055_WHITE";"UMBRO"
"UMSW173107_057_SILVER";"UMBRO"
"UMSW173119_018";"UMBRO"
"UMSW173119_018_I";"UMBRO"
"UMSW173119_059_BLUE";"UMBRO"
"UMSW173119_II";"UMBRO"
"UMSW173121_018";"UMBRO"
"UMSW173121_018II";"UMBRO"
"UMSW173122";"UMBRO"
"UMSW173125_058";"UMBRO"
"UMSW173125_05_BLACK";"UMBRO"
"UMSW173126_031";"UMBRO"
"UMSW173127_016";"UMBRO"
"UMSW173127_079";"UMBRO"
"UMSW173129_019";"UMBRO"
"UMSW173129_081";"UMBRO"
"UMSW173130_01";"UMBRO"
"UMSW173130_018";"UMBRO"
"UMSW173307_026_BLACK";"UMBRO"
"UMSW173307_058_SILVER";"UMBRO"
"UMSW173311_024_BLACK";"UMBRO"
"UMSW173311_085_SILVER";"UMBRO"
"UMSW173319_018";"UMBRO"
"UMSW173319_059_PLAVA";"UMBRO"
"UMSW173321_059_BLUE";"UMBRO"
"UMSW173322";"UMBRO"
"UMSW173329_028_CRNA";"UMBRO"
"UMSW173332_025_BLACK";"UMBRO"
"UMSW173332_082_ORANGE";"UMBRO"
"UMSW173352_028_BLACK";"UMBRO"
"UMSW181131_01";"UMBRO"
"UMSW181131_02";"UMBRO"
"UMSW181304_08_BLUE";"UMBRO"
"UMSW181310_08";"UMBRO"
"UMSW181311_08";"UMBRO"
"UMSW18131_06";"UMBRO"
"UMSW181327_023";"UMBRO"
"UMSW181330_06";"UMBRO"
"UMSW181330_40";"UMBRO"
"UMSW181331_40";"UMBRO"
"UMSW183109_012";"UMBRO"
"UMSW183124_013";"UMBRO"
"UMSW183140_020";"UMBRO"
"UMSW183140_107";"UMBRO"
"UMSW183147_258";"UMBRO"
"UMSW183147_259";"UMBRO"
"UMSW183147_260";"UMBRO"
"UMSW183318_081";"UMBRO"
"UMSW183365_020";"UMBRO"
"UMSW183365_121";"UMBRO"
"UMSW183370_026";"UMBRO"
"UMSW191126_02";"UMBRO"
"UMSW191127_02";"UMBRO"
"UMSW191145_01";"UMBRO"
"UMSW191146_01";"UMBRO"
"UMSW191147_01";"UMBRO"
"UMSW191345_02";"UMBRO"
"UMSW191347_01";"UMBRO"
"UMSW191347_60";"UMBRO"
"UMSW191350_21";"UMBRO"
"UMSW191351_05";"UMBRO"
"UMSW191351_21";"UMBRO"
"UMSW191362_01";"UMBRO"
"UMSW191362_30";"UMBRO"
"UMSW191362_60";"UMBRO"
"UMSW191365_98";"UMBRO"
"UMSW193101_01";"UMBRO"
"UMSW193102_01";"UMBRO"
"UMSW193102_98";"UMBRO"
"UMSW193107_10";"UMBRO"
"UMSW193115_02";"UMBRO"
"UMSW193145_02";"UMBRO"
"UMSW193305_12";"UMBRO"
"UMSW193305_95";"UMBRO"
"UMSW193307_27";"UMBRO"
"UMSW193307_98";"UMBRO"
"UMSW193309_02";"UMBRO"
"UMSW193309_08";"UMBRO"
"UMSW193310_01";"UMBRO"
"UMSW193310_98";"UMBRO"
"UMSW193319_01";"UMBRO"
"UMSW193323_01";"UMBRO"
"UMSW193323_98";"UMBRO"
"UMSW193353_01";"UMBRO"
"UMSW193357_27";"UMBRO"
"UMSW81304_02_ORANGE";"UMBRO"
"UMT181601_02";"UMBRO"
"UMT181601_04";"UMBRO"
"UMT181602_02";"UMBRO"
"UMTS191107_03";"UMBRO"
"UMTS191107_20";"UMBRO"
"UMZ161104_03";"UMBRO"
"UMZ161104_04";"UMBRO"
"UMZ181192_08";"UMBRO"
"UMZ181311_03";"UMBRO"
"UMZ191100_03";"UMBRO"
"UMZ191107_03";"UMBRO"
"UMZ191121_11";"UMBRO"
"UMZ191129_01";"UMBRO"
"UMZ191132_02";"UMBRO"
"UMZ191300_03";"UMBRO"
"UMZ191332_02";"UMBRO"
"UMZ193148_02";"UMBRO"
"UMZ193148_13";"UMBRO"
"UMZ193149_02";"UMBRO"
"UMZ193149_13";"UMBRO"
"UNTERSBERG_GREY";"Conway"
"UNTERSBERG_GREY_GREEN";"Conway"
"URB21LOL_PINK";"DISNEY"
"URB2FRO_BLUE";"DISNEY"
"URBBTM21_07_NAVY";"DISNEY"
"URBCARS16_BLUE";"DISNEY"
"URBFR021_PINK";"DISNEY"
"URBFRO01_PURPLE";"DISNEY"
"URBLOL21_22_BLACK";"L.O.L."
"URBM_B07";"NW"
"URBPEP22_09_PINK";"HASBRO"
"URBPP13_BLUE";"NW"
"URBPP22_53_BLUE";"NICKELODEON"
"URBPP43_PINK";"NICKELODEON"
"URBPP53_BLUE";"DISNEY"
"URBPP63_PURPLE";"DISNEY"
"URBPP83_GREEN";"NICKELODEON"
"URBPP93_BLUE";"NICKELODEON"
"URBS04_GREEN";"NICKELODEON"
"URBSPM09_NAVY";"DISNEY"
"URBSPM29_NAVY";"MARVEL"
"URBSPM29_NAVY_1";"MARVEL"
"URCBTM21_07_BLACK";"DISNEY"
"URCPP21_03_BLUE";"NICKELODEON"
"URCPP21_13_PURPLE";"NICKELODEON"
"UTAH_BLACK";"Conway"
"UWE_BLACK";"Conway"
"UWE_BROWN";"Conway"
"V03_BLACK";"BIANCOMOLINA"
"V03_BLACK_I";"BIANCOMOLINA"
"V03_FLOWER";"BIANCOMOLINA"
"V03_FLOWER_I";"BIANCOMOLINA"
"V03_HEART";"BIANCOMOLINA"
"V03_HEART_1";"BIANCOMOLINA"
"V03_WHITE";"BIANCOMOLINA"
"V03_WHITE_I";"BIANCOMOLINA"
"V201_BLACK";"LEON"
"V201_BROWN";"LEON"
"V201_M_BLACK";"LEON"
"V201_M_BROWN";"LEON"
"V201_NM_BLACK";"LEON"
"V201_NM_BROWN";"LEON"
"V202_1_NAVY";"LEON"
"V202_BLACK";"LEON"
"V202_BLACK_FLOWER";"LEON"
"V202_CIKLAMA";"LEON"
"V202_CIKLAMA_1";"LEON"
"V202_GREEN";"LEON"
"V202_GREEPEARL";"LEON"
"V202_M_BLACK";"LEON"
"V202_M_NAVY";"LEON"
"V202_M_WHITE";"LEON"
"V202_N_BLACK";"LEON"
"V202_N_WHITE";"LEON"
"V202_NAVY";"LEON"
"V202_PERLA";"LEON"
"V202_PERLA_1";"LEON"
"V202_PERLA_FLOWER";"LEON"
"V202_ROSE";"LEON"
"V202_WHITE";"LEON"
"V202_WHITE_FLOWER";"LEON"
"V230_BLACK";"LEON"
"V230_WHITE";"LEON"
"V260_BEIGE";"LEON"
"V260_BLACK";"LEON"
"V260_CIKLAMA_2";"LEON"
"V260_CIKLAMA_R";"LEON"
"V260_N_PERLA";"LEON"
"V260_N_WHITE";"LEON"
"V260_NISKA_36_41_bijela";"LEON"
"V260_NISKA_36_41_CIKLAMA";"LEON"
"V260_NISKA_36_41_crna";"LEON"
"V260_NISKA_36_41_crna_II";"LEON"
"V260_PERLA";"LEON"
"V260_WHITE";"LEON"
"V261_BEIGE";"LEON"
"V261_BLACK";"LEON"
"V261_BLACK_FLOWER";"LEON"
"V261_BLUE";"LEON"
"V261_N_BLACK";"LEON"
"V261_N_PERLA";"LEON"
"V261_N_WHITE";"LEON"
"V261_PERLA";"LEON"
"V261_PERLA_1";"LEON"
"V261_PERLA_B";"LEON"
"V261_PERLA_B1";"LEON"
"V261_PERLA_FLOWER";"LEON"
"V261_WHITE";"LEON"
"V261_WHITE_FLOWER";"LEON"
"V263_1_PINK";"LEON"
"V263_PINK";"LEON"
"V263_WHITE";"LEON"
"V80401_BLACK";"NW"
"V80402_BEIGE";"NW"
"V80403_PINK";"NW"
"VAIL_BLACK";"Conway"
"VENEZIA_BIJELA";"ESSKIMO"
"VISTA_CRNA";"ESSKIMO"
"VISTA_DGREY";"ESSKIMO"
"VISTA_GREEN";"ESSKIMO"
"VISTA_GREY";"ESSKIMO"
"VISTA_NAVY";"ESSKIMO"
"VISTA_PLAVA";"ESSKIMO"
"VISTA_RED";"ESSKIMO"
"VISTA_WHITE";"ESSKIMO"
"VL139_BLACK_WHITE";"NW"
"VL139_SILVER";"NW"
"VL139_WHITE_BLACK";"NW"
"VO905_BLACK";"NW"
"VRI_235_BROWN";"NW"
"VRI_235_NAVY";"NW"
"VTBTM21_07_GREY";"DISNEY"
"VTLOL21_22_BLACK";"L.O.L."
"W010_GREY";"EMAKS"
"W030_1GREY";"NALLAN"
"W030_1PINK";"NALLAN"
"W030_GREY";"NALLAN"
"W030_PINK";"NALLAN"
"W118_BLACK";"EMAKS"
"W11_060_BLACK";"RIMA-JOUDI"
"W2151_BLUE";"EMAKS"
"W2187_BLACK";"EMAKS"
"W2187_GREY";"EMAKS"
"W2187_ROYAL";"EMAKS"
"W2189C_GREY";"EMAKS"
"W2190_BLACK";"EMAKS"
"W2190_RED_B";"EMAKS"
"W2193BW_NAVY";"EMAKS"
"W2193C_GREY";"EMAKS"
"W2193CW_GREY";"EMAKS"
"W2193GW_ROYAL";"EMAKS"
"W2193MW_RED";"EMAKS"
"W2218_BLACK";"EMAKS"
"W2223_BLUE";"EMAKS"
"W2238_GREEN";"EMAKS"
"W2252A_BLACK";"EMAKS"
"W2252H_GREEN";"EMAKS"
"W5007_BLACK";"EMAKS"
"W5007_BLUE";"EMAKS"
"W6003_A_BLACK";"EMAKS"
"W6003_BLACK";"EMAKS"
"W6003_BLUE";"EMAKS"
"W6003_D_GREY";"EMAKS"
"W6003_GREY";"EMAKS"
"W6017_BLACK";"EMAKS"
"W6030_GREY";"EMAKS"
"W7022_BLACK";"EMAKS"
"W7031_GREY";"NW"
"W7032F_GREY";"NW"
"W7035A_BLACK";"NW"
"W7035A_SIVA";"NW"
"W8001_BLACK";"EMAKS"
"W8011_BLACK";"EMAKS"
"W8350_BEIGE";"BAOBAOD"
"W8350_BLACK";"BAOBAOD"
"W8350_GREEN";"BAOBAOD"
"W8350_WHITE";"BAOBAOD"
"W8877_BLACK";"MOUNTAIN"
"W888_BLACK";"EMAKS"
"W888_BROWN";"EMAKS"
"WARD_BLACK";"Conway"
"WARD_NAVY";"Conway"
"WASI_BLUE";"Conway"
"WASI_PURPLE";"Conway"
"WCF26_BLACK";"PLATO"
"WD166_BRONZE";"SEASTAR"
"WD166_WHITE";"SEASTAR"
"WEI_BLUE";"Conway"
"WEI_BLUE_I";"Conway"
"WEI_FUXIA";"Conway"
"WEI_FUXIA_I";"Conway"
"WEI_GREY";"Conway"
"WEN_FUXIA";"Conway"
"WEN_NAVY";"Conway"
"WILIAM_BROWN";"Conway"
"WILLA_BLUE";"Conway"
"WILLA_NAVY";"Conway"
"WINTER_COFFE";"UMBERTO TOZZI"
"WISDOM_BLACK_GREEN_M";"Conway"
"WISDOM_BLACK_ORANGE";"Conway"
"WISDOM_GREEN";"Conway"
"WISDOM_NAVY_RED";"Conway"
"WISDOM_ORANGE";"Conway"
"WISDOM_RED";"Conway"
"WL587_BLACK";"KADIMAN"
"WL587_BROWN";"KADIMAN"
"WLF093_NAVY";"NW"
"WLF113_BLACK";"NW"
"WLF116_GREY";"NW"
"WLF20_BLACK";"NW"
"WLF211_GREY";"NW"
"WLF211_NAVY";"NW"
"WLF211_PINK";"NW"
"WLF211_WHITE";"NW"
"WLF211_WHITE_1";"NW"
"WLF212_GREY";"NW"
"WLF212_PINK";"NW"
"WLF213_BROWN";"NW"
"WLF213_BROWN_1";"NW"
"WLF213_GREEN";"NW"
"WLF213_GREY";"NW"
"WLF213_GREY_1";"NW"
"WLF213_NAVY";"NW"
"WLF213_PINK";"NW"
"WLF213_PINK_1";"NW"
"WLF213_PINK_2";"NW"
"WLF213_PINK_3";"NW"
"WLF213_PINK_4";"NW"
"WLF213_PINK_5";"NW"
"WLF213_PURPLE";"NW"
"WLF213_PURPLE_1";"NW"
"WLF213_PURPLE_2";"NW"
"WLF214_BLACK";"NW"
"WLF215_BLUE";"NW"
"WLF215_NAVY";"NW"
"WLF216_PINK";"NW"
"WLF217_GREEN";"NW"
"WLF218_NAVY";"NW"
"WLF219_BLACK";"NW"
"WLF219_NAVY";"NW"
"WLF219_RED";"NW"
"WLF220_BLUE";"NW"
"WLF221_ORANGE";"NW"
"WLF222_PURPLE";"NW"
"WLF223_BLACK";"NW"
"WLF224_BLACK";"NW"
"WLF225_PURPLE";"NW"
"WLF226_GREY";"NW"
"WLF227_BLACK";"NW"
"WLF228_PINK";"NW"
"WLF229_GREEN";"NW"
"WLF22_100_1NAVY";"NW"
"WLF22_100_1PINK";"NW"
"WLF22_100_2PINK";"NW"
"WLF22_100_BLACK";"NW"
"WLF22_100_BLUE";"NW"
"WLF22_100_NAVY";"NW"
"WLF22_100_PINK";"NW"
"WLF22_100_PINKY";"NW"
"WLF22_101_GREEN";"NW"
"WLF22_101_NAVY";"NW"
"WLF22_101_WHITE";"NW"
"WLF22_101_YELLOW";"NW"
"WLF22_102_SILVER";"NW"
"WLF22_103_PINK";"NW"
"WLF22_104_1WHITE";"NW"
"WLF22_104_GREY";"NW"
"WLF22_104_NAVY";"NW"
"WLF22_104_WHITE";"NW"
"WLF22_105_1BLACK";"NW"
"WLF22_105_BLACK";"NW"
"WLF22_105_NAVY";"NW"
"WLF22_105_RED";"NW"
"WLF22_106_BLACK";"WOOLF"
"WLF22_107_NAVY";"WOOLF"
"WLF22_108_BLACK";"WOOLF"
"WLF22_109_BLUE";"NW"
"WLF22_10_BLACK";"NW"
"WLF22_110_BEIGE";"NW"
"WLF22_111_GREY";"NW"
"WLF22_112_NAVY";"NW"
"WLF22_113_PINK";"NW"
"WLF22_114_PINK";"NW"
"WLF22_115_NAVY";"NW"
"WLF22_116_GREY";"NW"
"WLF22_117_GREY";"WOOLF"
"WLF22_118_BLACK";"WOOLF"
"WLF22_119_BRONZE";"WOOLF"
"WLF22_119_GOLD";"WOOLF"
"WLF22_11_WHITE";"NW"
"WLF22_120_1BLACK";"NW"
"WLF22_120_1BLUE";"NW"
"WLF22_120_1PINK";"NW"
"WLF22_120_BLACK";"NW"
"WLF22_120_BLUE";"NW"
"WLF22_120_BORDO";"NW"
"WLF22_120_GREY";"NW"
"WLF22_120_NAVY";"NW"
"WLF22_120_ORANGE";"NW"
"WLF22_120_PINK";"NW"
"WLF22_120_WHITE";"NW"
"WLF22_120_YELLOW";"NW"
"WLF22_121_GREEN";"WOOLF"
"WLF22_121_NAVY";"WOOLF"
"WLF22_122_BLACK";"WOOLF"
"WLF22_123_NAVY";"WOOLF"
"WLF22_124_1PINK";"AQUA TIME"
"WLF22_124_NAVY";"AQUA TIME"
"WLF22_124_PINK";"AQUA TIME"
"WLF22_124_RED";"AQUA TIME"
"WLF22_125_1NAVY";"AQUA TIME"
"WLF22_125_NAVY";"AQUA TIME"
"WLF22_126_1NAVY";"AQUA TIME"
"WLF22_126_NAVY";"AQUA TIME"
"WLF22_127_PINK";"AQUA TIME"
"WLF22_128_NAVY";"AQUA TIME"
"WLF22_129_GREEN";"AQUA TIME"
"WLF22_129_PINK";"AQUA TIME"
"WLF22_12_GREEN";"NW"
"WLF22_130_1BLACK";"NW"
"WLF22_130_1BLUE";"NW"
"WLF22_130_1BORDO";"NW"
"WLF22_130_1GREEN";"NW"
"WLF22_130_1NAVY";"NW"
"WLF22_130_1PURPLE";"NW"
"WLF22_130_BLACK";"NW"
"WLF22_130_GREEN";"NW"
"WLF22_130_NAVY";"NW"
"WLF22_130_PURPLE";"NW"
"WLF22_131_BLACK";"AQUA TIME"
"WLF22_131_GREY";"AQUA TIME"
"WLF22_131_NAVY";"AQUA TIME"
"WLF22_132_BLACK";"AQUA TIME"
"WLF22_132_BLUE";"AQUA TIME"
"WLF22_133_NAVY";"AQUA TIME"
"WLF22_134_NAVY";"AQUA TIME"
"WLF22_135_NAVY";"AQUA TIME"
"WLF22_136_BLACK";"AQUA TIME"
"WLF22_137_NAVY";"AQUA TIME"
"WLF22_138_GREEN";"AQUA TIME"
"WLF22_139_ORANGE";"AQUA TIME"
"WLF22_13_GREEN";"NW"
"WLF22_140_BLACK";"AQUA TIME"
"WLF22_141_1BLACK";"NW"
"WLF22_141_BLACK";"NW"
"WLF22_141_NAVY";"NW"
"WLF22_142_1BROWN";"NW"
"WLF22_142_BLACK";"NW"
"WLF22_142_BLUE";"NW"
"WLF22_142_BORDO";"NW"
"WLF22_142_BROWN";"NW"
"WLF22_142_GOLD";"NW"
"WLF22_142_NAVY";"NW"
"WLF22_142_PEACH";"NW"
"WLF22_142_PINK";"NW"
"WLF22_142_TOURQUISE";"NW"
"WLF22_143_NAVY";"NW"
"WLF22_143_PINK";"NW"
"WLF22_144_BLUE";"NW"
"WLF22_144_GREEN";"NW"
"WLF22_146_BLACK";"NW"
"WLF22_147_GREY";"NW"
"WLF22_148_NAVY";"NW"
"WLF22_149_PINK";"NW"
"WLF22_14_NAVY";"NW"
"WLF22_15_BORDO";"NW"
"WLF22_16_WHITE";"NW"
"WLF22_17_GREY";"NW"
"WLF22_18_BORDO";"WOOLF"
"WLF22_18_GREY";"WOOLF"
"WLF22_19_GREEN";"NW"
"WLF22_1_BLACK";"NW"
"WLF22_20_BLUE";"NW"
"WLF22_20_GREY";"NW"
"WLF22_20_GREY_1";"NW"
"WLF22_21_BEIGE";"NW"
"WLF22_21_PINK";"NW"
"WLF22_21_PINK1";"NW"
"WLF22_21_WHITE";"NW"
"WLF22_22_PINK";"NW"
"WLF22_23_BLACK";"NW"
"WLF22_23_BLUE";"NW"
"WLF22_24_BLACK";"WOOLF"
"WLF22_25_BLACK";"WOOLF"
"WLF22_26_GREY";"NW"
"WLF22_26_NAVY";"NW"
"WLF22_26_WHITE";"NW"
"WLF22_27_1BLUE";"NW"
"WLF22_27_BLACK";"NW"
"WLF22_27_BLUE";"NW"
"WLF22_27_GREY";"NW"
"WLF22_27_NAVY";"NW"
"WLF22_28_PURPLE";"FILA"
"WLF22_29_BLACK";"FILA"
"WLF22_30_GREY";"FILA"
"WLF22_31_GREY";"NW"
"WLF22_32_BLACK";"NW"
"WLF22_33_GREY";"NW"
"WLF22_34_GREY";"NW"
"WLF22_35_BLACK";"WOOLF"
"WLF22_36_BLACK";"WOOLF"
"WLF22_37_NAVY";"WOOLF"
"WLF22_38_BLACK";"WOOLF"
"WLF22_39_BEIGE";"WOOLF"
"WLF22_3_BLACK";"NW"
"WLF22_40_WHITE";"WOOLF"
"WLF22_41_WHITE";"WOOLF"
"WLF22_42_NAVY";"WOOLF"
"WLF22_43_BLACK";"NW"
"WLF22_44_BLACK";"NW"
"WLF22_45_BLUE";"NW"
"WLF22_45_GREY";"NW"
"WLF22_45_NAVY";"NW"
"WLF22_45_NAVY1";"NW"
"WLF22_45_PINK";"NW"
"WLF22_45_RED";"NW"
"WLF22_45_YELLOW";"NW"
"WLF22_45_YELLOW1";"NW"
"WLF22_46_NAVY";"NW"
"WLF22_47_PINK";"NW"
"WLF22_48_BLUE";"NW"
"WLF22_49_GREY";"NW"
"WLF22_4_BLACK";"NW"
"WLF22_50_NAVY";"NW"
"WLF22_51_NAVY";"NW"
"WLF22_52_GREY";"NW"
"WLF22_52_PINK";"NW"
"WLF22_53_GREY";"NW"
"WLF22_54_BLACK";"NW"
"WLF22_54_GREY";"NW"
"WLF22_54_NAVY";"NW"
"WLF22_54_PINK";"NW"
"WLF22_55_PINK";"NW"
"WLF22_56_GREY";"NW"
"WLF22_56_WHITE";"NW"
"WLF22_57_BLACK";"WALKX"
"WLF22_58_BLUE";"NW"
"WLF22_59_BEIGE";"NW"
"WLF22_59_GREY";"NW"
"WLF22_5_BROWN";"NW"
"WLF22_60_BLACK";"NW"
"WLF22_60_WHITE";"NW"
"WLF22_61_WHITE";"NW"
"WLF22_62_WHITE";"NW"
"WLF22_63_WHITE";"NW"
"WLF22_64_BROWN";"NW"
"WLF22_65_BLACK";"NW"
"WLF22_66_PINK";"WOOLF"
"WLF22_67_BLACK";"Jela"
"WLF22_68_BLACK";"NW"
"WLF22_69_BLACK";"NW"
"WLF22_6_BROWN";"NW"
"WLF22_70_BEIGE";"NW"
"WLF22_70_BLACK";"NW"
"WLF22_71_NAVY";"WALKX"
"WLF22_72_BLACK";"WOOLF"
"WLF22_72_BLACK_G";"WOOLF"
"WLF22_73_BLUE";"NW"
"WLF22_73_GREY";"NW"
"WLF22_73_GREY1";"NW"
"WLF22_73_GREY2";"NW"
"WLF22_73_GREY3";"NW"
"WLF22_73_GREY4";"NW"
"WLF22_73_NAVY";"NW"
"WLF22_73_PINK";"NW"
"WLF22_74_PINK";"NW"
"WLF22_75_GREEN";"NW"
"WLF22_76_2GREY";"NW"
"WLF22_76_GREY";"NW"
"WLF22_76_GREY1";"NW"
"WLF22_76_NAVY";"NW"
"WLF22_76_NAVY1";"NW"
"WLF22_77_1GREY";"NW"
"WLF22_77_BLUE";"NW"
"WLF22_77_GREY";"NW"
"WLF22_77_GREY1";"NW"
"WLF22_77_GREY2";"NW"
"WLF22_77_NAVY";"NW"
"WLF22_77_NAVY1";"NW"
"WLF22_78_GREY";"NW"
"WLF22_79_WHITE";"NW"
"WLF22_7_GREY";"NW"
"WLF22_80_1BLACK";"NW"
"WLF22_80_1BROWN";"NW"
"WLF22_80_BLACK";"NW"
"WLF22_80_BROWN";"NW"
"WLF22_81_GREY";"NW"
"WLF22_82_BLACK";"NW"
"WLF22_82_BORDO";"NW"
"WLF22_82_BROWN";"NW"
"WLF22_82_BROWN1";"NW"
"WLF22_82_NAVY";"NW"
"WLF22_83_NAVY";"NW"
"WLF22_84_BLACK";"NW"
"WLF22_84_GREY";"NW"
"WLF22_85_BEIGE";"NW"
"WLF22_85_GREY";"NW"
"WLF22_85_PINK";"NW"
"WLF22_86_NAVY";"NW"
"WLF22_87_BEIGE";"NW"
"WLF22_88_NAVY";"NW"
"WLF22_88_RED";"NW"
"WLF22_88_WHITE";"NW"
"WLF22_89_BLUE";"WOOLF"
"WLF22_89_GREY";"WOOLF"
"WLF22_89_NAVY";"WOOLF"
"WLF22_8_BLACK";"NW"
"WLF22_90_GREY";"NW"
"WLF22_91_BLACK";"NW"
"WLF22_92_BLACK";"NW"
"WLF22_93_GREY";"NW"
"WLF22_94_BLACK";"NW"
"WLF22_95_1BLACK";"NW"
"WLF22_95_BLACK";"NW"
"WLF22_96_1_PINK";"NW"
"WLF22_96_1BLUE";"NW"
"WLF22_96_1GREEN";"NW"
"WLF22_96_BLUE";"NW"
"WLF22_96_GREEN";"NW"
"WLF22_96_NAVY";"NW"
"WLF22_96_PINK";"NW"
"WLF22_96_WHITE";"NW"
"WLF22_97_GREY";"NW"
"WLF22_97_NAVY";"NW"
"WLF22_98_BLACK";"NW"
"WLF22_99_PINK";"NW"
"WLF22_9_NAVY";"NW"
"WLF230_BLUE";"NW"
"WLF231_BEIGE";"NW"
"WLF232_RED";"NW"
"WLF233_BLUE";"NW"
"WLF234_BLUE";"NW"
"WLF235_BLUE";"NW"
"WLF236_BEIGE";"NW"
"WLF237_BLUE";"NW"
"WLF238_BEIGE";"NW"
"WLF238_GREY";"NW"
"WLF239_BEIGE";"NW"
"WLF240_BEIGE";"NW"
"WLF240_GREY";"NW"
"WLF240_PINK";"NW"
"WLF241_BLACK";"NW"
"WLF242_BLUE";"NW"
"WLF243_GREY";"NW"
"WLF243_GREY_1";"NW"
"WLF244_BEIGE";"NW"
"WLF245_BEIGE";"NW"
"WLF245_BEIGE_GREY";"NW"
"WLF245_BLACK";"NW"
"WLF245_NAVY";"NW"
"WLF245_OLIVE";"NW"
"WLF246_BEIGE";"NW"
"WLF247_BLUE";"NW"
"WLF248_BEIGE";"NW"
"WLF249_GREY";"NW"
"WLF250_NAVY";"NW"
"WLF251_GREY";"NW"
"WLF252_GREY_ORANGE";"NW"
"WLF253_BLUE";"NW"
"WLF254_PINK";"WOOLF"
"WLF255_BLACK";"NW"
"WLF256_WHITE";"NW"
"WLF257_WHITE";"WOOLF"
"WLF258_BLACK";"NW"
"WLF259_GREY";"WOOLF"
"WLF260_GREY";"WOOLF"
"WLF261_PINK";"WOOLF"
"WLF262_BLACK";"WOOLF"
"WLF262_BLUE";"NW"
"WLF262_GREY";"NW"
"WLF262_NAVY";"NW"
"WLF262_OLIVE";"NW"
"WLF262_OLIVES";"NW"
"WLF262_YELLOW";"WOOLF"
"WLF263_PURPLE";"WOOLF"
"WLF264_GREY";"NW"
"WLF265_WHITE";"WOOLF"
"WLF266_WHITE";"NW"
"WLF267_BRONZE";"NW"
"WLF268_NAVY";"NW"
"WLF269_BLUE";"NW"
"WLF270_NAVY";"NW"
"WLF271_PINK";"NW"
"WLF271_RED";"NW"
"WLF272_BLACK";"NW"
"WLF273_PINK";"NW"
"WLF274_PINK";"NW"
"WLF275_WHITE_BLACK";"NW"
"WLF276_1NAVY";"NW"
"WLF276_BLACK";"NW"
"WLF276_BLUE";"NW"
"WLF276_BORDO";"NW"
"WLF276_GREY";"NW"
"WLF276_NAVY";"NW"
"WLF276_PINK";"NW"
"WLF276_WHITE";"NW"
"WLF277_BLACK";"NW"
"WLF278_BLACK";"NW"
"WLF278_NAVY";"NW"
"WLF279_BLACK";"NW"
"WLF280_GREY";"NW"
"WLF281_BLACK";"NW"
"WLF281_PINK";"NW"
"WLF281_RED";"NW"
"WLF281_YELLOW";"NW"
"WLF282_BLACK";"NW"
"WLF282_GREEN";"NW"
"WLF282_GREY";"NW"
"WLF282_GREY_1";"NW"
"WLF282_GREY_2";"NW"
"WLF282_YELLOW";"NW"
"WLF283_BLACK";"NW"
"WLF283_NAVY";"NW"
"WLF284_BLUE";"NICKELODEON"
"WLF284_BLUE_PINK";"NICKELODEON"
"WLF284_PINK";"NICKELODEON"
"WLF285_BLUE";"DISNEY"
"WLF285_BLUE_1";"NICKELODEON"
"WLF285_RED";"DISNEY"
"WLF286_BLUE";"DISNEY"
"WLF286_BLUE_1";"DISNEY"
"WLF286_PINK";"DISNEY"
"WLF287_RED";"MARVEL"
"WLF287_RED_1";"MARVEL"
"WLF288_BLACK";"NW"
"WLF288_GREY";"NW"
"WLF289_WHITE";"MARVEL"
"WLF290_RED";"MARVEL"
"WLF291_RED";"NW"
"WLF292_NAVY";"NW"
"WLF293_1WHITE";"MARVEL"
"WLF293_RED";"MARVEL"
"WLF293_WHITE";"MARVEL"
"WLF294_WHITE";"MARVEL"
"WLF295_BLUE";"NW"
"WLF296_1WHITE";"NW"
"WLF296_BLUE";"NW"
"WLF296_WHITE";"NW"
"WLF297_WHITE";"NW"
"WLF298_YELLOW";"NW"
"WLF299_GREY";"NW"
"WLF300_GREY";"NW"
"WLF301_GREY";"NW"
"WLF302_PINK";"NW"
"WLF303_WHITE";"NW"
"WLF304_WHITE";"NW"
"WLF305_WHITE";"NW"
"WLF306_BLACK";"NW"
"WLF307_WHITE";"NW"
"WLF308_WHITE";"NW"
"WLF309_WHITE";"NW"
"WLF310_NAVY";"NW"
"WLF311_BROWN";"NW"
"WLF312_BLACK";"NW"
"WLF312_BROWN";"NW"
"WLF313_SILVER";"NW"
"WLF314_PINK";"NW"
"WLF315_BROWN";"NW"
"WLF316_WHITE";"NW"
"WLF317_BEIGE";"NW"
"WLF318_PINK";"NW"
"WLF319_BLUE";"DISNEY"
"WLF319_NAVY";"NICKELODEON"
"WLF319_NAVY1";"DISNEY"
"WLF319_RED";"DISNEY"
"WLF320_BLACK";"NW"
"WLF320_PINK";"NICKELODEON"
"WLF321_GREY";"NW"
"WLF322_NAVY";"NW"
"WLF323_GREEN";"NW"
"WLF324_PURPLE";"NW"
"WLF325_GREY";"NW"
"WLF326_NAVY";"NW"
"WLF327_PURPLE";"NW"
"WLF328_GREEN";"NW"
"WLF329_BLUE";"NW"
"WLF330_PINK";"NW"
"WLF331_GREY";"NW"
"WLF332_BLACK";"NW"
"WLF332_WHITE";"NW"
"WLF333_WHITE";"NW"
"WLF334_BLACK";"NW"
"WLF335_BLACK";"NW"
"WLF336_BLACK";"NW"
"WLF337_BLACK";"NW"
"WLF338_BLACK";"NW"
"WLF339_BLACK";"NW"
"WLF340_BLUE";"NW"
"WLF341_PINK";"NW"
"WLF342_GREY";"NW"
"WLF343_BLUE";"NW"
"WLF344_SILVER";"NW"
"WLF345_RED";"NW"
"WLF346_BLUE";"NW"
"WLF346_GREY";"NW"
"WLF347_BLUE";"NW"
"WLF348_BLACK";"WOOLF"
"WLF348_BLUE";"WOOLF"
"WLF348_BLUE1";"WOOLF"
"WLF348_NAVY";"WOOLF"
"WLF348_OLIVES";"WOOLF"
"WLF348_PINK";"WOOLF"
"WLF348_TURQUOISE";"WOOLF"
"WLF349_BLUE";"WOOLF"
"WLF349_TURQUISE";"WOOLF"
"WLF350_NAVY";"NW"
"WLF351_GREY";"NW"
"WLF352_BLACK";"NW"
"WLF353_PINK";"NW"
"WLF354_SILVER";"NW"
"WLF355_PINK";"NW"
"WLF356_GREEN";"NW"
"WLF357_BLUE";"NW"
"WLF357_GREY";"NW"
"WLF357_NAVY";"NW"
"WLF358_BROWN";"NW"
"WLF358_GREY";"NW"
"WLF359_BLUE";"NW"
"WLF359_GREY";"NW"
"WLF360_NAVY";"NW"
"WLF361_NAVY";"NW"
"WLF362_GREY";"NW"
"WLF363_GREY";"NW"
"WLF363_NAVY";"NW"
"WLF363_PINK";"NW"
"WLF363_RED";"NW"
"WLF364_BEIGE";"NW"
"WLF364_NAVY";"NW"
"WLF365_NAVY";"NW"
"WLF366_BORDO";"NW"
"WLF366_GREEN";"NW"
"WLF366_GREY";"NW"
"WLF367_NAVY";"NW"
"WLF368_BLACK";"NW"
"WLF369_BROWN";"NW"
"WLF370_BROWN";"NW"
"WLF371_BLUE";"NW"
"WLF372_BROWN";"NW"
"WLF373_BEIGE";"NW"
"WLF373_BLACK";"NW"
"WLF373_SILVER";"NW"
"WLF374_BLUE";"NW"
"WLF374_NAVY";"NW"
"WLF375_BLUE";"NW"
"WLF375_BORDO";"NW"
"WLF375_BROWN";"NW"
"WLF375_BROWN_1";"NW"
"WLF375_NAVY";"NW"
"WLF376_BEIGE";"NW"
"WLF377_GREY";"NW"
"WLF378_BLACK";"NW"
"WLF378_BLK_ORANGE";"NW"
"WLF378_BLK_RED";"NW"
"WLF379_BLACK";"NW"
"WLF379_BLUE";"NW"
"WLF379_RED";"NW"
"WLF380_BLACK";"NW"
"WLF381_BLACK";"NW"
"WLF382_GREEN";"NW"
"WLF383_BLACK";"NW"
"WLF384_BLACK";"NW"
"WLF384_BROWN";"NW"
"WLF384_BROWN_1";"NW"
"WLF385_BLACK";"NW"
"WLF386_BEIGE";"NW"
"WLF386_BLACK";"NW"
"WLF386_BROWN";"NW"
"WLF387_BLUE";"NW"
"WLF387_GREY";"NW"
"WLF388_BROWN";"NW"
"WLF389_BLACK";"NW"
"WLF390_BLACK";"NW"
"WLF390_BROWN";"NW"
"WLF390_BROWN1";"NW"
"WLF390_NAVY";"NW"
"WLF391_GREY";"NW"
"WLF392_GREY";"NW"
"WLF393_BLACK";"NW"
"WLF393_BLUE";"NW"
"WLF393_RED";"NW"
"WLF394_1GREEN";"NW"
"WLF394_1PINK";"NW"
"WLF394_2PINK";"NW"
"WLF394_BLACK";"NW"
"WLF394_GREEN";"NW"
"WLF394_PINK";"NW"
"WLF394_TURQUISE";"NW"
"WLF394_WHITE";"NW"
"WLF395_BLACK";"NW"
"WLF395_BLUE";"NW"
"WLF396_TURQUISE";"NW"
"WLF397_BLACK";"NW"
"WLF397_BROWN";"NW"
"WLF397_GREY";"NW"
"WLF397_KHAKI";"NW"
"WLF398_TURQUISE";"NW"
"WLF399_GREY";"NW"
"WLF399_WHITE";"NW"
"WLF400_BLUE";"NW"
"WLF401_GREEN";"NW"
"WLF404_GREEN";"AQUA TIME"
"WLF405_PINK";"AQUA TIME"
"WLF406_1PINK";"AQUA TIME"
"WLF406_BLUE";"AQUA TIME"
"WLF406_PINK";"AQUA TIME"
"WLF406_PINK1";"AQUA TIME"
"WLF407_BLUE";"AQUA TIME"
"WLF407_NAVY";"AQUA TIME"
"WLF407_PINK";"AQUA TIME"
"WLF408_BLACK";"AQUA TIME"
"WLF409_BLACK";"AQUA TIME"
"WLF409_GREY";"AQUA TIME"
"WLF410_FLOWER";"AQUA TIME"
"WLF411_NAVY";"AQUA TIME"
"WLF412_GREEN";"AQUA TIME"
"WLF412_NAVY";"AQUA TIME"
"WLF413_NAVY";"AQUA TIME"
"WLF414_NAVY";"AQUA TIME"
"WLF415_BLACK";"AQUA TIME"
"WLF416_PINK";"AQUA TIME"
"WLF417_NAVY";"AQUA TIME"
"WLF418_BLUE";"AQUA TIME"
"WLF418_PINK";"AQUA TIME"
"WLF419_BROWN";"NW"
"WLF420_BLUE";"AQUA TIME"
"WLF421_BLUE";"NW"
"WLF422_BROWN";"NW"
"WLF423_GREY";"NW"
"WLF424_WHITE";"NW"
"WLF425_RED";"NW"
"WLF426_BLUE";"NW"
"WLF426_PURPLE";"NW"
"WLF427_GREEN";"NW"
"WLF428_BLACK";"FILA"
"WLF429_GREEN";"NW"
"WLF430_GREY";"NW"
"WLF431_GREEN";"NW"
"WLF431_PURPLE";"NW"
"WLF432_YELLOW";"CHAMPION"
"WLF434_GREEN";"CHAMPION"
"WLF434_PINK";"NW"
"WLF434_YELLOW";"NW"
"WLF435_BLUE";"NW"
"WLF436_BLACK";"NW"
"WLF436_BLUE";"NW"
"WLF437_BLUE";"NW"
"WLF438_BLACK";"NW"
"WLF438_GREY";"NW"
"WLF439_BROWN";"NW"
"WLF439_SILVER";"NW"
"WLF440_BROWN";"NW"
"WLF441_BLACK";"NW"
"WLF442_BLACK";"NW"
"WLF443_BLUE";"NW"
"WLF444_PINK";"NW"
"WLF445_NAVY";"NW"
"WLF446_NAVY";"NW"
"WLF447_GREY";"NW"
"WLF447_NAVY";"NW"
"WLF448_BLACK";"NW"
"WLF449_BLACK";"NW"
"WLF44_49_GREY";"NW"
"WLF450_BLACK";"NW"
"WLF451_BLACK";"NW"
"WLF451_BLACKY";"NW"
"WLF451_RED";"NW"
"WLF452_BLUE";"WOOLF"
"WLF452_BROWN";"NW"
"WLF452_RED";"NW"
"WLF453_BROWN";"NW"
"WLF454_RED";"NW"
"WLF455_GREEN";"NW"
"WLF456_BLACK";"NW"
"WLF457_NAVY";"NW"
"WLF458_GREY";"NW"
"WLF459_GREY";"NW"
"WLF460_GREY";"NW"
"WLF460_NAVY";"NW"
"WLF461_GREY";"NW"
"WLF462_WHITE";"NW"
"WLF463_GREY";"NW"
"WLF464_BROWN";"NW"
"WLF465_PINK";"NW"
"WLF466_BEIGE";"NW"
"WLF466_PINK";"NW"
"WLF468_GREY";"WOOLF"
"WLF469_BORDO";"WOOLF"
"WLF470_BLACK";"WOOLF"
"WLF471_NAVY";"NW"
"WLF472_BLACK";"NW"
"WLF473_NAVY";"WOOLF"
"WLF474_BLACK";"NW"
"WLF475_BLACK";"NW"
"WLF476_BLACK";"NW"
"WLF477_BLACK";"NW"
"WLF478_BLACK";"NW"
"WLF479_BLACK";"NW"
"WLF622025_BORDO";"WOOLF"
"WLF622025_GREY";"WOOLF"
"WLFP0100_BEIGE";"NW"
"WLFP0101_BLACK";"NW"
"WLFP0102_NAVY";"NW"
"WLFP0103_NAVY";"NW"
"WLFP0104_GREEN";"NW"
"WLFP0104_PINK";"NW"
"WLFP0105_GREY";"NW"
"WLFP0106_BLUE";"NW"
"WLFP0106_GREY";"NW"
"WLFP0107_BLACK";"NW"
"WLFP0108_BEIGE";"NW"
"WLFP0109_BLACK";"NW"
"WLFP0110_BLACK";"46NORD"
"WLFP0111_BLACK";"WOOLF"
"WLFP0111_NAVY";"WOOLF"
"WLFP0112_BEIGE";"WALKX"
"WLFP0112_BLACK";"WALKX"
"WLFP0112_RED";"WALKX"
"WLFP0113_GREY";"NW"
"WLFP0114_BLACK";"NW"
"WLFP0115_1GREY";"WALKX"
"WLFP0115_GREY";"WALKX"
"WLFP0115_WHITE";"WALKX"
"WLFP0116_NAVY";"WALKX"
"WLFP0117_NAVY";"WALKX"
"WLFP0118_BLACK";"NW"
"WLFP0119_BLACK";"NW"
"WLFP0119_GREY";"NW"
"WLFP0120_RED";"NW"
"WLFP0121_1GREY";"8TIMES3"
"WLFP0121_GREY";"NW"
"WLFP0122_GREEN";"NW"
"WLFP0123_BORDO";"NW"
"WLFP0124_ORANGE";"NW"
"WLFP0125_BLACK";"NW"
"WLFP0126_BLACK";"NW"
"WLFP0127_GREY";"NW"
"WLFP0128_BLACK";"NW"
"WLFP0128_BLUE";"NW"
"WLFP0129_ORANGE";"NW"
"WLFP0130_NAVY";"NW"
"WLFP0131_BLACK";"NW"
"WLFP0131_PURPLE";"NW"
"WLFP0132_1RED";"NW"
"WLFP0132_NAVY";"NW"
"WLFP0132_RED";"NW"
"WLFP0132_TURQUOISE";"NW"
"WLFP0133_BLACK";"NW"
"WLFP0134_1BLUE";"NW"
"WLFP0134_1GREY";"NW"
"WLFP0134_1PURPLE";"NW"
"WLFP0134_BLACK";"NW"
"WLFP0134_BLUE";"NW"
"WLFP0134_GREY";"NW"
"WLFP0134_PURPLE";"NW"
"WLFP0135_BLACK";"NW"
"WLFP0135_BLUE";"NW"
"WLFP0135_GREY";"NW"
"WLFP0135_PURPLE";"NW"
"WLFP0136_1PURPLE";"NW"
"WLFP0136_BLACK";"NW"
"WLFP0136_BLUE";"NW"
"WLFP0136_PURPLE";"NW"
"WLFP0137_BLACK";"NW"
"WLFP0137_BLUE";"NW"
"WLFP0137_GREY";"NW"
"WLFP0137_PURPLE";"NW"
"WLFP0138_BLUE";"NW"
"WLFP0138_GREY";"NW"
"WLFP0139_GREEN";"DISNEY"
"WLFP0140_BLUE";"DISNEY"
"WLFP0141_PINK";"DISNEY"
"WLFP0142_NAVY";"DISNEY"
"WLFP0143_NAVY";"WOOLF"
"WLFP0144_GREEN";"WOOLF"
"WLFP0145_GREY";"NW"
"WLFP0146_NAVY";"WOOLF"
"WLFP0147_NAVY";"WOOLF"
"WLFP0148_BLACK";"WOOLF"
"WLFP0148_NAVY";"WOOLF"
"WLFP0149_PURPLE";"NW"
"WLFP0150_1NAVY";"NW"
"WLFP0150_BLUE";"NW"
"WLFP0150_NAVY";"NW"
"WLFP0151_BLUE";"NW"
"WLFP0151_PURPLE";"NW"
"WLFP0152_BLACK";"NW"
"WLFP0152_PINK";"NW"
"WLFP0153_BEIGE";"NW"
"WLFP0153_PINK";"NW"
"WLFP0154_WHITE";"NW"
"WLFP0155_BLUE";"NW"
"WLFP0156_NAVY";"NW"
"WLFP0157_GREY";"NW"
"WLFP0157_NAVY";"NW"
"WLFP0158_NAVY";"WOOLF"
"WLFP0159_GREY";"NW"
"WLFP0160_BLACK";"NW"
"WLFP0161_BEIGE";"NW"
"WLFP0162_BLACK";"NW"
"WLFP0162_BLUE";"NW"
"WLFP0162_GREY";"NW"
"WLFP0162_PINK";"NW"
"WLFP0163_WHITE";"NW"
"WLFP0164_WHITE";"NW"
"WLFP0165_NAVY";"NW"
"WLFP0165_WHITE";"NW"
"WLFP0166_NAVY";"NW"
"WLFP0166_WHITE";"NW"
"WLFP0167_BORDO";"NW"
"WLFP0168_BEIGE";"NW"
"WLFP0169_BLUE";"ADIDAS"
"WLFP0170_PURPLE";"NW"
"WLFP0171_NAVY";"NW"
"WLFP0172_NAVY";"NW"
"WLFP0173_BLACK";"NW"
"WLFP0173_GREEN";"NW"
"WLFP0174_BROWN";"NW"
"WLFP0174_NAVY";"NW"
"WLFP0175_GREEN";"NW"
"WLFP0176_NAVY";"NW"
"WLFP0177_WHITE";"NW"
"WLFP0178_BEIGE";"NW"
"WLFP0178_NAVY";"NW"
"WLFP0178_WHITE";"NW"
"WLFP0179_NAVY";"NW"
"WLFP0180_GREY";"NW"
"WLFP0181_WHITE";"NW"
"WLFP0182_NAVY";"NW"
"WLFP0182_RED";"NW"
"WLFP0183_BLACK";"KTM"
"WLFP0191_NAVY";"NW"
"WLFP0191_PINK";"NW"
"WLFP02025_BROWN";"NW"
"WLFP02025_NAVY";"NW"
"WLFP0203_1BLUE";"DISNEY"
"WLFP0207_BROWN";"NW"
"WLFP0207_GREY";"NW"
"WLFP0207_NAVY";"NW"
"WLFP0208_GREY";"NW"
"WLFP0208_NAVY";"NW"
"WLFP0209_BLACK";"NW"
"WLFP0209_BLK_PINK";"NW"
"WLFP0209_BLUE";"NW"
"WLFP0209_NAVY";"NW"
"WLFP0209_PINK";"NW"
"WLFP0209_WHITE";"NW"
"WLFP0210_PINK";"NW"
"WLFP0210_SILVER";"NW"
"WLFP0211_1PINK";"NW"
"WLFP0211_1SILVER";"NW"
"WLFP0211_GOLD";"NW"
"WLFP0211_PINK";"NW"
"WLFP0211_SILVER";"NW"
"WLFP0212_BEIGE";"NW"
"WLFP0212_BLACK";"NW"
"WLFP0212_GREEN";"NW"
"WLFP0213_RED";"NW"
"WLFP0214_1BROWN";"NORDCAP"
"WLFP0214_BLACK";"NORDCAP"
"WLFP0214_BROWN";"NORDCAP"
"WLFP0215_GREEN";"NW"
"WLFP0216_BLACK";"NW"
"WLFP0217_GREEN";"NW"
"WLFP0217_GREY";"NW"
"WLFP0217_NAVY";"NW"
"WLFP0217_PINK";"NW"
"WLFP0218_BROWN";"NW"
"WLFP0218_NAVY";"NW"
"WLFP0219_BLACK";"NW"
"WLFP0220_NAVY";"NW"
"WLFP0221_BEIGE";"NW"
"WLFP0222_PURPLE";"NW"
"WLFP0223_NAVY";"NW"
"WLFP0224_GREEN";"NW"
"WLFP0225_GREY";"NORDCAP"
"WLFP0226_BLACK";"KTM"
"WLFP0227_ORANGE";"KTM"
"WLFP0228_BLACK";"NW"
"WLFP0229_NAVY";"NW"
"WLFP0230_1BLUE";"NW"
"WLFP0230_1PINK";"NW"
"WLFP0230_BLACK";"NW"
"WLFP0230_BLUE";"NW"
"WLFP0230_NAVY";"NW"
"WLFP0230_PINK";"NW"
"WLFP0231_PINK";"NW"
"WLFP0232_PURPLE";"NW"
"WLFP0233_PINK";"NW"
"WLFP0234_GREEN";"NW"
"WLFP023_PINK";"NICKELODEON"
"WLFP024_GREEN";"NICKELODEON"
"WLFP0255_NAVY";"NORDCAP"
"WLFP025_BLUE";"NICKELODEON"
"WLFP025_GREEN";"NICKELODEON"
"WLFP025_RED";"NICKELODEON"
"WLFP026_GREEN";"NW"
"WLFP026_PINK";"NW"
"WLFP026_RED";"NW"
"WLFP027_1PINK";"NW"
"WLFP027_BLUE";"NW"
"WLFP027_GREEN";"NW"
"WLFP027_GREY";"NW"
"WLFP027_NAVY";"NW"
"WLFP027_PINK";"NW"
"WLFP027_PURPLE";"NW"
"WLFP027_RED";"NW"
"WLFP028_1WHITE";"NW"
"WLFP028_GREEN";"NW"
"WLFP028_GREY";"NW"
"WLFP028_NAVY";"NW"
"WLFP028_PINK";"NW"
"WLFP028_RED";"NW"
"WLFP028_WHITE";"NW"
"WLFP029_BLUE";"NW"
"WLFP0300_BLACK";"NW"
"WLFP0302_BLACK";"NW"
"WLFP0302_OLIVE";"NW"
"WLFP0303_NAVY";"NW"
"WLFP0304_BLACK";"NW"
"WLFP0305_GREY";"NW"
"WLFP0306_GREEN";"NW"
"WLFP0307_NAVY";"NW"
"WLFP0308_NAVY";"NW"
"WLFP0309_NAVY";"NW"
"WLFP030_BLACK";"NW"
"WLFP0310_NAVY";"NW"
"WLFP0310_PINK";"NW"
"WLFP0311_NAVY";"NW"
"WLFP0311_PINK";"NW"
"WLFP0312_BLACK";"NW"
"WLFP0313_BLACK";"NW"
"WLFP0314_1NAVY";"NW"
"WLFP0314_1PINK";"NW"
"WLFP0314_2BLUE";"NW"
"WLFP0314_2NAVY";"NW"
"WLFP0314_2PINK";"NW"
"WLFP0314_3PINK";"NW"
"WLFP0314_BLACK";"NW"
"WLFP0314_BLUE";"NW"
"WLFP0314_NAVY";"NW"
"WLFP0314_PINK";"NW"
"WLFP0314_WHITE";"NW"
"WLFP0315_GREEN";"NW"
"WLFP0316_BLUE";"NW"
"WLFP0317_BLACK";"NW"
"WLFP0318_BLUE";"NW"
"WLFP0319_BLACK";"NW"
"WLFP031_BLACK";"NW"
"WLFP031_BORDO";"NW"
"WLFP031_NAVY";"NW"
"WLFP031_PINK";"NW"
"WLFP031_WHITE";"NW"
"WLFP0320_ORANGE";"NW"
"WLFP0321_BLUE";"NW"
"WLFP0322_PURPLE";"NW"
"WLFP0323_GREY";"NW"
"WLFP0324_GREY";"NW"
"WLFP0325_BLACK";"NW"
"WLFP0325_NAVY";"NW"
"WLFP0325_PINK";"NW"
"WLFP0325_WHITE";"NW"
"WLFP0326_BLACK";"NW"
"WLFP0327_1PINK";"NW"
"WLFP0327_BLACK";"NW"
"WLFP0327_NAVY";"NW"
"WLFP0327_PINK";"NW"
"WLFP0328_BLACK";"NW"
"WLFP0329_BLACK";"NW"
"WLFP032_1PURPLE";"NW"
"WLFP032_BLUE";"NW"
"WLFP032_PURPLE";"NW"
"WLFP032_RED";"NW"
"WLFP0330_BLACK";"NW"
"WLFP0331_BLACK";"NW"
"WLFP0332_BROWN";"NW"
"WLFP0332_PINK";"NW"
"WLFP0332_SILVER";"NW"
"WLFP0333_PURPLE";"NW"
"WLFP0334_1BLUE";"NW"
"WLFP0334_BLUE";"NW"
"WLFP0334_NAVY";"NW"
"WLFP0334_YELLOW";"NW"
"WLFP0335_GREEN";"NW"
"WLFP0335_GREY";"NW"
"WLFP0335_NAVY";"NW"
"WLFP0336_NAVY";"NW"
"WLFP0337_PINK";"NW"
"WLFP0338_PINK";"NW"
"WLFP0339_PINK";"NW"
"WLFP033_BLUE";"NW"
"WLFP0340_NAVY";"NW"
"WLFP0341_GREEN";"NW"
"WLFP0341_NAVY";"NW"
"WLFP0342_NAVY";"NW"
"WLFP0343_BROWN";"NW"
"WLFP0344_BEIGE";"NW"
"WLFP0345_PINK";"NW"
"WLFP0346_NAVY";"NW"
"WLFP0347_BROWN";"NW"
"WLFP0348_BLACK";"NW"
"WLFP0349_PINK";"NW"
"WLFP034_BLACK";"NW"
"WLFP034_BROWN";"NW"
"WLFP0350_SILVER";"NW"
"WLFP0351_GREY";"NW"
"WLFP0352_GREY";"NW"
"WLFP0353_BLACK";"NW"
"WLFP0353_PINK";"NW"
"WLFP0354_BLACK";"NW"
"WLFP0355_BLACK";"NW"
"WLFP0355_GREEN";"NW"
"WLFP0355_RED";"NW"
"WLFP0356_BLACK";"NW"
"WLFP0356_PINK";"NW"
"WLFP0357_BEIGE";"NW"
"WLFP0357_BLUE";"NW"
"WLFP0358_BLACK";"NW"
"WLFP0359_BLACK";"NW"
"WLFP0359_RED";"NW"
"WLFP0359_WHITE";"NW"
"WLFP035_BLACK";"NW"
"WLFP035_BLUE";"NW"
"WLFP035_NAVY";"NW"
"WLFP0360_BLACK";"NW"
"WLFP0361_WHITE";"NW"
"WLFP0362_BLUE";"NW"
"WLFP0363_1NAVY";"NW"
"WLFP0363_NAVY";"NW"
"WLFP0364_GREEN";"WOOLF"
"WLFP0364_PINK";"WOOLF"
"WLFP0365_PINK";"WOOLF"
"WLFP0366_BLACK";"WOOLF"
"WLFP0366_NAVY";"WOOLF"
"WLFP0366_PINK";"WOOLF"
"WLFP0367_BLACK";"NW"
"WLFP0367_BLUE";"NW"
"WLFP0367_GREEN";"NW"
"WLFP0367_RED";"NW"
"WLFP0368_PINK";"NW"
"WLFP0369_PINK";"NW"
"WLFP036_BORDO";"NW"
"WLFP036_GREY";"NW"
"WLFP036_TURQUISE";"NW"
"WLFP0370_PURPLE";"NW"
"WLFP0371_GREEN";"NICKELODEON"
"WLFP0371_RED";"NICKELODEON"
"WLFP0372_GREEN";"NICKELODEON"
"WLFP0372_RED";"NICKELODEON"
"WLFP0373_NAVY";"NW"
"WLFP0373_PURPLE";"NW"
"WLFP0374_BLACK";"NW"
"WLFP0375_PURPLE";"NW"
"WLFP0376_BLUE";"NW"
"WLFP0377_BLUE";"NW"
"WLFP0377_PINK";"NW"
"WLFP0378_BLUE";"NW"
"WLFP0378_NAVY";"NW"
"WLFP0379_GREEN";"NW"
"WLFP037_BLACK";"NW"
"WLFP037_BORDO";"NW"
"WLFP037_GREEN";"NW"
"WLFP037_TURQUISE";"NW"
"WLFP0380_BORDO";"NW"
"WLFP0381_NAVY";"NW"
"WLFP0382_BEIGE";"NW"
"WLFP0383_BLACK";"NW"
"WLFP0384_1PINK";"DISNEY"
"WLFP0384_PINK";"DISNEY"
"WLFP0385_BLUE";"DISNEY"
"WLFP0386_GREEN";"DISNEY"
"WLFP0387_BLACK";"DISNEY"
"WLFP0388_GREY";"NW"
"WLFP0389_BLACK";"NW"
"WLFP0389_PINK";"NW"
"WLFP0389_RED";"NW"
"WLFP038_1BLUE";"NW"
"WLFP038_BLACK";"NW"
"WLFP038_BLUE";"NW"
"WLFP038_BORDO";"NW"
"WLFP0390_GREY";"NW"
"WLFP0391_BLACK";"NW"
"WLFP0392_GREY";"NW"
"WLFP0393_BLACK";"NW"
"WLFP0394_BLACK";"NW"
"WLFP0395_BLACK";"NW"
"WLFP0396_BLACK";"NW"
"WLFP0397_BLACK";"NW"
"WLFP0398_BLACK";"NW"
"WLFP0399_BLACK";"NW"
"WLFP039_NAVY";"NW"
"WLFP0400_BLACK";"NW"
"WLFP0400_ORANGE";"NW"
"WLFP0401_1GREY";"NW"
"WLFP0401_2GREY";"NW"
"WLFP0401_GREY";"NW"
"WLFP0401_WHITE";"NW"
"WLFP0402_GREY";"NW"
"WLFP0403_GREY";"NW"
"WLFP0404_RED";"NW"
"WLFP0405_BLACK";"NW"
"WLFP0405_BLUE";"NW"
"WLFP0405_RED";"NW"
"WLFP0406_BLACK";"NW"
"WLFP0406_BLUE";"NW"
"WLFP0407_PURPLE";"NW"
"WLFP0408_BLACK";"NW"
"WLFP0408_BLUE";"NW"
"WLFP0408_NAVY";"NW"
"WLFP0408_PINK";"NW"
"WLFP0409_BLACK";"NW"
"WLFP0409_BLUE";"NW"
"WLFP0409_NAVY";"NW"
"WLFP0409_PINK";"NW"
"WLFP040_BLACK";"NW"
"WLFP040_NAVY";"NW"
"WLFP0410_1RED";"WOOLF"
"WLFP0410_2RED";"WOOLF"
"WLFP0410_RED";"RAZVRSTAVANJE ROBE"
"WLFP0411_GREEN";"NW"
"WLFP0412_RED";"NW"
"WLFP0413_PINK";"NW"
"WLFP0413_PURPLE";"NW"
"WLFP0414_BROWN";"NW"
"WLFP0415_GREEN";"NW"
"WLFP0416_BLACK";"NW"
"WLFP0417_BLACK";"WOOLF"
"WLFP0418_BLACK";"WOOLF"
"WLFP0418_BROWN";"WOOLF"
"WLFP0419_GREY";"WOOLF"
"WLFP041_BLACK";"NW"
"WLFP041_NAVY";"NW"
"WLFP0420_1NAVY";"NW"
"WLFP0420_NAVY";"NW"
"WLFP0421_NAVY";"NW"
"WLFP0421_PURPLE";"NW"
"WLFP0422_BLUE";"NW"
"WLFP0422_GREY";"DISNEY"
"WLFP0422_RED";"DISNEY"
"WLFP0423_1BLUE";"DISNEY"
"WLFP0423_BLUE";"DISNEY"
"WLFP0423_GREY";"DISNEY"
"WLFP0423_NAVY";"DISNEY"
"WLFP0423_RED";"DISNEY"
"WLFP0424_1PINK";"DISNEY"
"WLFP0424_BLACK";"DISNEY"
"WLFP0424_GOLD";"DISNEY"
"WLFP0424_NAVY";"DISNEY"
"WLFP0424_PINK";"DISNEY"
"WLFP0424_SILVER";"DISNEY"
"WLFP0425_BLUE";"DISNEY"
"WLFP0425_GREEN";"DISNEY"
"WLFP0425_PINK";"DISNEY"
"WLFP0425_PURPLE";"DISNEY"
"WLFP0425_WHITE";"DISNEY"
"WLFP0426_BROWN";"DISNEY"
"WLFP0426_PINK";"DISNEY"
"WLFP0426_PURPLE";"DISNEY"
"WLFP0427_1GREY";"DISNEY"
"WLFP0427_BLACK";"DISNEY"
"WLFP0427_GREY";"DISNEY"
"WLFP0427_NAVY";"DISNEY"
"WLFP0428_BORDO";"DISNEY"
"WLFP0428_GREY";"DISNEY"
"WLFP0428_NAVY";"DISNEY"
"WLFP0429_BLUE";"NW"
"WLFP0429_RED";"NW"
"WLFP0429_YELLOW";"DISNEY"
"WLFP042_BLACK";"NW"
"WLFP0430_BROWN";"NW"
"WLFP0431_BLUE";"NW"
"WLFP0432_BLACK";"NW"
"WLFP0432_BLUE";"NW"
"WLFP0433_1PINK";"NW"
"WLFP0433_BLACK";"NW"
"WLFP0433_BLUE";"NW"
"WLFP0433_BORDO";"NW"
"WLFP0433_GREY";"NW"
"WLFP0433_NAVY";"NW"
"WLFP0433_PINK";"NW"
"WLFP0434_BEIGE";"NW"
"WLFP0434_BORDO";"NW"
"WLFP0434_WHITE";"NW"
"WLFP0435_PINK";"NW"
"WLFP0435_RED";"NW"
"WLFP0436_BLUE";"NW"
"WLFP0436_BORDO";"NW"
"WLFP0436_PINK";"NW"
"WLFP0437_BLUE";"DISNEY"
"WLFP0437_GREEN";"DISNEY"
"WLFP0437_GREY";"DISNEY"
"WLFP0437_PINK";"DISNEY"
"WLFP0438_1GREY";"DISNEY"
"WLFP0438_1PINK";"DISNEY"
"WLFP0438_1RED";"DISNEY"
"WLFP0438_2GREY";"DISNEY"
"WLFP0438_BLUE";"NW"
"WLFP0438_GREY";"DISNEY"
"WLFP0438_PINK";"DISNEY"
"WLFP0438_RED";"DISNEY"
"WLFP0439_BLUE";"NW"
"WLFP0439_BORDO";"NW"
"WLFP0439_GREY";"NW"
"WLFP0439_PINK";"NW"
"WLFP043_BLACK";"NW"
"WLFP043_SILVER";"NW"
"WLFP0440_BORDO";"NW"
"WLFP0441_BEIGE";"NW"
"WLFP0441_BORDO";"NW"
"WLFP0441_NAVY";"NW"
"WLFP0442_BEIGE";"NW"
"WLFP0442_GREY";"NW"
"WLFP0443_BEIGE";"NW"
"WLFP0444_BROWN";"NW"
"WLFP0444_GREY";"NW"
"WLFP0444_YELLOW";"NW"
"WLFP0445_MIX";"NW"
"WLFP0446_MIX";"NW"
"WLFP0447_BROWN";"NW"
"WLFP0447_GREY";"NW"
"WLFP0447_PURPLE";"NW"
"WLFP044_GREY";"NW"
"WLFP045_GREY";"NW"
"WLFP046_NAVY";"NW"
"WLFP047_BLACK";"NW"
"WLFP048_NAVY";"NW"
"WLFP049_GREEN";"NW"
"WLFP050_BLACK";"NW"
"WLFP050_GREY";"NW"
"WLFP051_GREY";"NW"
"WLFP052_NAVY";"NW"
"WLFP053_BLACK";"NW"
"WLFP054_GREEN";"NW"
"WLFP055_BLACK";"NW"
"WLFP055_GREY";"NW"
"WLFP056_1BLACK";"NW"
"WLFP056_BLACK";"NW"
"WLFP057_GREEN";"NW"
"WLFP058_PURPLE";"NW"
"WLFP059_GREEN";"NW"
"WLFP05_BLACK";"NW"
"WLFP060_1BLUE";"WOOLF"
"WLFP060_BLACK";"WOOLF"
"WLFP060_BLUE";"WOOLF"
"WLFP060_GREY";"WOOLF"
"WLFP060_PINK";"WOOLF"
"WLFP060_WHITE";"WOOLF"
"WLFP061_PURPLE";"NW"
"WLFP062_WHITE";"FILA"
"WLFP063_BLACK";"NW"
"WLFP063_GREEN";"NW"
"WLFP064_1GREY";"NW"
"WLFP064_BEIGE";"NW"
"WLFP064_BLUE";"NW"
"WLFP064_GREY";"NW"
"WLFP064_NAVY";"NW"
"WLFP065_GREY";"NW"
"WLFP065_NAVY";"NW"
"WLFP065_PURPLE";"NW"
"WLFP066_GREY";"NW"
"WLFP067_NAVY";"NW"
"WLFP068_BORDO";"NW"
"WLFP069_BLUE";"NW"
"WLFP06_NAVY";"NW"
"WLFP070_GREY";"NW"
"WLFP071_BLACK";"NW"
"WLFP071_NAVY";"NW"
"WLFP072_1BEIGE";"NW"
"WLFP072_2BEIGE";"NW"
"WLFP072_BEIGE";"NW"
"WLFP072_BLACK";"NW"
"WLFP072_BROWN";"NW"
"WLFP073_BLUE";"NW"
"WLFP074_NAVY";"NW"
"WLFP075_WHITE";"NW"
"WLFP076_BLACK";"NW"
"WLFP076_GREY";"NW"
"WLFP076_NAVY";"NW"
"WLFP076_ORANGE";"NW"
"WLFP077_GREY";"NW"
"WLFP077_NAVY";"NW"
"WLFP078_BLACK";"NW"
"WLFP079_GREEN";"NW"
"WLFP07_BLACK";"NW"
"WLFP07_GREY";"NW"
"WLFP07_PINK";"NW"
"WLFP080_BLACK";"NW"
"WLFP081_GREEN";"NW"
"WLFP081_GREY";"NW"
"WLFP082_WHITE";"NW"
"WLFP083_BLACK";"NW"
"WLFP084_BLUE";"NW"
"WLFP085_RED";"NW"
"WLFP086_NAVY";"NW"
"WLFP087_WHITE";"NW"
"WLFP088_BLUE";"NW"
"WLFP088_ORANGE";"NW"
"WLFP088_RED";"NW"
"WLFP088_WHITE";"NW"
"WLFP089_WHITE";"NW"
"WLFP08_BLUE";"NW"
"WLFP08_NAVY";"NW"
"WLFP090_GREEN";"NW"
"WLFP091_1_BLACK";"NW"
"WLFP091_1NAVY";"NW"
"WLFP091_BLACK";"NW"
"WLFP091_NAVY";"NW"
"WLFP092_BORDO";"NW"
"WLFP093_NAVY";"NW"
"WLFP094_BORDO";"NW"
"WLFP095_GREY";"NW"
"WLFP096_BLACK";"NW"
"WLFP097_1BLACK";"NW"
"WLFP097_BLACK";"NW"
"WLFP098_BLACK";"NW"
"WLFP099_BLACK";"NW"
"WLFP09_NAVY";"NW"
"WLFP09_PINK";"NW"
"WLFP1002025_NAVY";"NW"
"WLFP100_BLACK";"NW"
"WLFP100_BLUE";"NW"
"WLFP100_PURPLE";"NW"
"WLFP1012025_WHITE";"NW"
"WLFP101_BLACK";"NW"
"WLFP101_BORDO";"NW"
"WLFP101_NAVY";"NW"
"WLFP102025_NAVY";"NW"
"WLFP102025_PINK";"NW"
"WLFP1022025_BROWN";"NW"
"WLFP102_BLACK";"NW"
"WLFP1032025_BROWN";"NW"
"WLFP103_1BLACK";"NW"
"WLFP103_BLACK";"NW"
"WLFP1042025_BLACK";"NW"
"WLFP1042025_NAVY";"NW"
"WLFP104_BLUE";"NW"
"WLFP104_BORDO";"NW"
"WLFP1052025_GREEN";"NW"
"WLFP1052025_OLIVE";"NW"
"WLFP105_BORDO";"WOOLF"
"WLFP105_GREY";"WOOLF"
"WLFP105_NAVY";"WOOLF"
"WLFP105_PURPLE";"WOOLF"
"WLFP1062025_BLUE";"NW"
"WLFP1062025_GREY";"NW"
"WLFP106_BLACK";"WOOLF"
"WLFP106_GREY";"WOOLF"
"WLFP1072025_1BEIGE";"NW"
"WLFP1072025_BEIGE";"NW"
"WLFP1072025_GREY";"NW"
"WLFP107_1BORDO";"WOOLF"
"WLFP107_1GREY";"WOOLF"
"WLFP107_BLACK";"WOOLF"
"WLFP107_BORDO";"WOOLF"
"WLFP107_GREEN";"WOOLF"
"WLFP107_NAVY";"WOOLF"
"WLFP107_PURPLE";"WOOLF"
"WLFP107_RED";"WOOLF"
"WLFP1082025_BLACK";"NW"
"WLFP1082025_GREY";"NW"
"WLFP108_1RED";"WOOLF"
"WLFP108_2RED";"WOOLF"
"WLFP108_3RED";"WOOLF"
"WLFP108_RED";"WOOLF"
"WLFP1092025_PINK";"WOOLF"
"WLFP109_BLACK";"NW"
"WLFP10_BEIGE";"NW"
"WLFP10_BLACK";"NW"
"WLFP10_GREY";"NW"
"WLFP10_PINK";"NW"
"WLFP10_PURPLE";"NW"
"WLFP1102025_BLACK";"NW"
"WLFP110_BLACK";"NW"
"WLFP1112025_BLACK";"NW"
"WLFP1112025_OLIVE";"NW"
"WLFP111_BLACK";"NW"
"WLFP112025_BLUE";"NW"
"WLFP112025_NAVY";"NW"
"WLFP112025_RED";"NW"
"WLFP112025_RED_NAVY";"NW"
"WLFP112025_WHITE";"NW"
"WLFP112025_WHITE_BLUE";"NW"
"WLFP1122025_OLIVE";"NW"
"WLFP112_BLACK";"NW"
"WLFP1132025_BLACK";"NW"
"WLFP1142025_BLACK";"NW"
"WLFP114_BLACK";"NW"
"WLFP1152025_OLIVE";"NW"
"WLFP115_BLACK";"NW"
"WLFP1162025_GREEN";"NW"
"WLFP116_BLUE";"NW"
"WLFP116_GREY";"NW"
"WLFP1172025_BLACK";"NW"
"WLFP117_BLACK";"NW"
"WLFP1182025_YELLOW";"NW"
"WLFP118_GREY";"NW"
"WLFP1192025_BLACK";"NW"
"WLFP119_BLACK";"NW"
"WLFP11_BLACK";"NW"
"WLFP11_NAVY";"NW"
"WLFP1202025_BLUE";"NW"
"WLFP12025_BLACK";"NW"
"WLFP12025_BORDO";"NW"
"WLFP12025_GREY";"NW"
"WLFP12025_NAVY";"NW"
"WLFP12025_RED";"NW"
"WLFP120_BLACK";"NW"
"WLFP1212025_GREEN";"NW"
"WLFP121_BEIGE";"NW"
"WLFP121_BLACK";"NW"
"WLFP121_GREEN";"NW"
"WLFP121_NAVY";"NW"
"WLFP122025_BLACK";"NW"
"WLFP122025_BLUE";"NW"
"WLFP122025_NAVY";"NW"
"WLFP122025_WHITE";"NW"
"WLFP1222025_BLUE";"WOOLF"
"WLFP122_BORDO";"NW"
"WLFP122_GREY";"NW"
"WLFP1232025_BLACK";"WOOLF"
"WLFP123_GREEN";"NW"
"WLFP123_NAVY";"NW"
"WLFP1242025_NAVY";"WOOLF"
"WLFP124_BLACK";"NW"
"WLFP1252025_BLACK";"NW"
"WLFP1252025_BLUE";"NW"
"WLFP125_BLUE";"NW"
"WLFP1262025_BLUE";"NW"
"WLFP1262025_PINK";"NW"
"WLFP126_BROWN";"NW"
"WLFP1272025_BLUE";"NW"
"WLFP1272025_BROWN";"NW"
"WLFP127_GREY";"NW"
"WLFP1282025_BLACK";"NW"
"WLFP128_GREY";"NW"
"WLFP1292025_BLACK";"NW"
"WLFP129_BLACK";"NW"
"WLFP12_GREEN";"NW"
"WLFP1302025_BLACK";"NW"
"WLFP130_1BLACK";"46NORD"
"WLFP130_BLACK";"46NORD"
"WLFP1312025_BLUE";"NW"
"WLFP131_BLACK";"NW"
"WLFP131_BLUE";"NW"
"WLFP132025_NAVY";"NW"
"WLFP1322025_BLACK";"WOOLF"
"WLFP132_GREY";"NW"
"WLFP1332025_NAVY";"NW"
"WLFP133_GREY";"NW"
"WLFP133_PINK";"NW"
"WLFP1342025_WHITE";"NW"
"WLFP134_GREEN";"NW"
"WLFP134_RED";"NW"
"WLFP1352025_BLACK";"NW"
"WLFP135_GREEN";"NW"
"WLFP1362025_RED";"NW"
"WLFP136_BORDO";"NW"
"WLFP1372025_BLUE";"NW"
"WLFP1372025_PINK";"NW"
"WLFP137_BLACK";"NW"
"WLFP137_GREY";"NW"
"WLFP1382025_NAVY";"NW"
"WLFP138_BLUE";"NW"
"WLFP1392025_BLACK";"NW"
"WLFP139_NAVY";"NW"
"WLFP13_GREEN";"NW"
"WLFP1402025_ORANGE";"NW"
"WLFP140_GREY";"NW"
"WLFP1412025_GREY";"NW"
"WLFP1412025_NAVY";"NW"
"WLFP141_1BLUE";"NW"
"WLFP141_BLUE";"NW"
"WLFP142025_GREY";"NW"
"WLFP1422025_PINK";"NW"
"WLFP142_BLACK";"NW"
"WLFP1432025_1NAVY";"NW"
"WLFP1432025_GREY";"NW"
"WLFP1432025_NAVY";"NW"
"WLFP143_BLACK";"NW"
"WLFP143_GREEN";"NW"
"WLFP1442025_NAVY";"NW"
"WLFP144_BLACK";"NW"
"WLFP1452025_RED";"NW"
"WLFP145_BLUE";"NW"
"WLFP145_RED";"NW"
"WLFP1462025_GREY";"NW"
"WLFP146_BLUE";"NW"
"WLFP1472025_OLIVE";"WOOLF"
"WLFP147_NAVY";"NW"
"WLFP1482025_ORANGE";"WOOLF"
"WLFP148_BLACK";"NW"
"WLFP1492025_BLACK";"WOOLF"
"WLFP149_1BLACK";"NW"
"WLFP149_BLACK";"NW"
"WLFP149_BLUE";"NW"
"WLFP149_RED";"NW"
"WLFP14_BLACK";"NW"
"WLFP1502025_GREY";"NW"
"WLFP150_BLACK";"NW"
"WLFP150_BROWN";"NW"
"WLFP1512025_BORDO";"NW"
"WLFP151_RED";"NW"
"WLFP152025_GREY";"NW"
"WLFP1522025_GREY";"NW"
"WLFP152_BORDO";"NW"
"WLFP152_PINK";"NW"
"WLFP1532025_NAVY";"NW"
"WLFP153_BLACK";"NW"
"WLFP1542025_BEIGE";"NW"
"WLFP154_GREEN";"NW"
"WLFP1552025_GREEN";"NW"
"WLFP155_BLACK";"NW"
"WLFP155_BLUE";"NW"
"WLFP1562025_GREY";"NW"
"WLFP156_ORANGE";"NW"
"WLFP1572025_BROWN";"NW"
"WLFP157_BORDO";"NW"
"WLFP1582025_GREEN";"NW"
"WLFP158_BLACK";"NW"
"WLFP1592025_BEIGE";"NW"
"WLFP159_BLUE";"NW"
"WLFP15_BLACK";"NW"
"WLFP1602025_BROWN";"NW"
"WLFP160_GREEN";"NW"
"WLFP1612025_BROWN";"NW"
"WLFP161_BEIGE";"NW"
"WLFP161_BLUE";"NW"
"WLFP162025_NAVY";"NW"
"WLFP162_BEIGE";"NW"
"WLFP162_GREY";"NW"
"WLFP1632025_RED";"NW"
"WLFP163_BLACK";"NW"
"WLFP1642025_NAVY";"NW"
"WLFP164_BLACK";"NW"
"WLFP1652025_MIX";"UMBRO"
"WLFP165_BLACK";"NW"
"WLFP166_PINK";"NW"
"WLFP167_BLACK";"NW"
"WLFP168_GREY";"NW"
"WLFP1692025_BLACK";"NW"
"WLFP169_GREY";"NW"
"WLFP16_BLACK";"NW"
"WLFP1702025_WHITE";"NW"
"WLFP170_BEIGE";"NW"
"WLFP171_PINK";"NW"
"WLFP172025_BLACK";"NW"
"WLFP1722025_PINK";"NW"
"WLFP172_RED";"NW"
"WLFP1732025_GREY";"NW"
"WLFP173_BLACK";"NW"
"WLFP173_BROWN";"NW"
"WLFP1742025_BLUE";"NW"
"WLFP174_BLACK";"NW"
"WLFP1752025_NAVY";"NW"
"WLFP175_1BLACK";"NW"
"WLFP175_BLACK";"NW"
"WLFP1762025_PURPLE";"NW"
"WLFP176_BLACK";"NW"
"WLFP1772025_BLACK";"NW"
"WLFP1772025_BLUE";"NW"
"WLFP177_BLACK";"NW"
"WLFP177_GREY";"NW"
"WLFP1782025_NAVY";"NW"
"WLFP178_GREEN";"NW"
"WLFP178_GREY";"NW"
"WLFP1792025_BLUE";"WALKX"
"WLFP1792025_BORDO";"WALKX"
"WLFP179_GREEN";"NW"
"WLFP179_GREY";"NW"
"WLFP17_BLACK";"NW"
"WLFP17_PINK";"NW"
"WLFP17_RED";"NW"
"WLFP180_GREY";"NW"
"WLFP1812025_GREEN";"WALKX"
"WLFP181_BLACK";"NW"
"WLFP182025_NAVY";"NW"
"WLFP1822025_GREY";"WALKX"
"WLFP182_GREEN";"NW"
"WLFP1832025_PINK";"NW"
"WLFP183_BROWN";"NW"
"WLFP184_GREY";"NW"
"WLFP185_BLACK";"NW"
"WLFP186_RED";"WOOLF"
"WLFP187_BLACK";"NW"
"WLFP188_BLACK";"NW"
"WLFP189_PINK";"NW"
"WLFP18_BLACK";"NW"
"WLFP18_BLACK_PURPLE";"NW"
"WLFP18_BLUE";"NW"
"WLFP18_BROWN";"NW"
"WLFP18_NAVY";"NW"
"WLFP190_1_GREY";"NW"
"WLFP190_BLACK";"NW"
"WLFP190_BLUE";"NW"
"WLFP190_GREY";"NW"
"WLFP190_NAVY";"NW"
"WLFP191_1GREY";"NW"
"WLFP191_GREY";"NW"
"WLFP191_PURPLE";"NW"
"WLFP192025_BLUE";"NW"
"WLFP192_PINK";"NW"
"WLFP193_GREY";"NW"
"WLFP194_PINK";"NW"
"WLFP195_BEIGE";"NW"
"WLFP195_NAVY";"NW"
"WLFP196_1GREY";"NW"
"WLFP196_1PINK";"NW"
"WLFP196_BLUE";"NW"
"WLFP196_GREY";"NW"
"WLFP196_PINK";"NW"
"WLFP196_PINKI";"NW"
"WLFP197_NAVY";"NW"
"WLFP198_PINK";"NW"
"WLFP199_WHITE";"NW"
"WLFP19_BLACK";"NW"
"WLFP19_GREY";"NW"
"WLFP1_BLACK";"NW"
"WLFP200_WHITE";"NW"
"WLFP201_WHITE";"NW"
"WLFP202025_GREEN";"NW"
"WLFP2025_BLUE";"NW"
"WLFP2025_BORDO";"NW"
"WLFP202_NAVY";"NW"
"WLFP203_1PURPLE";"DISNEY"
"WLFP203_BLUE";"DISNEY"
"WLFP203_GREEN";"DISNEY"
"WLFP203_NAVY";"NW"
"WLFP203_PINK";"DISNEY"
"WLFP203_PURPLE";"DISNEY"
"WLFP203_RED";"DISNEY"
"WLFP204_PURPLE";"DISNEY"
"WLFP205_NAVY";"MARVEL"
"WLFP206_NAVY";"MARVEL"
"WLFP207_PINK";"NW"
"WLFP208_GREEN";"NW"
"WLFP209_NAVY";"NW"
"WLFP20_BLACK";"NW"
"WLFP210_NAVY";"NW"
"WLFP210_OLIVE";"NW"
"WLFP211_BLACK";"NW"
"WLFP211_PINK";"NW"
"WLFP212025_NAVY";"NW"
"WLFP212_GREY";"NW"
"WLFP213_NAVY";"NW"
"WLFP214_NAVY";"NW"
"WLFP215_BLUE";"NW"
"WLFP216_BLUE";"WOOLF"
"WLFP217_BLUE";"WOOLF"
"WLFP218_BLUE";"WOOLF"
"WLFP219_1BLACK";"WOOLF"
"WLFP219_BLACK";"WOOLF"
"WLFP219_BLUE";"WOOLF"
"WLFP219_BROWN";"WOOLF"
"WLFP21_YELLOW";"NW"
"WLFP22025_BLACK";"NW"
"WLFP220_1WHITE";"WOOLF"
"WLFP220_WHITE";"WOOLF"
"WLFP221_1WHITE";"WOOLF"
"WLFP221_BLUE";"WOOLF"
"WLFP221_PINK";"WOOLF"
"WLFP221_WHITE";"WOOLF"
"WLFP222025_BLACK";"NW"
"WLFP222_NAVY";"WOOLF"
"WLFP222_WHITE";"WOOLF"
"WLFP223_PINK";"WOOLF"
"WLFP224_WHITE";"WOOLF"
"WLFP225_BLACK";"WOOLF"
"WLFP226_PINK";"WOOLF"
"WLFP227_BLACK";"WOOLF"
"WLFP228_BLUE";"NW"
"WLFP228_PINK";"NW"
"WLFP22_BLACK";"NW"
"WLFP230_RED";"NW"
"WLFP231_PINK";"WALKX"
"WLFP232025_ORANGE";"NW"
"WLFP23_BLACK";"NW"
"WLFP242025_ORANGE";"NW"
"WLFP24_GREY";"NW"
"WLFP252025_GREEN";"NW"
"WLFP25_PINK";"NW"
"WLFP262025_1_PINK";"NW"
"WLFP262025_BEIGE";"NW"
"WLFP262025_BLUE";"NW"
"WLFP262025_GREY";"NW"
"WLFP262025_PINK";"NW"
"WLFP26_BLUE";"WOOLF"
"WLFP26_GREY";"NW"
"WLFP26_GREY1";"WOOLF"
"WLFP26_PINK";"WOOLF"
"WLFP26_WHITE";"WOOLF"
"WLFP272025_BLACK";"NW"
"WLFP272025_NAVY";"NW"
"WLFP27_WHITE";"NW"
"WLFP282025_PINK";"NW"
"WLFP28_GREY";"NW"
"WLFP292025_BLUE";"NW"
"WLFP29_GREY";"NW"
"WLFP2_GREEN";"NW"
"WLFP302025_RED";"NW"
"WLFP30_1WHITE";"WOOLF"
"WLFP30_BLUE";"WOOLF"
"WLFP30_GREY";"WOOLF"
"WLFP30_NAVY";"WOOLF"
"WLFP30_OLIVE";"WOOLF"
"WLFP30_PURPLE";"WOOLF"
"WLFP30_WHITE";"WOOLF"
"WLFP312025_PINK";"NW"
"WLFP31_BORDO";"NW"
"WLFP322025_BLACK";"NW"
"WLFP32_GREY";"NW"
"WLFP332025_NAVY";"NW"
"WLFP33_1GREY";"WOOLF"
"WLFP33_GREY";"WOOLF"
"WLFP342025_BLACK";"NW"
"WLFP342025_NAVY";"NW"
"WLFP34_BLACK";"NW"
"WLFP34_BROWN";"WOOLF"
"WLFP352025_OLIVE";"NW"
"WLFP35_GREY";"WOOLF"
"WLFP362025_BLACK";"NW"
"WLFP36_BLACK";"WOOLF"
"WLFP372025_BLACK";"NW"
"WLFP379_1RED";"NW"
"WLFP37_GREEN";"WOOLF"
"WLFP382025_BLACK";"KTM"
"WLFP38_BROWN";"WALKX"
"WLFP392025_BLACK";"KTM"
"WLFP3_BLACK_GREY";"NW"
"WLFP3_GREY";"NW"
"WLFP3_PINK";"NW"
"WLFP402025_1BLACK";"NW"
"WLFP402025_1GREEN";"NW"
"WLFP402025_1GREY";"NW"
"WLFP402025_2BLACK";"NW"
"WLFP402025_BLACK";"NW"
"WLFP402025_BLUE";"NW"
"WLFP402025_GREEN";"NW"
"WLFP402025_GREY";"NW"
"WLFP402025_NAVY";"NW"
"WLFP412025_NAVY";"NW"
"WLFP422025_PINK";"NW"
"WLFP432025_BROWN";"NW"
"WLFP432025_NAVY";"NW"
"WLFP43_1GREY";"NW"
"WLFP43_GREY";"NW"
"WLFP442025_BORDO";"NW"
"WLFP442025_NAVY";"NW"
"WLFP44_1_NAVY";"WOOLF"
"WLFP44_NAVY";"WOOLF"
"WLFP452025_GREY";"NW"
"WLFP452025_PURPLE";"NW"
"WLFP45_BLACK";"WOOLF"
"WLFP45_BLUE";"WOOLF"
"WLFP462025_GREY";"NW"
"WLFP462025_NAVY";"NW"
"WLFP46_1PINK";"NW"
"WLFP46_PINK";"NW"
"WLFP472025_GREY";"NW"
"WLFP47_1GREY";"NW"
"WLFP47_GREY";"NW"
"WLFP482025_GREEN";"NW"
"WLFP48_BLACK";"NW"
"WLFP48_BORDO";"NW"
"WLFP492025_BEIGE";"NW"
"WLFP492025_BORDO";"NW"
"WLFP492025_NAVY";"NW"
"WLFP49_GREY";"WOOLF"
"WLFP4_BLACK";"NW"
"WLFP502025_NAVY";"NW"
"WLFP50_1NAVY";"NW"
"WLFP50_1PINK";"NW"
"WLFP50_2NAVY";"NW"
"WLFP50_2PINK";"NW"
"WLFP50_3NAVY";"NW"
"WLFP50_GREEN";"NW"
"WLFP50_NAVY";"NW"
"WLFP50_PINK";"NW"
"WLFP50_PURPLE";"NW"
"WLFP512025_BLACK";"NW"
"WLFP51_GREY";"NW"
"WLFP52025_BLUE";"NW"
"WLFP52025_NAVY";"NW"
"WLFP52025_YELLOW";"NW"
"WLFP522025_NAVY";"NW"
"WLFP52_BROWN";"NW"
"WLFP52_GREY";"NW"
"WLFP532025_BLACK";"NW"
"WLFP53_BLUE";"NW"
"WLFP53_NAVY";"NW"
"WLFP542025_GREY";"NW"
"WLFP54_BLUE";"NW"
"WLFP552025_GREY";"NW"
"WLFP55_NAVY";"NW"
"WLFP562025_GREY";"NW"
"WLFP56_NAVY";"NW"
"WLFP572025_GREY";"NW"
"WLFP57_PURPLE";"NW"
"WLFP582025_BROWN";"NW"
"WLFP58_PINK";"NW"
"WLFP592025_PINK";"NW"
"WLFP592025_WHITE";"NW"
"WLFP59_BLACK";"NW"
"WLFP5_GREY";"NW"
"WLFP602025_BLACK";"NW"
"WLFP602025_GREEN";"NW"
"WLFP60_BLUE";"NW"
"WLFP60_NAVY";"NW"
"WLFP60_PINK";"NW"
"WLFP61_NAVY";"NW"
"WLFP62025_BLUE";"NW"
"WLFP62025_GREY";"NW"
"WLFP62025_NAVY";"NW"
"WLFP62025_RED";"NW"
"WLFP62_BLACK";"NW"
"WLFP62_GREY";"NW"
"WLFP62_NAVY";"NW"
"WLFP63_NAVY";"NW"
"WLFP642025_GREY";"NW"
"WLFP642025_NAVY";"NW"
"WLFP64_NAVY";"NW"
"WLFP65_GREEN";"NW"
"WLFP65_NAVY";"NW"
"WLFP662025_GREY";"NW"
"WLFP66_GREY";"NW"
"WLFP672025_GREEN";"NW"
"WLFP672025_NAVY";"NW"
"WLFP67_GREY";"NW"
"WLFP682025_BLUE";"NW"
"WLFP682025_PURPLE";"NW"
"WLFP68_BLUE";"NW"
"WLFP68_BROWN";"NW"
"WLFP692025_BLACK";"NW"
"WLFP692025_BROWN";"NW"
"WLFP69_BROWN";"NW"
"WLFP6_GREY";"NW"
"WLFP702025_BLUE";"NW"
"WLFP702025_RED";"NW"
"WLFP70_GREY";"NW"
"WLFP712025_BLACK";"NW"
"WLFP71_BLACK";"NW"
"WLFP72025_RED";"NW"
"WLFP72_BROWN";"NW"
"WLFP732025_GREY";"NW"
"WLFP742025_PINK";"NW"
"WLFP74_BLACK";"NW"
"WLFP752025_1BLACK";"NW"
"WLFP752025_BEIGE";"NW"
"WLFP752025_BLACK";"NW"
"WLFP752025_BLUE";"NW"
"WLFP752025_NAVY";"NW"
"WLFP75_1BLACK";"WOOLF"
"WLFP75_BLACK";"WOOLF"
"WLFP762025_BEIGE";"NW"
"WLFP762025_BLACK";"NW"
"WLFP762025_BLUE";"NW"
"WLFP762025_BORDO";"NW"
"WLFP762025_GREEN";"NW"
"WLFP762025_PINK";"NW"
"WLFP76_BROWN";"WOOLF"
"WLFP772025_BEIGE";"NW"
"WLFP772025_BLACK";"NW"
"WLFP772025_BLUE";"NW"
"WLFP772025_BORDO";"NW"
"WLFP772025_GREEN";"NW"
"WLFP77_BLACK";"WOOLF"
"WLFP782025_PINK";"NW"
"WLFP78_PINK";"DISNEY"
"WLFP792025_GREY";"NW"
"WLFP79_GREY";"DISNEY"
"WLFP7_GREEN";"NW"
"WLFP7_NAVY";"NW"
"WLFP802025_PINK";"NW"
"WLFP80_BLACK";"NW"
"WLFP80_GREY";"NW"
"WLFP812025_NAVY";"NW"
"WLFP81_1NAVY";"NW"
"WLFP81_BLACK";"NW"
"WLFP81_NAVY";"NW"
"WLFP82025_BLACK";"NW"
"WLFP822025_GREY";"NW"
"WLFP82_NAVY";"NW"
"WLFP82_PINK";"NW"
"WLFP832025_BLUE";"NW"
"WLFP83_BLACK";"NW"
"WLFP83_NAVY";"NW"
"WLFP83_PINK";"NW"
"WLFP842025_GREY";"NW"
"WLFP84_PINK";"NW"
"WLFP852025_BLUE";"NW"
"WLFP852025_NAVY";"NW"
"WLFP85_PINK";"NW"
"WLFP862025_BLACK";"NW"
"WLFP86_GREY";"NW"
"WLFP872025_NAVY";"NW"
"WLFP87_BLACK";"NW"
"WLFP87_BROWN";"NW"
"WLFP87_NAVY";"NW"
"WLFP882025_BLUE";"NW"
"WLFP882025_PINK";"NW"
"WLFP88_BLACK";"NW"
"WLFP892025_1_BLACK";"NW"
"WLFP892025_BLACK";"NW"
"WLFP89_NAVY";"NW"
"WLFP8_BLACK";"NW"
"WLFP902025_BROWN";"WOOLF"
"WLFP90_BLACK";"NW"
"WLFP912025_WHITE";"WOOLF"
"WLFP91_BORDO";"NW"
"WLFP92025_GREY";"NW"
"WLFP922025_BEIGE";"NW"
"WLFP92_BORDO";"NW"
"WLFP93_GREY";"NW"
"WLFP942025_NAVY";"NW"
"WLFP94_BORDO";"NW"
"WLFP952025_GREEN";"NW"
"WLFP95_NAVY";"NW"
"WLFP962025_NAVY";"NW"
"WLFP962025_PINK";"NW"
"WLFP96_1YELLOW";"NW"
"WLFP96_YELLOW";"NW"
"WLFP972025_GREY";"NW"
"WLFP97_1PINK";"WOOLF"
"WLFP97_PINK";"WOOLF"
"WLFP982025_BEIGE";"NW"
"WLFP98_PINK";"WOOLF"
"WLFP992025_GREY";"NW"
"WLFP99_GREY";"NW"
"WLFP9_BLACK";"NW"
"WLFP_26_BLACK";"NW"
"WLFP_73_1BLUE";"NW"
"WLFP_73_BLUE";"NW"
"WLFP_73_PURPLE";"NW"
"WLFP_73_WHITE";"NW"
"WLFP_74_BLUE";"NW"
"WLFP_74_NAVY";"NW"
"WLFP_74_PINK";"NW"
"WLLFP125_BLACK";"NW"
"WLP0102_NAVY";"WOOLF"
"WLPF0431_NAVY";"NW"
"WO905_BLACK";"NW"
"WOOKIE_BLACK";"Conway"
"WORKS_GREY";"NW"
"WORKYS_BLACK";"NW"
"WREN_BLACK";"Conway"
"WS20_K12_NAVY";"NW"
"WS20_K12_PINK";"NW"
"WS20_K19_BLUE";"NW"
"WS20_K19_GREY";"NW"
"WSRPP22_23_GREEN";"NICKELODEON"
"WSRPP22_33_GREY";"NICKELODEON"
"WT023_011235";"NW"
"WT023_046061";"NW"
"WT023_061030";"NW"
"WT023_061044";"NW"
"WT023_061058";"NW"
"WT023_061095";"NW"
"WT023_061605";"GT"
"WT023_460750";"NW"
"WT023_511999";"NW"
"WT023_600030";"NW"
"WT023_600207";"CENTRALIN"
"WT023_600306";"CENTRALIN"
"WT023_600313";"NW"
"WT023_600542";"CENTRALIN"
"WT023_600702";"NW"
"WT023_600825";"NW"
"WT023_720074";"GT"
"WT023_720075";"GT"
"WT023_720076";"GT"
"WT023_863023";"GT"
"WT023_865012";"NW"
"WT023_901025";"GT"
"WUM";"Conway"
"WUMI";"Conway"
"WW069_BEIGE";"NW"
"WW069_BLACK";"NW"
"WW069_WHITE";"NW"
"WW076_WHITE";"NW"
"WW077_BLACK";"NW"
"WW130_BLACK";"NW"
"WW130_WHITE";"NW"
"WW265_BLACK";"NW"
"WZ20004_BLACK";"NW"
"X2202_BLACK";"CSCK.S"
"X2205_PINK";"NW"
"X2208_PURPLE";"CSCK.S"
"X2211_BLUE";"CSCK.S"
"X2212_NAVY";"CSCK.S"
"X2213_NAVY";"CSCK.S"
"X5_BLACK";"L.A POLO"
"X633_BLACK";"NW"
"X6_BLACK";"L.A POLO"
"X6_BROWN";"L.A POLO"
"X6_NAVY";"L.A POLO"
"X77180B_BLACK";"CSCK.S"
"X77181A_BLACK";"CSCK.S"
"X77182A_BLACK";"CSCK.S"
"X8027_GREY";"NW"
"X88181_NAVY";"CSCK.S"
"X88182_NAVY";"CSCK.S"
"X88183_PINK";"CSCK.S"
"X88185_PINK";"CSCK.S"
"XAR23_BLACK";"NW"
"XAR23_WHITE";"NW"
"XDI18_F1453_BLACK";"NW"
"XDI18_N1453_BLACK";"NW"
"XDI18_N1454_BLACK";"NW"
"XDI18_N1454_NAVY";"NW"
"XDJ22_N2945_BLACK";"NW"
"XHY3087_BLACK";"WINK"
"XM_0425_FUXIA";"KOALAS"
"XM_0425_PURPLE";"KOALAS"
"XPF300_T001";"HITNEX"
"XPF300_T001_GREEN";"HITNEX"
"XPF300_T001_WHITE";"HITNEX"
"XPF300_T002";"HITNEX"
"XPF300_T002_BLACK";"HITNEX"
"XPF300_T002_BLACKY";"HITNEX"
"XPF300_T002_BLUE";"HITNEX"
"XPF300_T002_PINK";"HITNEX"
"XPF300_T002_PURPLE";"HITNEX"
"XPF300_T002_RED";"HITNEX"
"XPF300_T004";"HITNEX"
"XPF300_T005";"HITNEX"
"XPF300_T006";"HITNEX"
"XPF350_24_GREEN";"HITNEX"
"XPF350_24_GREY";"HITNEX"
"XPF350_24_YELLOW";"HITNEX"
"XPF350_G025_RED";"HIT SHOES"
"XPF350_N015_NAVY";"HITNEX"
"XPF350_NAVY";"HIT SHOES"
"XPF350_RED";"HIT SHOES"
"XPF350_S003_BROWN";"HITNEX"
"XPF350_S003_GREY";"HITNEX"
"XPF350_S003_PINK";"HITNEX"
"XPF350_S011_BLUE";"HIT SHOES"
"XPF350_S025_BLUE";"HIT SHOES"
"XPF350_W030_BLACK";"HITNEX"
"XPF350_W030_BLUE";"HITNEX"
"XPF350_W030_BORDO";"HITNEX"
"XPF350_W030_BROWN";"HITNEX"
"XPF350_W030_NAVY";"HITNEX"
"XPF350_W030_YELLOW";"HITNEX"
"XPM401_T001_BLACK";"HITNEX"
"XPM401_T001_BROWN";"HITNEX"
"XQ107_BLACK";"NW"
"XTRAINER_GREEN";"WOOLF"
"XTRAINER_NAVY";"WOOLF"
"XY0311_BLACK";"NW"
"XY41631_BLACK";"NW"
"Y017_BLUE";"NW"
"Y017_GREEN";"NW"
"Y077_BEIGE";"NW"
"Y077_BLACK";"NW"
"Y1736_BLACK";"NW"
"Y18065_BLACK";"NW"
"Y18065_PINK";"NW"
"Y2233_BLACK";"GAVI"
"Y2319_RED";"S.S"
"Y2FAX2305_BLACK";"TULIPANO"
"Y888_BROWN";"EMAKS"
"Y88_BLACK";"NW"
"Y88_WHITE";"NW"
"Y_02_BEIGE";"GEZER"
"Y_02_BLACK";"GEZER"
"Y_02_NAVY";"GEZER"
"Y_888E_BROWN";"NW"
"YADON_BLACK";"Conway"
"YAGI_BLACK";"Conway"
"YAHIR_NAVY";"Conway"
"YAKI_1_BLACK";"GAN'S"
"YAKI_BLACK";"Conway"
"YAKI_NAVY";"Conway"
"YAM_BLACK";"Conway"
"YAM_GREY";"Conway"
"YARD_1GREY";"GAN'S"
"YARD_BLACK";"Conway"
"YARD_BLACK1";"Conway"
"YARD_BROWN";"Conway"
"YARD_GREY";"Conway"
"YARON_BEIGE";"Conway"
"YARON_BLACK";"Conway"
"YAS_BROWN";"Conway"
"YAS_BROWN_1";"Conway"
"YASEN";"Conway"
"YASER_BLACK";"Conway"
"YAZ_BLACK";"Conway"
"YAZ_BROWN";"Conway"
"YB30_BLACK";"NW"
"YCC76_BLACK";"COMER"
"YCC76_BROWN";"COMER"
"YD1214_9_BEIGE";"H.S.L."
"YD1214_9_BLACK";"H.S.L."
"YEHJ173_BLACK";"COMER"
"YEHJ281_BEIGE";"COMER"
"YEHJ352_BEIGE";"COMER"
"YEHJ352_BLACK";"COMER"
"YEHJ352_BROWN";"COMER"
"YEHJ353_BLACK";"COMER"
"YEHY362_BEIGE";"COMER"
"YEN_BLACK";"Conway"
"YEN_GREY";"Conway"
"YETI_BLACK";"GAN'S"
"YETI_NAVY";"GAN'S"
"YL2506_BLACK";"VOLCAN"
"YL2506_BROWN";"VOLCAN"
"YL2508_BLACK";"VOLCAN"
"YL98_YELLOW";"NW"
"YL_19_BLACK";"NW"
"YL_19_RED";"NW"
"YO636_BLACK";"WEIDE"
"YOB_BLACK";"GAN'S"
"YOHANA_BLACK";"MODA ELLENE"
"YORGANA_WHITE";"MODA ELLENE"
"YROBA_GREY";"NW"
"YROBA_NUDE";"NW"
"YT_90_PINK";"NW"
"YT_90_SILVER";"NW"
"YUST_BLACK";"GAN'S"
"YUST_NAVY";"GAN'S"
"YVONE_BLACK";"Conway"
"YVONE_GREY";"Conway"
"YVONNE_NAVY";"Conway"
"Z2711_BLACK";"PAVARELLA COMFORT"
"Z2711_NAVY";"PAVARELLA COMFORT"
"Z2711_RED";"PAVARELLA COMFORT"
"Z2711_WHITE";"PAVARELLA COMFORT"
"Z4328_BLACK";"PAVARELLA COMFORT"
"Z4328_BRONZE";"PAVARELLA COMFORT"
"Z6179_BLACK";"SOLARIZ"
"Z6179_WHITE";"SOLARIZ"
"ZA22_BLACK";"SEASTAR"
"ZAKI_BLACK";"NW"
"ZAKI_GREY";"NW"
"ZAKI_NAVY";"NW"
"ZH_9_GOLD";"NW"
"ZIGGS";"THUNDER"
"ZOKI_GREY";"NW"
"ZP56_GREY";"NW"
"ZS1229_BLACK";"BAILIDU"
"ZS1323_BEIGE";"BAILIDU"
"ZS1323_BLACK";"BAILIDU"
"ZS1323_SILVER";"BAILIDU"
"ZS17_BLACK";"BAILIDU"
"ZZ2719_BLACK";"HIT SHOES"
"ZZ2719_BLUE";"HIT SHOES"
"ZZ2719_BORDO";"HIT SHOES"
"ZZ2720_BORDO";"HIT SHOES"
"ZZ29244_BLACK";"HIT SHOES"
"ZZ29836_BLACK";"HIT SHOES"
"ZZ29837_BLACK";"HIT SHOES"
"ZZ29837_NAVY";"HIT SHOES"
