"Šifra";"Veličina ključ";"Barkod";"ERP veličina"
"001047";"";"1100110684370";"XY"
"001_BLACK";"100CM";"1100110310835";"100cm"
"001_BLACK";"120CM";"1100110310842";"120cm"
"001_BLACK";"150CM";"1100110310859";"150cm"
"001_BLACK";"45CM";"1100110310804";"45cm"
"001_BLACK";"60CM";"1100110310811";"60cm"
"001_BLACK";"80CM";"1100110310828";"80cm"
"001_WHITE";"100CM";"1100110682772";"100cm"
"001_WHITE";"120CM";"1100110682789";"120cm"
"001_WHITE";"150CM";"1100110682796";"150cm"
"001_WHITE";"60CM";"1100110682758";"60cm"
"001_WHITE";"75CM";"1100110682802";"75cm"
"001_WHITE";"90CM";"1100110682765";"90cm"
"0032201_BLACK";"36";"1100110606761";"36"
"0032201_BLACK";"37";"1100110606778";"37"
"0032201_BLACK";"38";"1100110606785";"38"
"0032201_BLACK";"39";"1100110606792";"39"
"0032201_BLACK";"40";"1100110606808";"40"
"0032201_BLACK";"41";"1100110606815";"41"
"0032201_BLACK";"42";"1100110606822";"42"
"0032201_BLUE";"36";"1100110606693";"36"
"0032201_BLUE";"37";"1100110606709";"37"
"0032201_BLUE";"38";"1100110606716";"38"
"0032201_BLUE";"39";"1100110606723";"39"
"0032201_BLUE";"40";"1100110606730";"40"
"0032201_BLUE";"41";"1100110606747";"41"
"0032201_BLUE";"42";"1100110606754";"42"
"0032201_BORDO";"36";"1100110606624";"36"
"0032201_BORDO";"37";"1100110606631";"37"
"0032201_BORDO";"38";"1100110606648";"38"
"0032201_BORDO";"39";"1100110606655";"39"
"0032201_BORDO";"40";"1100110606662";"40"
"003_WHITE";"100CM";"1100110310774";"100cm"
"003_WHITE";"120CM";"1100110310781";"120cm"
"003_WHITE";"150CM";"1100110310798";"150cm"
"003_WHITE";"45CM";"1100110310743";"45cm"
"003_WHITE";"60CM";"1100110310750";"60cm"
"003_WHITE";"80CM";"1100110310767";"80cm"
"004_BLACK";"100CM";"1100110310712";"100cm"
"004_BLACK";"120CM";"1100110310729";"120cm"
"004_BLACK";"150CM";"1100110310736";"150cm"
"004_BLACK";"160CM";"1100110410764";"160cm"
"004_BLACK";"45CM";"1100110310682";"45cm"
"004_BLACK";"60CM";"1100110310699";"60cm"
"004_BLACK";"80CM";"1100110310705";"80cm"
"005_BROWN";"100CM";"1100110311016";"100cm"
"005_BROWN";"120CM";"1100110311023";"120cm"
"005_BROWN";"150CM";"1100110311030";"150cm"
"005_BROWN";"45CM";"1100110310989";"45cm"
"005_BROWN";"60CM";"1100110310996";"60cm"
"005_BROWN";"80CM";"1100110311009";"80cm"
"007_BLUE";"100CM";"1100110309464";"100cm"
"007_BLUE";"120CM";"1100110309471";"120cm"
"007_BLUE";"150CM";"1100110309488";"150cm"
"007_BLUE";"60CM";"1100110309440";"60cm"
"007_BLUE";"80CM";"1100110309457";"80cm"
"007_RED";"100CM";"1100110311078";"100cm"
"007_RED";"120CM";"1100110311085";"120cm"
"007_RED";"150CM";"1100110311092";"150cm"
"007_RED";"45CM";"1100110311047";"45cm"
"007_RED";"60CM";"1100110311054";"60cm"
"007_RED";"80CM";"1100110311061";"80cm"
"0101_WHITE";"39-40";"1100110653031";"39/40"
"0101_WHITE";"41-42";"1100110653048";"41/42"
"0101_WHITE";"43-44";"1100110653055";"43/44"
"0101_WHITE";"45-46";"1100110653062";"45/46"
"0102_WHITE";"39-40";"1100110653154";"39/40"
"0102_WHITE";"41-42";"1100110653161";"41/42"
"0102_WHITE";"43-44";"1100110653178";"43/44"
"0102_WHITE";"45-46";"1100110653185";"45/46"
"010_WHITE";"100CM";"1100110311597";"100cm"
"010_WHITE";"120CM";"1100110311603";"120cm"
"010_WHITE";"150CM";"1100110311610";"150cm"
"010_WHITE";"60CM";"1100110311573";"60cm"
"010_WHITE";"80CM";"1100110311580";"80cm"
"01120_111_CRNA";"40-42";"1100110109965";"40-42"
"01120_111_CRNA";"43-44";"1100110109972";"43-44"
"01120_111_CRNA";"45-46";"1100110109989";"45-46"
"01129_110";"40-42";"3858888267049";"40-42"
"01129_110";"43-44";"3858888267070";"43-44"
"01129_110";"45-46";"3858888267100";"45-46"
"011_BLACK";"100CM";"1100110311542";"100cm"
"011_BLACK";"120CM";"1100110311559";"120cm"
"011_BLACK";"150CM";"1100110311566";"150cm"
"011_BLACK";"60CM";"1100110311528";"60cm"
"011_BLACK";"80CM";"1100110311535";"80cm"
"021218_BROWN";"";"1100110507648";"XY"
"022005_WHITE";"36";"1100110233295";"36"
"022005_WHITE";"37";"1100110233301";"37"
"022005_WHITE";"38";"1100110233318";"38"
"022005_WHITE";"39";"1100110233325";"39"
"022005_WHITE";"40";"1100110233332";"40"
"022005_WHITE";"41";"1100110233349";"41"
"02230_090";"36-38";"3858888267131";"36-38"
"02230_090";"39-41";"3858888267186";"39-41"
"02235_096";"36-38";"1100110541871";"36-38"
"02235_096";"39-41";"1100110541888";"39-41"
"0246_WHITE";"41";"1100110698568";"41"
"0246_WHITE";"42";"1100110314680";"42"
"0246_WHITE";"43";"1100110314697";"43"
"0246_WHITE";"44";"1100110314703";"44"
"0246_WHITE";"45";"1100110314710";"45"
"0246_WHITE";"46";"1100110698551";"46"
"0247_WHITE";"37";"1100110314727";"37"
"0247_WHITE";"38";"1100110314734";"38"
"0247_WHITE";"39";"1100110314741";"39"
"0247_WHITE";"40";"1100110314758";"40"
"0247_WHITE";"41";"1100110698032";"41"
"02580_MAVI";"25";"1100110099839";"25"
"02580_MAVI";"26";"1100110099846";"26"
"02580_MAVI";"27";"1100110099853";"27"
"02580_MAVI";"28";"1100110099860";"28"
"02580_MAVI";"29";"1100110099877";"29"
"02580_MAVI";"30";"1100110099884";"30"
"02884_PINK";"21";"1100110364340";"21"
"02884_PINK";"22";"1100110364357";"22"
"02884_PINK";"23";"1100110364364";"23"
"02884_PINK";"24";"1100110364371";"24"
"03034_BLUE";"21";"1100110364067";"21"
"03034_BLUE";"22";"1100110364074";"22"
"03034_BLUE";"23";"1100110364081";"23"
"03034_BLUE";"24";"1100110364098";"24"
"03085_RED_NAVY";"20";"1100110393449";"20"
"03085_RED_NAVY";"21";"1100110393456";"21"
"03085_RED_NAVY";"22";"1100110393463";"22"
"03085_RED_NAVY";"23";"1100110393470";"23"
"03085_RED_NAVY";"24";"1100110393487";"24"
"03085_RED_NAVY";"25";"1100110393494";"25"
"03101_BLACK";"20";"1100110379719";"20"
"03101_BLACK";"21";"1100110379726";"21"
"03101_BLACK";"22";"1100110379733";"22"
"03101_BLACK";"23";"1100110379740";"23"
"03101_BLACK";"24";"1100110379757";"24"
"03101_BLACK";"25";"1100110379764";"25"
"03205";"20";"1100110620606";"20"
"03205";"21";"1100110620613";"21"
"03205";"22";"1100110620620";"22"
"03205";"23";"1100110620637";"23"
"03205";"24";"1100110620644";"24"
"03205";"25";"1100110620651";"25"
"0321_BLUE";"40";"1100110682666";"40"
"0321_BLUE";"41";"1100110682673";"41"
"0321_BLUE";"42";"1100110682680";"42"
"0321_BLUE";"43";"1100110682697";"43"
"0321_BLUE";"44";"1100110682703";"44"
"0321_BLUE";"45";"1100110682710";"45"
"0321_BLUE";"46";"1100110682727";"46"
"06356_BROWN";"100CM";"1100110266439";"100cm"
"06356_BROWN";"120CM";"1100110101778";"120cm"
"06356_BROWN";"150CM";"1100110101785";"150cm"
"06356_BROWN";"45CM";"1100110101747";"45cm"
"06356_BROWN";"60CM";"1100110101754";"60cm"
"06356_BROWN";"90CM";"1100110101761";"90cm"
"0711_OLIVE";"100CM";"1100110311481";"100cm"
"0711_OLIVE";"120CM";"1100110311498";"120cm"
"0711_OLIVE";"150CM";"1100110311504";"150cm"
"0711_OLIVE";"160CM";"1100110311511";"160cm"
"0711_OLIVE";"60CM";"1100110311467";"60cm"
"0711_OLIVE";"80CM";"1100110311474";"80cm"
"080_GREY";"100CM";"1100110309914";"100cm"
"080_GREY";"120CM";"1100110309921";"120cm"
"080_GREY";"150CM";"1100110309938";"150cm"
"080_GREY";"60CM";"1100110309891";"60cm"
"080_GREY";"80CM";"1100110309907";"80cm"
"090_BEIGE";"100CM";"1100110310019";"100cm"
"090_BEIGE";"120CM";"1100110310026";"120cm"
"090_BEIGE";"150CM";"1100110310033";"150cm"
"090_BEIGE";"60CM";"1100110309990";"60cm"
"090_BEIGE";"80CM";"1100110310002";"80cm"
"09878_1BLACK";"41";"1100110645074";"41"
"09878_1BLACK";"42";"1100110645081";"42"
"09878_1BLACK";"43";"1100110645098";"43"
"09878_1BLACK";"44";"1100110645104";"44"
"09878_1BLACK";"45";"1100110645111";"45"
"09878_1BLACK";"46";"1100110645128";"46"
"09878_1BROWN";"41";"1100110653239";"41"
"09878_1BROWN";"42";"1100110653246";"42"
"09878_1BROWN";"43";"1100110653253";"43"
"09878_1BROWN";"44";"1100110653260";"44"
"09878_1BROWN";"45";"1100110653277";"45"
"09878_1BROWN";"46";"1100110653284";"46"
"1001426_ADVENTURE";"";"1100110715791";"XY"
"1001426_PRO";"";"1100110715807";"XY"
"1001426_START";"";"1100110715784";"XY"
"1001426_TA";"";"1100110635723";"XY"
"100617_BROWN";"40";"1100110716996";"40"
"100617_BROWN";"41";"1100110666703";"41"
"100617_BROWN";"42";"1100110666710";"42"
"100617_BROWN";"43";"1100110666727";"43"
"100617_BROWN";"44";"1100110666734";"44"
"100617_BROWN";"45";"1100110666741";"45"
"100617_BROWN";"46";"1100110666758";"46"
"100617_BROWN";"47";"1100110666765";"47"
"100617_BROWN";"48";"1100110666772";"48"
"100617_BROWN";"49";"1100110717009";"49"
"100_NAVY";"36";"1100110619563";"36"
"100_NAVY";"37";"1100110619570";"37"
"100_NAVY";"38";"1100110619587";"38"
"100_NAVY";"39";"1100110619594";"39"
"100_NAVY";"40";"1100110619600";"40"
"100_NAVY";"41";"1100110619617";"41"
"10127_WHITE";"30";"1100110662927";"30"
"10127_WHITE";"31";"1100110662934";"31"
"10127_WHITE";"32";"1100110662941";"32"
"10127_WHITE";"33";"1100110662958";"33"
"10127_WHITE";"34";"1100110662965";"34"
"10127_WHITE";"35";"1100110662972";"35"
"10179_1OLIVE";"36";"1100110680174";"36"
"10179_1OLIVE";"37";"1100110680181";"37"
"10179_1OLIVE";"38";"1100110680198";"38"
"10179_1OLIVE";"39";"1100110680204";"39"
"10179_1OLIVE";"40";"1100110680211";"40"
"10179_NAVY";"28";"1100110679963";"28"
"10179_NAVY";"29";"1100110679970";"29"
"10179_NAVY";"30";"1100110679987";"30"
"10179_NAVY";"31";"1100110679994";"31"
"10179_NAVY";"32";"1100110680006";"32"
"10179_NAVY";"33";"1100110680013";"33"
"10179_NAVY";"34";"1100110680020";"34"
"10179_NAVY";"35";"1100110680037";"35"
"10179_OLIVE";"28";"1100110680044";"28"
"10179_OLIVE";"29";"1100110680051";"29"
"10179_OLIVE";"30";"1100110680068";"30"
"10179_OLIVE";"31";"1100110680075";"31"
"10179_OLIVE";"32";"1100110680082";"32"
"10179_OLIVE";"33";"1100110680099";"33"
"10179_OLIVE";"34";"1100110680105";"34"
"10179_OLIVE";"35";"1100110680112";"35"
"1020_BLACK";"";"1100110672865";"XY"
"1024_BLACK";"36";"1100110558756";"36"
"1024_BLACK";"37";"1100110558763";"37"
"1024_BLACK";"38";"1100110558770";"38"
"1024_BLACK";"39";"1100110558787";"39"
"1024_BLACK";"40";"1100110558794";"40"
"1024_BLACK";"41";"1100110558800";"41"
"1024_BLACK";"42";"1100110558817";"42"
"1024_WHITE";"36";"1100110559937";"36"
"1024_WHITE";"37";"1100110559944";"37"
"1024_WHITE";"38";"1100110559951";"38"
"1024_WHITE";"39";"1100110559968";"39"
"1024_WHITE";"40";"1100110559975";"40"
"1024_WHITE";"41";"1100110559982";"41"
"1024_WHITE";"42";"1100110559999";"42"
"10268_BLK_WHITE";"36";"1100110661302";"36"
"10268_BLK_WHITE";"37";"1100110661319";"37"
"10268_BLK_WHITE";"38";"1100110661326";"38"
"10268_BLK_WHITE";"39";"1100110661333";"39"
"10268_BLK_WHITE";"40";"1100110661340";"40"
"10268_BLK_WHITE";"41";"1100110661357";"41"
"102690_GREY";"36";"1100110663511";"36"
"102690_GREY";"37";"1100110663528";"37"
"102690_GREY";"38";"1100110663535";"38"
"102690_GREY";"39";"1100110663542";"39"
"102690_GREY";"40";"1100110663559";"40"
"10273_PINK";"28";"1100110661777";"28"
"10273_PINK";"29";"1100110661784";"29"
"10273_PINK";"30";"1100110661791";"30"
"10273_PINK";"31";"1100110661807";"31"
"10273_PINK";"32";"1100110661814";"32"
"10273_PINK";"33";"1100110661821";"33"
"10273_PINK";"34";"1100110661838";"34"
"10273_PINK";"35";"1100110661845";"35"
"10274_NAVY";"36";"1100110680129";"36"
"10274_NAVY";"37";"1100110680136";"37"
"10274_NAVY";"38";"1100110680143";"38"
"10274_NAVY";"39";"1100110680150";"39"
"10274_NAVY";"40";"1100110680167";"40"
"10297_GREEN";"28";"1100110663351";"28"
"10297_GREEN";"29";"1100110663368";"29"
"10297_GREEN";"30";"1100110663375";"30"
"10297_GREEN";"31";"1100110663382";"31"
"10297_GREEN";"32";"1100110663399";"32"
"10297_GREEN";"33";"1100110663405";"33"
"10297_GREEN";"34";"1100110663412";"34"
"10297_GREEN";"35";"1100110663429";"35"
"10404_NAVY";"28";"1100110661692";"28"
"10404_NAVY";"29";"1100110661708";"29"
"10404_NAVY";"30";"1100110661715";"30"
"10404_NAVY";"31";"1100110661722";"31"
"10404_NAVY";"32";"1100110661739";"32"
"10404_NAVY";"33";"1100110661746";"33"
"10404_NAVY";"34";"1100110661753";"34"
"10404_NAVY";"35";"1100110661760";"35"
"10408_NAVY";"28";"1100110663436";"28"
"10408_NAVY";"29";"1100110663443";"29"
"10408_NAVY";"30";"1100110663450";"30"
"10408_NAVY";"31";"1100110663467";"31"
"10408_NAVY";"32";"1100110663474";"32"
"10408_NAVY";"33";"1100110663481";"33"
"10408_NAVY";"34";"1100110663498";"34"
"10408_NAVY";"35";"1100110663504";"35"
"10408_PINK";"28";"1100110663221";"28"
"10408_PINK";"29";"1100110663238";"29"
"10408_PINK";"30";"1100110663245";"30"
"10408_PINK";"31";"1100110663252";"31"
"10408_PINK";"32";"1100110663269";"32"
"10408_PINK";"33";"1100110663276";"33"
"10408_PINK";"34";"1100110663283";"34"
"10408_PINK";"35";"1100110663290";"35"
"1040_BLACK";"";"1100110596512";"XY"
"10413_GREY";"36";"1100110663306";"36"
"10413_GREY";"37";"1100110663313";"37"
"10413_GREY";"38";"1100110663320";"38"
"10413_GREY";"39";"1100110663337";"39"
"10413_GREY";"40";"1100110663344";"40"
"1041_WHITE";"25";"1100110595621";"25"
"1041_WHITE";"26";"1100110595638";"26"
"1041_WHITE";"27";"1100110595645";"27"
"1041_WHITE";"28";"1100110595652";"28"
"1041_WHITE";"29";"1100110595669";"29"
"1041_WHITE";"30";"1100110595676";"30"
"1041_WHITE";"31";"1100110595683";"31"
"1041_WHITE";"32";"1100110595690";"32"
"1041_WHITE";"33";"1100110595706";"33"
"1041_WHITE";"34";"1100110595713";"34"
"1041_WHITE";"35";"1100110595720";"35"
"1060_BROWN";"";"1100110596581";"XY"
"1060_NEUTRAL";"";"1100110623140";"XY"
"1060_PINK";"23";"1100110384560";"23"
"1060_PINK";"24";"1100110384577";"24"
"1060_PINK";"25";"1100110384584";"25"
"1060_PINK";"26";"1100110384591";"26"
"1060_PURPLE";"23";"1100110384409";"23"
"1060_PURPLE";"24";"1100110384416";"24"
"1060_PURPLE";"25";"1100110384423";"25"
"1060_PURPLE";"26";"1100110384430";"26"
"1060_WHITE_G";"25";"1100110604637";"25"
"1060_WHITE_G";"26";"1100110604644";"26"
"1060_WHITE_G";"27";"1100110604651";"27"
"1060_WHITE_G";"28";"1100110604668";"28"
"1060_WHITE_G";"29";"1100110604675";"29"
"1060_WHITE_G";"30";"1100110604682";"30"
"1060_WHITE_G";"31";"1100110604699";"31"
"1060_WHITE_G";"32";"1100110604705";"32"
"1060_WHITE_G";"33";"1100110604712";"33"
"1060_WHITE_G";"34";"1100110604729";"34"
"1060_WHITE_G";"35";"1100110604736";"35"
"10615_BLUE";"";"1100110585752";""
"10615_BLUE";"20";"1100110577412";"20"
"10615_BLUE";"21";"1100110577429";"21"
"10615_BLUE";"22";"1100110577436";"22"
"10615_BLUE";"23";"1100110577443";"23"
"10615_BLUE";"24";"1100110577450";"24"
"10615_BLUE";"25";"1100110577467";"25"
"10615_BLUE";"26";"1100110577474";"26"
"10615_BLUE";"27";"1100110577481";"27"
"10615_BLUE";"28";"1100110577498";"28"
"10615_BLUE";"29";"1100110577504";"29"
"10615_BLUE";"30";"1100110577511";"30"
"10615_BLUE";"31";"1100110577528";"31"
"10615_BLUE";"32";"1100110577535";"32"
"10615_BLUE";"33";"1100110577542";"33"
"10615_BLUE";"34";"1100110577559";"34"
"10615_BLUE";"35";"1100110577566";"35"
"10615_GREEN";"20";"1100110577252";"20"
"10615_GREEN";"21";"1100110577269";"21"
"10615_GREEN";"22";"1100110577276";"22"
"10615_GREEN";"23";"1100110577283";"23"
"10615_GREEN";"24";"1100110577290";"24"
"10615_GREEN";"25";"1100110577306";"25"
"10615_GREEN";"26";"1100110577313";"26"
"10615_GREEN";"27";"1100110577320";"27"
"10615_GREEN";"28";"1100110577337";"28"
"10615_GREEN";"29";"1100110577344";"29"
"10615_GREEN";"30";"1100110577351";"30"
"10615_GREEN";"31";"1100110577368";"31"
"10615_GREEN";"32";"1100110577375";"32"
"10615_GREEN";"33";"1100110577382";"33"
"10615_GREEN";"34";"1100110577399";"34"
"10615_GREEN";"35";"1100110577405";"35"
"10615_PINK";"20";"1100110577092";"20"
"10615_PINK";"21";"1100110577108";"21"
"10615_PINK";"22";"1100110577115";"22"
"10615_PINK";"23";"1100110577122";"23"
"10615_PINK";"24";"1100110577139";"24"
"10615_PINK";"25";"1100110577146";"25"
"10615_PINK";"26";"1100110577153";"26"
"10615_PINK";"27";"1100110577160";"27"
"10615_PINK";"28";"1100110577177";"28"
"10615_PINK";"29";"1100110577184";"29"
"10615_PINK";"30";"1100110577191";"30"
"10615_PINK";"31";"1100110577207";"31"
"10615_PINK";"32";"1100110577214";"32"
"10615_PINK";"33";"1100110577221";"33"
"10615_PINK";"34";"1100110577238";"34"
"10615_PINK";"35";"1100110577245";"35"
"10615_PINKY";"20";"1100110649980";"20"
"10615_PINKY";"21";"1100110649997";"21"
"10615_PINKY";"22";"1100110650009";"22"
"10615_PINKY";"23";"1100110650016";"23"
"10615_PINKY";"24";"1100110650023";"24"
"10615_PINKY";"25";"1100110650030";"25"
"10615_PINKY";"26";"1100110650047";"26"
"10615_PINKY";"27";"1100110650054";"27"
"10615_PINKY";"28";"1100110650061";"28"
"10615_PINKY";"29";"1100110650078";"29"
"10615_PINKY";"30";"1100110650085";"30"
"10615_PINKY";"31";"1100110650092";"31"
"10615_PINKY";"32";"1100110650108";"32"
"10615_PINKY";"33";"1100110650115";"33"
"10615_PINKY";"34";"1100110650122";"34"
"10615_PINKY";"35";"1100110650139";"35"
"10615_PURPLE";"20";"1100110577573";"20"
"10615_PURPLE";"21";"1100110577580";"21"
"10615_PURPLE";"22";"1100110577597";"22"
"10615_PURPLE";"23";"1100110577603";"23"
"10615_PURPLE";"24";"1100110577610";"24"
"10615_PURPLE";"25";"1100110577627";"25"
"10615_PURPLE";"26";"1100110577634";"26"
"10615_PURPLE";"27";"1100110577641";"27"
"10615_PURPLE";"28";"1100110577658";"28"
"10615_PURPLE";"29";"1100110577665";"29"
"10615_PURPLE";"30";"1100110577672";"30"
"10615_PURPLE";"31";"1100110577689";"31"
"10615_PURPLE";"32";"1100110577696";"32"
"10615_PURPLE";"33";"1100110577702";"33"
"10615_PURPLE";"34";"1100110577719";"34"
"10615_PURPLE";"35";"1100110577726";"35"
"1070_BLACK";"";"1100110604873";"XY"
"1071_BLUE";"100CM";"1100110309563";"100cm"
"1071_BLUE";"120CM";"1100110309570";"120cm"
"1071_BLUE";"150CM";"1100110309587";"150cm"
"1071_BLUE";"60CM";"1100110309549";"60cm"
"1071_BLUE";"80CM";"1100110309556";"80cm"
"107_NAVY";"100CM";"1100110309617";"100cm"
"107_NAVY";"120CM";"1100110309624";"120cm"
"107_NAVY";"150CM";"1100110309631";"150cm"
"107_NAVY";"60CM";"1100110309594";"60cm"
"107_NAVY";"80CM";"1100110309600";"80cm"
"1082_WHITE";"25";"1100110604743";"25"
"1082_WHITE";"26";"1100110604750";"26"
"1082_WHITE";"27";"1100110604767";"27"
"1082_WHITE";"28";"1100110604774";"28"
"1082_WHITE";"29";"1100110604781";"29"
"1082_WHITE";"30";"1100110604798";"30"
"1082_WHITE";"31";"1100110604804";"31"
"1082_WHITE";"32";"1100110604811";"32"
"1082_WHITE";"33";"1100110604828";"33"
"1082_WHITE";"34";"1100110604835";"34"
"1082_WHITE";"35";"1100110604842";"35"
"10989_1_YELLOW";"36";"1100110661555";"36"
"10989_1_YELLOW";"37";"1100110661562";"37"
"10989_1_YELLOW";"38";"1100110661579";"38"
"10989_1_YELLOW";"39";"1100110661586";"39"
"10989_1_YELLOW";"40";"1100110661593";"40"
"10989_BLACK";"36";"1100110585578";"36"
"10989_BLACK";"37";"1100110585585";"37"
"10989_BLACK";"38";"1100110585592";"38"
"10989_BLACK";"39";"1100110585608";"39"
"10989_BLACK";"40";"1100110585615";"40"
"10989_BLACK";"41";"1100110585622";"41"
"10989_BLACK";"42";"1100110577979";"42"
"10989_BLACK";"43";"1100110577986";"43"
"10989_BLACK";"44";"1100110577993";"44"
"10989_BLACK";"45";"1100110578006";"45"
"10989_BLACK";"46";"1100110578013";"46"
"10989_YELLOW";"28";"1100110661425";"28"
"10989_YELLOW";"29";"1100110661432";"29"
"10989_YELLOW";"30";"1100110661449";"30"
"10989_YELLOW";"31";"1100110661456";"31"
"10989_YELLOW";"32";"1100110661463";"32"
"10989_YELLOW";"33";"1100110661470";"33"
"10989_YELLOW";"34";"1100110661487";"34"
"10989_YELLOW";"35";"1100110661494";"35"
"1100_NATUR";"";"1100110672759";"XY"
"110_BLACK";"36";"1100110533524";"36"
"110_BLACK";"37";"1100110533470";"37"
"110_BLACK";"38";"1100110533487";"38"
"110_BLACK";"39";"1100110533494";"39"
"110_BLACK";"40";"1100110533500";"40"
"110_BLACK";"41";"1100110533517";"41"
"110_WHITE";"100CM";"1100110682895";"100cm"
"110_WHITE";"120CM";"1100110682901";"120cm"
"110_WHITE";"150CM";"1100110682918";"150cm"
"110_WHITE";"60CM";"1100110682871";"60cm"
"110_WHITE";"75CM";"1100110682925";"75cm"
"110_WHITE";"90CM";"1100110682888";"90cm"
"1110_BLACK";"25";"1100110603920";"25"
"1110_BLACK";"26";"1100110603937";"26"
"1110_BLACK";"27";"1100110603944";"27"
"1110_BLACK";"28";"1100110603951";"28"
"1110_BLACK";"29";"1100110603968";"29"
"1110_BLACK";"30";"1100110603975";"30"
"1110_BLACK";"31";"1100110603982";"31"
"1110_BLACK";"32";"1100110603999";"32"
"1110_BLACK";"33";"1100110604002";"33"
"1110_BLACK";"34";"1100110604019";"34"
"1110_BLACK";"35";"1100110604026";"35"
"1110_BLACK";"36";"1100110595393";"36"
"1110_BLACK";"37";"1100110595409";"37"
"1110_BLACK";"38";"1100110595416";"38"
"1110_BLACK";"39";"1100110595423";"39"
"1110_BLACK";"40";"1100110595430";"40"
"1110_BLACK";"41";"1100110595447";"41"
"1110_BLACK";"42";"1100110595454";"42"
"1110_BLACK";"43";"1100110595461";"43"
"1110_BLACK";"44";"1100110595478";"44"
"1110_BLACK";"45";"1100110595485";"45"
"1110_BLACK";"46";"1100110595492";"46"
"1111_DBROWN";"100CM";"1100110311740";"100cm"
"1111_DBROWN";"120CM";"1100110311757";"120cm"
"1111_DBROWN";"150CM";"1100110311764";"150cm"
"1111_DBROWN";"60CM";"1100110311726";"60cm"
"1111_DBROWN";"80CM";"1100110311733";"80cm"
"11123_GREY";"40-42";"1100110400604";"40-42"
"11123_GREY";"43-44";"1100110400611";"43-44"
"11123_GREY";"45-46";"1100110400628";"45-46"
"1112_CRNA";"40-42";"1100110197122";"40-42"
"1112_CRNA";"43-44";"1100110197139";"43-44"
"1112_CRNA";"45-46";"1100110197146";"45-46"
"1112_SIVA";"40-42";"1100110197153";"40-42"
"1112_SIVA";"43-44";"1100110197160";"43-44"
"1112_SIVA";"45-46";"1100110197177";"45-46"
"112_YELLOW";"100CM";"1100110310491";"100cm"
"112_YELLOW";"120CM";"1100110310507";"120cm"
"112_YELLOW";"150CM";"1100110310514";"150cm"
"112_YELLOW";"60CM";"1100110310477";"60cm"
"112_YELLOW";"80CM";"1100110310484";"80cm"
"1130_YELLOW";"100CM";"1100110310590";"100cm"
"1130_YELLOW";"120CM";"1100110310606";"120cm"
"1130_YELLOW";"150CM";"1100110310613";"150cm"
"1130_YELLOW";"60CM";"1100110310576";"60cm"
"1130_YELLOW";"80CM";"1100110310583";"80cm"
"11448_BLACK";"36";"1100110714459";"36"
"11448_BLACK";"37";"1100110714466";"37"
"11448_BLACK";"38";"1100110714473";"38"
"11448_BLACK";"39";"1100110714480";"39"
"11448_BLACK";"40";"1100110714497";"40"
"11448_BLACK";"41";"1100110714503";"41"
"11448_BLACK";"42";"1100110714404";"42"
"11448_BLACK";"43";"1100110714411";"43"
"11448_BLACK";"44";"1100110714428";"44"
"11448_BLACK";"45";"1100110714435";"45"
"11448_BLACK";"46";"1100110714442";"46"
"11448_BLUE";"36";"1100110714343";"36"
"11448_BLUE";"37";"1100110714350";"37"
"11448_BLUE";"38";"1100110714367";"38"
"11448_BLUE";"39";"1100110714374";"39"
"11448_BLUE";"40";"1100110714381";"40"
"11448_BLUE";"41";"1100110714398";"41"
"11448_BLUE";"42";"1100110714299";"42"
"11448_BLUE";"43";"1100110714305";"43"
"11448_BLUE";"44";"1100110714312";"44"
"11448_BLUE";"45";"1100110714329";"45"
"11448_BLUE";"46";"1100110714336";"46"
"11448_D_BLUE";"36";"1100110714565";"36"
"11448_D_BLUE";"37";"1100110714572";"37"
"11448_D_BLUE";"38";"1100110714589";"38"
"11448_D_BLUE";"39";"1100110714596";"39"
"11448_D_BLUE";"40";"1100110714602";"40"
"11448_D_BLUE";"41";"1100110714619";"41"
"11448_D_BLUE";"42";"1100110714510";"42"
"11448_D_BLUE";"43";"1100110714527";"43"
"11448_D_BLUE";"44";"1100110714534";"44"
"11448_D_BLUE";"45";"1100110714541";"45"
"11448_D_BLUE";"46";"1100110714558";"46"
"11449_BLACK";"36";"1100110714893";"36"
"11449_BLACK";"37";"1100110714909";"37"
"11449_BLACK";"38";"1100110714916";"38"
"11449_BLACK";"39";"1100110714923";"39"
"11449_BLACK";"40";"1100110714930";"40"
"11449_BLACK";"41";"1100110714947";"41"
"11449_BLACK";"42";"1100110714848";"42"
"11449_BLACK";"43";"1100110714855";"43"
"11449_BLACK";"44";"1100110714862";"44"
"11449_BLACK";"45";"1100110714879";"45"
"11449_BLACK";"46";"1100110714886";"46"
"11449_GREEN";"36";"1100110714787";"36"
"11449_GREEN";"37";"1100110714794";"37"
"11449_GREEN";"38";"1100110714800";"38"
"11449_GREEN";"39";"1100110714817";"39"
"11449_GREEN";"40";"1100110714824";"40"
"11449_GREEN";"41";"1100110714831";"41"
"11449_GREEN";"42";"1100110714732";"42"
"11449_GREEN";"43";"1100110714749";"43"
"11449_GREEN";"44";"1100110714756";"44"
"11449_GREEN";"45";"1100110714763";"45"
"11449_GREEN";"46";"1100110714770";"46"
"11449_LILA";"36";"1100110715005";"36"
"11449_LILA";"37";"1100110715012";"37"
"11449_LILA";"38";"1100110715029";"38"
"11449_LILA";"39";"1100110715036";"39"
"11449_LILA";"40";"1100110715043";"40"
"11449_LILA";"41";"1100110715050";"41"
"11449_LILA";"42";"1100110714954";"42"
"11449_LILA";"43";"1100110714961";"43"
"11449_LILA";"44";"1100110714978";"44"
"11449_LILA";"45";"1100110714985";"45"
"11449_LILA";"46";"1100110714992";"46"
"11449_PINK";"36";"1100110714671";"36"
"11449_PINK";"37";"1100110714688";"37"
"11449_PINK";"38";"1100110714695";"38"
"11449_PINK";"39";"1100110714701";"39"
"11449_PINK";"40";"1100110714718";"40"
"11449_PINK";"41";"1100110714725";"41"
"11449_PINK";"42";"1100110714626";"42"
"11449_PINK";"43";"1100110714633";"43"
"11449_PINK";"44";"1100110714640";"44"
"11449_PINK";"45";"1100110714657";"45"
"11449_PINK";"46";"1100110714664";"46"
"114_PINK";"100CM";"1100110309662";"100cm"
"114_PINK";"120CM";"1100110309679";"120cm"
"114_PINK";"150CM";"1100110309686";"150cm"
"114_PINK";"60CM";"1100110309648";"60cm"
"114_PINK";"80CM";"1100110309655";"80cm"
"1150_BLACK";"25";"1100110604477";"25"
"1150_BLACK";"26";"1100110604484";"26"
"1150_BLACK";"27";"1100110604491";"27"
"1150_BLACK";"28";"1100110604507";"28"
"1150_BLACK";"29";"1100110604514";"29"
"1150_BLACK";"30";"1100110604521";"30"
"1150_BLACK";"31";"1100110604538";"31"
"1150_BLACK";"32";"1100110604545";"32"
"1150_BLACK";"33";"1100110604552";"33"
"1150_BLACK";"34";"1100110604569";"34"
"1150_BLACK";"35";"1100110604576";"35"
"1150_BLACK";"36";"1100110596178";"36"
"1150_BLACK";"37";"1100110596185";"37"
"1150_BLACK";"38";"1100110596192";"38"
"1150_BLACK";"39";"1100110596208";"39"
"1150_BLACK";"40";"1100110596215";"40"
"115_PINK";"100CM";"1100110311801";"100cm"
"115_PINK";"120CM";"1100110311818";"120cm"
"115_PINK";"150CM";"1100110311825";"150cm"
"115_PINK";"45CM";"1100110311771";"45cm"
"115_PINK";"60CM";"1100110311788";"60cm"
"115_PINK";"80CM";"1100110311795";"80cm"
"116_1_PURPLE";"100CM";"1100110483300";"100cm"
"116_1_PURPLE";"120CM";"1100110483317";"120cm"
"116_1_PURPLE";"150CM";"1100110483324";"150cm"
"116_1_PURPLE";"60CM";"1100110483287";"60cm"
"116_1_PURPLE";"80CM";"1100110483294";"80cm"
"116_PURPLE";"100CM";"1100110309716";"100cm"
"116_PURPLE";"120CM";"1100110309723";"120cm"
"116_PURPLE";"150CM";"1100110309730";"150cm"
"116_PURPLE";"60CM";"1100110309693";"60cm"
"116_PURPLE";"80CM";"1100110309709";"80cm"
"1175_WHITE";"41-42";"1100110385772";"41/42"
"1175_WHITE";"43-44";"1100110385789";"43/44"
"1175_WHITE";"45-46";"1100110385796";"45/46"
"117617_PINK";"36";"1100110665140";"36"
"117617_PINK";"37";"1100110665157";"37"
"117617_PINK";"38";"1100110665164";"38"
"117617_PINK";"39";"1100110665171";"39"
"117617_PINK";"40";"1100110665188";"40"
"117_PURPLE";"100CM";"1100110309815";"100cm"
"117_PURPLE";"120CM";"1100110309822";"120cm"
"117_PURPLE";"150CM";"1100110309839";"150cm"
"117_PURPLE";"60CM";"1100110309792";"60cm"
"117_PURPLE";"80CM";"1100110309808";"80cm"
"1190_BEZBOJNI";"";"1100110604859";"XY"
"119_BLACK";"36";"1100110623416";"36"
"119_BLACK";"37";"1100110623362";"37"
"119_BLACK";"38";"1100110623379";"38"
"119_BLACK";"39";"1100110623386";"39"
"119_BLACK";"40";"1100110623393";"40"
"119_BLACK";"41";"1100110623409";"41"
"119_GREEN";"100CM";"1100110309044";"100cm"
"119_GREEN";"120CM";"1100110309051";"120cm"
"119_GREEN";"150CM";"1100110309068";"150cm"
"119_GREEN";"60CM";"1100110309020";"60cm"
"119_GREEN";"80CM";"1100110309037";"80cm"
"11_0324_17_NAVY";"";"5908279679260";""
"11_0324_17_NAVY";"22";"1100110067913";"22"
"11_0324_17_NAVY";"23";"1100110067920";"23"
"11_0324_17_NAVY";"24";"1100110067937";"24"
"11_0324_17_NAVY";"25";"1100110067944";"25"
"11_0324_17_NAVY";"26";"1100110067951";"26"
"11_0324_17_NAVY";"27";"1100110067968";"27"
"11_0324_17_NAVY";"28";"1100110067975";"28"
"11_0324_17_NAVY";"29";"1100110067982";"29"
"11_0324_17_NAVY";"30";"1100110067999";"30"
"11_0324_17_NAVY";"31";"1100110068002";"31"
"11_0324_17_NAVY";"32";"1100110068019";"32"
"11_0324_17_NAVY";"33";"1100110068026";"33"
"1250_N_BLACK";"36";"1100110473912";"36"
"1250_N_BLACK";"37";"1100110473929";"37"
"1250_N_BLACK";"38";"1100110473936";"38"
"1250_N_BLACK";"39";"1100110473943";"39"
"1250_N_BLACK";"40";"1100110473950";"40"
"1250_N_BLACK";"41";"1100110473967";"41"
"12615_GREY";"36";"1100110681959";"36"
"12615_GREY";"37";"1100110681966";"37"
"12615_GREY";"38";"1100110681973";"38"
"12615_GREY";"39";"1100110681980";"39"
"12615_GREY";"40";"1100110681997";"40"
"12615_GREY";"41";"1100110682000";"41"
"12980_WHITE";"37";"1100110693846";"37"
"12980_WHITE";"37.5";"1100110693853";"37.5"
"12980_WHITE";"38";"1100110693860";"38"
"12980_WHITE";"38.5";"1100110693877";"38.5"
"12980_WHITE";"39";"1100110693884";"39"
"12980_WHITE";"39.5";"1100110693891";"39.5"
"12980_WHITE";"40";"1100110693907";"40"
"129_BLUE";"5XL";"1100110228482";"5XL"
"129_BLUE";"L";"1100110228437";"L"
"129_BLUE";"M";"1100110228420";"M"
"129_BLUE";"S";"1100110228413";"S"
"129_BLUE";"XL";"1100110228444";"XL"
"129_BLUE";"XS";"1100110228406";"XS"
"129_BLUE";"XXL";"1100110228451";"XXL"
"129_BLUE";"XXXL";"1100110228468";"XXXL"
"129_BLUE";"XXXXL";"1100110228475";"XXXXL"
"129_TIRKIZ";"5XL";"1100110236265";"5XL"
"129_TIRKIZ";"L";"1100110236210";"L"
"129_TIRKIZ";"M";"1100110236203";"M"
"129_TIRKIZ";"S";"1100110236197";"S"
"129_TIRKIZ";"XL";"1100110236227";"XL"
"129_TIRKIZ";"XS";"1100110236180";"XS"
"129_TIRKIZ";"XXL";"1100110236234";"XXL"
"129_TIRKIZ";"XXXL";"1100110236241";"XXXL"
"129_TIRKIZ";"XXXXL";"1100110236258";"XXXXL"
"129_ZLENA_J";"5XL";"1100110236449";"5XL"
"129_ZLENA_J";"L";"1100110236395";"L"
"129_ZLENA_J";"M";"1100110236388";"M"
"129_ZLENA_J";"S";"1100110236371";"S"
"129_ZLENA_J";"XL";"1100110236401";"XL"
"129_ZLENA_J";"XS";"1100110236364";"XS"
"129_ZLENA_J";"XXL";"1100110236418";"XXL"
"129_ZLENA_J";"XXXL";"1100110236425";"XXXL"
"129_ZLENA_J";"XXXXL";"1100110236432";"XXXXL"
"13087_WHITE";"36";"1100110665720";"36"
"13087_WHITE";"37";"1100110665737";"37"
"13087_WHITE";"38";"1100110665744";"38"
"13087_WHITE";"39";"1100110665751";"39"
"13087_WHITE";"40";"1100110665768";"40"
"13087_WHITE";"41";"1100110665775";"41"
"13464_BEIGEB";"36";"1100110431523";"36"
"13464_BEIGEB";"37";"1100110350831";"37"
"13464_BEIGEB";"38";"1100110350848";"38"
"13464_BEIGEB";"39";"1100110350855";"39"
"13464_BEIGEB";"40";"1100110350862";"40"
"13464_BEIGEB";"41";"1100110350879";"41"
"13464_BEIGEB";"42";"1100110350886";"42"
"13464_BEIGEBL";"36";"1100110365941";"36"
"13464_BEIGEBL";"37";"1100110354211";"37"
"13464_BEIGEBL";"38";"1100110354228";"38"
"13464_BEIGEBL";"39";"1100110354235";"39"
"13464_BEIGEBL";"40";"1100110354242";"40"
"13464_BEIGEBL";"41";"1100110354259";"41"
"13464_BEIGEBL";"42";"1100110354266";"42"
"13464_BEIGEN";"36";"1100110431547";"36"
"13464_BEIGEN";"37";"1100110349316";"37"
"13464_BEIGEN";"38";"1100110349323";"38"
"13464_BEIGEN";"39";"1100110349330";"39"
"13464_BEIGEN";"40";"1100110349347";"40"
"13464_BEIGEN";"41";"1100110349354";"41"
"13464_BEIGEN";"42";"1100110349361";"42"
"13464_BLACKB";"36";"1100110370624";"36"
"13464_BLACKB";"37";"1100110354075";"37"
"13464_BLACKB";"38";"1100110354082";"38"
"13464_BLACKB";"39";"1100110354099";"39"
"13464_BLACKB";"40";"1100110354105";"40"
"13464_BLACKB";"41";"1100110354112";"41"
"13464_BLACKB";"42";"1100110354129";"42"
"13464_BORDOW";"36";"1100110414496";"36"
"13464_BORDOW";"37";"1100110350343";"37"
"13464_BORDOW";"38";"1100110350350";"38"
"13464_BORDOW";"39";"1100110350367";"39"
"13464_BORDOW";"40";"1100110350374";"40"
"13464_BORDOW";"41";"1100110350381";"41"
"13464_BORDOW";"42";"1100110350398";"42"
"134_GREEN_APPLE";"L";"1100110236845";"L"
"134_GREEN_APPLE";"M";"1100110236838";"M"
"134_GREEN_APPLE";"S";"1100110236821";"S"
"134_GREEN_APPLE";"XL";"1100110236852";"XL"
"134_GREEN_APPLE";"XS";"1100110236814";"XS"
"134_GREEN_APPLE";"XXL";"1100110236869";"XXL"
"134_GREEN_APPLE";"XXXL";"1100110236876";"XXXL"
"134_RED";"L";"1100110228895";"L"
"134_RED";"M";"1100110228888";"M"
"134_RED";"S";"1100110228871";"S"
"134_RED";"XL";"1100110228901";"XL"
"134_RED";"XS";"1100110228864";"XS"
"134_RED";"XXL";"1100110228918";"XXL"
"134_RED";"XXXL";"1100110228925";"XXXL"
"1350_1BLACK";"37";"1100110538369";"37"
"1350_1BLACK";"38";"1100110538376";"38"
"1350_1BLACK";"39";"1100110538383";"39"
"1350_1BLACK";"40";"1100110538390";"40"
"1350_1BLACK";"41";"1100110538406";"41"
"1350_1BLACK";"42";"1100110538413";"42"
"1350_1WHITE";"37";"1100110538420";"37"
"1350_1WHITE";"38";"1100110538437";"38"
"1350_1WHITE";"39";"1100110538444";"39"
"1350_1WHITE";"40";"1100110538451";"40"
"1350_1WHITE";"41";"1100110538468";"41"
"1350_1WHITE";"42";"1100110538475";"42"
"1352_1BLACK";"37";"1100110538246";"37"
"1352_1BLACK";"38";"1100110538253";"38"
"1352_1BLACK";"39";"1100110538260";"39"
"1352_1BLACK";"40";"1100110538277";"40"
"1352_1BLACK";"41";"1100110538284";"41"
"1352_1BLACK";"42";"1100110538291";"42"
"1352_1BLUE";"36";"1100110716972";"36"
"1352_1BLUE";"37";"1100110538307";"37"
"1352_1BLUE";"38";"1100110538314";"38"
"1352_1BLUE";"39";"1100110538321";"39"
"1352_1BLUE";"40";"1100110538338";"40"
"1352_1BLUE";"41";"1100110538345";"41"
"1352_1BLUE";"42";"1100110538352";"42"
"1352_1WHITE";"36";"1100110716965";"36"
"1352_1WHITE";"37";"1100110538185";"37"
"1352_1WHITE";"38";"1100110538192";"38"
"1352_1WHITE";"39";"1100110538208";"39"
"1352_1WHITE";"40";"1100110538215";"40"
"1352_1WHITE";"41";"1100110538222";"41"
"1352_1WHITE";"42";"1100110538239";"42"
"1364_BLUE";"37";"1100110127778";"37"
"1364_BLUE";"38";"1100110127785";"38"
"1364_BLUE";"39";"1100110127792";"39"
"1364_BLUE";"40";"1100110127808";"40"
"1364_BLUE";"41";"1100110127815";"41"
"1364_BLUE";"42";"1100110127822";"42"
"1372_1BLACK";"36";"1100110538048";"36"
"1372_1BLACK";"37";"1100110538055";"37"
"1372_1BLACK";"38";"1100110538062";"38"
"1372_1BLACK";"39";"1100110538079";"39"
"1372_1BLACK";"40";"1100110538086";"40"
"1372_1BLACK";"41";"1100110538093";"41"
"1372_1BLACK";"42";"1100110538109";"42"
"1372_NAVY";"36";"1100110537973";"36"
"1372_NAVY";"37";"1100110537980";"37"
"1372_NAVY";"38";"1100110537997";"38"
"1372_NAVY";"39";"1100110538000";"39"
"1372_NAVY";"40";"1100110538017";"40"
"1372_NAVY";"41";"1100110538024";"41"
"1372_NAVY";"42";"1100110538031";"42"
"1372_WHITE";"36";"1100110538116";"36"
"1372_WHITE";"37";"1100110538123";"37"
"1372_WHITE";"38";"1100110538130";"38"
"1372_WHITE";"39";"1100110538147";"39"
"1372_WHITE";"40";"1100110538154";"40"
"1372_WHITE";"41";"1100110538161";"41"
"1372_WHITE";"42";"1100110538178";"42"
"138_BLACK";"10";"1100110248473";"10"
"138_BLACK";"12";"1100110248480";"12"
"138_BLACK";"4";"1100110248442";"4"
"138_BLACK";"6";"1100110248459";"6"
"138_BLACK";"8";"1100110248466";"8"
"138_MALINE";"10";"1100110229236";"10"
"138_MALINE";"12";"1100110229243";"12"
"138_MALINE";"4";"1100110229205";"4"
"138_MALINE";"6";"1100110229212";"6"
"138_MALINE";"8";"1100110229229";"8"
"138_RED";"10";"1100110229137";"10"
"138_RED";"12";"1100110229144";"12"
"138_RED";"4";"1100110229106";"4"
"138_RED";"6";"1100110229113";"6"
"138_RED";"8";"1100110229120";"8"
"145_WHITE";"36";"1100110599162";"36"
"145_WHITE";"37";"1100110599117";"37"
"145_WHITE";"38";"1100110599124";"38"
"145_WHITE";"39";"1100110599131";"39"
"145_WHITE";"40";"1100110599148";"40"
"145_WHITE";"41";"1100110599155";"41"
"14634_1RED";"37";"1100110650856";"37"
"14634_1RED";"38";"1100110650863";"38"
"14634_1RED";"39";"1100110650870";"39"
"14634_1RED";"40";"1100110650887";"40"
"14634_1RED";"41";"1100110650894";"41"
"14634_BLACK";"37";"1100110485571";"37"
"14634_BLACK";"38";"1100110485588";"38"
"14634_BLACK";"39";"1100110485595";"39"
"14634_BLACK";"40";"1100110485601";"40"
"14634_BLACK";"41";"1100110485618";"41"
"14634_NAVY";"37";"1100110485625";"37"
"14634_NAVY";"38";"1100110485632";"38"
"14634_NAVY";"39";"1100110485649";"39"
"14634_NAVY";"40";"1100110485656";"40"
"14634_NAVY";"41";"1100110485663";"41"
"14634_PINK";"37";"1100110494290";"37"
"14634_PINK";"38";"1100110494306";"38"
"14634_PINK";"39";"1100110494313";"39"
"14634_PINK";"40";"1100110494320";"40"
"14634_PINK";"41";"1100110494337";"41"
"14634_WHITE";"37";"1100110485670";"37"
"14634_WHITE";"38";"1100110485687";"38"
"14634_WHITE";"39";"1100110485694";"39"
"14634_WHITE";"40";"1100110485700";"40"
"14634_WHITE";"41";"1100110485717";"41"
"1468_BLACK";"36";"1100110498571";"36"
"1468_BLACK";"37";"1100110498588";"37"
"1468_BLACK";"38";"1100110498595";"38"
"1468_BLACK";"39";"1100110498601";"39"
"1468_BLACK";"40";"1100110498618";"40"
"1468_BLACK";"41";"1100110498625";"41"
"149536_PINK";"36";"1100110665782";"36"
"149536_PINK";"37";"1100110665799";"37"
"149536_PINK";"38";"1100110665805";"38"
"149536_PINK";"39";"1100110665812";"39"
"149536_PINK";"40";"1100110665829";"40"
"149536_PINK";"41";"1100110665836";"41"
"149691_BLACK";"36";"1100110665843";"36"
"149691_BLACK";"37";"1100110665850";"37"
"149691_BLACK";"38";"1100110665867";"38"
"149691_BLACK";"38.5";"1100110665874";"38.5"
"149691_BLACK";"39";"1100110665881";"39"
"149691_BLACK";"40";"1100110665898";"40"
"149691_BLACK";"41";"1100110665904";"41"
"150025_WHITE";"36";"1100110665621";"36"
"150025_WHITE";"36.5";"1100110665638";"36.5"
"150025_WHITE";"37";"1100110665645";"37"
"150025_WHITE";"37.5";"1100110665652";"37.5"
"150025_WHITE";"38";"1100110665669";"38"
"150025_WHITE";"38.5";"1100110665676";"38.5"
"150025_WHITE";"39";"1100110665683";"39"
"150025_WHITE";"40";"1100110665690";"40"
"150025_WHITE";"41";"1100110665706";"41"
"15003";"40";"1100110704382";"40"
"15003";"41";"1100110704399";"41"
"15003";"42";"1100110704405";"42"
"15003";"43";"1100110704412";"43"
"15003";"44";"1100110704429";"44"
"15003";"45";"1100110704436";"45"
"15003";"46";"1100110704443";"46"
"15005_NERO";"40";"1100110704450";"40"
"15005_NERO";"41";"1100110704467";"41"
"15005_NERO";"42";"1100110704474";"42"
"15005_NERO";"43";"1100110704481";"43"
"15005_NERO";"44";"1100110704498";"44"
"15005_NERO";"45";"1100110704504";"45"
"15005_NERO";"46";"1100110704511";"46"
"150111_BLACK";"35.5";"1100110694003";"35.5"
"150111_BLACK";"36";"1100110694010";"36"
"150111_BLACK";"36.5";"1100110694027";"36.5"
"150111_BLACK";"37";"1100110694034";"37"
"150111_BLACK";"37.5";"1100110694041";"37.5"
"150111_BLACK";"38";"1100110694058";"38"
"150111_BLACK";"38.5";"1100110694065";"38.5"
"150111_BLACK";"39";"1100110694072";"39"
"150111_BLACK";"39.5";"1100110694089";"39.5"
"150111_BLACK";"40";"1100110694096";"40"
"150111_BLACK";"41";"1100110694102";"41"
"15158_1WHITE";"";"1100110506559";""
"15158_1WHITE";"37";"1100110503480";"37"
"15158_1WHITE";"38";"1100110503497";"38"
"15158_1WHITE";"39";"1100110503503";"39"
"15158_1WHITE";"40";"1100110503510";"40"
"15158_1WHITE";"41";"1100110503527";"41"
"15158_1WHITE";"42";"1100110503534";"42"
"15158_2WHITE";"";"1100110533777";""
"15158_2WHITE";"37";"1100110533715";"37"
"15158_2WHITE";"38";"1100110533722";"38"
"15158_2WHITE";"39";"1100110533739";"39"
"15158_2WHITE";"40";"1100110533746";"40"
"15158_2WHITE";"41";"1100110533753";"41"
"15158_2WHITE";"42";"1100110533760";"42"
"15158_WHITE";"";"1100110562586";""
"15158_WHITE";"37";"1100110503428";"37"
"15158_WHITE";"38";"1100110503435";"38"
"15158_WHITE";"39";"1100110503442";"39"
"15158_WHITE";"40";"1100110503459";"40"
"15158_WHITE";"41";"1100110503466";"41"
"15158_WHITE";"42";"1100110503473";"42"
"154412_WHITE";"37";"1100110583628";"37"
"154412_WHITE";"38";"1100110583635";"38"
"154412_WHITE";"39";"1100110583642";"39"
"154412_WHITE";"40";"1100110583659";"40"
"154412_WHITE";"41";"1100110583666";"41"
"154412_WHITE";"42";"1100110583673";"42"
"155196_BLACK";"35";"1100110694225";"35"
"155196_BLACK";"35.5";"1100110694119";"35.5"
"155196_BLACK";"36";"1100110694126";"36"
"155196_BLACK";"36.5";"1100110694133";"36.5"
"155196_BLACK";"37";"1100110694140";"37"
"155196_BLACK";"37.5";"1100110694157";"37.5"
"155196_BLACK";"38";"1100110694164";"38"
"155196_BLACK";"38.5";"1100110694171";"38.5"
"155196_BLACK";"39";"1100110694188";"39"
"155196_BLACK";"39.5";"1100110694195";"39.5"
"155196_BLACK";"40";"1100110694201";"40"
"155196_BLACK";"41";"1100110694218";"41"
"155196_BLACK";"42";"1100110694232";"42"
"15K0012002_BEIGE";"37";"1100110679376";"37"
"15K0012002_BEIGE";"38";"1100110679383";"38"
"15K0012002_BEIGE";"39";"1100110679390";"39"
"15K0313006_NAVY";"27";"1100110679611";"27"
"15K0313006_NAVY";"28";"1100110679628";"28"
"15K0313006_NAVY";"29";"1100110679635";"29"
"15K0313006_NAVY";"30";"1100110679642";"30"
"15K0313006_NAVY";"31";"1100110679659";"31"
"15K0313006_NAVY";"32";"1100110679666";"32"
"15K0313006_NAVY";"33";"1100110679673";"33"
"15K0313006_NAVY";"34";"1100110679680";"34"
"15K0313006_NAVY";"35";"1100110679697";"35"
"15K0323003_NAVY";"31";"1100110679833";"31"
"15K0323003_NAVY";"32";"1100110679840";"32"
"15K0323003_NAVY";"33";"1100110679857";"33"
"15K0323003_NAVY";"34";"1100110679864";"34"
"15K0323003_NAVY";"35";"1100110679871";"35"
"1642_GREY";"25";"1100110595737";"25"
"1642_GREY";"26";"1100110595744";"26"
"1642_GREY";"27";"1100110595751";"27"
"1642_GREY";"28";"1100110595768";"28"
"1642_GREY";"29";"1100110595775";"29"
"1642_GREY";"30";"1100110595782";"30"
"1642_GREY";"31";"1100110595799";"31"
"1642_GREY";"32";"1100110595805";"32"
"1642_GREY";"33";"1100110595812";"33"
"1642_GREY";"34";"1100110595829";"34"
"1642_GREY";"35";"1100110595836";"35"
"1772_BLUE";"41";"1100110477033";"41"
"1772_BLUE";"42";"1100110477040";"42"
"1772_BLUE";"43";"1100110477057";"43"
"1772_BLUE";"44";"1100110477064";"44"
"1772_BLUE";"45";"1100110477071";"45"
"1772_BLUE";"46";"1100110477088";"46"
"1772_WHITE";"41";"1100110569196";"41"
"1772_WHITE";"42";"1100110569202";"42"
"1772_WHITE";"43";"1100110569219";"43"
"1772_WHITE";"44";"1100110569226";"44"
"1772_WHITE";"45";"1100110569233";"45"
"1772_WHITE";"46";"1100110569240";"46"
"1999434_G_37_40";"37";"1100110075321";"37"
"1999434_G_37_40";"38";"1100110075338";"38"
"1999434_G_37_40";"39";"1100110075345";"39"
"1999434_G_37_40";"40";"1100110075352";"40"
"1999434_LIME";"36";"1100110258892";"36"
"1999434_LIME";"37";"1100110075369";"37"
"1999434_LIME";"38";"1100110075376";"38"
"1999434_LIME";"39";"1100110075383";"39"
"1999434_LIME";"40";"1100110075390";"40"
"1999434_LIME";"41";"1100110258908";"41"
"2000_ORANGE";"100CM";"1100110310118";"100cm"
"2000_ORANGE";"120CM";"1100110310125";"120cm"
"2000_ORANGE";"150CM";"1100110310132";"150cm"
"2000_ORANGE";"60CM";"1100110310095";"60cm"
"2000_ORANGE";"80CM";"1100110310101";"80cm"
"2001_GOLD";"";"1100110569868";"XY"
"2001_GREY";"";"1100110569851";"XY"
"2001_ORANGE";"100CM";"1100110310163";"100cm"
"2001_ORANGE";"120CM";"1100110310170";"120cm"
"2001_ORANGE";"150CM";"1100110310187";"150cm"
"2001_ORANGE";"60CM";"1100110310149";"60cm"
"2001_ORANGE";"80CM";"1100110310156";"80cm"
"2001_SILVER";"";"1100110569844";"XY"
"2003JC_BLUE";"28";"1100110620668";"28"
"2003JC_BLUE";"29";"1100110620675";"29"
"2003JC_BLUE";"30";"1100110620682";"30"
"2003JC_BLUE";"31";"1100110620699";"31"
"2003JC_BLUE";"32";"1100110620705";"32"
"2003JC_BLUE";"33";"1100110620712";"33"
"2003JC_BLUE";"34";"1100110620729";"34"
"2003JC_BLUE";"35";"1100110620736";"35"
"2008_RED";"";"1100110672834";"XY"
"2008_WHITE";"36";"1100110454188";"36"
"2008_WHITE";"37";"1100110454195";"37"
"2008_WHITE";"38";"1100110454201";"38"
"2008_WHITE";"39";"1100110454218";"39"
"2008_WHITE";"40";"1100110454225";"40"
"2008_WHITE";"41";"1100110454232";"41"
"200_ORANGE";"100CM";"1100110310064";"100cm"
"200_ORANGE";"120CM";"1100110310071";"120cm"
"200_ORANGE";"150CM";"1100110310088";"150cm"
"200_ORANGE";"60CM";"1100110310040";"60cm"
"200_ORANGE";"80CM";"1100110310057";"80cm"
"2018002_BLACK";"28";"1100110716729";"28"
"2018002_BLACK";"29";"1100110716736";"29"
"2018002_BLACK";"30";"1100110716743";"30"
"2018002_BLACK";"31";"1100110716750";"31"
"2018002_BLACK";"32";"1100110716767";"32"
"2018002_BLACK";"33";"1100110716774";"33"
"2018002_BLACK";"34";"1100110716781";"34"
"2018002_BLACK";"35";"1100110716798";"35"
"2018002_BLUE";"28";"1100110716583";"28"
"2018002_BLUE";"29";"1100110716590";"29"
"2018002_BLUE";"30";"1100110716606";"30"
"2018002_BLUE";"31";"1100110716613";"31"
"2018002_BLUE";"32";"1100110716620";"32"
"2018002_BLUE";"33";"1100110716637";"33"
"2018002_BLUE";"34";"1100110716644";"34"
"2018002_BLUE";"35";"1100110716651";"35"
"2019_13_PLAVA";"32";"1100110139139";"32"
"2019_13_PLAVA";"33";"1100110139108";"33"
"2019_13_PLAVA";"34";"1100110139115";"34"
"2019_13_PLAVA";"35";"1100110139122";"35"
"2019_39_BLACK";"31";"1100110158178";"31"
"2019_39_BLACK";"32";"1100110158185";"32"
"2019_39_BLACK";"33";"1100110158192";"33"
"2019_39_BLACK";"34";"1100110158208";"34"
"2019_39_BLACK";"35";"1100110158215";"35"
"2019_39_BLACK";"36";"1100110278289";"36"
"2019_39_BLACK";"36-37";"1100110158222";"36/37"
"2019_39_BLACK";"38";"1100110198501";"38"
"2019_39_BLACK";"39";"1100110198518";"39"
"2019_39_BLACK";"40";"1100110198525";"40"
"2019_40_BEIGE_1";"31";"1100110278340";"31"
"2019_40_BEIGE_1";"32";"1100110278357";"32"
"2019_40_BEIGE_1";"33";"1100110278364";"33"
"2019_40_BEIGE_1";"34";"1100110278371";"34"
"2019_40_BEIGE_1";"35";"1100110278388";"35"
"2019_40_BEIGE_1";"36-37";"1100110278395";"36/37"
"2019_40_BEIGE_1";"37";"1100110278401";"37"
"2019_41_GREY_1";"31";"1100110278296";"31"
"2019_41_GREY_1";"32";"1100110278302";"32"
"2019_41_GREY_1";"33";"1100110278319";"33"
"2019_41_GREY_1";"34";"1100110278326";"34"
"2019_41_GREY_1";"35";"1100110278333";"35"
"2019_93_BLUE";"36";"1100110207296";"36"
"2019_93_BLUE";"37";"1100110177339";"37"
"2019_93_BLUE";"38";"1100110177346";"38"
"2019_93_BLUE";"39";"1100110177353";"39"
"2019_93_BLUE";"40";"1100110177360";"40"
"2019_93_BLUE";"41";"1100110207289";"41"
"2019_BLACK";"36";"1100110483560";"36"
"2019_BLACK";"37";"1100110483577";"37"
"2019_BLACK";"38";"1100110483584";"38"
"2019_BLACK";"39";"1100110483591";"39"
"2019_BLACK";"40";"1100110483607";"40"
"2019_BLACK";"41";"1100110483614";"41"
"2019_N_BLACK";"36";"1100110658869";"36"
"2019_N_BLACK";"37";"1100110658876";"37"
"2019_N_BLACK";"38";"1100110658883";"38"
"2019_N_BLACK";"39";"1100110658890";"39"
"2019_N_BLACK";"40";"1100110658906";"40"
"2019_N_BLACK";"41";"1100110658913";"41"
"2022_N_BLACK";"36";"1100110658685";"36"
"2022_N_BLACK";"37";"1100110658692";"37"
"2022_N_BLACK";"38";"1100110658708";"38"
"2022_N_BLACK";"39";"1100110658715";"39"
"2022_N_BLACK";"40";"1100110658722";"40"
"2022_N_BLACK";"41";"1100110658739";"41"
"2022_N_MINT";"36";"1100110658562";"36"
"2022_N_MINT";"37";"1100110658579";"37"
"2022_N_MINT";"38";"1100110658586";"38"
"2022_N_MINT";"39";"1100110658593";"39"
"2022_N_MINT";"40";"1100110658609";"40"
"2022_N_MINT";"41";"1100110658616";"41"
"2022_N_PERLA";"36";"1100110665270";"36"
"2022_N_PERLA";"37";"1100110665287";"37"
"2022_N_PERLA";"38";"1100110665294";"38"
"2022_N_PERLA";"39";"1100110665300";"39"
"2022_N_PERLA";"40";"1100110665317";"40"
"2022_N_PERLA";"41";"1100110665324";"41"
"2022_N_SILVER";"36";"1100110658746";"36"
"2022_N_SILVER";"37";"1100110658753";"37"
"2022_N_SILVER";"38";"1100110658760";"38"
"2022_N_SILVER";"39";"1100110658777";"39"
"2022_N_SILVER";"40";"1100110658784";"40"
"2022_N_SILVER";"41";"1100110658791";"41"
"2022_N_WHITE";"36";"1100110658623";"36"
"2022_N_WHITE";"37";"1100110658630";"37"
"2022_N_WHITE";"38";"1100110658647";"38"
"2022_N_WHITE";"39";"1100110658654";"39"
"2022_N_WHITE";"40";"1100110658661";"40"
"2022_N_WHITE";"41";"1100110658678";"41"
"2023_BLACK_L";"36";"1100110709028";"36"
"2023_BLACK_L";"37";"1100110709035";"37"
"2023_BLACK_L";"38";"1100110709042";"38"
"2023_BLACK_L";"39";"1100110709059";"39"
"2023_BLACK_L";"40";"1100110709066";"40"
"2023_BLACK_L";"41";"1100110709073";"41"
"2023_PERLA_L";"36";"1100110709141";"36"
"2023_PERLA_L";"37";"1100110709158";"37"
"2023_PERLA_L";"38";"1100110709165";"38"
"2023_PERLA_L";"39";"1100110709172";"39"
"2023_PERLA_L";"40";"1100110709189";"40"
"2023_PERLA_L";"41";"1100110709196";"41"
"2023_WHITE_L";"36";"1100110709080";"36"
"2023_WHITE_L";"37";"1100110709097";"37"
"2023_WHITE_L";"38";"1100110709103";"38"
"2023_WHITE_L";"39";"1100110709110";"39"
"2023_WHITE_L";"40";"1100110709127";"40"
"2023_WHITE_L";"41";"1100110709134";"41"
"203053B_BEIGE";"31";"1100110617910";"31"
"203053B_BEIGE";"32";"1100110617927";"32"
"203053B_BEIGE";"33";"1100110617934";"33"
"203053B_BEIGE";"34";"1100110617941";"34"
"203053B_BEIGE";"35";"1100110617958";"35"
"203053B_BEIGE";"36";"1100110617965";"36"
"20337_BEIGE";"37";"1100110551993";"37"
"20337_BEIGE";"38";"1100110552006";"38"
"20337_BEIGE";"39";"1100110552013";"39"
"20337_BEIGE";"40";"1100110552020";"40"
"20337_BEIGE";"41";"1100110552037";"41"
"20337_BEIGE";"42";"1100110552044";"42"
"20337_PINK";"37";"1100110707185";"37"
"20337_PINK";"38";"1100110707192";"38"
"20337_PINK";"39";"1100110707208";"39"
"20337_PINK";"40";"1100110707215";"40"
"20337_PINK";"41";"1100110707222";"41"
"20337_PINK";"42";"1100110707239";"42"
"203397_BEIGE";"37";"1100110573568";"37"
"203397_BEIGE";"38";"1100110573575";"38"
"203397_BEIGE";"39";"1100110573582";"39"
"203397_BEIGE";"40";"1100110573599";"40"
"203397_BEIGE";"41";"1100110573605";"41"
"203397_BEIGE";"42";"1100110573612";"42"
"203397_BLK";"37";"1100110716316";"37"
"203397_BLK";"38";"1100110716323";"38"
"203397_BLK";"39";"1100110716330";"39"
"203397_BLK";"40";"1100110716347";"40"
"203397_BLK";"41";"1100110716354";"41"
"203397_BLK";"42";"1100110716361";"42"
"203397_GIRL";"37";"1100110716255";"37"
"203397_GIRL";"38";"1100110716262";"38"
"203397_GIRL";"39";"1100110716279";"39"
"203397_GIRL";"40";"1100110716286";"40"
"203397_GIRL";"41";"1100110716293";"41"
"203397_GIRL";"42";"1100110716309";"42"
"203397_HEART";"37";"1100110711434";"37"
"203397_HEART";"38";"1100110711441";"38"
"203397_HEART";"39";"1100110711458";"39"
"203397_HEART";"40";"1100110711465";"40"
"203397_HEART";"41";"1100110711472";"41"
"203397_HEART";"42";"1100110711489";"42"
"203399_GREY";"37";"1100110583567";"37"
"203399_GREY";"38";"1100110583574";"38"
"203399_GREY";"39";"1100110583581";"39"
"203399_GREY";"40";"1100110583598";"40"
"203399_GREY";"41";"1100110583604";"41"
"203399_GREY";"42";"1100110583611";"42"
"2100_ORANGE";"100CM";"1100110310262";"100cm"
"2100_ORANGE";"120CM";"1100110310279";"120cm"
"2100_ORANGE";"150CM";"1100110310286";"150cm"
"2100_ORANGE";"60CM";"1100110310248";"60cm"
"2100_ORANGE";"80CM";"1100110310255";"80cm"
"210_ORANGE";"100CM";"1100110310217";"100cm"
"210_ORANGE";"120CM";"1100110310224";"120cm"
"210_ORANGE";"150CM";"1100110310231";"150cm"
"210_ORANGE";"60CM";"1100110310194";"60cm"
"210_ORANGE";"80CM";"1100110310200";"80cm"
"21338U_LWB";"4";"1100110529343";"4"
"2162_RED";"36";"1100110207524";"36"
"2162_RED";"37";"1100110207487";"37"
"2162_RED";"38";"1100110207494";"38"
"2162_RED";"39";"1100110207500";"39"
"2162_RED";"40";"1100110207517";"40"
"2171_BLACK";"27";"1100110713841";"27"
"2171_BLACK";"28";"1100110713858";"28"
"2171_BLACK";"29";"1100110713865";"29"
"2171_BLACK";"30";"1100110713872";"30"
"2171_BLACK";"31";"1100110713889";"31"
"2171_BLACK";"32";"1100110713896";"32"
"2171_BLACK";"33";"1100110713902";"33"
"2171_BLACK";"34";"1100110713919";"34"
"2171_BLACK";"35";"1100110713926";"35"
"2171_BLACK";"36";"1100110713933";"36"
"220635_1H8";"40";"1100110628459";"40"
"220635_1H8";"41";"1100110628466";"41"
"220635_1H8";"42";"1100110628473";"42"
"220635_1H8";"42.5";"1100110651693";"42.5"
"220635_1H8";"43";"1100110628480";"43"
"220635_1H8";"43.5";"1100110651709";"43.5"
"220635_1H8";"44";"1100110628497";"44"
"220635_1H8";"45";"1100110628503";"45"
"220635_1H8";"46";"1100110628510";"46"
"232399_BLACK";"39.5";"1100110665447";"39.5"
"232399_BLACK";"40";"1100110665454";"40"
"232399_BLACK";"41";"1100110665461";"41"
"232399_BLACK";"42";"1100110665478";"42"
"232399_BLACK";"42.5";"1100110665485";"42.5"
"232399_BLACK";"43";"1100110665492";"43"
"232399_BLACK";"44";"1100110665508";"44"
"232399_BLACK";"45";"1100110665515";"45"
"232399_BLACK";"45.5";"1100110665522";"45.5"
"232399_BLACK";"46";"1100110665539";"46"
"23438_BORDO";"36";"1100110600776";"36"
"23438_BORDO";"37";"1100110600783";"37"
"23438_BORDO";"38";"1100110600790";"38"
"23438_BORDO";"39";"1100110600806";"39"
"23438_BORDO";"40";"1100110600813";"40"
"23438_BORDO";"41";"1100110600820";"41"
"237704_BLACK";"40";"1100110678911";"40"
"237704_BLACK";"41";"1100110678928";"41"
"237704_BLACK";"42";"1100110678935";"42"
"237704_BLACK";"43";"1100110678942";"43"
"237704_BLACK";"44";"1100110678959";"44"
"237704_BLACK";"45";"1100110678966";"45"
"237704_BLACK";"46";"1100110678973";"46"
"2378_BLACK";"36";"1100110712820";"36"
"2378_BLACK";"37";"1100110712837";"37"
"2378_BLACK";"38";"1100110712844";"38"
"2378_BLACK";"39";"1100110712851";"39"
"2378_BLACK";"40";"1100110712868";"40"
"2378_BLACK";"41";"1100110712875";"41"
"2378_GREY";"36";"1100110712769";"36"
"2378_GREY";"37";"1100110712776";"37"
"2378_GREY";"38";"1100110712783";"38"
"2378_GREY";"39";"1100110712790";"39"
"2378_GREY";"40";"1100110712806";"40"
"2378_GREY";"41";"1100110712813";"41"
"2378_KHAKI";"36";"1100110712882";"36"
"2378_KHAKI";"37";"1100110712899";"37"
"2378_KHAKI";"38";"1100110712905";"38"
"2378_KHAKI";"39";"1100110712912";"39"
"2378_KHAKI";"40";"1100110712929";"40"
"2378_KHAKI";"41";"1100110712936";"41"
"2400000X_GREY";"47";"1100110627254";"47"
"2400000X_GREY";"48";"1100110627261";"48"
"2400000X_GREY";"49";"1100110627278";"49"
"2400000X_GREY";"50";"1100110627285";"50"
"2400001U_WHITE";"36";"1100110627292";"36"
"2400001U_WHITE";"37";"1100110627308";"37"
"2400001U_WHITE";"38";"1100110627315";"38"
"2400001U_WHITE";"39";"1100110627322";"39"
"2400001U_WHITE";"40";"1100110627339";"40"
"2400001U_WHITE";"41";"1100110627346";"41"
"2400001U_WHITE";"42";"1100110627353";"42"
"2400001U_WHITE";"43";"1100110627360";"43"
"2400001U_WHITE";"44";"1100110627377";"44"
"2400001U_WHITE";"45";"1100110627384";"45"
"2400001U_WHITE";"46";"1100110627391";"46"
"2400001X_RED";"47";"1100110627476";"47"
"2400001X_RED";"48";"1100110627483";"48"
"2400001X_RED";"49";"1100110627490";"49"
"2400001X_RED";"50";"1100110627506";"50"
"2400001X_WHITE";"47";"1100110627513";"47"
"2400001X_WHITE";"48";"1100110627520";"48"
"2400001X_WHITE";"49";"1100110627537";"49"
"2400001X_WHITE";"50";"1100110627544";"50"
"2400121U_BLACK";"36";"1100110626356";"36"
"2400121U_BLACK";"37";"1100110626363";"37"
"2400121U_BLACK";"38";"1100110626370";"38"
"2400121U_BLACK";"39";"1100110626387";"39"
"2400121U_BLACK";"40";"1100110626394";"40"
"2400121U_BLACK";"41";"1100110626400";"41"
"2400121U_BLACK";"42";"1100110626417";"42"
"2400121U_BLACK";"43";"1100110626424";"43"
"2400121U_BLACK";"44";"1100110626431";"44"
"2400121U_BLACK";"45";"1100110626448";"45"
"2400121U_BLACK";"46";"1100110626455";"46"
"2400330X_BLACK";"47";"1100110626653";"47"
"2400330X_BLACK";"48";"1100110626660";"48"
"2400330X_BLACK";"49";"1100110626677";"49"
"2400340_BLACK";"40";"1100110662095";"40"
"2400340_BLACK";"41";"1100110662033";"41"
"2400340_BLACK";"42";"1100110662040";"42"
"2400340_BLACK";"43";"1100110662057";"43"
"2400340_BLACK";"44";"1100110662064";"44"
"2400340_BLACK";"45";"1100110662071";"45"
"2400340_BLACK";"46";"1100110662088";"46"
"2400340U_BEIGE";"40";"1100110663771";"40"
"2400340U_BEIGE";"41";"1100110663719";"41"
"2400340U_BEIGE";"42";"1100110663726";"42"
"2400340U_BEIGE";"43";"1100110663733";"43"
"2400340U_BEIGE";"44";"1100110663740";"44"
"2400340U_BEIGE";"45";"1100110663757";"45"
"2400340U_BEIGE";"46";"1100110663764";"46"
"2400350U_BLACK";"36";"1100110626684";"36"
"2400350U_BLACK";"37";"1100110626691";"37"
"2400350U_BLACK";"38";"1100110626707";"38"
"2400350U_BLACK";"39";"1100110626714";"39"
"2400350U_BLACK";"40";"1100110626721";"40"
"2400350U_BLACK";"41";"1100110626738";"41"
"2400350U_BLACK";"42";"1100110626745";"42"
"2400350U_BLACK";"43";"1100110626752";"43"
"2400350U_BLACK";"44";"1100110626769";"44"
"2400350U_BLACK";"45";"1100110626776";"45"
"2400350U_BLACK";"46";"1100110626783";"46"
"2400483_BEIGE";"36";"1100110661968";"36"
"2400483_BEIGE";"37";"1100110661975";"37"
"2400483_BEIGE";"38";"1100110661982";"38"
"2400483_BEIGE";"39";"1100110661999";"39"
"2400483_BEIGE";"40";"1100110662002";"40"
"2400483_BEIGE";"41";"1100110662019";"41"
"2400483_BEIGE";"42";"1100110662026";"42"
"2400571U_BLACK";"36";"1100110631800";"36"
"2400571U_BLACK";"37";"1100110631817";"37"
"2400571U_BLACK";"38";"1100110631824";"38"
"2400571U_BLACK";"39";"1100110631831";"39"
"2400571U_BLACK";"40";"1100110631848";"40"
"2400571U_BLACK";"41";"1100110631855";"41"
"2400571U_BLACK";"42";"1100110631862";"42"
"2400571U_BLACK";"43";"1100110631879";"43"
"2400571U_BLACK";"44";"1100110631886";"44"
"2400571U_BLACK";"45";"1100110631893";"45"
"2400571U_BLACK";"46";"1100110631909";"46"
"2400630W_BLACK";"36";"1100110663788";"36"
"2400630W_BLACK";"37";"1100110663795";"37"
"2400630W_BLACK";"38";"1100110663801";"38"
"2400630W_BLACK";"39";"1100110663818";"39"
"2400630W_BLACK";"40";"1100110663825";"40"
"2400630W_BLACK";"41";"1100110663832";"41"
"2400630W_BLACK";"42";"1100110663849";"42"
"241635_BROWN";"36";"1100110597212";"36"
"241635_BROWN";"37";"1100110597229";"37"
"241635_BROWN";"38";"1100110597236";"38"
"241635_BROWN";"39";"1100110597243";"39"
"241635_BROWN";"40";"1100110597250";"40"
"241635_BROWN";"41";"1100110597267";"41"
"241635_BROWN";"42";"1100110597274";"42"
"241635_BROWN";"43";"1100110597281";"43"
"241635_BROWN";"44";"1100110597298";"44"
"241635_BROWN";"45";"1100110597304";"45"
"241635_BROWN";"46";"1100110597311";"46"
"242533_BLACK";"36";"1100110597656";"36"
"242533_BLACK";"37";"1100110597663";"37"
"242533_BLACK";"38";"1100110597670";"38"
"242533_BLACK";"39";"1100110597687";"39"
"242533_BLACK";"40";"1100110597694";"40"
"242533_BLACK";"41";"1100110597700";"41"
"242533_BLACK";"42";"1100110597717";"42"
"242533_BLACK";"43";"1100110597724";"43"
"242533_BLACK";"44";"1100110597731";"44"
"242533_BLACK";"45";"1100110597748";"45"
"242533_BLACK";"46";"1100110597755";"46"
"242681_WHITE";"36";"1100110602855";"36"
"242681_WHITE";"37";"1100110602862";"37"
"242681_WHITE";"38";"1100110602879";"38"
"242681_WHITE";"39";"1100110602886";"39"
"242681_WHITE";"40";"1100110602893";"40"
"242681_WHITE";"41";"1100110602909";"41"
"242681_WHITE";"42";"1100110602916";"42"
"243046_OLIVE";"36";"1100110597328";"36"
"243046_OLIVE";"37";"1100110597335";"37"
"243046_OLIVE";"38";"1100110597342";"38"
"243046_OLIVE";"39";"1100110597359";"39"
"243046_OLIVE";"40";"1100110597366";"40"
"243046_OLIVE";"41";"1100110597373";"41"
"243046_OLIVE";"42";"1100110597380";"42"
"243046_OLIVE";"43";"1100110597397";"43"
"243046_OLIVE";"44";"1100110597403";"44"
"243046_OLIVE";"45";"1100110597410";"45"
"243046_OLIVE";"46";"1100110597427";"46"
"243180_WHITE";"40";"1100110603029";"40"
"243180_WHITE";"41";"1100110603036";"41"
"243180_WHITE";"42";"1100110603043";"42"
"243180_WHITE";"43";"1100110603050";"43"
"243180_WHITE";"44";"1100110603067";"44"
"243180_WHITE";"45";"1100110603074";"45"
"243180_WHITE";"46";"1100110603081";"46"
"243316_WHITE";"36";"1100110603098";"36"
"243316_WHITE";"37";"1100110603104";"37"
"243316_WHITE";"38";"1100110603111";"38"
"243316_WHITE";"39";"1100110603128";"39"
"243316_WHITE";"40";"1100110603135";"40"
"243316_WHITE";"41";"1100110528179";"41"
"243316_WHITE";"42";"1100110528186";"42"
"243316_WHITE";"43";"1100110528193";"43"
"243316_WHITE";"44";"1100110528209";"44"
"243316_WHITE";"45";"1100110528216";"45"
"243316_WHITE";"46";"1100110528223";"46"
"243317_WHITE";"36";"1100110597762";"36"
"243317_WHITE";"37";"1100110597779";"37"
"243317_WHITE";"38";"1100110597786";"38"
"243317_WHITE";"39";"1100110597793";"39"
"243317_WHITE";"40";"1100110597809";"40"
"243317_WHITE";"41";"1100110597816";"41"
"243317_WHITE";"42";"1100110597823";"42"
"243317_WHITE";"43";"1100110597830";"43"
"243317_WHITE";"44";"1100110597847";"44"
"243317_WHITE";"45";"1100110597854";"45"
"243317_WHITE";"46";"1100110597861";"46"
"243368_BLACK";"40";"1100110597915";"40"
"243368_BLACK";"41";"1100110597922";"41"
"243368_BLACK";"42";"1100110597939";"42"
"243368_BLACK";"43";"1100110597946";"43"
"243368_BLACK";"44";"1100110597953";"44"
"243368_BLACK";"45";"1100110597960";"45"
"243368_BLACK";"46";"1100110597977";"46"
"243377_BLACK";"36";"1100110528414";"36"
"243377_BLACK";"37";"1100110528322";"37"
"243377_BLACK";"38";"1100110528339";"38"
"243377_BLACK";"39";"1100110528346";"39"
"243377_BLACK";"40";"1100110528353";"40"
"243377_BLACK";"41";"1100110528360";"41"
"243377_BLACK";"42";"1100110528377";"42"
"243377_BLACK";"43";"1100110528384";"43"
"243377_BLACK";"44";"1100110528391";"44"
"243377_BLACK";"45";"1100110528407";"45"
"243380_NAVY";"37";"1100110528247";"37"
"243380_NAVY";"38";"1100110528254";"38"
"243380_NAVY";"39";"1100110528261";"39"
"243380_NAVY";"40";"1100110528278";"40"
"243380_NAVY";"41";"1100110528285";"41"
"243380_NAVY";"42";"1100110528292";"42"
"243380_NAVY";"43";"1100110528308";"43"
"243380_NAVY";"44";"1100110528315";"44"
"243418_BLACK";"36";"1100110603142";"36"
"243418_BLACK";"37";"1100110603159";"37"
"243418_BLACK";"38";"1100110603166";"38"
"243418_BLACK";"39";"1100110603173";"39"
"243418_BLACK";"40";"1100110603180";"40"
"243418_BLACK";"41";"1100110603197";"41"
"243418_BLACK";"42";"1100110603203";"42"
"243418_BLACK";"43";"1100110603210";"43"
"243418_BLACK";"44";"1100110603227";"44"
"243418_BLACK";"45";"1100110603234";"45"
"243418_BLACK";"46";"1100110603241";"46"
"2490A_NAVY";"39";"1100110431776";"39"
"2490A_NAVY";"40";"1100110431783";"40"
"2490A_NAVY";"41";"1100110431790";"41"
"2490A_NAVY";"42";"1100110431806";"42"
"2500_1_BLACK";"100CM";"1100110674098";"100cm"
"2500_1_BLACK";"120CM";"1100110674104";"120cm"
"2500_1_BLACK";"150CM";"1100110674111";"150cm"
"2500_1_BLACK";"60CM";"1100110674074";"60cm"
"2500_1_BLACK";"90CM";"1100110674081";"90cm"
"2500_1_WHITE";"180CM";"1100110683014";"180cm"
"2500_1_WHITE";"200CM";"1100110683021";"200cm"
"2500_BROWN";"180CM";"1100110683076";"180cm"
"2500_BROWN";"200CM";"1100110683083";"200cm"
"2500_CRNA";"180CM";"1100110683052";"180cm"
"2500_CRNA";"200CM";"1100110683069";"200cm"
"2500_WHITE";"100CM";"1100110596963";"100cm"
"2500_WHITE";"120CM";"1100110596970";"120cm"
"2500_WHITE";"150CM";"1100110596987";"150cm"
"2500_WHITE";"60CM";"1100110596949";"60cm"
"2500_WHITE";"75CM";"1100110682741";"75cm"
"2500_WHITE";"90CM";"1100110596956";"90cm"
"2501_BROWN";"100CM";"1100110597069";"100cm"
"2501_BROWN";"120CM";"1100110597076";"120cm"
"2501_BROWN";"150CM";"1100110597083";"150cm"
"2501_BROWN";"60CM";"1100110597045";"60cm"
"2501_BROWN";"90CM";"1100110597052";"90cm"
"253_N_BEIGE";"36";"1100110474629";"36"
"253_N_BEIGE";"37";"1100110474636";"37"
"253_N_BEIGE";"38";"1100110474643";"38"
"253_N_BEIGE";"39";"1100110474650";"39"
"253_N_BEIGE";"40";"1100110474667";"40"
"253_N_BEIGE";"41";"1100110474674";"41"
"253_N_BLACK";"";"1100110484871";""
"253_N_BLACK";"36";"1100110474742";"36"
"253_N_BLACK";"37";"1100110474759";"37"
"253_N_BLACK";"38";"1100110474766";"38"
"253_N_BLACK";"39";"1100110474773";"39"
"253_N_BLACK";"40";"1100110474780";"40"
"253_N_BLACK";"41";"1100110474797";"41"
"253_N_BLUE";"36";"1100110474681";"36"
"253_N_BLUE";"37";"1100110474698";"37"
"253_N_BLUE";"38";"1100110474704";"38"
"253_N_BLUE";"39";"1100110474711";"39"
"253_N_BLUE";"40";"1100110474728";"40"
"253_N_BLUE";"41";"1100110474735";"41"
"2578_PURPLE";"37";"1100110279040";"37"
"2578_PURPLE";"38";"1100110279057";"38"
"2578_PURPLE";"39";"1100110279064";"39"
"2578_PURPLE";"40";"1100110279071";"40"
"2584_RED_BLACK";"36-37";"1100110279514";"36/37"
"2584_RED_BLACK";"38-39";"1100110279521";"38/39"
"2584_RED_BLACK";"40-41";"1100110279538";"40/41"
"2585_BROWN";"36-37";"1100110279545";"36/37"
"2585_BROWN";"38-39";"1100110279552";"38/39"
"2585_BROWN";"40-41";"1100110279569";"40/41"
"2587_BLACK";"36-37";"1100110279637";"36/37"
"2587_BLACK";"38-39";"1100110279644";"38/39"
"2587_BLACK";"40-41";"1100110279651";"40/41"
"2588_GREY";"36-37";"1100110279729";"36/37"
"2588_GREY";"38-39";"1100110279736";"38/39"
"2588_GREY";"40-41";"1100110279743";"40/41"
"2591_BLUE";"36-37";"1100110279811";"36/37"
"2591_BLUE";"38-39";"1100110279828";"38/39"
"2591_BLUE";"40-41";"1100110279835";"40/41"
"2591_GREEN";"36-37";"1100110279842";"36/37"
"2591_GREEN";"38-39";"1100110279859";"38/39"
"2591_GREEN";"40-41";"1100110279866";"40/41"
"2592_GREY";"36-37";"1100110279873";"36/37"
"2592_GREY";"38-39";"1100110279880";"38/39"
"2592_GREY";"40-41";"1100110279897";"40/41"
"2597_RED";"37";"1100110280060";"37"
"2597_RED";"38";"1100110280077";"38"
"2597_RED";"39";"1100110280084";"39"
"2597_RED";"40";"1100110280091";"40"
"2598_BLACK";"36-37";"1100110280107";"36/37"
"2598_BLACK";"38-39";"1100110280114";"38/39"
"2598_BLACK";"40-41";"1100110280121";"40/41"
"2600000_BLACK";"25";"1100110604033";"25"
"2600000_BLACK";"26";"1100110604040";"26"
"2600000_BLACK";"27";"1100110604057";"27"
"2600000_BLACK";"28";"1100110604064";"28"
"2600000_BLACK";"29";"1100110604071";"29"
"2600000_BLACK";"30";"1100110604088";"30"
"2600000_BLACK";"31";"1100110604095";"31"
"2600000_BLACK";"32";"1100110604101";"32"
"2600000_BLACK";"33";"1100110604118";"33"
"2600920K_NAVY";"28";"1100110663634";"28"
"2600920K_NAVY";"29";"1100110663641";"29"
"2600920K_NAVY";"30";"1100110663658";"30"
"2600920K_NAVY";"31";"1100110663665";"31"
"2600920K_NAVY";"32";"1100110663672";"32"
"2600920K_NAVY";"33";"1100110663689";"33"
"2600920K_NAVY";"34";"1100110663696";"34"
"2600920K_NAVY";"35";"1100110663702";"35"
"2601220K_NAVY";"25";"1100110663030";"25"
"2601220K_NAVY";"26";"1100110663047";"26"
"2601220K_NAVY";"27";"1100110663054";"27"
"2601220K_NAVY";"28";"1100110663061";"28"
"2601220K_NAVY";"29";"1100110663078";"29"
"2601220K_NAVY";"30";"1100110663085";"30"
"2601220K_NAVY";"31";"1100110663092";"31"
"2601220K_NAVY";"32";"1100110663108";"32"
"2601220K_NAVY";"33";"1100110663115";"33"
"2601220K_NAVY";"34";"1100110663122";"34"
"2601220K_NAVY";"35";"1100110663139";"35"
"2609820_RED";"25";"1100110603302";"25"
"2609820_RED";"26";"1100110603319";"26"
"2609820_RED";"27";"1100110603326";"27"
"2609820_RED";"28";"1100110603333";"28"
"2609820_RED";"29";"1100110603340";"29"
"2609820_RED";"30";"1100110603357";"30"
"2609820_RED";"31";"1100110603364";"31"
"2609820_RED";"32";"1100110603371";"32"
"2609820_RED";"33";"1100110603388";"33"
"2609820_RED";"34";"1100110603395";"34"
"2609820_RED";"35";"1100110603401";"35"
"260991K_OLIVE";"25";"1100110603418";"25"
"260991K_OLIVE";"26";"1100110603425";"26"
"260991K_OLIVE";"27";"1100110603432";"27"
"260991K_OLIVE";"28";"1100110603449";"28"
"260991K_OLIVE";"29";"1100110603456";"29"
"260991K_OLIVE";"30";"1100110603463";"30"
"260991K_OLIVE";"31";"1100110603470";"31"
"260991K_OLIVE";"32";"1100110603487";"32"
"260991K_OLIVE";"33";"1100110603494";"33"
"260991K_OLIVE";"34";"1100110603500";"34"
"260991K_OLIVE";"35";"1100110603517";"35"
"260_110";"37-40";"3858888267315";"37-40"
"260_110";"41-43";"3858888267322";"41-43"
"260_110";"44-46";"3858888267339";"44-46"
"260_110";"45-46";"1100110127938";"45-46"
"260_119";"37-40";"1100110431226";"37-40"
"260_119";"40-42";"1100110431127";"40-42"
"260_119";"41-43";"1100110431233";"41-43"
"260_119";"43-44";"1100110431134";"43-44"
"260_119";"44-46";"1100110431240";"44-46"
"260_119";"45-46";"1100110431141";"45-46"
"261071K_RED";"25";"1100110603524";"25"
"261071K_RED";"26";"1100110603531";"26"
"261071K_RED";"27";"1100110603548";"27"
"261071K_RED";"28";"1100110603555";"28"
"261071K_RED";"29";"1100110603562";"29"
"261071K_RED";"30";"1100110603579";"30"
"261071K_RED";"31";"1100110603586";"31"
"261071K_RED";"32";"1100110603593";"32"
"261071K_RED";"33";"1100110603609";"33"
"261071K_RED";"34";"1100110603616";"34"
"261071K_RED";"35";"1100110603623";"35"
"2610_GREY";"36-37";"1100110280497";"36/37"
"2610_GREY";"38-39";"1100110280503";"38/39"
"2610_GREY";"40-41";"1100110280510";"40/41"
"2610_NAVY";"36-37";"1100110280527";"36/37"
"2610_NAVY";"38-39";"1100110280534";"38/39"
"2610_NAVY";"40-41";"1100110280541";"40/41"
"2612_BLUE";"36-37";"1100110280756";"36/37"
"2612_BLUE";"38-39";"1100110280763";"38/39"
"2612_BLUE";"40-41";"1100110280770";"40/41"
"2613_WHITE";"37";"1100110280718";"37"
"2613_WHITE";"38";"1100110280725";"38"
"2613_WHITE";"39";"1100110280732";"39"
"2613_WHITE";"40";"1100110280749";"40"
"261561_1PL_PINK";"28";"1100110485984";"28"
"261561_1PL_PINK";"29";"1100110485991";"29"
"261561_1PL_PINK";"30";"1100110486004";"30"
"261561_1PL_PINK";"31";"1100110486011";"31"
"261561_1PL_PINK";"32";"1100110486028";"32"
"261561_1PL_PINK";"33";"1100110486035";"33"
"261561_1PL_PINK";"34";"1100110486042";"34"
"261561_1PL_PINK";"35";"1100110486059";"35"
"261561PL_BLUE";"24";"1100110486394";"24"
"261561PL_BLUE";"25";"1100110486400";"25"
"261561PL_BLUE";"26";"1100110486417";"26"
"261561PL_BLUE";"27";"1100110486424";"27"
"261561PL_BLUE";"28";"1100110486431";"28"
"261561PL_BLUE";"29";"1100110486448";"29"
"261561PL_PINK";"28";"1100110486141";"28"
"261561PL_PINK";"29";"1100110486158";"29"
"261561PL_PINK";"30";"1100110486165";"30"
"261561PL_PINK";"31";"1100110486172";"31"
"261561PL_PINK";"32";"1100110486189";"32"
"261561PL_PINK";"33";"1100110486196";"33"
"261561PL_PINK";"34";"1100110486202";"34"
"261561PL_PINK";"35";"1100110486219";"35"
"261584_LT_GREY";"27";"1100110664327";"27"
"261584_LT_GREY";"28";"1100110664334";"28"
"261584_LT_GREY";"29";"1100110664341";"29"
"261584_LT_GREY";"30";"1100110664358";"30"
"261584_LT_GREY";"31";"1100110664365";"31"
"261584_PL_BLUE";"27";"1100110664822";"27"
"261584_PL_BLUE";"28";"1100110664839";"28"
"261584_PL_BLUE";"29";"1100110664846";"29"
"261584_PL_BLUE";"30";"1100110664853";"30"
"261584_PL_BLUE";"31";"1100110664860";"31"
"261584_PL_GREY";"27";"1100110664778";"27"
"261584_PL_GREY";"28";"1100110664785";"28"
"261584_PL_GREY";"29";"1100110664792";"29"
"261584_PL_GREY";"30";"1100110664808";"30"
"261584_PL_GREY";"31";"1100110664815";"31"
"261584PL_C_GREY";"27";"1100110588418";"27"
"261584PL_C_GREY";"28";"1100110588425";"28"
"261584PL_C_GREY";"29";"1100110588432";"29"
"261584PL_C_GREY";"30";"1100110588449";"30"
"261584PL_C_GREY";"31";"1100110588456";"31"
"261584PL_G_BLUE";"32";"1100110587978";"32"
"261584PL_G_BLUE";"33";"1100110587985";"33"
"261584PL_G_BLUE";"34";"1100110587992";"34"
"261584PL_G_BLUE";"35";"1100110588005";"35"
"261584PL_G_BLUE";"36";"1100110588012";"36"
"261584PL_J_NAVY";"27";"1100110664921";"27"
"261584PL_J_NAVY";"28";"1100110664938";"28"
"261584PL_J_NAVY";"29";"1100110664945";"29"
"261584PL_J_NAVY";"30";"1100110664952";"30"
"261584PL_J_NAVY";"31";"1100110664969";"31"
"261584PL_J_NAVY";"32";"1100110587879";"32"
"261584PL_J_NAVY";"33";"1100110587886";"33"
"261584PL_J_NAVY";"34";"1100110587893";"34"
"261584PL_J_NAVY";"35";"1100110587909";"35"
"261584PL_J_NAVY";"36";"1100110587916";"36"
"261587_PINK";"27";"1100110664679";"27"
"261587_PINK";"28";"1100110664686";"28"
"261587_PINK";"29";"1100110664693";"29"
"261587_PINK";"30";"1100110664709";"30"
"261587_PINK";"31";"1100110664716";"31"
"261587PL_NAVY";"27";"1100110664372";"27"
"261587PL_NAVY";"28";"1100110664389";"28"
"261587PL_NAVY";"29";"1100110664396";"29"
"261587PL_NAVY";"30";"1100110664402";"30"
"261587PL_NAVY";"31";"1100110664419";"31"
"261587PL_NAVY";"32";"1100110664426";"32"
"261587PL_NAVY";"33";"1100110664433";"33"
"261587PL_NAVY";"34";"1100110664440";"34"
"261587PL_NAVY";"35";"1100110664457";"35"
"261587PL_NAVY";"36";"1100110664464";"36"
"261587PL_PINKY";"27";"1100110587756";"27"
"261587PL_PINKY";"28";"1100110587763";"28"
"261587PL_PINKY";"29";"1100110587770";"29"
"261587PL_PINKY";"30";"1100110587787";"30"
"261587PL_PINKY";"31";"1100110587794";"31"
"261588PL_PINK";"27";"1100110588364";"27"
"261588PL_PINK";"28";"1100110588371";"28"
"261588PL_PINK";"29";"1100110588388";"29"
"261588PL_PINK";"30";"1100110588395";"30"
"261588PL_PINK";"31";"1100110588401";"31"
"261603PL_NAVY";"19";"1100110664266";"19"
"261603PL_NAVY";"20";"1100110664273";"20"
"261603PL_NAVY";"21";"1100110664280";"21"
"261603PL_NAVY";"22";"1100110664297";"22"
"261603PL_NAVY";"23";"1100110664303";"23"
"261603PL_NAVY";"24";"1100110664310";"24"
"2617_RED";"36-37";"1100110280923";"36/37"
"2617_RED";"38-39";"1100110280930";"38/39"
"2617_RED";"40-41";"1100110280947";"40/41"
"2618_PINK_1";"36-37";"1100110281166";"36/37"
"2618_PINK_1";"38-39";"1100110281173";"38/39"
"2618_PINK_1";"40-41";"1100110281180";"40/41"
"2636_NERO2";"40";"1100110249289";"40"
"2636_NERO2";"41";"1100110249296";"41"
"2636_NERO2";"42";"1100110249302";"42"
"2636_NERO2";"43";"1100110249319";"43"
"2636_NERO2";"44";"1100110249326";"44"
"2636_NERO2";"45";"1100110249333";"45"
"2655_BLACK";"32";"1100110286345";"32"
"2655_BLACK";"33";"1100110286352";"33"
"2655_BLACK";"34";"1100110286369";"34"
"2655_BLACK";"35";"1100110286376";"35"
"2655_BLACK";"36";"1100110286383";"36"
"2681_NAVY";"22";"1100110289735";"22"
"2681_NAVY";"23";"1100110289742";"23"
"2681_NAVY";"24";"1100110289759";"24"
"2681_NAVY";"25";"1100110289766";"25"
"2681_NAVY";"26";"1100110292506";"26"
"2681_NAVY";"27";"1100110295309";"27"
"2681_NAVY";"28";"1100110295316";"28"
"2681_NAVY";"29";"1100110450609";"29"
"26K001201_NAVY_ROSE";"36";"1100110702166";"36"
"26K001201_NAVY_ROSE";"37";"1100110702173";"37"
"26K001201_NAVY_ROSE";"38";"1100110702180";"38"
"26K001201_NAVY_ROSE";"39";"1100110702197";"39"
"26K001201_NAVY_ROSE";"40";"1100110702203";"40"
"26K001201_NAVY_ROSE";"41";"1100110702210";"41"
"26K0042001_MINT";"36";"1100110702272";"36"
"26K0042001_MINT";"37";"1100110702289";"37"
"26K0042001_MINT";"38";"1100110702296";"38"
"26K0042001_MINT";"39";"1100110702302";"39"
"26K0042001_MINT";"40";"1100110702319";"40"
"26K0042001_MINT";"41";"1100110702326";"41"
"26K0051001_GREY";"41";"1100110702104";"41"
"26K0051001_GREY";"42";"1100110702111";"42"
"26K0051001_GREY";"43";"1100110702128";"43"
"26K0051001_GREY";"44";"1100110702135";"44"
"26K0051001_GREY";"45";"1100110702142";"45"
"26K0051001_GREY";"46";"1100110702159";"46"
"273913_WHITE";"36";"1100110588302";"36"
"273913_WHITE";"37";"1100110588319";"37"
"273913_WHITE";"38";"1100110588326";"38"
"273913_WHITE";"39";"1100110588333";"39"
"273913_WHITE";"40";"1100110588340";"40"
"273913_WHITE";"41";"1100110588357";"41"
"2746200";"23";"1100110067784";"23"
"2746200";"24";"1100110067791";"24"
"2746200";"25";"1100110067807";"25"
"2746200";"26";"1100110067814";"26"
"2746200";"27";"1100110067821";"27"
"2746200";"28";"1100110067838";"28"
"2746200";"29";"1100110067845";"29"
"2746200";"30";"1100110067852";"30"
"2746200";"31";"1100110067869";"31"
"2746200";"32";"1100110067876";"32"
"2746200";"33";"1100110067883";"33"
"2746200";"34";"1100110067890";"34"
"2746200";"35";"1100110067906";"35"
"2837_NAVY";"35";"1100110308436";"35"
"2837_NAVY";"36";"1100110308443";"36"
"2837_NAVY";"37";"1100110308450";"37"
"2837_NAVY";"38";"1100110308467";"38"
"2921_BLACK";"31";"1100110717207";"31"
"2921_BLACK";"32";"1100110717214";"32"
"2921_BLACK";"33";"1100110717221";"33"
"2921_BLACK";"34";"1100110717238";"34"
"2921_BLACK";"35";"1100110717245";"35"
"2921_BLACK";"36";"1100110717252";"36"
"2921_BLUE";"31";"1100110717269";"31"
"2921_BLUE";"32";"1100110717276";"32"
"2921_BLUE";"33";"1100110717283";"33"
"2921_BLUE";"34";"1100110717290";"34"
"2921_BLUE";"35";"1100110717306";"35"
"2921_BLUE";"36";"1100110717313";"36"
"2921_NAVY";"31";"1100110717146";"31"
"2921_NAVY";"32";"1100110717153";"32"
"2921_NAVY";"33";"1100110717160";"33"
"2921_NAVY";"34";"1100110717177";"34"
"2921_NAVY";"35";"1100110717184";"35"
"2921_NAVY";"36";"1100110717191";"36"
"295685_GREEN";"33";"1100110377302";"33"
"295685_GREEN";"34";"1100110377319";"34"
"295685_GREEN";"35";"1100110377326";"35"
"295685_GREEN";"36";"1100110377333";"36"
"295685_GREEN";"37";"1100110377340";"37"
"295685_NAVY";"31";"1100110377210";"31"
"295685_NAVY";"32";"1100110377227";"32"
"295685_NAVY";"33";"1100110377234";"33"
"295685_NAVY";"34";"1100110377241";"34"
"295685_NAVY";"35";"1100110377258";"35"
"295685_NAVY";"36";"1100110377265";"36"
"295685_NAVY";"37";"1100110377272";"37"
"3007_BLACK";"";"1100110604866";"XY"
"300_BLACK";"36";"1100110707529";"36"
"300_BLACK";"37";"1100110707536";"37"
"300_BLACK";"38";"1100110707543";"38"
"300_BLACK";"39";"1100110707550";"39"
"300_BLACK";"40";"1100110707567";"40"
"300_BLACK";"41";"1100110707574";"41"
"300_BLACK";"42";"1100110707581";"42"
"300_PERLA";"36";"1100110674487";"36"
"300_PERLA";"37";"1100110674494";"37"
"300_PERLA";"38";"1100110674500";"38"
"300_PERLA";"39";"1100110674517";"39"
"300_PERLA";"40";"1100110674524";"40"
"300_PERLA";"41";"1100110674531";"41"
"300_PERLA";"42";"1100110674548";"42"
"300_WHITE";"36";"1100110679086";"36"
"300_WHITE";"37";"1100110679093";"37"
"300_WHITE";"38";"1100110679109";"38"
"300_WHITE";"39";"1100110679116";"39"
"300_WHITE";"40";"1100110679123";"40"
"300_WHITE";"41";"1100110679130";"41"
"300_WHITE";"42";"1100110679147";"42"
"300M_BLACK";"41";"1100110683373";"41"
"300M_BLACK";"42";"1100110683380";"42"
"300M_BLACK";"43";"1100110683397";"43"
"300M_BLACK";"44";"1100110683403";"44"
"300M_BLACK";"45";"1100110683410";"45"
"300M_BLACK";"46";"1100110683427";"46"
"300M_BLACK";"47";"1100110683434";"47"
"300M_BLACK";"48";"1100110683441";"48"
"300M_WHITE";"41";"1100110683298";"41"
"300M_WHITE";"42";"1100110683304";"42"
"300M_WHITE";"43";"1100110683311";"43"
"300M_WHITE";"44";"1100110683328";"44"
"300M_WHITE";"45";"1100110683335";"45"
"300M_WHITE";"46";"1100110683342";"46"
"300M_WHITE";"47";"1100110683359";"47"
"300M_WHITE";"48";"1100110683366";"48"
"3011_BEIGE";"";"1100110596536";"XY"
"3011_BLACK";"";"1100110596529";"XY"
"30191_BLUE";"37";"1100110684400";"37"
"30191_BLUE";"38";"1100110684417";"38"
"30191_BLUE";"39";"1100110684424";"39"
"30191_BLUE";"40";"1100110684431";"40"
"30191_BLUE";"41";"1100110684448";"41"
"30191_BLUE";"42";"1100110684455";"42"
"30191_BLUE";"43";"1100110684462";"43"
"30191_BLUE";"44";"1100110684479";"44"
"30191_BLUE";"45";"1100110684486";"45"
"30191_BLUE";"46";"1100110684493";"46"
"30191_GREY";"37";"1100110684509";"37"
"30191_GREY";"38";"1100110684516";"38"
"30191_GREY";"39";"1100110684523";"39"
"30191_GREY";"40";"1100110684530";"40"
"30191_GREY";"41";"1100110684547";"41"
"30191_GREY";"42";"1100110684554";"42"
"30191_GREY";"43";"1100110684561";"43"
"30191_GREY";"44";"1100110684578";"44"
"30191_GREY";"45";"1100110684585";"45"
"30191_GREY";"46";"1100110684592";"46"
"30283_WHT_PINK";"37";"1100110702722";"37"
"30283_WHT_PINK";"38";"1100110702739";"38"
"30283_WHT_PINK";"39";"1100110702746";"39"
"30283_WHT_PINK";"40";"1100110702753";"40"
"30283_WHT_PINK";"41";"1100110702760";"41"
"30283_WHT_PINK";"42";"1100110702777";"42"
"30285_BLACK";"36";"1100110702609";"36"
"30285_BLACK";"37";"1100110702616";"37"
"30285_BLACK";"38";"1100110702623";"38"
"30285_BLACK";"39";"1100110702630";"39"
"30285_BLACK";"40";"1100110702647";"40"
"30285_BLACK";"41";"1100110702654";"41"
"3036_1_GREY";"37";"1100110684615";"37"
"3036_1_GREY";"38";"1100110684622";"38"
"3036_1_GREY";"39";"1100110684639";"39"
"3036_1_GREY";"40";"1100110684646";"40"
"3036_1_GREY";"41";"1100110684653";"41"
"3036_1_GREY";"42";"1100110684660";"42"
"3038_1BLACK";"";"1100110672803";"XY"
"3040_NATUR";"";"1100110628244";"XY"
"3065_NATUR";"";"1100110623133";"XY"
"3090_BEZBOJNI";"";"1100110672742";"XY"
"3115_MIX";"";"1100110635747";"XY"
"3130_BLACK";"36";"1100110616722";"36"
"3130_BLACK";"37";"1100110616739";"37"
"3130_BLACK";"38";"1100110616746";"38"
"3130_BLACK";"39";"1100110616753";"39"
"3130_BLACK";"40";"1100110616760";"40"
"3130_BLACK";"41";"1100110616777";"41"
"3130_BLACK";"42";"1100110616784";"42"
"3200_BLACK";"36";"1100110172709";"36"
"3200_BLACK";"37";"1100110172716";"37"
"3200_BLACK";"38";"1100110172723";"38"
"3200_BLACK";"39";"1100110172730";"39"
"3200_BLACK";"40";"1100110172747";"40"
"3200_BLACK";"41";"1100110172754";"41"
"3200_N_PERLA";"36";"1100110658197";"36"
"3200_N_PERLA";"37";"1100110658203";"37"
"3200_N_PERLA";"38";"1100110658210";"38"
"3200_N_PERLA";"39";"1100110658227";"39"
"3200_N_PERLA";"40";"1100110658234";"40"
"3200_N_PERLA";"41";"1100110658241";"41"
"3200_WHITE";"36";"1100110167002";"36"
"3200_WHITE";"37";"1100110167019";"37"
"3200_WHITE";"38";"1100110167026";"38"
"3200_WHITE";"39";"1100110167033";"39"
"3200_WHITE";"40";"1100110167040";"40"
"3200_WHITE";"41";"1100110167057";"41"
"32504_BEIGE";"36";"1100110665195";"36"
"32504_BEIGE";"37";"1100110665201";"37"
"32504_BEIGE";"38";"1100110665218";"38"
"32504_BEIGE";"39";"1100110665225";"39"
"32504_BEIGE";"40";"1100110665232";"40"
"32504_BEIGE";"41";"1100110665249";"41"
"326106_BLACK";"";"1100110377678";"XY"
"326106_BROWN";"";"1100110377692";"XY"
"326106_NAVY";"";"1100110377685";"XY"
"3300_N_BLACK";"36";"1100110658258";"36"
"3300_N_BLACK";"37";"1100110658265";"37"
"3300_N_BLACK";"38";"1100110658272";"38"
"3300_N_BLACK";"39";"1100110658289";"39"
"3300_N_BLACK";"40";"1100110658296";"40"
"3300_N_BLACK";"41";"1100110658302";"41"
"3300_N_PERLA";"36";"1100110658319";"36"
"3300_N_PERLA";"37";"1100110658326";"37"
"3300_N_PERLA";"38";"1100110658333";"38"
"3300_N_PERLA";"39";"1100110658340";"39"
"3300_N_PERLA";"40";"1100110658357";"40"
"3300_N_PERLA";"41";"1100110658364";"41"
"3300_N_WHITE";"36";"1100110658432";"36"
"3300_N_WHITE";"37";"1100110658449";"37"
"3300_N_WHITE";"38";"1100110658456";"38"
"3300_N_WHITE";"39";"1100110658463";"39"
"3300_N_WHITE";"40";"1100110658470";"40"
"3300_N_WHITE";"41";"1100110658487";"41"
"3420_BLUE";"44";"1100110596901";"44"
"3420_BLUE";"45";"1100110596918";"45"
"3420_BLUE";"46";"1100110596925";"46"
"3420_BLUE";"47";"1100110596932";"47"
"3439_NAVY";"";"1100110604989";"XY"
"3451_BLACK";"36";"1100110596703";"36"
"3451_BLACK";"37";"1100110596710";"37"
"3451_BLACK";"38";"1100110596727";"38"
"3451_BLACK";"39";"1100110596734";"39"
"3451_BLACK";"40";"1100110596741";"40"
"3451_BLACK";"41";"1100110596758";"41"
"3451_BLACK";"42";"1100110596765";"42"
"3451_BLACK";"43";"1100110596772";"43"
"3451_BLACK";"44";"1100110596789";"44"
"3451_BLACK";"45";"1100110596796";"45"
"3451_BLACK";"46";"1100110596802";"46"
"3451_BLACK";"47";"1100110596819";"47"
"3451_BLUE";"36";"1100110596598";"36"
"3451_BLUE";"37";"1100110596604";"37"
"3451_BLUE";"38";"1100110596611";"38"
"3451_BLUE";"39";"1100110596628";"39"
"3451_BLUE";"40";"1100110596635";"40"
"3451_BLUE";"41";"1100110596642";"41"
"3451_BLUE";"42";"1100110596659";"42"
"3451_BLUE";"43";"1100110596666";"43"
"3451_BLUE";"44";"1100110596673";"44"
"3451_BLUE";"45";"1100110596680";"45"
"3451_BLUE";"46";"1100110596697";"46"
"3451_BLUE";"47";"1100110635761";"47"
"3500148_NAVY";"20";"1100110283344";"20"
"3500148_NAVY";"21";"1100110283351";"21"
"3500148_NAVY";"22";"1100110283368";"22"
"3500148_NAVY";"23";"1100110283375";"23"
"3500148_NAVY";"24";"1100110283382";"24"
"3500148_NAVY";"25";"1100110283399";"25"
"3500148_NAVY";"26";"1100110283405";"26"
"3500769_BLUE";"25";"1100110193568";"25"
"3500769_BLUE";"26";"1100110193575";"26"
"3500769_BLUE";"27";"1100110193582";"27"
"3500769_BLUE";"28";"1100110193599";"28"
"3500769_BLUE";"29";"1100110193605";"29"
"3500769_BLUE";"30";"1100110290250";"30"
"3500769_BLUE";"31";"1100110290267";"31"
"3500769_PINK";"26";"1100110193520";"26"
"3500769_PINK";"27";"1100110193537";"27"
"3500769_PINK";"28";"1100110193544";"28"
"3500769_PINK";"29";"1100110193551";"29"
"3500769_PINK";"32";"1100110409898";"32"
"3500769_PINK";"33";"1100110409904";"33"
"3500769_PINK";"34";"1100110409911";"34"
"3500769_PINK";"35";"1100110409928";"35"
"3500769_PINK";"36";"1100110409935";"36"
"3500769_PINKI";"25";"1100110410092";"25"
"3500769_PINKI";"31";"1100110410030";"31"
"3500769_PINKI";"32";"1100110410047";"32"
"3500769_PINKI";"33";"1100110410054";"33"
"3500769_PINKI";"34";"1100110410061";"34"
"3500769_PINKI";"35";"1100110410078";"35"
"3500769_PINKI";"36";"1100110410085";"36"
"3500769_RED";"30";"1100110193452";"30"
"3500769_RED";"31";"1100110193469";"31"
"3500769_RED";"32";"1100110193476";"32"
"3500769_RED";"33";"1100110193483";"33"
"3500769_RED";"34";"1100110193490";"34"
"3500769_RED";"35";"1100110193506";"35"
"3500769_RED";"36";"1100110193513";"36"
"3500914_GREY_BLACK";"30";"1100110220141";"30"
"3500914_GREY_BLACK";"31";"1100110220158";"31"
"3500914_GREY_BLACK";"32";"1100110220165";"32"
"3500914_GREY_BLACK";"33";"1100110220172";"33"
"3500914_GREY_BLACK";"34";"1100110220189";"34"
"3500914_GREY_BLACK";"35";"1100110220196";"35"
"3500914_GREY_BLACK";"36";"1100110220202";"36"
"3500941_PINK";"30";"1100110230836";"30"
"3500941_PINK";"31";"1100110230843";"31"
"3500941_PINK";"32";"1100110230850";"32"
"3500941_PINK";"33";"1100110230867";"33"
"3500941_PINK";"34";"1100110230874";"34"
"3500941_PINK";"35";"1100110230881";"35"
"3500941_PINK";"36";"1100110230898";"36"
"3500_BLACK";"36";"1100110560070";"36"
"3500_BLACK";"37";"1100110560087";"37"
"3500_BLACK";"38";"1100110560094";"38"
"3500_BLACK";"39";"1100110560100";"39"
"3500_BLACK";"40";"1100110560117";"40"
"3500_BLACK";"41";"1100110560124";"41"
"3500_BLACK";"42";"1100110560131";"42"
"3500_N_BLACK";"36";"1100110671400";"36"
"3500_N_BLACK";"37";"1100110671417";"37"
"3500_N_BLACK";"38";"1100110671424";"38"
"3500_N_BLACK";"39";"1100110671431";"39"
"3500_N_BLACK";"40";"1100110671448";"40"
"3500_N_BLACK";"41";"1100110671455";"41"
"3500_N_BLACK";"42";"1100110671462";"42"
"3500_N_WHITE";"36";"1100110671479";"36"
"3500_N_WHITE";"37";"1100110671486";"37"
"3500_N_WHITE";"38";"1100110671493";"38"
"3500_N_WHITE";"39";"1100110671509";"39"
"3500_N_WHITE";"40";"1100110671516";"40"
"3500_N_WHITE";"41";"1100110671523";"41"
"3500_N_WHITE";"42";"1100110671530";"42"
"3501052";"30";"1100110264343";"30"
"3501052";"31";"1100110264350";"31"
"3501052";"32";"1100110264367";"32"
"3501052";"33";"1100110264374";"33"
"3501052";"34";"1100110264381";"34"
"3501052";"35";"1100110264398";"35"
"3501052";"36";"1100110264404";"36"
"3501052_BLUE";"30";"1100110265920";"30"
"3501052_BLUE";"31";"1100110265937";"31"
"3501052_BLUE";"32";"1100110265944";"32"
"3501052_BLUE";"33";"1100110265951";"33"
"3501052_BLUE";"34";"1100110265968";"34"
"3501052_BLUE";"35";"1100110265975";"35"
"3501052_BLUE";"36";"1100110265982";"36"
"3501080_NAVY";"22";"1100110259912";"22"
"3501080_NAVY";"23";"1100110259929";"23"
"3501080_NAVY";"24";"1100110259936";"24"
"3501080_NAVY";"25";"1100110259943";"25"
"3501080_NAVY";"26";"1100110259950";"26"
"3501080_NAVY";"27";"1100110259967";"27"
"3501080_NAVY";"28";"1100110259974";"28"
"3501080_NAVY";"29";"1100110259981";"29"
"3501080_NAVY";"30";"1100110229496";"30"
"3501080_NAVY";"31";"1100110229502";"31"
"3501080_NAVY";"32";"1100110229519";"32"
"3501080_NAVY";"33";"1100110229526";"33"
"3501080_NAVY";"34";"1100110229533";"34"
"3501080_NAVY";"35";"1100110229540";"35"
"3501080_NAVY";"36";"1100110229557";"36"
"3501080_PINKY";"30";"1100110229632";"30"
"3501080_PINKY";"31";"1100110229649";"31"
"3501080_PINKY";"32";"1100110229656";"32"
"3501080_PINKY";"33";"1100110229663";"33"
"3501080_PINKY";"34";"1100110229670";"34"
"3501080_PINKY";"35";"1100110229687";"35"
"3501080_PINKY";"36";"1100110229694";"36"
"3501394_GREY";"30";"1100110371362";"30"
"3501394_GREY";"31";"1100110371379";"31"
"3501394_GREY";"32";"1100110371386";"32"
"3501394_GREY";"33";"1100110371393";"33"
"3501394_GREY";"34";"1100110371409";"34"
"3501394_GREY";"35";"1100110371416";"35"
"3501394_GREY";"36";"1100110371423";"36"
"3501668_NAVY";"30";"1100110385871";"30"
"3501668_NAVY";"31";"1100110385888";"31"
"3501668_NAVY";"32";"1100110385895";"32"
"3501668_NAVY";"33";"1100110385901";"33"
"3501668_NAVY";"34";"1100110385918";"34"
"3501668_NAVY";"35";"1100110385925";"35"
"3501668_NAVY";"36";"1100110385932";"36"
"3501699_NAVY";"37";"1100110398048";"37"
"3501699_NAVY";"38";"1100110398055";"38"
"3501699_NAVY";"39";"1100110398062";"39"
"3501699_NAVY";"40";"1100110398079";"40"
"3501699_NAVY";"41";"1100110406057";"41"
"3501911_BLACK";"41";"1100110491176";"41"
"3501911_BLACK";"42";"1100110491183";"42"
"3501911_BLACK";"43";"1100110491190";"43"
"3501911_BLACK";"44";"1100110491206";"44"
"3501911_BLACK";"45";"1100110491213";"45"
"3501911_BLUE";"37";"1100110490995";"37"
"3501911_BLUE";"38";"1100110491008";"38"
"3501911_BLUE";"39";"1100110491015";"39"
"3501911_BLUE";"40";"1100110491022";"40"
"3501911_BLUE";"41";"1100110491039";"41"
"3501911_WHITE";"";"1100110491121";""
"3501911_WHITE";"37";"1100110491046";"37"
"3501911_WHITE";"38";"1100110491053";"38"
"3501911_WHITE";"39";"1100110491060";"39"
"3501911_WHITE";"40";"1100110491077";"40"
"3501911_WHITE";"41";"1100110491084";"41"
"3501911_WHITE";"42";"1100110491091";"42"
"3501911_WHITE";"43";"1100110491107";"43"
"3501911_WHITE";"44";"1100110491114";"44"
"3501944_BLUE";"22";"1100110466754";"22"
"3501944_BLUE";"23";"1100110466761";"23"
"3501944_BLUE";"24";"1100110466778";"24"
"3501944_BLUE";"25";"1100110466785";"25"
"3501944_BLUE";"26";"1100110466792";"26"
"3501944_BLUE";"27";"1100110466808";"27"
"3501944_BLUE";"28";"1100110466815";"28"
"3501944_BLUE";"29";"1100110466822";"29"
"3501944_BLUE";"30";"1100110466839";"30"
"3501944_GREY";"22";"1100110526397";"22"
"3501944_GREY";"23";"1100110526403";"23"
"3501944_GREY";"24";"1100110526410";"24"
"3501944_GREY";"25";"1100110466693";"25"
"3501944_GREY";"26";"1100110466709";"26"
"3501944_GREY";"27";"1100110466716";"27"
"3501944_GREY";"28";"1100110466723";"28"
"3501944_GREY";"29";"1100110466730";"29"
"3501944_GREY";"30";"1100110466747";"30"
"3501947_BLACK";"30";"1100110467614";"30"
"3501947_BLACK";"31";"1100110467621";"31"
"3501947_BLACK";"32";"1100110467638";"32"
"3501947_BLACK";"33";"1100110467645";"33"
"3501947_BLACK";"34";"1100110467652";"34"
"3501947_BLACK";"35";"1100110467669";"35"
"3501947_BLACK";"36";"1100110467676";"36"
"3502016_1PINK";"21";"1100110690159";"21"
"3502016_1PINK";"22";"1100110690166";"22"
"3502016_1PINK";"23";"1100110523273";"23"
"3502016_1PINK";"24";"1100110523280";"24"
"3502016_1PINK";"25";"1100110523297";"25"
"3502016_1PINK";"26";"1100110523303";"26"
"3502016_1PINK";"27";"1100110523310";"27"
"3502016_1PINK";"28";"1100110523327";"28"
"3502016_1PINK";"29";"1100110523334";"29"
"3502016_GREY";"23";"1100110482716";"23"
"3502016_GREY";"24";"1100110482723";"24"
"3502016_GREY";"25";"1100110482730";"25"
"3502016_GREY";"26";"1100110482747";"26"
"3502016_GREY";"27";"1100110482754";"27"
"3502016_GREY";"28";"1100110482761";"28"
"3502016_GREY";"29";"1100110482778";"29"
"3502016_NAVY";"21";"1100110482891";"21"
"3502016_NAVY";"22";"1100110482907";"22"
"3502016_NAVY";"23";"1100110482914";"23"
"3502016_NAVY";"24";"1100110482921";"24"
"3502016_NAVY";"25";"1100110482938";"25"
"3502016_NAVY";"26";"1100110482945";"26"
"3502016_NAVY";"27";"1100110482952";"27"
"3502016_NAVY";"28";"1100110690135";"28"
"3502016_NAVY";"29";"1100110690142";"29"
"3502053_BLUE";"";"1100110692306";""
"3502053_BLUE";"22";"1100110465528";"22"
"3502053_BLUE";"23";"1100110465535";"23"
"3502053_BLUE";"24";"1100110465542";"24"
"3502053_BLUE";"25";"1100110465559";"25"
"3502053_BLUE";"26";"1100110465566";"26"
"3502053_BLUE";"27";"1100110465573";"27"
"3502053_BLUE";"28";"1100110465580";"28"
"3502053_BLUE";"29";"1100110465597";"29"
"3502053_BLUE";"30";"1100110465603";"30"
"3502053_NAVY";"22";"1100110465610";"22"
"3502053_NAVY";"23";"1100110465627";"23"
"3502053_NAVY";"24";"1100110465634";"24"
"3502053_NAVY";"25";"1100110465641";"25"
"3502053_NAVY";"26";"1100110465658";"26"
"3502053_NAVY";"27";"1100110465665";"27"
"3502053_NAVY";"28";"1100110465672";"28"
"3502053_NAVY";"29";"1100110465689";"29"
"3502053_NAVY";"30";"1100110465696";"30"
"3502055_1_BLUE";"28";"1100110692870";"28"
"3502055_1_BLUE";"29";"1100110692887";"29"
"3502055_1_BLUE";"30";"1100110687098";"30"
"3502055_1_BLUE";"31";"1100110687104";"31"
"3502055_1_BLUE";"32";"1100110687111";"32"
"3502055_1_BLUE";"33";"1100110687128";"33"
"3502055_1_BLUE";"34";"1100110687135";"34"
"3502055_1_BLUE";"35";"1100110687142";"35"
"3502055_1_BLUE";"36";"1100110687159";"36"
"3502055_1_GREY";"30";"1100110692962";"30"
"3502055_1_GREY";"31";"1100110692979";"31"
"3502055_1_GREY";"32";"1100110692986";"32"
"3502055_1_GREY";"33";"1100110692993";"33"
"3502055_1_GREY";"34";"1100110693006";"34"
"3502055_1_GREY";"35";"1100110693013";"35"
"3502055_1_GREY";"36";"1100110693020";"36"
"3502055_GREY";"30";"1100110692894";"30"
"3502055_GREY";"31";"1100110692900";"31"
"3502055_GREY";"32";"1100110692917";"32"
"3502055_GREY";"33";"1100110692924";"33"
"3502055_GREY";"34";"1100110692931";"34"
"3502055_GREY";"35";"1100110692948";"35"
"3502055_GREY";"36";"1100110692955";"36"
"3502055_NAVY";"28";"1100110693365";"28"
"3502055_NAVY";"29";"1100110693372";"29"
"3502055_NAVY";"30";"1100110467409";"30"
"3502055_NAVY";"31";"1100110467416";"31"
"3502055_NAVY";"32";"1100110467423";"32"
"3502055_NAVY";"33";"1100110467430";"33"
"3502055_NAVY";"34";"1100110467447";"34"
"3502055_NAVY";"35";"1100110467454";"35"
"3502055_NAVY";"36";"1100110467461";"36"
"3502117_BORDO";"36";"1100110476203";"36"
"3502117_BORDO";"37";"1100110476210";"37"
"3502117_BORDO";"38";"1100110476227";"38"
"3502117_BORDO";"39";"1100110476234";"39"
"3502117_BORDO";"40";"1100110476241";"40"
"3502117_BORDO";"41";"1100110476258";"41"
"3502293_BLUE";"";"1100110569967";""
"3502293_BLUE";"22";"1100110506047";"22"
"3502293_BLUE";"23";"1100110506054";"23"
"3502293_BLUE";"24";"1100110506061";"24"
"3502293_BLUE";"25";"1100110506078";"25"
"3502293_BLUE";"26";"1100110506085";"26"
"3502293_BLUE";"27";"1100110506092";"27"
"3502293_BLUE";"28";"1100110506108";"28"
"3502293_BLUE";"29";"1100110506115";"29"
"3502293_NAVY";"22";"1100110505965";"22"
"3502293_NAVY";"23";"1100110505972";"23"
"3502293_NAVY";"24";"1100110505989";"24"
"3502293_NAVY";"25";"1100110505996";"25"
"3502293_NAVY";"26";"1100110506009";"26"
"3502293_NAVY";"27";"1100110506016";"27"
"3502293_NAVY";"28";"1100110506023";"28"
"3502293_NAVY";"29";"1100110506030";"29"
"3502293_NAVY";"30";"1100110569974";"30"
"3502293_NAVY";"31";"1100110569981";"31"
"3502293_NAVY";"32";"1100110569998";"32"
"3502293_NAVY";"33";"1100110570000";"33"
"3502293_NAVY";"34";"1100110570017";"34"
"3502293_NAVY";"35";"1100110570024";"35"
"3502293_NAVY";"36";"1100110570031";"36"
"3502293_PINK";"22";"1100110506122";"22"
"3502293_PINK";"23";"1100110506139";"23"
"3502293_PINK";"24";"1100110506146";"24"
"3502293_PINK";"25";"1100110506153";"25"
"3502293_PINK";"26";"1100110506160";"26"
"3502293_PINK";"27";"1100110506177";"27"
"3502293_PINK";"28";"1100110506184";"28"
"3502293_PINK";"29";"1100110506191";"29"
"3502293_PINK";"30";"1100110562838";"30"
"3502293_PINK";"31";"1100110562845";"31"
"3502293_PINK";"32";"1100110562852";"32"
"3502293_PINK";"33";"1100110562869";"33"
"3502293_PINK";"34";"1100110562876";"34"
"3502293_PINK";"35";"1100110562883";"35"
"3502293_PINK";"36";"1100110562890";"36"
"3502467_BLACK";"32";"1100110532374";"32"
"3502467_BLACK";"33";"1100110532381";"33"
"3502467_BLACK";"34";"1100110532398";"34"
"3502467_BLACK";"35";"1100110532404";"35"
"3502467_BLACK";"36";"1100110532411";"36"
"3502467_GREY";"32";"1100110532442";"32"
"3502467_GREY";"33";"1100110532459";"33"
"3502467_GREY";"34";"1100110532466";"34"
"3502467_GREY";"35";"1100110532473";"35"
"3502467_GREY";"36";"1100110532480";"36"
"3520_BEIGE";"36";"1100110656872";"36"
"3520_BEIGE";"37";"1100110656889";"37"
"3520_BEIGE";"38";"1100110656896";"38"
"3520_BEIGE";"39";"1100110656902";"39"
"3520_BEIGE";"40";"1100110656919";"40"
"3520_BEIGE";"41";"1100110656926";"41"
"3520_BEIGE";"42";"1100110656933";"42"
"360_1RED";"36";"1100110483690";"36"
"360_1RED";"37";"1100110483706";"37"
"360_1RED";"38";"1100110483713";"38"
"360_1RED";"39";"1100110483720";"39"
"360_1RED";"40";"1100110483737";"40"
"360_1RED";"41";"1100110483744";"41"
"360_1RED";"42";"1100110483751";"42"
"360_BLACK";"36";"1100110483904";"36"
"360_BLACK";"37";"1100110483911";"37"
"360_BLACK";"38";"1100110483928";"38"
"360_BLACK";"39";"1100110483935";"39"
"360_BLACK";"40";"1100110483942";"40"
"360_BLACK";"41";"1100110483959";"41"
"360_BLACK";"42";"1100110483966";"42"
"360_RED";"36";"1100110483621";"36"
"360_RED";"37";"1100110483638";"37"
"360_RED";"38";"1100110483645";"38"
"360_RED";"39";"1100110483652";"39"
"360_RED";"40";"1100110483669";"40"
"360_RED";"41";"1100110483676";"41"
"360_RED";"42";"1100110483683";"42"
"371450";"";"1100110684363";"XY"
"39212_BLACK";"40";"1100110662798";"40"
"39212_BLACK";"41";"1100110662804";"41"
"39212_BLACK";"42";"1100110662811";"42"
"39212_BLACK";"43";"1100110662828";"43"
"39212_BLACK";"44";"1100110662835";"44"
"39212_BLACK";"45";"1100110662842";"45"
"39212_BLACK";"46";"1100110662859";"46"
"39212_BLACK";"47";"1100110662866";"47"
"4148_1_SMEDA";"41";"1100110698964";"41"
"4148_1_SMEDA";"42";"1100110698971";"42"
"4148_1_SMEDA";"43";"1100110698988";"43"
"4148_1_SMEDA";"44";"1100110698995";"44"
"4148_1_SMEDA";"45";"1100110699008";"45"
"4148_1_SMEDA";"46";"1100110699015";"46"
"4148_1_SMEDA";"47";"1100110699022";"47"
"4148_7_NAVY";"41";"1100110336347";"41"
"4148_7_NAVY";"42";"1100110336354";"42"
"4148_7_NAVY";"43";"1100110336361";"43"
"4148_7_NAVY";"44";"1100110336378";"44"
"4148_7_NAVY";"45";"1100110336385";"45"
"4148_7_NAVY";"46";"1100110336392";"46"
"4148_Y_BLACK";"36";"1100110676948";"36"
"4148_Y_BLACK";"37";"1100110676955";"37"
"4148_Y_BLACK";"38";"1100110676962";"38"
"4148_Y_BLACK";"39";"1100110676979";"39"
"4148_Y_BLACK";"40";"1100110676986";"40"
"4148_Y_BLACK";"41";"1100110676993";"41"
"4148_Y_NAVY";"36";"1100110676887";"36"
"4148_Y_NAVY";"37";"1100110676894";"37"
"4148_Y_NAVY";"38";"1100110676900";"38"
"4148_Y_NAVY";"39";"1100110676917";"39"
"4148_Y_NAVY";"40";"1100110676924";"40"
"4148_Y_NAVY";"41";"1100110676931";"41"
"4250_BLACK";"35";"1100110615961";"35"
"4250_BLACK";"36";"1100110398895";"36"
"4250_BLACK";"37";"1100110398901";"37"
"4250_BLACK";"38";"1100110398918";"38"
"4250_BLACK";"39";"1100110398925";"39"
"4250_BLACK";"40";"1100110398932";"40"
"4250_BLACK";"41";"1100110398949";"41"
"4250_BLACK";"42";"1100110615978";"42"
"4250_WHITE";"35";"1100110615374";"35"
"4250_WHITE";"36";"1100110507723";"36"
"4250_WHITE";"37";"1100110507730";"37"
"4250_WHITE";"38";"1100110507747";"38"
"4250_WHITE";"39";"1100110507754";"39"
"4250_WHITE";"40";"1100110507761";"40"
"4250_WHITE";"41";"1100110507778";"41"
"4250_WHITE";"42";"1100110615619";"42"
"4251_PERLA";"35";"1100110615213";"35"
"4251_PERLA";"36";"1100110615220";"36"
"4251_PERLA";"37";"1100110615237";"37"
"4251_PERLA";"38";"1100110615244";"38"
"4251_PERLA";"39";"1100110615251";"39"
"4251_PERLA";"40";"1100110615268";"40"
"4251_PERLA";"41";"1100110615275";"41"
"4251_PERLA";"42";"1100110615282";"42"
"4350_FLOWER";"37";"1100110472007";"37"
"4350_FLOWER";"38";"1100110472014";"38"
"4350_FLOWER";"39";"1100110472021";"39"
"4350_FLOWER";"40";"1100110472038";"40"
"4350_FLOWER";"41";"1100110472045";"41"
"4350_FLOWER";"42";"1100110472052";"42"
"4350_FLOWER_WHT";"37";"1100110546227";"37"
"4350_FLOWER_WHT";"38";"1100110546234";"38"
"4350_FLOWER_WHT";"39";"1100110546241";"39"
"4350_FLOWER_WHT";"40";"1100110546258";"40"
"4350_FLOWER_WHT";"41";"1100110546265";"41"
"4350_FLOWER_WHT";"42";"1100110546272";"42"
"4350_HEARTS";"37";"1100110546166";"37"
"4350_HEARTS";"38";"1100110546173";"38"
"4350_HEARTS";"39";"1100110546180";"39"
"4350_HEARTS";"40";"1100110546197";"40"
"4350_HEARTS";"41";"1100110546203";"41"
"4350_HEARTS";"42";"1100110546210";"42"
"4352_1FLOWER";"37";"1100110538727";"37"
"4352_1FLOWER";"38";"1100110538734";"38"
"4352_1FLOWER";"39";"1100110538741";"39"
"4352_1FLOWER";"40";"1100110538758";"40"
"4352_1FLOWER";"41";"1100110538765";"41"
"4352_1FLOWER";"42";"1100110538772";"42"
"4367_FLOWER_BLK";"40";"1100110546135";"40"
"4367_FLOWER_BLK";"41";"1100110546142";"41"
"4367_FLOWER_BLK";"42";"1100110546159";"42"
"4367_WHT_FLOWER";"37";"1100110709202";"37"
"4367_WHT_FLOWER";"38";"1100110709219";"38"
"4367_WHT_FLOWER";"39";"1100110709226";"39"
"4367_WHT_FLOWER";"40";"1100110709233";"40"
"4367_WHT_FLOWER";"41";"1100110709240";"41"
"4367_WHT_FLOWER";"42";"1100110709257";"42"
"4371_WHITE";"37";"1100110420183";"37"
"4371_WHITE";"38";"1100110420190";"38"
"4371_WHITE";"39";"1100110420206";"39"
"4371_WHITE";"40";"1100110420213";"40"
"4371_WHITE";"41";"1100110420220";"41"
"4371_WHITE";"42";"1100110420237";"42"
"4372_1FLOWER";"";"1100110697875";""
"4372_1FLOWER";"36";"1100110716989";"36"
"4372_1FLOWER";"37";"1100110538604";"37"
"4372_1FLOWER";"38";"1100110538611";"38"
"4372_1FLOWER";"39";"1100110538628";"39"
"4372_1FLOWER";"40";"1100110538635";"40"
"4372_1FLOWER";"41";"1100110538642";"41"
"4372_1FLOWER";"42";"1100110538659";"42"
"4372_BLK_FLOWER";"37";"1100110538666";"37"
"4372_BLK_FLOWER";"38";"1100110538673";"38"
"4372_BLK_FLOWER";"39";"1100110538680";"39"
"4372_BLK_FLOWER";"40";"1100110538697";"40"
"4372_BLK_FLOWER";"41";"1100110538703";"41"
"4372_BLK_FLOWER";"42";"1100110538710";"42"
"4944_PURPLE";"25";"1100110662460";"25"
"4944_PURPLE";"26";"1100110662477";"26"
"4944_PURPLE";"27";"1100110662484";"27"
"4944_PURPLE";"28";"1100110662491";"28"
"4944_PURPLE";"29";"1100110662507";"29"
"4944_PURPLE";"30";"1100110662514";"30"
"4944_PURPLE";"31";"1100110662521";"31"
"4944_PURPLE";"32";"1100110662538";"32"
"4944_PURPLE";"33";"1100110662545";"33"
"4944_PURPLE";"34";"1100110662552";"34"
"4944_PURPLE";"35";"1100110662569";"35"
"5001_BLACK";"36";"1100110508058";"36"
"5001_BLACK";"37";"1100110508065";"37"
"5001_BLACK";"38";"1100110508072";"38"
"5001_BLACK";"39";"1100110508089";"39"
"5001_BLACK";"40";"1100110508096";"40"
"5001_BLACK";"41";"1100110508102";"41"
"5001_N_BLACK";"36";"1100110671332";"36"
"5001_N_BLACK";"37";"1100110671349";"37"
"5001_N_BLACK";"38";"1100110671356";"38"
"5001_N_BLACK";"39";"1100110671363";"39"
"5001_N_BLACK";"40";"1100110671370";"40"
"5001_N_BLACK";"41";"1100110671387";"41"
"5001_PERLA";"36";"1100110490025";"36"
"5001_PERLA";"37";"1100110490032";"37"
"5001_PERLA";"38";"1100110490049";"38"
"5001_PERLA";"39";"1100110490056";"39"
"5001_PERLA";"40";"1100110490063";"40"
"5001_PERLA";"41";"1100110490070";"41"
"5001_RED";"36";"1100110490087";"36"
"5001_RED";"37";"1100110490094";"37"
"5001_RED";"38";"1100110490100";"38"
"5001_RED";"39";"1100110490117";"39"
"5001_RED";"40";"1100110490124";"40"
"5001_RED";"41";"1100110490131";"41"
"5001_WHITE";"36";"1100110490148";"36"
"5001_WHITE";"37";"1100110490155";"37"
"5001_WHITE";"38";"1100110490162";"38"
"5001_WHITE";"39";"1100110490179";"39"
"5001_WHITE";"40";"1100110490186";"40"
"5001_WHITE";"41";"1100110490193";"41"
"5002_N_BLACK";"36";"1100110659163";"36"
"5002_N_BLACK";"37";"1100110659170";"37"
"5002_N_BLACK";"38";"1100110659187";"38"
"5002_N_BLACK";"39";"1100110659194";"39"
"5002_N_BLACK";"40";"1100110659200";"40"
"5002_N_BLACK";"41";"1100110659217";"41"
"5002_N_PERLA";"36";"1100110659040";"36"
"5002_N_PERLA";"37";"1100110659057";"37"
"5002_N_PERLA";"38";"1100110659064";"38"
"5002_N_PERLA";"39";"1100110659071";"39"
"5002_N_PERLA";"40";"1100110659088";"40"
"5002_N_PERLA";"41";"1100110659095";"41"
"5002_N_WHITE";"36";"1100110659101";"36"
"5002_N_WHITE";"37";"1100110659118";"37"
"5002_N_WHITE";"38";"1100110659125";"38"
"5002_N_WHITE";"39";"1100110659132";"39"
"5002_N_WHITE";"40";"1100110659149";"40"
"5002_N_WHITE";"41";"1100110659156";"41"
"5011_BLUE";"25";"1100110596222";"25"
"5011_BLUE";"26";"1100110596239";"26"
"5011_BLUE";"27";"1100110596246";"27"
"5011_BLUE";"28";"1100110596253";"28"
"5011_BLUE";"29";"1100110596260";"29"
"5011_BLUE";"30";"1100110596277";"30"
"5011_BLUE";"31";"1100110596284";"31"
"5011_BLUE";"32";"1100110596291";"32"
"5011_BLUE";"33";"1100110596307";"33"
"5011_BLUE";"34";"1100110596314";"34"
"5011_BLUE";"35";"1100110596321";"35"
"501_WHITE";"36";"1100110648051";"36"
"501_WHITE";"37";"1100110648068";"37"
"501_WHITE";"38";"1100110648075";"38"
"501_WHITE";"39";"1100110648082";"39"
"501_WHITE";"40";"1100110648099";"40"
"501_WHITE";"41";"1100110648105";"41"
"5370_BLACK";"36";"1100110562777";"36"
"5370_BLACK";"37";"1100110562784";"37"
"5370_BLACK";"38";"1100110562791";"38"
"5370_BLACK";"39";"1100110562807";"39"
"5370_BLACK";"40";"1100110562814";"40"
"5370_BLACK";"41";"1100110562821";"41"
"5413_BLACK";"39-40";"1100110704207";"39/40"
"5413_BLACK";"41-42";"1100110704214";"41/42"
"5413_BLACK";"43-44";"1100110704221";"43/44"
"5413_BLACK";"45-46";"1100110704238";"45/46"
"5413_WHITE";"39-40";"1100110704160";"39/40"
"5413_WHITE";"41-42";"1100110704177";"41/42"
"5413_WHITE";"43-44";"1100110704184";"43/44"
"5413_WHITE";"45-46";"1100110704191";"45/46"
"590561_NAVY";"34";"1100110440907";"34"
"590561_NAVY";"35";"1100110440914";"35"
"590561_NAVY";"36";"1100110440921";"36"
"590592_BLUE";"28";"1100110441027";"28"
"590592_BLUE";"29";"1100110441034";"29"
"590592_BLUE";"30";"1100110441041";"30"
"590592_BLUE";"31";"1100110441058";"31"
"590592_BLUE";"32";"1100110441065";"32"
"590592_BLUE";"33";"1100110441072";"33"
"590592_BLUE";"34";"1100110441089";"34"
"590592_BLUE";"35";"1100110441096";"35"
"590592_BLUE";"36";"1100110441102";"36"
"5971M_BLACK";"39-42";"1100110704306";"39/42"
"5971M_BLACK";"43-46";"1100110704313";"43/46"
"5971MED";"39-40";"1100110716392";"39/40"
"5971MED";"41-42";"1100110716408";"41/42"
"5971MED";"43-44";"1100110716415";"43/44"
"5971MED";"45-46";"1100110716422";"45/46"
"5971MZ_WHITE";"35-38";"1100110704269";"35/38"
"5971MZ_WHITE";"38-41";"1100110704276";"38/41"
"5971MZ_WHITE";"39-42";"1100110704283";"39/42"
"5971MZ_WHITE";"39-43";"1100110711847";"39/43"
"5971MZ_WHITE";"43-46";"1100110704290";"43/46"
"5971Z_BLACK";"35-38";"1100110704245";"35/38"
"5971Z_BLACK";"37-42";"1100110704252";"37/42"
"598_01_BEIGE";"36";"1100110656315";"36"
"598_01_BEIGE";"37";"1100110656322";"37"
"598_01_BEIGE";"38";"1100110656339";"38"
"598_01_BEIGE";"39";"1100110656346";"39"
"598_01_BEIGE";"40";"1100110656353";"40"
"598_01_BEIGE";"41";"1100110656360";"41"
"598_01_BEIGE";"42";"1100110656377";"42"
"60001_BLUE";"";"1100110484970";"XY"
"60001_WHITE";"";"1100110484987";"XY"
"60001_YELLOW";"";"1100110484994";"XY"
"6000_1_BLACK";"36";"1100110644527";"36"
"6000_1_BLACK";"37";"1100110644534";"37"
"6000_1_BLACK";"38";"1100110644541";"38"
"6000_1_BLACK";"39";"1100110644558";"39"
"6000_1_BLACK";"40";"1100110644565";"40"
"6000_1_BLACK";"41";"1100110644572";"41"
"6000_1_BLACK";"42";"1100110644589";"42"
"6000_1_WHITE";"36";"1100110644596";"36"
"6000_1_WHITE";"37";"1100110644602";"37"
"6000_1_WHITE";"38";"1100110644619";"38"
"6000_1_WHITE";"39";"1100110644626";"39"
"6000_1_WHITE";"40";"1100110644633";"40"
"6000_1_WHITE";"41";"1100110644640";"41"
"6000_1_WHITE";"42";"1100110644657";"42"
"6005_N_BLACK";"36";"1100110644244";"36"
"6005_N_BLACK";"37";"1100110644251";"37"
"6005_N_BLACK";"38";"1100110644268";"38"
"6005_N_BLACK";"39";"1100110644275";"39"
"6005_N_BLACK";"40";"1100110644282";"40"
"6005_N_BLACK";"41";"1100110644299";"41"
"6005_N_BLACK";"42";"1100110644305";"42"
"6005_N_WHITE";"36";"1100110644312";"36"
"6005_N_WHITE";"37";"1100110644329";"37"
"6005_N_WHITE";"38";"1100110644336";"38"
"6005_N_WHITE";"39";"1100110644343";"39"
"6005_N_WHITE";"40";"1100110644350";"40"
"6005_N_WHITE";"41";"1100110644367";"41"
"6005_N_WHITE";"42";"1100110644374";"42"
"60107";"36-37";"1100110089458";"36/37"
"60107";"38-39";"1100110089465";"38/39"
"60107";"40-41";"1100110089472";"40/41"
"60107";"42-43";"1100110089489";"42/43"
"60107";"44-45";"1100110089496";"44/45"
"60107";"46-47";"1100110089502";"46/47"
"6120615_BLACK";"35-36";"1100110537584";"35/36"
"6120615_BLACK";"37-38";"1100110537591";"37/38"
"6120615_BLACK";"39-40";"1100110537607";"39/40"
"6120615_BLACK";"41-42";"1100110537614";"41/42"
"6120615_BLACK";"43-44";"1100110537621";"43/44"
"6120615_BLACK";"45-46";"1100110537638";"45/46"
"613_BLACK";"6";"1100110376527";"6"
"613_RED";"10";"1100110508355";"10"
"613_RED";"12";"1100110508362";"12"
"613_RED";"8";"1100110508348";"8"
"613_RED";"S";"1100110508379";"S"
"6204_BEIGE";"36";"1100110708069";"36"
"6204_BEIGE";"37";"1100110708076";"37"
"6204_BEIGE";"38";"1100110708083";"38"
"6204_BEIGE";"39";"1100110708090";"39"
"6204_BEIGE";"40";"1100110708106";"40"
"6204_BEIGE";"41";"1100110708113";"41"
"6204_BLACK";"36";"1100110708007";"36"
"6204_BLACK";"37";"1100110708014";"37"
"6204_BLACK";"38";"1100110708021";"38"
"6204_BLACK";"39";"1100110708038";"39"
"6204_BLACK";"40";"1100110708045";"40"
"6204_BLACK";"41";"1100110708052";"41"
"6204_BLUE";"36";"1100110713605";"36"
"6204_BLUE";"37";"1100110713612";"37"
"6204_BLUE";"38";"1100110713629";"38"
"6204_BLUE";"39";"1100110713636";"39"
"6204_BLUE";"40";"1100110713643";"40"
"6204_BLUE";"41";"1100110713650";"41"
"6204_WHITE";"36";"1100110707949";"36"
"6204_WHITE";"37";"1100110707956";"37"
"6204_WHITE";"38";"1100110707963";"38"
"6204_WHITE";"39";"1100110707970";"39"
"6204_WHITE";"40";"1100110707987";"40"
"6204_WHITE";"41";"1100110707994";"41"
"6500944_21";"";"1100110383877";"XY"
"6500944B";"";"1100110382542";"XY"
"6500944BC";"";"1100110383228";"XY"
"6502035_JEDNOROG";"";"1100110485236";"XY"
"6502035_LAMA";"";"1100110485243";"XY"
"6502035_VODENKONJ";"";"1100110485250";"XY"
"6502156_C";"";"1100110423962";"XY"
"6502156_TA";"";"1100110635716";"XY"
"6502156G";"";"1100110562043";"XY"
"6502156N";"";"1100110495686";"XY"
"6502156RK";"";"1100110562029";"XY"
"6502156RKG";"";"1100110562036";"XY"
"6502156SK";"";"1100110495679";"XY"
"6502157";"";"1100110471970";"XY"
"6502157_B";"";"1100110558558";"XY"
"6502157_CV";"";"1100110704153";"XY"
"6502157P";"";"1100110586919";"XY"
"6502157V";"";"1100110471987";"XY"
"6502157VB";"";"1100110494030";"XY"
"65025PT_A";"";"1100110680662";"XY"
"65025PT_B";"";"1100110698810";"XY"
"6502704_A_396";"";"1100110660589";"XY"
"6711_OLIVE";"31";"1100110604422";"31"
"6711_OLIVE";"32";"1100110604439";"32"
"6711_OLIVE";"33";"1100110604446";"33"
"6711_OLIVE";"34";"1100110604453";"34"
"6711_OLIVE";"35";"1100110604460";"35"
"700_1_BLACK";"180CM";"1100110683038";"180cm"
"700_1_BLACK";"200CM";"1100110683045";"200cm"
"700_BLACK";"100CM";"1100110682833";"100cm"
"700_BLACK";"120CM";"1100110682840";"120cm"
"700_BLACK";"150CM";"1100110682857";"150cm"
"700_BLACK";"60CM";"1100110682819";"60cm"
"700_BLACK";"75CM";"1100110682864";"75cm"
"700_BLACK";"90CM";"1100110682826";"90cm"
"700_M_BLACK";"41";"1100110474506";"41"
"700_M_BLACK";"42";"1100110474513";"42"
"700_M_BLACK";"43";"1100110474520";"43"
"700_M_BLACK";"44";"1100110474537";"44"
"700_M_BLACK";"45";"1100110474544";"45"
"700_M_BLACK";"46";"1100110474551";"46"
"700_M_BLACK";"47";"1100110652980";"47"
"700_M_BLACK";"48";"1100110701794";"48"
"700_M_WHITE";"41";"1100110206251";"41"
"700_M_WHITE";"42";"1100110206268";"42"
"700_M_WHITE";"43";"1100110206275";"43"
"700_M_WHITE";"44";"1100110206282";"44"
"700_M_WHITE";"45";"1100110206299";"45"
"700_M_WHITE";"46";"1100110206305";"46"
"700_M_WHITE";"47";"1100110683458";"47"
"700_M_WHITE";"48";"1100110708120";"48"
"70210_BLACK";"40";"1100110702425";"40"
"70210_BLACK";"41";"1100110702432";"41"
"70210_BLACK";"42";"1100110702449";"42"
"70210_BLACK";"43";"1100110702456";"43"
"70210_BLACK";"44";"1100110702463";"44"
"70210_BLACK";"45";"1100110702470";"45"
"70210_BLACK";"46";"1100110702487";"46"
"70210_BLACK";"47";"1100110703705";"47"
"70221_BLK";"41";"1100110703767";"41"
"70221_BLK";"42";"1100110703774";"42"
"70221_BLK";"43";"1100110703781";"43"
"70221_BLK";"44";"1100110703798";"44"
"70221_BLK";"45";"1100110703804";"45"
"70221_BLK";"46";"1100110703811";"46"
"712_PINK";"26";"1100110480965";"26"
"712_PINK";"27";"1100110480972";"27"
"712_PINK";"28";"1100110480989";"28"
"712_PINK";"29";"1100110480996";"29"
"712_PINK";"30";"1100110481009";"30"
"712_PINK";"31";"1100110481016";"31"
"712_PINK";"32";"1100110481023";"32"
"712_PINK";"33";"1100110481030";"33"
"712_PINK";"34";"1100110481047";"34"
"712_PINK";"35";"1100110481054";"35"
"750_1BLACK";"";"1100110538840";""
"750_1BLACK";"41";"1100110538789";"41"
"750_1BLACK";"42";"1100110538796";"42"
"750_1BLACK";"43";"1100110538802";"43"
"750_1BLACK";"44";"1100110538819";"44"
"750_1BLACK";"45";"1100110538826";"45"
"750_1BLACK";"46";"1100110538833";"46"
"750_1BLACK";"47";"1100110716231";"47"
"750_1BLUE";"41";"1100110538925";"41"
"750_1BLUE";"42";"1100110538932";"42"
"750_1BLUE";"43";"1100110538949";"43"
"750_1BLUE";"44";"1100110538956";"44"
"750_1BLUE";"45";"1100110538963";"45"
"750_1BLUE";"46";"1100110538970";"46"
"750_1BLUE";"47";"1100110716248";"47"
"750_1WHITE";"";"1100110538918";""
"750_1WHITE";"41";"1100110538857";"41"
"750_1WHITE";"42";"1100110538864";"42"
"750_1WHITE";"43";"1100110538871";"43"
"750_1WHITE";"44";"1100110538888";"44"
"750_1WHITE";"45";"1100110538895";"45"
"750_1WHITE";"46";"1100110538901";"46"
"750_1WHITE";"47";"1100110706997";"47"
"80059_BLACK";"40";"1100110664129";"40"
"80059_BLACK";"41";"1100110664136";"41"
"80059_BLACK";"42";"1100110664143";"42"
"80059_BLACK";"43";"1100110664150";"43"
"80059_BLACK";"44";"1100110664167";"44"
"80059_BLACK";"45";"1100110664174";"45"
"80059_BLACK";"46";"1100110664181";"46"
"80059_BLACK";"47";"1100110664198";"47"
"812_WHITE";"36";"1100110607447";"36"
"812_WHITE";"37";"1100110607454";"37"
"812_WHITE";"38";"1100110607461";"38"
"812_WHITE";"39";"1100110607478";"39"
"812_WHITE";"40";"1100110607485";"40"
"812_WHITE";"41";"1100110607492";"41"
"812_WHITE";"42";"1100110607508";"42"
"81753U_LEE";"36";"1100110471048";"36"
"81753U_LEE";"36.5";"1100110471055";"36.5"
"81753U_LEE";"37.5";"1100110471062";"37.5"
"81753U_LEE";"38";"1100110471079";"38"
"81753U_LEE";"38.5";"1100110471086";"38.5"
"81875U_LUA";"41";"1100110552372";"41"
"81875U_LUA";"42";"1100110552389";"42"
"81875U_LUA";"43";"1100110552396";"43"
"81875U_LUA";"44";"1100110552402";"44"
"8188OU_LUA";"28";"1100110552419";"28"
"8188OU_LUA";"29";"1100110552426";"29"
"8188OU_LUA";"29.5";"1100110552433";"29.5"
"8188OU_LUA";"30";"1100110552440";"30"
"8188OU_LUA";"31";"1100110552457";"31"
"82935_BLUE";"40";"1100110188052";"40"
"82935_BLUE";"41";"1100110188069";"41"
"82935_BLUE";"42";"1100110188076";"42"
"82935_BLUE";"43";"1100110188083";"43"
"82935_BLUE";"44";"1100110188090";"44"
"82935_BLUE";"45";"1100110188106";"45"
"8940A_BLACKGREY";"41";"1100110709585";"41"
"8940A_BLACKGREY";"42";"1100110709592";"42"
"8940A_BLACKGREY";"43";"1100110709608";"43"
"8940A_BLACKGREY";"44";"1100110709615";"44"
"8940A_BLACKGREY";"45";"1100110709622";"45"
"8940A_BLACKGREY";"46";"1100110709639";"46"
"8940A_BLACKWHITE";"41";"1100110709646";"41"
"8940A_BLACKWHITE";"42";"1100110709653";"42"
"8940A_BLACKWHITE";"43";"1100110709660";"43"
"8940A_BLACKWHITE";"44";"1100110709677";"44"
"8940A_BLACKWHITE";"45";"1100110709684";"45"
"8940A_BLACKWHITE";"46";"1100110709691";"46"
"8940A_NAVYWHITE";"41";"1100110709707";"41"
"8940A_NAVYWHITE";"42";"1100110709714";"42"
"8940A_NAVYWHITE";"43";"1100110709721";"43"
"8940A_NAVYWHITE";"44";"1100110709738";"44"
"8940A_NAVYWHITE";"45";"1100110709745";"45"
"8940A_NAVYWHITE";"46";"1100110709752";"46"
"900_1BLACK";"36";"1100110507655";"36"
"900_1BLACK";"37";"1100110507662";"37"
"900_1BLACK";"38";"1100110507679";"38"
"900_1BLACK";"39";"1100110507686";"39"
"900_1BLACK";"40";"1100110507693";"40"
"900_1BLACK";"41";"1100110507709";"41"
"900_1BLACK";"42";"1100110507716";"42"
"900_1WHITE";"35";"1100110714282";"35"
"900_1WHITE";"36";"1100110529497";"36"
"900_1WHITE";"37";"1100110529503";"37"
"900_1WHITE";"38";"1100110529510";"38"
"900_1WHITE";"39";"1100110529527";"39"
"900_1WHITE";"40";"1100110529534";"40"
"900_1WHITE";"41";"1100110529541";"41"
"900_1WHITE";"42";"1100110529558";"42"
"902_BLACK";"36";"1100110707611";"36"
"902_BLACK";"37";"1100110707628";"37"
"902_BLACK";"38";"1100110707635";"38"
"902_BLACK";"39";"1100110707642";"39"
"902_BLACK";"40";"1100110707659";"40"
"902_BLACK";"41";"1100110707666";"41"
"902_BLUE";"36";"1100110474803";"36"
"902_BLUE";"37";"1100110474810";"37"
"902_BLUE";"38";"1100110474827";"38"
"902_BLUE";"39";"1100110474834";"39"
"902_BLUE";"40";"1100110474841";"40"
"902_BLUE";"41";"1100110474858";"41"
"902_RED";"36";"1100110474865";"36"
"902_RED";"37";"1100110474872";"37"
"902_RED";"38";"1100110474889";"38"
"902_RED";"39";"1100110474896";"39"
"902_RED";"40";"1100110474902";"40"
"902_RED";"41";"1100110474919";"41"
"902_WHITE";"36";"1100110708960";"36"
"902_WHITE";"37";"1100110708977";"37"
"902_WHITE";"38";"1100110708984";"38"
"902_WHITE";"39";"1100110708991";"39"
"902_WHITE";"40";"1100110709004";"40"
"902_WHITE";"41";"1100110709011";"41"
"905_BLACK";"36";"1100110714145";"36"
"905_BLACK";"37";"1100110714152";"37"
"905_BLACK";"38";"1100110714169";"38"
"905_BLACK";"39";"1100110714176";"39"
"905_BLACK";"40";"1100110714183";"40"
"905_BLACK";"41";"1100110714190";"41"
"912_BLACK";"36";"1100110474988";"36"
"912_BLACK";"37";"1100110474995";"37"
"912_BLACK";"38";"1100110475008";"38"
"912_BLACK";"39";"1100110475015";"39"
"912_BLACK";"40";"1100110475022";"40"
"912_BLACK";"41";"1100110475039";"41"
"912_N_WHITE";"36";"1100110658494";"36"
"912_N_WHITE";"37";"1100110658500";"37"
"912_N_WHITE";"38";"1100110658517";"38"
"912_N_WHITE";"39";"1100110658524";"39"
"912_N_WHITE";"40";"1100110658531";"40"
"912_N_WHITE";"41";"1100110658548";"41"
"950_BLACK";"35";"1100110707604";"35"
"950_BLACK";"36";"1100110495600";"36"
"950_BLACK";"37";"1100110495617";"37"
"950_BLACK";"38";"1100110495624";"38"
"950_BLACK";"39";"1100110495631";"39"
"950_BLACK";"40";"1100110495648";"40"
"950_BLACK";"41";"1100110495655";"41"
"950_BLACK";"42";"1100110708441";"42"
"950_PERLA";"35";"1100110707598";"35"
"950_PERLA";"36";"1100110476074";"36"
"950_PERLA";"37";"1100110476081";"37"
"950_PERLA";"38";"1100110476098";"38"
"950_PERLA";"39";"1100110476104";"39"
"950_PERLA";"40";"1100110476111";"40"
"950_PERLA";"41";"1100110476128";"41"
"950_PERLA";"42";"1100110708434";"42"
"950_WHITE";"35";"1100110674418";"35"
"950_WHITE";"36";"1100110475220";"36"
"950_WHITE";"37";"1100110475237";"37"
"950_WHITE";"38";"1100110475244";"38"
"950_WHITE";"39";"1100110475251";"39"
"950_WHITE";"40";"1100110475268";"40"
"950_WHITE";"41";"1100110475275";"41"
"950_WHITE";"42";"1100110658555";"42"
"953_BLACK";"36";"1100110475169";"36"
"953_BLACK";"37";"1100110475176";"37"
"953_BLACK";"38";"1100110475183";"38"
"953_BLACK";"39";"1100110475190";"39"
"953_BLACK";"40";"1100110475206";"40"
"953_BLACK";"41";"1100110475213";"41"
"953_BLUE";"36";"1100110475046";"36"
"953_BLUE";"37";"1100110475053";"37"
"953_BLUE";"38";"1100110475060";"38"
"953_BLUE";"39";"1100110475077";"39"
"953_BLUE";"40";"1100110475084";"40"
"953_BLUE";"41";"1100110475091";"41"
"953_WHITE";"36";"1100110475107";"36"
"953_WHITE";"37";"1100110475114";"37"
"953_WHITE";"38";"1100110475121";"38"
"953_WHITE";"39";"1100110475138";"39"
"953_WHITE";"40";"1100110475145";"40"
"953_WHITE";"41";"1100110475152";"41"
"95K0783001_NAVY";"36";"1100110663924";"36"
"95K0783001_NAVY";"37";"1100110663931";"37"
"95K0783001_NAVY";"38";"1100110663948";"38"
"95K0783001_NAVY";"39";"1100110663955";"39"
"95K0783001_NAVY";"40";"1100110663962";"40"
"968_BLACK";"36";"1100110646125";"36"
"968_BLACK";"37";"1100110646132";"37"
"968_BLACK";"38";"1100110646149";"38"
"968_BLACK";"39";"1100110646156";"39"
"968_BLACK";"40";"1100110646163";"40"
"968_BLACK";"41";"1100110646170";"41"
"968_BLACK";"42";"1100110646187";"42"
"99966_BLACK";"36";"1100110584267";"36"
"99966_BLACK";"37";"1100110584274";"37"
"99966_BLACK";"38";"1100110584281";"38"
"99966_BLACK";"39";"1100110584298";"39"
"99966_BLACK";"40";"1100110584304";"40"
"99966_BLACK";"41";"1100110584311";"41"
"99966_BLACK";"42";"1100110584328";"42"
"A01_GREEN_N";"36";"1100110237583";"36"
"A01_GREEN_N";"37";"1100110237590";"37"
"A01_GREEN_N";"38";"1100110237606";"38"
"A01_GREEN_N";"39";"1100110237613";"39"
"A01_GREEN_N";"40";"1100110237620";"40"
"A01_GREEN_N";"41";"1100110237637";"41"
"A01_GREEN_N";"42";"1100110237644";"42"
"A01_HEART_C";"";"1100110631794";""
"A01_HEART_C";"36";"1100110376732";"36"
"A01_HEART_C";"37";"1100110376749";"37"
"A01_HEART_C";"38";"1100110376756";"38"
"A01_HEART_C";"39";"1100110376763";"39"
"A01_HEART_C";"40";"1100110376770";"40"
"A01_HEART_C";"41";"1100110376787";"41"
"A01_HEART_C";"42";"1100110376794";"42"
"A01_PINK_C";"36";"1100110371140";"36"
"A01_PINK_C";"37";"1100110371157";"37"
"A01_PINK_C";"38";"1100110371164";"38"
"A01_PINK_C";"39";"1100110371171";"39"
"A01_PINK_C";"40";"1100110371188";"40"
"A01_PINK_C";"41";"1100110371195";"41"
"A01_PINK_C";"42";"1100110371201";"42"
"A01_PINK_C1";"36";"1100110458476";"36"
"A01_PINK_C1";"37";"1100110458483";"37"
"A01_PINK_C1";"38";"1100110458490";"38"
"A01_PINK_C1";"39";"1100110458506";"39"
"A01_PINK_C1";"40";"1100110458513";"40"
"A01_PINK_C1";"41";"1100110458520";"41"
"A01_PINK_C1";"42";"1100110458537";"42"
"A01_RED_C";"36";"1100110361608";"36"
"A01_RED_C";"37";"1100110361615";"37"
"A01_RED_C";"38";"1100110361622";"38"
"A01_RED_C";"39";"1100110361639";"39"
"A01_RED_C";"40";"1100110361646";"40"
"A01_RED_C";"41";"1100110361653";"41"
"A01_RED_C";"42";"1100110361660";"42"
"A06_SILVER_C";"36";"1100110361813";"36"
"A06_SILVER_C";"37";"1100110361820";"37"
"A06_SILVER_C";"38";"1100110361837";"38"
"A06_SILVER_C";"39";"1100110361844";"39"
"A06_SILVER_C";"40";"1100110361851";"40"
"A06_SILVER_C";"41";"1100110361868";"41"
"A06_SILVER_C";"42";"1100110361875";"42"
"A200_GREEN_1C";"36";"1100110568922";"36"
"A200_GREEN_1C";"37";"1100110568939";"37"
"A200_GREEN_1C";"38";"1100110568946";"38"
"A200_GREEN_1C";"39";"1100110568953";"39"
"A200_GREEN_1C";"40";"1100110568960";"40"
"A200_GREEN_1C";"41";"1100110568977";"41"
"A200_GREEN_1C";"42";"1100110568984";"42"
"A270_WHITE";"27";"1100110713940";"27"
"A270_WHITE";"28";"1100110713957";"28"
"A270_WHITE";"29";"1100110713964";"29"
"A270_WHITE";"30";"1100110713971";"30"
"A270_WHITE";"31";"1100110713988";"31"
"A270_WHITE";"32";"1100110713995";"32"
"A270_WHITE";"33";"1100110714008";"33"
"A270_WHITE";"34";"1100110714015";"34"
"A270_WHITE";"35";"1100110714022";"35"
"A270_WHITE";"36";"1100110714039";"36"
"A66_BLACK";"36";"1100110666048";"36"
"A66_BLACK";"37";"1100110666055";"37"
"A66_BLACK";"38";"1100110666062";"38"
"A66_BLACK";"39";"1100110666079";"39"
"A66_BLACK";"40";"1100110666086";"40"
"A66_BLACK";"41";"1100110666093";"41"
"A66_BLACKW";"36";"1100110713667";"36"
"A66_BLACKW";"37";"1100110713674";"37"
"A66_BLACKW";"38";"1100110713681";"38"
"A66_BLACKW";"39";"1100110713698";"39"
"A66_BLACKW";"40";"1100110713704";"40"
"A66_BLACKW";"41";"1100110713711";"41"
"A66_GREY";"36";"1100110716668";"36"
"A66_GREY";"37";"1100110716675";"37"
"A66_GREY";"38";"1100110716682";"38"
"A66_GREY";"39";"1100110716699";"39"
"A66_GREY";"40";"1100110716705";"40"
"A66_GREY";"41";"1100110716712";"41"
"A66_WHITE";"36";"1100110713728";"36"
"A66_WHITE";"37";"1100110713735";"37"
"A66_WHITE";"38";"1100110713742";"38"
"A66_WHITE";"39";"1100110713759";"39"
"A66_WHITE";"40";"1100110713766";"40"
"A66_WHITE";"41";"1100110713773";"41"
"A67_BLACK";"41";"1100110716514";"41"
"A67_BLACK";"42";"1100110716521";"42"
"A67_BLACK";"43";"1100110716538";"43"
"A67_BLACK";"44";"1100110716545";"44"
"A67_BLACK";"45";"1100110716552";"45"
"A67_BLACK";"46";"1100110716569";"46"
"A67_BLACKW";"41";"1100110713780";"41"
"A67_BLACKW";"42";"1100110713797";"42"
"A67_BLACKW";"43";"1100110713803";"43"
"A67_BLACKW";"44";"1100110713810";"44"
"A67_BLACKW";"45";"1100110713827";"45"
"A67_BLACKW";"46";"1100110713834";"46"
"A8358_RED";"31";"1100110230065";"31"
"A8358_RED";"32";"1100110230072";"32"
"A8358_RED";"33";"1100110230089";"33"
"A8358_RED";"34";"1100110230096";"34"
"A8358_RED";"35";"1100110230102";"35"
"A8358_RED";"36";"1100110230119";"36"
"A8369_PINK";"31";"1100110230188";"31"
"A8369_PINK";"32";"1100110230195";"32"
"A8369_PINK";"33";"1100110230201";"33"
"A8369_PINK";"34";"1100110230218";"34"
"A8369_PINK";"35";"1100110230225";"35"
"A8369_PINK";"36";"1100110230232";"36"
"AA01_2_TERAKOTA";"36";"1100110683090";"36"
"AA01_2_TERAKOTA";"37";"1100110683106";"37"
"AA01_2_TERAKOTA";"38";"1100110683113";"38"
"AA01_2_TERAKOTA";"39";"1100110683120";"39"
"AA01_2_TERAKOTA";"40";"1100110683137";"40"
"AA01_2_TERAKOTA";"41";"1100110683144";"41"
"AA01_2_TERAKOTA";"42";"1100110683151";"42"
"AA01_B_SILVER";"36";"1100110697080";"36"
"AA01_B_SILVER";"37";"1100110697097";"37"
"AA01_B_SILVER";"38";"1100110697103";"38"
"AA01_B_SILVER";"39";"1100110697110";"39"
"AA01_B_SILVER";"40";"1100110697127";"40"
"AA01_B_SILVER";"41";"1100110697134";"41"
"AA01_B_SILVER";"42";"1100110697141";"42"
"AA01_BEIGE";"36";"1100110527226";"36"
"AA01_BEIGE";"37";"1100110527233";"37"
"AA01_BEIGE";"38";"1100110527240";"38"
"AA01_BEIGE";"39";"1100110527257";"39"
"AA01_BEIGE";"40";"1100110527264";"40"
"AA01_BEIGE";"41";"1100110527271";"41"
"AA01_BEIGE";"42";"1100110527288";"42"
"AA01_BLACK";"36";"1100110674623";"36"
"AA01_BLACK";"37";"1100110674630";"37"
"AA01_BLACK";"38";"1100110674647";"38"
"AA01_BLACK";"39";"1100110674654";"39"
"AA01_BLACK";"40";"1100110674661";"40"
"AA01_BLACK";"41";"1100110674678";"41"
"AA01_BLACK";"42";"1100110674685";"42"
"AA01_BLACKPUDER";"36";"1100110707741";"36"
"AA01_BLACKPUDER";"37";"1100110707758";"37"
"AA01_BLACKPUDER";"38";"1100110707765";"38"
"AA01_BLACKPUDER";"39";"1100110707772";"39"
"AA01_BLACKPUDER";"40";"1100110707789";"40"
"AA01_BLACKPUDER";"41";"1100110707796";"41"
"AA01_BLACKPUDER";"42";"1100110707802";"42"
"AA01_P_GOLD";"36";"1100110699442";"36"
"AA01_P_GOLD";"37";"1100110699459";"37"
"AA01_P_GOLD";"38";"1100110699466";"38"
"AA01_P_GOLD";"39";"1100110699473";"39"
"AA01_P_GOLD";"40";"1100110699480";"40"
"AA01_P_GOLD";"41";"1100110699497";"41"
"AA01_P_GOLD";"42";"1100110699503";"42"
"AA01_SILVER";"36";"1100110534774";"36"
"AA01_SILVER";"37";"1100110534781";"37"
"AA01_SILVER";"38";"1100110534798";"38"
"AA01_SILVER";"39";"1100110534804";"39"
"AA01_SILVER";"40";"1100110534811";"40"
"AA01_SILVER";"41";"1100110534828";"41"
"AA01_SILVER";"42";"1100110534835";"42"
"AA01_SILVERWHT";"36";"1100110713377";"36"
"AA01_SILVERWHT";"37";"1100110713384";"37"
"AA01_SILVERWHT";"38";"1100110713391";"38"
"AA01_SILVERWHT";"40";"1100110713414";"40"
"AA01_SILVERWHT";"41";"1100110713421";"41"
"AA01_SILVERWHT";"42";"1100110713438";"42"
"AA200_PERLAWHITE";"36";"1100110714213";"36"
"AA200_PERLAWHITE";"37";"1100110714220";"37"
"AA200_PERLAWHITE";"38";"1100110714237";"38"
"AA200_PERLAWHITE";"39";"1100110714244";"39"
"AA200_PERLAWHITE";"40";"1100110714251";"40"
"AA200_PERLAWHITE";"41";"1100110714268";"41"
"AA200_PERLAWHITE";"42";"1100110714275";"42"
"AB7788_NAVY";"36";"1100110154484";"36"
"AB7788_NAVY";"37";"1100110154491";"37"
"AB7788_NAVY";"38";"1100110154507";"38"
"AB7788_NAVY";"39";"1100110154514";"39"
"AB7788_NAVY";"40";"1100110154521";"40"
"AB7788_NAVY";"41";"1100110154538";"41"
"AB7788_NAVY";"42";"1100110154583";"42"
"AB7788_NAVY";"43";"1100110154590";"43"
"AB7788_NAVY";"44";"1100110154606";"44"
"AB7788_NAVY";"45";"1100110154613";"45"
"AC011_RED";"36";"1100110078001";"36"
"AC011_RED";"37";"1100110078018";"37"
"AC011_RED";"38";"1100110078025";"38"
"AC011_RED";"39";"1100110078032";"39"
"AC011_RED";"40";"1100110078049";"40"
"AC011_RED";"41";"1100110078056";"41"
"ACROLOO_12_PINK";"24-25";"1100110432407";"24/25"
"ACROLOO_12_PINK";"26-27";"1100110432414";"26/27"
"ACROLOO_12_PINK";"28-29";"1100110432421";"28/29"
"ACROLOO_12_PINK";"30-31";"1100110432438";"30/31"
"AFZAL_BROWN";"41";"1100110291011";"41"
"AFZAL_BROWN";"42";"1100110291028";"42"
"AFZAL_BROWN";"43";"1100110291035";"43"
"AFZAL_BROWN";"44";"1100110291042";"44"
"AFZAL_BROWN";"45";"1100110291059";"45"
"AFZAL_BROWN";"46";"1100110291066";"46"
"AFZAL_GREY";"41";"1100110291073";"41"
"AFZAL_GREY";"42";"1100110291080";"42"
"AFZAL_GREY";"43";"1100110291097";"43"
"AFZAL_GREY";"44";"1100110291103";"44"
"AFZAL_GREY";"45";"1100110291110";"45"
"AFZAL_GREY";"46";"1100110291127";"46"
"AK0137_03_BLUE";"30";"1100110079305";"30"
"AK0137_03_BLUE";"31";"1100110079312";"31"
"AK0137_03_BLUE";"32";"1100110079329";"32"
"AK0137_03_BLUE";"33";"1100110079336";"33"
"AK0137_03_BLUE";"34";"1100110079343";"34"
"AK0137_03_BLUE";"35";"1100110079350";"35"
"ALEX_GREY";"34";"1100110651334";"34"
"ALEX_GREY";"35";"1100110651341";"35"
"ALEX_GREY";"36";"1100110651358";"36"
"ALEX_GREY";"37";"1100110651365";"37"
"ALEX_GREY";"38";"1100110651372";"38"
"AMY_BROWN";"37";"1100110173003";"37"
"AMY_BROWN";"38";"1100110173010";"38"
"AMY_BROWN";"39";"1100110173027";"39"
"AMY_BROWN";"40";"1100110173034";"40"
"AMY_BROWN";"41";"1100110173041";"41"
"AMY_BROWN";"42";"1100110173058";"42"
"ARLA_BLACK";"37";"1100110708564";"37"
"ARLA_BLACK";"38";"1100110708571";"38"
"ARLA_BLACK";"39";"1100110708588";"39"
"ARLA_BLACK";"40";"1100110708595";"40"
"ARLA_BLACK";"41";"1100110708601";"41"
"ARLA_FUXIA";"37";"1100110708519";"37"
"ARLA_FUXIA";"38";"1100110708526";"38"
"ARLA_FUXIA";"39";"1100110708533";"39"
"ARLA_FUXIA";"40";"1100110708540";"40"
"ARLA_FUXIA";"41";"1100110708557";"41"
"ARLA_PURPLE";"37";"1100110708465";"37"
"ARLA_PURPLE";"38";"1100110708472";"38"
"ARLA_PURPLE";"39";"1100110708489";"39"
"ARLA_PURPLE";"40";"1100110708496";"40"
"ARLA_PURPLE";"41";"1100110708502";"41"
"ASPEN_NAVY_1";"24";"1100110467270";"24"
"ASPEN_NAVY_1";"25";"1100110467287";"25"
"ASPEN_NAVY_1";"26";"1100110467294";"26"
"ASPEN_NAVY_1";"27";"1100110467300";"27"
"ASPEN_NAVY_1";"28";"1100110467317";"28"
"ASPEN_NAVY_1";"29";"1100110393623";"29"
"ASPEN_NAVY_1";"30";"1100110393630";"30"
"ASPEN_NAVY_1";"31";"1100110393647";"31"
"ASPEN_NAVY_1";"32";"1100110393654";"32"
"ASPEN_NAVY_1";"33";"1100110393661";"33"
"ASPEN_NAVY_1";"34";"1100110393678";"34"
"ASPEN_NAVY_1";"35";"1100110393685";"35"
"AYLA_BLUE";"37";"1100110290892";"37"
"AYLA_BLUE";"38";"1100110290908";"38"
"AYLA_BLUE";"39";"1100110290915";"39"
"AYLA_BLUE";"40";"1100110290922";"40"
"AYLA_BLUE";"41";"1100110290939";"41"
"AYLA_BLUE";"42";"1100110290946";"42"
"AYLA_BROWN";"37";"1100110290779";"37"
"AYLA_BROWN";"38";"1100110290786";"38"
"AYLA_BROWN";"39";"1100110290793";"39"
"AYLA_BROWN";"40";"1100110290809";"40"
"AYLA_BROWN";"41";"1100110290816";"41"
"AYLA_BROWN";"42";"1100110290823";"42"
"AYLA_GREY";"37";"1100110290830";"37"
"AYLA_GREY";"38";"1100110290847";"38"
"AYLA_GREY";"39";"1100110290854";"39"
"AYLA_GREY";"40";"1100110290861";"40"
"AYLA_GREY";"41";"1100110290878";"41"
"AYLA_GREY";"42";"1100110290885";"42"
"B02_BLACK";"40";"1100110641021";"40"
"B02_BLACK";"41";"1100110641038";"41"
"B02_BLACK";"42";"1100110641045";"42"
"B02_BLACK";"43";"1100110641052";"43"
"B02_BLACK";"44";"1100110641069";"44"
"B02_BLACK";"45";"1100110641076";"45"
"B02_BLACK";"46";"1100110641083";"46"
"B104_PINKI";"25";"1100110512611";"25"
"B104_PINKI";"26";"1100110512628";"26"
"B104_PINKI";"27";"1100110512635";"27"
"B104_PINKI";"28";"1100110512642";"28"
"B104_PINKI";"29";"1100110512659";"29"
"B104_PINKI";"30";"1100110512666";"30"
"B104_PINKI";"31";"1100110512673";"31"
"B104_PINKI";"32";"1100110512680";"32"
"B104_PINKI";"33";"1100110512697";"33"
"B104_PINKI";"34";"1100110512703";"34"
"B104_PINKI";"35";"1100110512710";"35"
"B104_PINKI";"36";"1100110512727";"36"
"B142_BLACK";"25";"1100110512253";"25"
"B142_BLACK";"26";"1100110512260";"26"
"B142_BLACK";"27";"1100110512277";"27"
"B142_BLACK";"28";"1100110512284";"28"
"B142_BLACK";"29";"1100110512291";"29"
"B142_BLACK";"30";"1100110512307";"30"
"B142_BLACK";"31";"1100110512314";"31"
"B142_BLACK";"32";"1100110512321";"32"
"B142_BLACK";"33";"1100110512338";"33"
"B142_BLACK";"34";"1100110512345";"34"
"B142_BLACK";"35";"1100110512352";"35"
"B142_BLACK";"36";"1100110512369";"36"
"B185230_GREY";"21";"1100110509666";"21"
"B185230_GREY";"22";"1100110509673";"22"
"B185230_GREY";"23";"1100110509680";"23"
"B185230_GREY";"24";"1100110509697";"24"
"B185230_GREY";"25";"1100110509703";"25"
"B185230_GREY";"26";"1100110509710";"26"
"B186870_BROWN";"28";"1100110509727";"28"
"B186870_BROWN";"29";"1100110509734";"29"
"B186870_BROWN";"30";"1100110509741";"30"
"B186870_BROWN";"31";"1100110509758";"31"
"B186870_BROWN";"32";"1100110509765";"32"
"B186870_BROWN";"33";"1100110509772";"33"
"B186870_BROWN";"34";"1100110509789";"34"
"B186870_BROWN";"35";"1100110509796";"35"
"B429463_BLACK";"36";"1100110493545";"36"
"B429463_BLACK";"37";"1100110493552";"37"
"B429463_BLACK";"38";"1100110493569";"38"
"B429463_BLACK";"39";"1100110493576";"39"
"B429463_BLACK";"40";"1100110493583";"40"
"B429463_BLACK";"41";"1100110493590";"41"
"B821203_BEIGE";"36";"1100110493422";"36"
"B821203_BEIGE";"37";"1100110493439";"37"
"B821203_BEIGE";"38";"1100110493446";"38"
"B821203_BEIGE";"39";"1100110493453";"39"
"B821203_BEIGE";"40";"1100110493460";"40"
"B821203_BEIGE";"41";"1100110493477";"41"
"B850060_PINK";"28";"1100110510464";"28"
"B850060_PINK";"29";"1100110510471";"29"
"B850060_PINK";"30";"1100110510488";"30"
"B850060_PINK";"31";"1100110510495";"31"
"B850060_PINK";"32";"1100110510501";"32"
"B850060_PINK";"33";"1100110510518";"33"
"B850060_PINK";"34";"1100110510525";"34"
"B850060_PINK";"35";"1100110510532";"35"
"B851340_BLACK";"36";"1100110510549";"36"
"B851340_BLACK";"37";"1100110510556";"37"
"B851340_BLACK";"38";"1100110510563";"38"
"B851340_BLACK";"39";"1100110510570";"39"
"B851340_BLACK";"40";"1100110510587";"40"
"B851340_BLACK";"41";"1100110510594";"41"
"B859270_NAVY";"28";"1100110492784";"28"
"B859270_NAVY";"29";"1100110492791";"29"
"B859270_NAVY";"30";"1100110492807";"30"
"B859270_NAVY";"31";"1100110492814";"31"
"B859270_NAVY";"32";"1100110492821";"32"
"B859270_NAVY";"33";"1100110492838";"33"
"B859270_NAVY";"34";"1100110492845";"34"
"B859270_NAVY";"35";"1100110492852";"35"
"B862280_NAVY";"36";"1100110493484";"36"
"B862280_NAVY";"37";"1100110493491";"37"
"B862280_NAVY";"38";"1100110493507";"38"
"B862280_NAVY";"39";"1100110493514";"39"
"B862280_NAVY";"40";"1100110493521";"40"
"B862280_NAVY";"41";"1100110493538";"41"
"B893695_NAVY";"22";"1100110511300";"22"
"B893695_NAVY";"23";"1100110511317";"23"
"B893695_NAVY";"24";"1100110511324";"24"
"B893695_NAVY";"25";"1100110511331";"25"
"B893695_NAVY";"26";"1100110511348";"26"
"B893695_NAVY";"27";"1100110511355";"27"
"B907240_GREY";"22";"1100110511485";"22"
"B907240_GREY";"23";"1100110511492";"23"
"B907240_GREY";"24";"1100110511508";"24"
"B907240_GREY";"25";"1100110511515";"25"
"B907240_GREY";"26";"1100110511522";"26"
"B907240_GREY";"27";"1100110511539";"27"
"B9350_BLACK";"36";"1100110584724";"36"
"B9350_BLACK";"37";"1100110584731";"37"
"B9350_BLACK";"38";"1100110584748";"38"
"B9350_BLACK";"39";"1100110584755";"39"
"B9350_BLACK";"40";"1100110584762";"40"
"B9350_BLACK";"41";"1100110584779";"41"
"B9350_BLACK";"42";"1100110584786";"42"
"BALIS_SILVER";"36";"1100110108906";"36"
"BALIS_SILVER";"37";"1100110108913";"37"
"BALIS_SILVER";"38";"1100110108920";"38"
"BALIS_SILVER";"39";"1100110108937";"39"
"BALIS_SILVER";"40";"1100110108944";"40"
"BALIS_SILVER";"41";"1100110108951";"41"
"BE67054102_BLUE";"11-12";"1100110440105";"11/12"
"BE67054102_BLUE";"5-6";"1100110440075";"5/6"
"BE67054102_BLUE";"7-8";"1100110440082";"7/8"
"BE67054102_BLUE";"9-10";"1100110440099";"9/10"
"BE67054102_BLUE";"L";"1100110440136";"L"
"BE67054102_BLUE";"M";"1100110440129";"M"
"BE67054102_BLUE";"S";"1100110440112";"S"
"BE67054102_BLUE";"XL";"1100110440143";"XL"
"BE67054102_BLUE";"XXL";"1100110440150";"XXL"
"BG166_RED";"36";"1100110708670";"36"
"BG166_RED";"37";"1100110708687";"37"
"BG166_RED";"38";"1100110708694";"38"
"BG166_RED";"39";"1100110708700";"39"
"BG166_RED";"40";"1100110708717";"40"
"BG166_RED";"41";"1100110708724";"41"
"BKKX7110_BLACK";"36";"1100110616227";"36"
"BKKX7110_BLACK";"37";"1100110616234";"37"
"BKKX7110_BLACK";"38";"1100110616241";"38"
"BKKX7110_BLACK";"39";"1100110616258";"39"
"BKKX7110_BLACK";"40";"1100110616265";"40"
"BKKX7110_BLACK";"41";"1100110616272";"41"
"BORKUM_42FLOWER";"36";"1100110716439";"36"
"BORKUM_42FLOWER";"37";"1100110716446";"37"
"BORKUM_42FLOWER";"38";"1100110716453";"38"
"BORKUM_42FLOWER";"39";"1100110716460";"39"
"BORKUM_42FLOWER";"40";"1100110716477";"40"
"BORKUM_42FLOWER";"41";"1100110716484";"41"
"BORKUM_42FLOWER";"42";"1100110716491";"42"
"BORKUM_42FLOWER";"43";"1100110716507";"43"
"BORKUM_RED";"36";"1100110701022";"36"
"BORKUM_RED";"37";"1100110701039";"37"
"BORKUM_RED";"38";"1100110701046";"38"
"BORKUM_RED";"39";"1100110701053";"39"
"BORKUM_RED";"40";"1100110701060";"40"
"BORKUM_RED";"41";"1100110701077";"41"
"BORKUM_RED";"42";"1100110701084";"42"
"BORKUM_RED";"43";"1100110701091";"43"
"C128C_RED";"37";"1100110426291";"37"
"C128C_RED";"38";"1100110426307";"38"
"C128C_RED";"39";"1100110426314";"39"
"C128C_RED";"40";"1100110426321";"40"
"C128C_RED";"41";"1100110426338";"41"
"C2455_BEIGE";"";"1100110578303";"XY"
"C8051_BLACK";"35";"1100110547071";"35"
"C8051_BLACK";"36";"1100110547088";"36"
"C8051_BLACK";"37";"1100110547095";"37"
"C8051_BLACK";"38";"1100110547101";"38"
"C8051_BLACK";"39";"1100110547118";"39"
"C8051_BLACK";"40";"1100110547125";"40"
"C882_BLACK";"36";"1100110620279";"36"
"C882_BLACK";"37";"1100110620286";"37"
"C882_BLACK";"38";"1100110620293";"38"
"C882_BLACK";"39";"1100110620309";"39"
"C882_BLACK";"40";"1100110620316";"40"
"C882_BLACK";"41";"1100110620323";"41"
"C882_BLACK";"42";"1100110620330";"42"
"CA65024201";"";"2555555550114";""
"CA65024201";"3-4";"1100110037183";"3/4"
"CA65024201";"5-6";"1100110137555";"5/6"
"CA65024201";"5XL";"1100110137548";"5XL"
"CA65024201";"XL";"1100110076946";"XL"
"CA65024201";"XXXXL";"1100110076953";"XXXXL"
"CA65024201_WHITE";"11-12";"1100110482440";"11/12"
"CA65024201_WHITE";"3-4";"1100110482501";"3/4"
"CA65024201_WHITE";"5-6";"1100110482556";"5/6"
"CA65024201_WHITE";"5XL";"1100110482549";"5XL"
"CA65024201_WHITE";"7-8";"1100110482426";"7/8"
"CA65024201_WHITE";"9-10";"1100110482433";"9/10"
"CA65024201_WHITE";"L";"1100110482471";"L"
"CA65024201_WHITE";"M";"1100110482464";"M"
"CA65024201_WHITE";"S";"1100110482457";"S"
"CA65024201_WHITE";"XL";"1100110482525";"XL"
"CA65024201_WHITE";"XXL";"1100110482488";"XXL"
"CA65024201_WHITE";"XXXL";"1100110482518";"XXXL"
"CA65024201_WHITE";"XXXXL";"1100110482532";"XXXXL"
"CH133U01_02";"27-30";"1100110529831";"27/30"
"CH133U01_02";"31-33";"1100110316356";"31/33"
"CH133U01_02";"34-36";"1100110207869";"34/36"
"CH133U01_02";"36-38";"1100110123466";"36-38"
"CH133U01_02";"39-41";"1100110123473";"39-41"
"CH133U01_02";"42-44";"1100110123480";"42-44"
"CH133U01_02";"45-47";"1100110123497";"45-47"
"CH133U01_04_MIX";"27-30";"1100110529954";"27/30"
"CH133U01_04_MIX";"31-33";"1100110529930";"31/33"
"CH133U01_04_MIX";"34-36";"1100110529947";"34/36"
"CH133U01_04_MIX";"36-38";"1100110529893";"36-38"
"CH133U01_04_MIX";"39-41";"1100110529909";"39-41"
"CH133U01_04_MIX";"42-44";"1100110529916";"42-44"
"CH133U01_04_MIX";"45-47";"1100110529923";"45-47"
"CH133U03_01_WHITE";"27-30";"1100110530004";"27/30"
"CH133U03_01_WHITE";"31-33";"1100110530011";"31/33"
"CH133U03_01_WHITE";"34-36";"1100110530028";"34/36"
"CH133U03_01_WHITE";"36-38";"1100110529961";"36-38"
"CH133U03_01_WHITE";"39-41";"1100110529978";"39-41"
"CH133U03_01_WHITE";"42-44";"1100110529985";"42-44"
"CH133U03_01_WHITE";"45-47";"1100110529992";"45-47"
"CH133U03_02";"27-30";"1100110308214";"27/30"
"CH133U03_02";"31-33";"1100110308221";"31/33"
"CH133U03_02";"34-36";"1100110308238";"34/36"
"CH133U03_02";"36-38";"1100110134097";"36-38"
"CH133U03_02";"39-41";"1100110134103";"39-41"
"CH133U03_02";"42-44";"1100110134110";"42-44"
"CH133U03_02";"45-47";"1100110134127";"45-47"
"CH133U03_02_BLACK";"27-30";"1100110530073";"27/30"
"CH133U03_02_BLACK";"31-33";"1100110530080";"31/33"
"CH133U03_02_BLACK";"34-36";"1100110530097";"34/36"
"CH133U03_02_BLACK";"36-38";"1100110530035";"36-38"
"CH133U03_02_BLACK";"39-41";"1100110530042";"39-41"
"CH133U03_02_BLACK";"42-44";"1100110530059";"42-44"
"CH133U03_02_BLACK";"45-47";"1100110530066";"45-47"
"CH133U03_03";"27-30";"1100110326317";"27/30"
"CH133U03_03";"31-33";"1100110326324";"31/33"
"CH133U03_03";"34-36";"1100110326300";"34/36"
"CH133U03_03";"36-38";"1100110326263";"36-38"
"CH133U03_03";"39-41";"1100110326270";"39-41"
"CH133U03_03";"42-44";"1100110326287";"42-44"
"CH133U03_03";"45-47";"1100110326294";"45-47"
"CH133U03_04";"34-36";"1100110316394";"34/36"
"CH133U03_04";"36-38";"1100110153616";"36-38"
"CH133U03_04";"39-41";"1100110153623";"39-41"
"CH133U03_04";"42-44";"1100110153630";"42-44"
"CH133U03_04";"45-47";"1100110153647";"45-47"
"CH133U03_04_MIX";"27-30";"1100110530233";"27/30"
"CH133U03_04_MIX";"31-33";"1100110530226";"31/33"
"CH133U03_04_MIX";"34-36";"1100110530219";"34/36"
"CH133U03_04_MIX";"36-38";"1100110530172";"36-38"
"CH133U03_04_MIX";"39-41";"1100110530189";"39-41"
"CH133U03_04_MIX";"42-44";"1100110530196";"42-44"
"CH133U03_04_MIX";"45-47";"1100110530202";"45-47"
"CHE241F307_10";"27-30";"1100110634207";"27/30"
"CHE241F307_10";"31-33";"1100110634214";"31/33"
"CHE241F307_10";"34-36";"1100110634221";"34/36"
"CHE241F307_10";"36-38";"1100110634238";"36/38"
"CHE241F307_10";"39-41";"1100110634245";"39/41"
"CHE241F307_1X";"27-30";"1100110634306";"27/30"
"CHE241F307_1X";"31-33";"1100110634313";"31/33"
"CHE241F307_1X";"34-36";"1100110634320";"34/36"
"CHE241F307_1X";"36-38";"1100110634337";"36/38"
"CHE241F307_1X";"39-41";"1100110634344";"39/41"
"CHE241U301_01";"27-30";"1100110634351";"27/30"
"CHE241U301_01";"31-33";"1100110634368";"31/33"
"CHE241U301_01";"34-36";"1100110634375";"34/36"
"CHE241U301_01";"36-38";"1100110634382";"36/38"
"CHE241U301_01";"39-41";"1100110634399";"39/41"
"CHE241U301_01";"42-44";"1100110634405";"42/44"
"CHE241U301_01";"45-47";"1100110634412";"45/47"
"CHE241U301_03";"36-38";"1100110634450";"36/38"
"CHE241U301_03";"39-41";"1100110634467";"39/41"
"CHE241U301_03";"42-44";"1100110634474";"42/44"
"CHE241U301_03";"45-47";"1100110634481";"45/47"
"CHE241U301_10";"27-30";"1100110634498";"27/30"
"CHE241U301_10";"31-33";"1100110634504";"31/33"
"CHE241U301_10";"34-36";"1100110634511";"34/36"
"CHE241U301_10";"36-38";"1100110634528";"36/38"
"CHE241U301_10";"39-41";"1100110634535";"39/41"
"CHE241U301_10";"42-44";"1100110634542";"42/44"
"CHE241U301_10";"45-47";"1100110634559";"45/47"
"CHE241U301_1X";"27-30";"1100110634566";"27/30"
"CHE241U301_1X";"31-33";"1100110634573";"31/33"
"CHE241U301_1X";"34-36";"1100110634580";"34/36"
"CHE241U301_1X";"36-38";"1100110634597";"36/38"
"CHE241U301_1X";"39-41";"1100110634603";"39/41"
"CHE241U301_1X";"42-44";"1100110634610";"42/44"
"CHE241U301_1X";"45-47";"1100110634627";"45/47"
"CHE241U303_01";"27-30";"1100110634634";"27/30"
"CHE241U303_01";"31-33";"1100110634641";"31/33"
"CHE241U303_01";"34-36";"1100110634658";"34/36"
"CHE241U303_01";"36-38";"1100110634665";"36/38"
"CHE241U303_01";"39-41";"1100110634672";"39/41"
"CHE241U303_01";"42-44";"1100110634689";"42/44"
"CHE241U303_01";"45-47";"1100110634696";"45/47"
"CHE241U303_03";"27-30";"1100110634702";"27/30"
"CHE241U303_03";"31-33";"1100110634719";"31/33"
"CHE241U303_03";"34-36";"1100110634726";"34/36"
"CHE241U303_03";"36-38";"1100110634733";"36/38"
"CHE241U303_03";"39-41";"1100110634740";"39/41"
"CHE241U303_03";"42-44";"1100110634757";"42/44"
"CHE241U303_03";"45-47";"1100110634764";"45/47"
"CHE241U303_10";"27-30";"1100110634771";"27/30"
"CHE241U303_10";"31-33";"1100110634788";"31/33"
"CHE241U303_10";"34-36";"1100110634795";"34/36"
"CHE241U303_10";"36-38";"1100110634801";"36/38"
"CHE241U303_10";"39-41";"1100110634818";"39/41"
"CHE241U303_10";"42-44";"1100110634825";"42/44"
"CHE241U303_10";"45-47";"1100110634832";"45/47"
"CHE241U303_1X";"27-30";"1100110634849";"27/30"
"CHE241U303_1X";"31-33";"1100110634856";"31/33"
"CHE241U303_1X";"34-36";"1100110634863";"34/36"
"CHE241U303_1X";"36-38";"1100110634870";"36/38"
"CHE241U303_1X";"39-41";"1100110634887";"39/41"
"CHE241U303_1X";"42-44";"1100110634894";"42/44"
"CHE241U303_1X";"45-47";"1100110634900";"45/47"
"CHE241U305_01";"27-30";"1100110634917";"27/30"
"CHE241U305_01";"31-33";"1100110634924";"31/33"
"CHE241U305_01";"34-36";"1100110634931";"34/36"
"CHE241U305_01";"36-38";"1100110634948";"36/38"
"CHE241U305_01";"39-41";"1100110634955";"39/41"
"CHE241U305_01";"42-44";"1100110634962";"42/44"
"CHE241U305_01";"45-47";"1100110634979";"45/47"
"CHE241U305_03";"27-30";"1100110634986";"27/30"
"CHE241U305_03";"31-33";"1100110634993";"31/33"
"CHE241U305_03";"34-36";"1100110635006";"34/36"
"CHE241U305_03";"36-38";"1100110635013";"36/38"
"CHE241U305_03";"39-41";"1100110635020";"39/41"
"CHE241U305_03";"42-44";"1100110635037";"42/44"
"CHE241U305_03";"45-47";"1100110635044";"45/47"
"CHE241U305_10";"27-30";"1100110635051";"27/30"
"CHE241U305_10";"31-33";"1100110635068";"31/33"
"CHE241U305_10";"34-36";"1100110635075";"34/36"
"CHE241U305_10";"36-38";"1100110635082";"36/38"
"CHE241U305_10";"39-41";"1100110635099";"39/41"
"CHE241U305_10";"42-44";"1100110635105";"42/44"
"CHE241U305_10";"45-47";"1100110635112";"45/47"
"CHF241B125_10_WHITE";"22";"1100110675514";"22"
"CHF241B125_10_WHITE";"23";"1100110675521";"23"
"CHF241B125_10_WHITE";"24";"1100110675538";"24"
"CHF241B125_10_WHITE";"25";"1100110675545";"25"
"CHF241B125_10_WHITE";"26";"1100110675552";"26"
"CHF241B125_10_WHITE";"27";"1100110675569";"27"
"CHF241B150_02";"28";"1100110559630";"28"
"CHF241B150_02";"29";"1100110559647";"29"
"CHF241B150_02";"30";"1100110559654";"30"
"CHF241B150_02";"31";"1100110559661";"31"
"CHF241B150_02";"32";"1100110559678";"32"
"CHF241B150_02";"33";"1100110559685";"33"
"CHF241B150_02";"34";"1100110559692";"34"
"CHF241B150_02";"35";"1100110559708";"35"
"CHF241B403_06";"28";"1100110565884";"28"
"CHF241B403_06";"29";"1100110565891";"29"
"CHF241B403_06";"30";"1100110565907";"30"
"CHF241B403_06";"31";"1100110565914";"31"
"CHF241B403_06";"32";"1100110565921";"32"
"CHF241B403_06";"33";"1100110565938";"33"
"CHF241G125_08_WHITE";"22";"1100110675576";"22"
"CHF241G125_08_WHITE";"23";"1100110675583";"23"
"CHF241G125_08_WHITE";"24";"1100110675590";"24"
"CHF241G125_08_WHITE";"25";"1100110675606";"25"
"CHF241G125_08_WHITE";"26";"1100110675613";"26"
"CHF241G125_08_WHITE";"27";"1100110675620";"27"
"CHF241G151_10";"28";"1100110629401";"28"
"CHF241G151_10";"29";"1100110629418";"29"
"CHF241G151_10";"30";"1100110629425";"30"
"CHF241G151_10";"31";"1100110629432";"31"
"CHF241G151_10";"32";"1100110629449";"32"
"CHF241G151_10";"33";"1100110629456";"33"
"CHF241G151_10";"34";"1100110629463";"34"
"CHF241G151_10";"35";"1100110629470";"35"
"CHF241M100_01";"40";"1100110629487";"40"
"CHF241M100_01";"41";"1100110629494";"41"
"CHF241M100_01";"42";"1100110629500";"42"
"CHF241M100_01";"43";"1100110629517";"43"
"CHF241M100_01";"44";"1100110629524";"44"
"CHF241M100_01";"45";"1100110629531";"45"
"CHF241M100_01";"46";"1100110629548";"46"
"CHF241M100_01";"47";"1100110629555";"47"
"CHF251B109_61";"28";"1100110629623";"28"
"CHF251B109_61";"29";"1100110629630";"29"
"CHF251B109_61";"30";"1100110629647";"30"
"CHF251B109_61";"31";"1100110629654";"31"
"CHF251B109_61";"32";"1100110629661";"32"
"CHF251B109_61";"33";"1100110629678";"33"
"CHF251B109_61";"34";"1100110629685";"34"
"CHF251B109_61";"35";"1100110629692";"35"
"CHF251B418_22";"28";"1100110646774";"28"
"CHF251B418_22";"29";"1100110646781";"29"
"CHF251B418_22";"30";"1100110646798";"30"
"CHF251B418_22";"31";"1100110646804";"31"
"CHF251B418_22";"32";"1100110646811";"32"
"CHF251B418_22";"33";"1100110646828";"33"
"CHF251F105_01_BLACK";"36";"1100110675637";"36"
"CHF251F105_01_BLACK";"37";"1100110675644";"37"
"CHF251F105_01_BLACK";"38";"1100110675651";"38"
"CHF251F105_01_BLACK";"39";"1100110675668";"39"
"CHF251F105_01_BLACK";"40";"1100110675675";"40"
"CHF251F105_01_BLACK";"41";"1100110675682";"41"
"CHF251F110_11";"36";"1100110629845";"36"
"CHF251F110_11";"37";"1100110629852";"37"
"CHF251F110_11";"38";"1100110629869";"38"
"CHF251F110_11";"39";"1100110629876";"39"
"CHF251F110_11";"40";"1100110629883";"40"
"CHF251F110_11";"41";"1100110629890";"41"
"CHF251F120_06";"36";"1100110629906";"36"
"CHF251F120_06";"37";"1100110629913";"37"
"CHF251F120_06";"38";"1100110629920";"38"
"CHF251F120_06";"39";"1100110629937";"39"
"CHF251F120_06";"40";"1100110629944";"40"
"CHF251F120_06";"41";"1100110629951";"41"
"CHF251F120_10";"36";"1100110629968";"36"
"CHF251F120_10";"37";"1100110629975";"37"
"CHF251F120_10";"38";"1100110629982";"38"
"CHF251F120_10";"39";"1100110629999";"39"
"CHF251F120_10";"40";"1100110630001";"40"
"CHF251F120_10";"41";"1100110630018";"41"
"CHF251G105_01";"22";"1100110630025";"22"
"CHF251G105_01";"23";"1100110630032";"23"
"CHF251G105_01";"24";"1100110630049";"24"
"CHF251G105_01";"25";"1100110630056";"25"
"CHF251G105_01";"26";"1100110630063";"26"
"CHF251G105_01";"27";"1100110630070";"27"
"CHF251M117_02";"40";"1100110675750";"40"
"CHF251M117_02";"41";"1100110675699";"41"
"CHF251M117_02";"42";"1100110675705";"42"
"CHF251M117_02";"43";"1100110675712";"43"
"CHF251M117_02";"44";"1100110675729";"44"
"CHF251M117_02";"45";"1100110675736";"45"
"CHF251M117_02";"46";"1100110675743";"46"
"CHF251M117_02";"47";"1100110675767";"47"
"CHF251M117_30";"40";"1100110635334";"40"
"CHF251M117_30";"41";"1100110635273";"41"
"CHF251M117_30";"42";"1100110635280";"42"
"CHF251M117_30";"43";"1100110635297";"43"
"CHF251M117_30";"44";"1100110635303";"44"
"CHF251M117_30";"45";"1100110635310";"45"
"CHF251M117_30";"46";"1100110635327";"46"
"CHF251M117_30";"47";"1100110635341";"47"
"CHF261M111_02";"40";"1100110703880";"40"
"CHF261M111_02";"41";"1100110703897";"41"
"CHF261M111_02";"42";"1100110703903";"42"
"CHF261M111_02";"43";"1100110703910";"43"
"D314_PERLA";"36";"1100110659897";"36"
"D314_PERLA";"37";"1100110659835";"37"
"D314_PERLA";"38";"1100110659842";"38"
"D314_PERLA";"39";"1100110659859";"39"
"D314_PERLA";"40";"1100110659866";"40"
"D314_PERLA";"41";"1100110659873";"41"
"D314_PERLA";"42";"1100110659880";"42"
"D314_WHITE";"36";"1100110659965";"36"
"D314_WHITE";"37";"1100110659903";"37"
"D314_WHITE";"38";"1100110659910";"38"
"D314_WHITE";"39";"1100110659927";"39"
"D314_WHITE";"40";"1100110659934";"40"
"D314_WHITE";"41";"1100110659941";"41"
"D314_WHITE";"42";"1100110659958";"42"
"D315_FLOWER";"36";"1100110660039";"36"
"D315_FLOWER";"37";"1100110659972";"37"
"D315_FLOWER";"38";"1100110659989";"38"
"D315_FLOWER";"39";"1100110659996";"39"
"D315_FLOWER";"40";"1100110660008";"40"
"D315_FLOWER";"41";"1100110660015";"41"
"D315_FLOWER";"42";"1100110660022";"42"
"D_175_BLACK";"37";"1100110582065";"37"
"D_175_BLACK";"38";"1100110582072";"38"
"D_175_BLACK";"39";"1100110582089";"39"
"D_175_BLACK";"40";"1100110582096";"40"
"D_175_BLACK";"41";"1100110582102";"41"
"D_175_BLACK";"42";"1100110582119";"42"
"D_300_BLACK";"36";"1100110705198";"36"
"D_300_BLACK";"37";"1100110705204";"37"
"D_300_BLACK";"38";"1100110705211";"38"
"D_300_BLACK";"39";"1100110705228";"39"
"D_300_BLACK";"40";"1100110705235";"40"
"D_300_BLACK";"41";"1100110705242";"41"
"D_300_BLACK";"42";"1100110705259";"42"
"D_300_BRONZE";"36";"1100110715630";"36"
"D_300_BRONZE";"37";"1100110715647";"37"
"D_300_BRONZE";"38";"1100110715654";"38"
"D_300_BRONZE";"39";"1100110715661";"39"
"D_300_BRONZE";"40";"1100110715678";"40"
"D_300_BRONZE";"41";"1100110715685";"41"
"D_300_BRONZE";"42";"1100110715692";"42"
"D_300_FLOWER";"36";"1100110591340";"36"
"D_300_FLOWER";"37";"1100110591357";"37"
"D_300_FLOWER";"38";"1100110591364";"38"
"D_300_FLOWER";"39";"1100110591371";"39"
"D_300_FLOWER";"40";"1100110591388";"40"
"D_300_FLOWER";"41";"1100110591395";"41"
"D_300_FLOWER";"42";"1100110591401";"42"
"D_312_DOKTOR";"36";"1100110591166";"36"
"D_312_DOKTOR";"37";"1100110591173";"37"
"D_312_DOKTOR";"38";"1100110591180";"38"
"D_312_DOKTOR";"39";"1100110591197";"39"
"D_312_DOKTOR";"40";"1100110591203";"40"
"D_312_DOKTOR";"41";"1100110591210";"41"
"D_312_DOKTOR";"42";"1100110591227";"42"
"D_312_FLOWER";"36";"1100110583864";"36"
"D_312_FLOWER";"37";"1100110583871";"37"
"D_312_FLOWER";"38";"1100110583888";"38"
"D_312_FLOWER";"39";"1100110583895";"39"
"D_312_FLOWER";"40";"1100110583901";"40"
"D_312_FLOWER";"41";"1100110583918";"41"
"D_312_FLOWER";"42";"1100110583925";"42"
"D_312_FLOWER_K";"36";"1100110705266";"36"
"D_312_FLOWER_K";"37";"1100110705273";"37"
"D_312_FLOWER_K";"38";"1100110705280";"38"
"D_312_FLOWER_K";"39";"1100110705297";"39"
"D_312_FLOWER_K";"40";"1100110705303";"40"
"D_312_FLOWER_K";"41";"1100110705310";"41"
"D_312_FLOWER_K";"42";"1100110705327";"42"
"D_312_PLUTASILVER";"36";"1100110715708";"36"
"D_312_PLUTASILVER";"37";"1100110715715";"37"
"D_312_PLUTASILVER";"38";"1100110715722";"38"
"D_312_PLUTASILVER";"39";"1100110715739";"39"
"D_312_PLUTASILVER";"40";"1100110715746";"40"
"D_312_PLUTASILVER";"41";"1100110715753";"41"
"D_312_PLUTASILVER";"42";"1100110715760";"42"
"D_312_SILVER";"36";"1100110591098";"36"
"D_312_SILVER";"37";"1100110591104";"37"
"D_312_SILVER";"38";"1100110591111";"38"
"D_312_SILVER";"39";"1100110591128";"39"
"D_312_SILVER";"40";"1100110591135";"40"
"D_312_SILVER";"41";"1100110591142";"41"
"D_312_SILVER";"42";"1100110591159";"42"
"D_314_WHITE";"37";"1100110583741";"37"
"D_314_WHITE";"38";"1100110583758";"38"
"D_314_WHITE";"39";"1100110583765";"39"
"D_314_WHITE";"40";"1100110583772";"40"
"D_314_WHITE";"41";"1100110583789";"41"
"D_314_WHITE";"42";"1100110583796";"42"
"D_315_FLOWER";"36";"1100110715777";"36"
"D_315_FLOWER";"37";"1100110583802";"37"
"D_315_FLOWER";"38";"1100110583819";"38"
"D_315_FLOWER";"39";"1100110583826";"39"
"D_315_FLOWER";"40";"1100110583833";"40"
"D_315_FLOWER";"41";"1100110583840";"41"
"D_315_FLOWER";"42";"1100110583857";"42"
"D_316_BLACK";"36";"1100110680648";"36"
"D_316_BLACK";"37";"1100110614919";"37"
"D_316_BLACK";"38";"1100110614926";"38"
"D_316_BLACK";"39";"1100110614933";"39"
"D_316_BLACK";"40";"1100110614940";"40"
"D_316_BLACK";"41";"1100110614957";"41"
"D_316_BLACK";"42";"1100110614964";"42"
"D_316_BRONZE";"36";"1100110711854";"36"
"D_316_BRONZE";"37";"1100110614858";"37"
"D_316_BRONZE";"38";"1100110614865";"38"
"D_316_BRONZE";"39";"1100110614872";"39"
"D_316_BRONZE";"40";"1100110614889";"40"
"D_316_BRONZE";"41";"1100110614896";"41"
"D_316_BRONZE";"42";"1100110614902";"42"
"D_316_FLOWER";"36";"1100110680631";"36"
"D_316_FLOWER";"37";"1100110591036";"37"
"D_316_FLOWER";"38";"1100110591043";"38"
"D_316_FLOWER";"39";"1100110591050";"39"
"D_316_FLOWER";"40";"1100110591067";"40"
"D_316_FLOWER";"41";"1100110591074";"41"
"D_316_FLOWER";"42";"1100110591081";"42"
"D_316_SILVER";"36";"1100110680624";"36"
"D_316_SILVER";"37";"1100110614971";"37"
"D_316_SILVER";"38";"1100110614988";"38"
"D_316_SILVER";"39";"1100110614995";"39"
"D_316_SILVER";"40";"1100110615008";"40"
"D_316_SILVER";"41";"1100110615015";"41"
"D_316_SILVER";"42";"1100110615022";"42"
"D_316_WHITE_K";"36";"1100110705334";"36"
"D_316_WHITE_K";"37";"1100110705341";"37"
"D_316_WHITE_K";"38";"1100110705358";"38"
"D_316_WHITE_K";"39";"1100110705365";"39"
"D_316_WHITE_K";"40";"1100110705372";"40"
"D_316_WHITE_K";"41";"1100110705389";"41"
"D_316_WHITE_K";"42";"1100110705396";"42"
"D_317_K_BLACK";"37";"1100110711861";"37"
"D_317_K_BLACK";"38";"1100110711878";"38"
"D_322_PWDSILV_K";"36";"1100110705402";"36"
"D_322_PWDSILV_K";"37";"1100110705419";"37"
"D_322_PWDSILV_K";"38";"1100110705426";"38"
"D_322_PWDSILV_K";"39";"1100110705433";"39"
"D_322_PWDSILV_K";"40";"1100110705440";"40"
"D_322_PWDSILV_K";"41";"1100110705457";"41"
"D_322_PWDSILV_K";"42";"1100110705464";"42"
"EBU_NAVY";"25";"1100110600578";"25"
"EBU_NAVY";"26";"1100110600585";"26"
"EBU_NAVY";"27";"1100110600592";"27"
"EBU_NAVY";"28";"1100110600608";"28"
"EBU_NAVY";"29";"1100110600615";"29"
"EBU_NAVY";"30";"1100110600622";"30"
"EBU_NAVY";"31";"1100110600639";"31"
"EBU_NAVY";"32";"1100110600646";"32"
"EBU_PURPLE";"25";"1100110595119";"25"
"EBU_PURPLE";"26";"1100110595126";"26"
"EBU_PURPLE";"27";"1100110595133";"27"
"EBU_PURPLE";"28";"1100110595140";"28"
"EBU_PURPLE";"29";"1100110595157";"29"
"EBU_PURPLE";"30";"1100110595164";"30"
"EBU_PURPLE";"31";"1100110595171";"31"
"EBU_PURPLE";"32";"1100110595188";"32"
"EMY_RED";"37";"1100110674296";"37"
"EMY_RED";"38";"1100110674302";"38"
"EMY_RED";"39";"1100110674319";"39"
"EMY_RED";"40";"1100110674326";"40"
"EMY_RED";"41";"1100110674333";"41"
"ENI_BLUE";"30";"1100110595058";"30"
"ENI_BLUE";"31";"1100110595065";"31"
"ENI_BLUE";"32";"1100110595072";"32"
"ENI_BLUE";"33";"1100110595089";"33"
"ENI_BLUE";"34";"1100110595096";"34"
"ENI_BLUE";"35";"1100110595102";"35"
"ERIC_FUXIA";"27";"1100110532701";"27"
"ERIC_FUXIA";"28";"1100110532718";"28"
"ERIC_FUXIA";"29";"1100110532725";"29"
"ERIC_FUXIA";"30";"1100110532756";"30"
"ERIC_FUXIA";"31";"1100110532763";"31"
"ERIC_FUXIA";"32";"1100110532770";"32"
"ERIC_FUXIA";"33";"1100110532787";"33"
"ERIC_FUXIA";"34";"1100110532794";"34"
"ERIC_FUXIA";"35";"1100110532800";"35"
"ERIC_ORANGE";"27";"1100110532862";"27"
"ERIC_ORANGE";"28";"1100110532879";"28"
"ERIC_ORANGE";"29";"1100110532886";"29"
"ERIC_ORANGE";"30";"1100110532916";"30"
"ERIC_ORANGE";"31";"1100110532923";"31"
"ERIC_ORANGE";"32";"1100110532930";"32"
"ERIC_ORANGE";"33";"1100110532947";"33"
"ERIC_ORANGE";"34";"1100110532954";"34"
"ERIC_ORANGE";"35";"1100110532961";"35"
"ERZBERG_GREY";"38";"1100110392466";"38"
"ERZBERG_GREY";"39";"1100110392473";"39"
"ERZBERG_GREY";"40";"1100110392480";"40"
"ERZBERG_GREY";"41";"1100110392497";"41"
"ERZBERG_GREY";"42";"1100110392503";"42"
"ERZBERG_GREY";"43";"1100110392510";"43"
"ERZBERG_GREY";"44";"1100110392527";"44"
"ERZBERG_GREY";"45";"1100110392534";"45"
"ERZBERG_GREY";"46";"1100110392541";"46"
"F01_BLACK_NN";"36";"1100110257758";"36"
"F01_BLACK_NN";"37";"1100110257765";"37"
"F01_BLACK_NN";"38";"1100110257772";"38"
"F01_BLACK_NN";"39";"1100110257789";"39"
"F01_BLACK_NN";"40";"1100110257796";"40"
"F01_BLACK_NN";"41";"1100110257802";"41"
"F01_BLACK_NN";"42";"1100110257819";"42"
"F01_HEART_C";"";"1100110483119";""
"F01_HEART_C";"36";"1100110359377";"36"
"F01_HEART_C";"37";"1100110359384";"37"
"F01_HEART_C";"38";"1100110359391";"38"
"F01_HEART_C";"39";"1100110359407";"39"
"F01_HEART_C";"40";"1100110359414";"40"
"F01_HEART_C";"41";"1100110359421";"41"
"F01_HEART_C";"42";"1100110359438";"42"
"F01_RED_C";"36";"1100110377500";"36"
"F01_RED_C";"37";"1100110377517";"37"
"F01_RED_C";"38";"1100110377524";"38"
"F01_RED_C";"39";"1100110377531";"39"
"F01_RED_C";"40";"1100110377548";"40"
"F01_RED_C";"41";"1100110377555";"41"
"F01_RED_C";"42";"1100110377562";"42"
"F01_RED_NN";"";"1100110483140";""
"F01_RED_NN";"36";"1100110257680";"36"
"F01_RED_NN";"37";"1100110257697";"37"
"F01_RED_NN";"38";"1100110257703";"38"
"F01_RED_NN";"39";"1100110257710";"39"
"F01_RED_NN";"40";"1100110257727";"40"
"F01_RED_NN";"41";"1100110257734";"41"
"F01_RED_NN";"42";"1100110257741";"42"
"F419_BLACK";"36";"1100110633484";"36"
"F419_BLACK";"37";"1100110633491";"37"
"F419_BLACK";"38";"1100110633507";"38"
"F419_BLACK";"39";"1100110633514";"39"
"F419_BLACK";"40";"1100110633521";"40"
"F419_BLACK";"41";"1100110633538";"41"
"F419_BLACK";"42";"1100110633545";"42"
"F81021_BLACK";"37";"1100110430694";"37"
"F81021_BLACK";"38";"1100110430700";"38"
"F81021_BLACK";"39";"1100110430717";"39"
"F81021_BLACK";"40";"1100110430724";"40"
"F81021_BLACK";"41";"1100110430731";"41"
"FF01_1_BLACK";"38";"1100110600387";"38"
"FF01_1_BLACK";"39";"1100110600394";"39"
"FF01_1_BLACK";"40";"1100110600400";"40"
"FF01_1_BLACK";"41";"1100110600417";"41"
"FF01_1_BLACK";"42";"1100110600424";"42"
"FF01_1_TERAKOTA";"36";"1100110697295";"36"
"FF01_1_TERAKOTA";"37";"1100110697301";"37"
"FF01_1_TERAKOTA";"38";"1100110697318";"38"
"FF01_1_TERAKOTA";"39";"1100110697325";"39"
"FF01_1_TERAKOTA";"40";"1100110697332";"40"
"FF01_1_TERAKOTA";"41";"1100110697349";"41"
"FF01_1_TERAKOTA";"42";"1100110697356";"42"
"FF01_1TERAKOTA";"36";"1100110623669";"36"
"FF01_1TERAKOTA";"37";"1100110623676";"37"
"FF01_1TERAKOTA";"38";"1100110623683";"38"
"FF01_1TERAKOTA";"39";"1100110623690";"39"
"FF01_1TERAKOTA";"40";"1100110623706";"40"
"FF01_1TERAKOTA";"41";"1100110623713";"41"
"FF01_1TERAKOTA";"42";"1100110623720";"42"
"FF01_HEART";"36";"1100110621559";"36"
"FF01_HEART";"37";"1100110621566";"37"
"FF01_HEART";"38";"1100110621573";"38"
"FF01_HEART";"39";"1100110621580";"39"
"FF01_HEART";"40";"1100110621597";"40"
"FF01_HEART";"41";"1100110621603";"41"
"FF01_HEART";"42";"1100110621610";"42"
"FF01_PERLA";"36";"1100110607096";"36"
"FF01_PERLA";"37";"1100110607102";"37"
"FF01_PERLA";"38";"1100110607119";"38"
"FF01_PERLA";"39";"1100110607126";"39"
"FF01_PERLA";"40";"1100110607133";"40"
"FF01_PERLA";"41";"1100110607140";"41"
"FF01_PERLA";"42";"1100110607157";"42"
"FF05_P_WHITE";"36";"1100110606952";"36"
"FF05_P_WHITE";"37";"1100110606969";"37"
"FF05_P_WHITE";"38";"1100110606976";"38"
"FF05_P_WHITE";"39";"1100110606983";"39"
"FF05_P_WHITE";"40";"1100110606990";"40"
"FF05_P_WHITE";"41";"1100110607003";"41"
"FF05_P_WHITE";"42";"1100110607010";"42"
"FF200_WHITE_P";"36";"1100110641991";"36"
"FF200_WHITE_P";"37";"1100110642004";"37"
"FF200_WHITE_P";"38";"1100110642011";"38"
"FF200_WHITE_P";"39";"1100110642028";"39"
"FF200_WHITE_P";"40";"1100110642035";"40"
"FF200_WHITE_P";"41";"1100110642042";"41"
"FF200_WHITE_P";"42";"1100110642059";"42"
"G30_BEIGE";"36";"1100110631398";"36"
"G30_BEIGE";"37";"1100110631404";"37"
"G30_BEIGE";"38";"1100110631411";"38"
"G30_BEIGE";"39";"1100110631428";"39"
"G30_BEIGE";"40";"1100110631435";"40"
"G30_BEIGE";"41";"1100110631442";"41"
"G30_BEIGE";"42";"1100110631459";"42"
"GL173_BORDO";"36";"1100110676610";"36"
"GL173_BORDO";"37";"1100110676627";"37"
"GL173_BORDO";"38";"1100110676634";"38"
"GL173_BORDO";"39";"1100110676641";"39"
"GL173_BORDO";"40";"1100110676658";"40"
"GL173_BORDO";"41";"1100110676665";"41"
"GROSSGLOCKNER_GREY_FUCHSIA";"28";"1100110392985";"28"
"H2195_BLACK";"41";"1100110665928";"41"
"H2195_BLACK";"42";"1100110665935";"42"
"H2195_BLACK";"43";"1100110665942";"43"
"H2195_BLACK";"44";"1100110665959";"44"
"H2195_BLACK";"45";"1100110665966";"45"
"H2195_BLACK";"46";"1100110665973";"46"
"H8308_SILVER";"36";"1100110641472";"36"
"H8308_SILVER";"37";"1100110641489";"37"
"H8308_SILVER";"38";"1100110641496";"38"
"H8308_SILVER";"39";"1100110641502";"39"
"H8308_SILVER";"40";"1100110641519";"40"
"H8308_SILVER";"41";"1100110641526";"41"
"H8308_SILVER";"42";"1100110641533";"42"
"H8308_WHITE";"36";"1100110641540";"36"
"H8308_WHITE";"37";"1100110641557";"37"
"H8308_WHITE";"38";"1100110641564";"38"
"H8308_WHITE";"39";"1100110641571";"39"
"H8308_WHITE";"40";"1100110641588";"40"
"H8308_WHITE";"41";"1100110641595";"41"
"H8308_WHITE";"42";"1100110641601";"42"
"H9102_BEIGE";"36";"1100110645319";"36"
"H9102_BEIGE";"37";"1100110645326";"37"
"H9102_BEIGE";"38";"1100110645333";"38"
"H9102_BEIGE";"39";"1100110645340";"39"
"H9102_BEIGE";"40";"1100110645357";"40"
"H9102_BEIGE";"41";"1100110645364";"41"
"HJ52_NAVY";"19";"1100110601599";"19"
"HJ52_NAVY";"20";"1100110601605";"20"
"HJ52_NAVY";"21";"1100110601612";"21"
"HJ52_NAVY";"22";"1100110601629";"22"
"HJ52_NAVY";"23";"1100110601636";"23"
"HJ53_NAVY";"18";"1100110601520";"18"
"HJ53_NAVY";"19";"1100110601537";"19"
"HJ53_NAVY";"20";"1100110601544";"20"
"HJ53_NAVY";"21";"1100110601551";"21"
"HJ53_NAVY";"22";"1100110601568";"22"
"HJ53_NAVY";"23";"1100110601575";"23"
"HJ61_BLACK";"31";"1100110600974";"31"
"HJ61_BLACK";"32";"1100110600981";"32"
"HJ61_BLACK";"33";"1100110600998";"33"
"HJ61_BLACK";"34";"1100110601001";"34"
"HJ61_BLACK";"35";"1100110601018";"35"
"HJ61_BLACK";"36";"1100110601025";"36"
"HJ65_BLACK";"25";"1100110672551";"25"
"HJ65_BLACK";"26";"1100110672568";"26"
"HJ65_BLACK";"27";"1100110672575";"27"
"HJ65_BLACK";"28";"1100110672582";"28"
"HJ65_BLACK";"29";"1100110672599";"29"
"HJ65_BLACK";"30";"1100110672605";"30"
"HJ65_BLACK";"31";"1100110630926";"31"
"HJ65_BLACK";"32";"1100110630933";"32"
"HJ65_BLACK";"33";"1100110630940";"33"
"HJ65_BLACK";"34";"1100110630957";"34"
"HJ65_BLACK";"35";"1100110630964";"35"
"HJ65_BLACK";"36";"1100110630971";"36"
"HOGUN_GREY_ORANGE";"28";"1100110392770";"28"
"HOGUN_GREY_ORANGE";"29";"1100110392787";"29"
"HOGUN_GREY_ORANGE";"30";"1100110392794";"30"
"HOGUN_GREY_ORANGE";"31";"1100110392800";"31"
"HOGUN_GREY_ORANGE";"32";"1100110392817";"32"
"HOGUN_GREY_ORANGE";"33";"1100110392824";"33"
"HOGUN_GREY_ORANGE";"34";"1100110392831";"34"
"HOGUN_GREY_ORANGE";"35";"1100110392848";"35"
"HOGUN_GREY_ORANGE";"39";"1100110393371";"39"
"HPF352_S001_PINKBUTERFY";"36";"1100110713308";"36"
"HPF352_S001_PINKBUTERFY";"37";"1100110713315";"37"
"HPF352_S001_PINKBUTERFY";"38";"1100110713322";"38"
"HPF352_S001_PINKBUTERFY";"39";"1100110713339";"39"
"HPF352_S001_PINKBUTERFY";"40";"1100110713346";"40"
"HPF352_S001_PINKBUTERFY";"41";"1100110713353";"41"
"HPF352_S001_PINKBUTERFY";"42";"1100110713360";"42"
"HPM360_S041_WHITE";"41";"1100110572196";"41"
"HPM360_S041_WHITE";"42";"1100110572202";"42"
"HPM360_S041_WHITE";"43";"1100110572219";"43"
"HPM360_S041_WHITE";"44";"1100110572226";"44"
"HPM360_S041_WHITE";"45";"1100110572233";"45"
"HPM360_S041_WHITE";"46";"1100110572240";"46"
"HPM360_S042_WHITE";"41";"1100110691545";"41"
"HPM360_S042_WHITE";"42";"1100110691552";"42"
"HPM360_S042_WHITE";"43";"1100110691569";"43"
"HPM360_S042_WHITE";"44";"1100110691576";"44"
"HPM360_S042_WHITE";"45";"1100110691583";"45"
"HPM360_S042_WHITE";"46";"1100110691590";"46"
"HR22_BLUE";"";"1100110449320";"XY"
"JH332_BLACK";"36";"1100110657015";"36"
"JH332_BLACK";"37";"1100110657022";"37"
"JH332_BLACK";"38";"1100110657039";"38"
"JH332_BLACK";"39";"1100110657046";"39"
"JH332_BLACK";"40";"1100110657053";"40"
"JH332_BLACK";"41";"1100110657060";"41"
"JH332_BLACK";"42";"1100110657077";"42"
"JH375_BLACK";"36";"1100110605214";"36"
"JH375_BLACK";"37";"1100110605221";"37"
"JH375_BLACK";"38";"1100110605238";"38"
"JH375_BLACK";"39";"1100110605245";"39"
"JH375_BLACK";"40";"1100110605252";"40"
"JH375_BLACK";"41";"1100110605269";"41"
"JH375_BLACK";"42";"1100110605276";"42"
"JH375_PINK";"36";"1100110605283";"36"
"JH375_PINK";"37";"1100110605290";"37"
"JH375_PINK";"38";"1100110605306";"38"
"JH375_PINK";"39";"1100110605313";"39"
"JH375_PINK";"40";"1100110605320";"40"
"JH375_PINK";"41";"1100110605337";"41"
"JH375_PINK";"42";"1100110605344";"42"
"JH390_BEIGE";"36";"1100110677686";"36"
"JH390_BEIGE";"37";"1100110677693";"37"
"JH390_BEIGE";"38";"1100110677709";"38"
"JH390_BEIGE";"39";"1100110677716";"39"
"JH390_BEIGE";"40";"1100110677723";"40"
"JH390_BEIGE";"41";"1100110677730";"41"
"JH390_BEIGE";"42";"1100110677747";"42"
"JPF370_1GREY";"36";"1100110667144";"36"
"JPF370_1GREY";"37";"1100110667151";"37"
"JPF370_1GREY";"38";"1100110667168";"38"
"JPF370_1GREY";"39";"1100110667175";"39"
"JPF370_1GREY";"40";"1100110667182";"40"
"JPF370_1GREY";"41";"1100110667199";"41"
"JPF370_1GREY";"42";"1100110667205";"42"
"JPF370_BLACK";"36";"1100110667007";"36"
"JPF370_BLACK";"37";"1100110667014";"37"
"JPF370_BLACK";"38";"1100110667021";"38"
"JPF370_BLACK";"39";"1100110667038";"39"
"JPF370_BLACK";"40";"1100110667045";"40"
"JPF370_BLACK";"41";"1100110667052";"41"
"JPF370_BLACK";"42";"1100110667069";"42"
"JPF370_GREEN";"36";"1100110667496";"36"
"JPF370_GREEN";"37";"1100110667502";"37"
"JPF370_GREEN";"38";"1100110667519";"38"
"JPF370_GREEN";"39";"1100110667526";"39"
"JPF370_GREEN";"40";"1100110667533";"40"
"JPF370_GREEN";"41";"1100110667540";"41"
"JPF370_GREEN";"42";"1100110667557";"42"
"JPF370_GREY";"36";"1100110667076";"36"
"JPF370_GREY";"37";"1100110667083";"37"
"JPF370_GREY";"38";"1100110667090";"38"
"JPF370_GREY";"39";"1100110667106";"39"
"JPF370_GREY";"40";"1100110667113";"40"
"JPF370_GREY";"41";"1100110667120";"41"
"JPF370_GREY";"42";"1100110667137";"42"
"JPF370_PINK";"36";"1100110667427";"36"
"JPF370_PINK";"37";"1100110667434";"37"
"JPF370_PINK";"38";"1100110667441";"38"
"JPF370_PINK";"39";"1100110667458";"39"
"JPF370_PINK";"40";"1100110667465";"40"
"JPF370_PINK";"41";"1100110667472";"41"
"JPF370_PINK";"42";"1100110667489";"42"
"JPF370_PURPLE";"36";"1100110667212";"36"
"JPF370_PURPLE";"37";"1100110667229";"37"
"JPF370_PURPLE";"38";"1100110667236";"38"
"JPF370_PURPLE";"39";"1100110667243";"39"
"JPF370_PURPLE";"40";"1100110667250";"40"
"JPF370_PURPLE";"41";"1100110667267";"41"
"JPF370_PURPLE";"42";"1100110667274";"42"
"JPF370_RED";"36";"1100110667359";"36"
"JPF370_RED";"37";"1100110667366";"37"
"JPF370_RED";"38";"1100110667373";"38"
"JPF370_RED";"39";"1100110667380";"39"
"JPF370_RED";"40";"1100110667397";"40"
"JPF370_RED";"41";"1100110667403";"41"
"JPF370_RED";"42";"1100110667410";"42"
"JPF370_YELLOW";"36";"1100110667281";"36"
"JPF370_YELLOW";"37";"1100110667298";"37"
"JPF370_YELLOW";"38";"1100110667304";"38"
"JPF370_YELLOW";"39";"1100110667311";"39"
"JPF370_YELLOW";"40";"1100110667328";"40"
"JPF370_YELLOW";"41";"1100110667335";"41"
"JPF370_YELLOW";"42";"1100110667342";"42"
"K3502293_1PINK";"28";"1100110562012";"28"
"K3502293_1PINK";"29";"1100110567031";"29"
"K3502293_1PINK";"33";"1100110561978";"33"
"K3502293_1PINK";"34";"1100110561985";"34"
"K3502293_1PINK";"35";"1100110561992";"35"
"K3502293_1PINK";"36";"1100110562005";"36"
"K3502293_BLUE";"30";"1100110506610";"30"
"K3502293_BLUE";"31";"1100110506627";"31"
"K3502293_BLUE";"32";"1100110506634";"32"
"K3502293_BLUE";"33";"1100110506641";"33"
"K3502293_BLUE";"34";"1100110506658";"34"
"K3502293_BLUE";"35";"1100110506665";"35"
"K3502293_BLUE";"36";"1100110506672";"36"
"K3502293_GREEN";"";"1100110557001";""
"K3502293_GREEN";"30";"1100110506689";"30"
"K3502293_GREEN";"31";"1100110506696";"31"
"K3502293_GREEN";"32";"1100110506702";"32"
"K3502293_GREEN";"33";"1100110506719";"33"
"K3502293_GREEN";"34";"1100110506726";"34"
"K3502293_GREEN";"35";"1100110506733";"35"
"K3502293_GREEN";"36";"1100110506740";"36"
"K3502293_PINK";"28";"1100110532343";"28"
"K3502293_PINK";"29";"1100110562906";"29"
"K3502293_PINK";"30";"1100110506757";"30"
"K3502293_PINK";"31";"1100110506764";"31"
"K3502293_PINK";"32";"1100110506771";"32"
"K3502293_PINK";"33";"1100110506788";"33"
"K3502293_PINK";"34";"1100110506795";"34"
"K3502293_PINK";"35";"1100110506801";"35"
"K3502293_PINK";"36";"1100110506818";"36"
"K391_BLACK";"36";"1100110615985";"36"
"K391_BLACK";"37";"1100110615992";"37"
"K391_BLACK";"38";"1100110616005";"38"
"K391_BLACK";"39";"1100110616012";"39"
"K391_BLACK";"40";"1100110616029";"40"
"K391_BLACK";"41";"1100110616036";"41"
"KO154_RED_W";"36";"1100110700803";"36"
"KO154_RED_W";"37";"1100110700810";"37"
"KO154_RED_W";"38";"1100110700827";"38"
"KO154_RED_W";"39";"1100110700834";"39"
"KO154_RED_W";"40";"1100110700841";"40"
"KO154_RED_W";"41";"1100110700858";"41"
"KO2019_RED";"36";"1100110700483";"36"
"KO2019_RED";"37";"1100110700490";"37"
"KO2019_RED";"38";"1100110700506";"38"
"KO2019_RED";"39";"1100110700513";"39"
"KO2019_RED";"40";"1100110700520";"40"
"KO2019_RED";"41";"1100110700537";"41"
"KO2019_WHITE";"36";"1100110700544";"36"
"KO2019_WHITE";"37";"1100110700551";"37"
"KO2019_WHITE";"38";"1100110700568";"38"
"KO2019_WHITE";"39";"1100110700575";"39"
"KO2019_WHITE";"40";"1100110700582";"40"
"KO2019_WHITE";"41";"1100110700599";"41"
"KO3100_BLACK";"36";"1100110715203";"36"
"KO3100_BLACK";"37";"1100110715210";"37"
"KO3100_BLACK";"38";"1100110715227";"38"
"KO3100_BLACK";"39";"1100110715234";"39"
"KO3100_BLACK";"40";"1100110715241";"40"
"KO3100_BLACK";"41";"1100110715258";"41"
"KO3100_BLACK";"42";"1100110715265";"42"
"KO3100_WHITE";"36";"1100110715135";"36"
"KO3100_WHITE";"37";"1100110715142";"37"
"KO3100_WHITE";"38";"1100110715159";"38"
"KO3100_WHITE";"39";"1100110715166";"39"
"KO3100_WHITE";"40";"1100110715173";"40"
"KO3100_WHITE";"41";"1100110715180";"41"
"KO3100_WHITE";"42";"1100110715197";"42"
"KO360_BLACK";"36";"1100110707819";"36"
"KO360_BLACK";"37";"1100110707826";"37"
"KO360_BLACK";"38";"1100110707833";"38"
"KO360_BLACK";"39";"1100110707840";"39"
"KO360_BLACK";"40";"1100110707857";"40"
"KO360_BLACK";"41";"1100110707864";"41"
"KO360_BLACK";"42";"1100110707871";"42"
"KO360_BLUE";"36";"1100110700674";"36"
"KO360_BLUE";"37";"1100110700681";"37"
"KO360_BLUE";"38";"1100110700698";"38"
"KO360_BLUE";"39";"1100110700704";"39"
"KO360_BLUE";"40";"1100110700711";"40"
"KO360_BLUE";"41";"1100110700728";"41"
"KO360_BLUE";"42";"1100110700735";"42"
"KO360_RED";"36";"1100110700605";"36"
"KO360_RED";"37";"1100110700612";"37"
"KO360_RED";"38";"1100110700629";"38"
"KO360_RED";"39";"1100110700636";"39"
"KO360_RED";"40";"1100110700643";"40"
"KO360_RED";"41";"1100110700650";"41"
"KO360_RED";"42";"1100110700667";"42"
"KO910_BLACK";"36";"1100110700124";"36"
"KO910_BLACK";"37";"1100110700131";"37"
"KO910_BLACK";"38";"1100110700148";"38"
"KO910_BLACK";"39";"1100110700155";"39"
"KO910_BLACK";"40";"1100110700162";"40"
"KO910_BLACK";"41";"1100110700179";"41"
"KO910_WHITE";"36";"1100110700186";"36"
"KO910_WHITE";"37";"1100110700193";"37"
"KO910_WHITE";"38";"1100110700209";"38"
"KO910_WHITE";"39";"1100110700216";"39"
"KO910_WHITE";"40";"1100110700223";"40"
"KO910_WHITE";"41";"1100110700230";"41"
"KO950_BLUE";"36";"1100110715333";"36"
"KO950_BLUE";"37";"1100110715340";"37"
"KO950_BLUE";"38";"1100110715357";"38"
"KO950_BLUE";"39";"1100110715364";"39"
"KO950_BLUE";"40";"1100110715371";"40"
"KO950_BLUE";"41";"1100110715388";"41"
"KO951_BLACK";"36";"1100110700742";"36"
"KO951_BLACK";"37";"1100110700759";"37"
"KO951_BLACK";"38";"1100110700766";"38"
"KO951_BLACK";"39";"1100110700773";"39"
"KO951_BLACK";"40";"1100110700780";"40"
"KO951_BLACK";"41";"1100110700797";"41"
"KO953_BLACK";"36";"1100110700247";"36"
"KO953_BLACK";"37";"1100110700254";"37"
"KO953_BLACK";"38";"1100110700261";"38"
"KO953_BLACK";"39";"1100110700278";"39"
"KO953_BLACK";"40";"1100110700285";"40"
"KO953_BLACK";"41";"1100110700292";"41"
"KOA01_BLACK_CP";"36";"1100110594075";"36"
"KOA01_BLACK_CP";"37";"1100110594082";"37"
"KOA01_BLACK_CP";"38";"1100110594099";"38"
"KOA01_BLACK_CP";"39";"1100110594105";"39"
"KOA01_BLACK_CP";"40";"1100110594112";"40"
"KOA01_BLACK_CP";"41";"1100110594129";"41"
"KOA01_BLACK_CP";"42";"1100110594136";"42"
"KOA01_HEART_K";"40";"1100110715852";"40"
"KOA01_HEART_K";"41";"1100110715869";"41"
"KOA01_HEART_K";"42";"1100110715876";"42"
"KOA01_N_WHITE";"36";"1100110636041";"36"
"KOA01_N_WHITE";"37";"1100110636058";"37"
"KOA01_N_WHITE";"38";"1100110636065";"38"
"KOA01_N_WHITE";"39";"1100110636072";"39"
"KOA01_N_WHITE";"40";"1100110636089";"40"
"KOA01_N_WHITE";"41";"1100110636096";"41"
"KOA01_N_WHITE";"42";"1100110636102";"42"
"KOA01_P_GREEN";"36";"1100110638632";"36"
"KOA01_P_GREEN";"37";"1100110638649";"37"
"KOA01_P_GREEN";"38";"1100110638656";"38"
"KOA01_P_GREEN";"39";"1100110638663";"39"
"KOA01_P_GREEN";"40";"1100110638670";"40"
"KOA01_P_GREEN";"41";"1100110638687";"41"
"KOA01_P_GREEN";"42";"1100110638694";"42"
"KOA01_R_WHITE";"36";"1100110635976";"36"
"KOA01_R_WHITE";"37";"1100110635983";"37"
"KOA01_R_WHITE";"38";"1100110635990";"38"
"KOA01_R_WHITE";"39";"1100110636003";"39"
"KOA01_R_WHITE";"40";"1100110636010";"40"
"KOA01_R_WHITE";"41";"1100110636027";"41"
"KOA01_R_WHITE";"42";"1100110636034";"42"
"KOA01_RED";"36";"1100110637277";"36"
"KOA01_RED";"37";"1100110637284";"37"
"KOA01_RED";"38";"1100110637291";"38"
"KOA01_RED";"39";"1100110637307";"39"
"KOA01_RED";"40";"1100110637314";"40"
"KOA01_RED";"41";"1100110637321";"41"
"KOA01_RED";"42";"1100110637338";"42"
"KOA01_W_PINK";"36";"1100110638144";"36"
"KOA01_W_PINK";"37";"1100110638151";"37"
"KOA01_W_PINK";"38";"1100110638168";"38"
"KOA01_W_PINK";"39";"1100110638175";"39"
"KOA01_W_PINK";"40";"1100110638182";"40"
"KOA01_W_PINK";"41";"1100110638199";"41"
"KOA01_W_PINK";"42";"1100110638205";"42"
"KOA01_WHITE_C";"36";"1100110593375";"36"
"KOA01_WHITE_C";"37";"1100110593382";"37"
"KOA01_WHITE_C";"38";"1100110593399";"38"
"KOA01_WHITE_C";"39";"1100110593405";"39"
"KOA01_WHITE_C";"40";"1100110593412";"40"
"KOA01_WHITE_C";"41";"1100110593429";"41"
"KOA01_WHITE_C";"42";"1100110593436";"42"
"KOA06_SILVER";"36";"1100110639646";"36"
"KOA06_SILVER";"37";"1100110639653";"37"
"KOA06_SILVER";"38";"1100110639660";"38"
"KOA06_SILVER";"39";"1100110639677";"39"
"KOA06_SILVER";"40";"1100110639684";"40"
"KOA06_SILVER";"41";"1100110639691";"41"
"KOA06_SILVER";"42";"1100110639707";"42"
"KOF01_NN_RED";"37";"1100110637499";"37"
"KOF01_NN_RED";"38";"1100110637505";"38"
"KOF01_NN_RED";"39";"1100110637512";"39"
"KOF01_NN_RED";"40";"1100110637529";"40"
"KOF01_NN_RED";"41";"1100110637536";"41"
"KOF01_NN_RED";"42";"1100110637543";"42"
"KOF01_Z_GREEN";"36";"1100110640420";"36"
"KOF01_Z_GREEN";"37";"1100110640437";"37"
"KOF01_Z_GREEN";"38";"1100110640444";"38"
"KOF01_Z_GREEN";"39";"1100110640451";"39"
"KOF06_SILVER";"";"1100110638069";""
"KOF06_SILVER";"36";"1100110637994";"36"
"KOF06_SILVER";"37";"1100110638007";"37"
"KOF06_SILVER";"38";"1100110638014";"38"
"KOF06_SILVER";"39";"1100110638021";"39"
"KOF06_SILVER";"40";"1100110638038";"40"
"KOF06_SILVER";"41";"1100110638045";"41"
"KOF06_SILVER";"42";"1100110638052";"42"
"KOF200_RED";"36";"1100110589002";"36"
"KOF200_RED";"37";"1100110589019";"37"
"KOF200_RED";"38";"1100110589026";"38"
"KOF200_RED";"39";"1100110589033";"39"
"KOF200_RED";"40";"1100110589040";"40"
"KOF200_RED";"41";"1100110589057";"41"
"KOF200_RED";"42";"1100110589064";"42"
"KOV202_PINK";"36";"1100110715463";"36"
"KOV202_PINK";"37";"1100110715470";"37"
"KOV202_PINK";"38";"1100110715487";"38"
"KOV202_PINK";"39";"1100110715494";"39"
"KOV202_PINK";"40";"1100110715500";"40"
"KOV202_PINK";"41";"1100110715517";"41"
"KOV202_PINK";"42";"1100110715524";"42"
"KOV261_BLUE";"36";"1100110715395";"36"
"KOV261_BLUE";"37";"1100110715401";"37"
"KOV261_BLUE";"38";"1100110715418";"38"
"KOV261_BLUE";"39";"1100110715425";"39"
"KOV261_BLUE";"40";"1100110715432";"40"
"KOV261_BLUE";"41";"1100110715449";"41"
"KOV261_BLUE";"42";"1100110715456";"42"
"KROKO_RED";"24-25";"1100110105110";"24/25"
"KROKO_RED";"26-27";"1100110105127";"26/27"
"KROKO_RED";"28-29";"1100110105134";"28/29"
"KROKO_RED";"30-31";"1100110105141";"30/31"
"KROKO_RED";"32-33";"1100110105158";"32/33"
"KROKO_RED";"34-35";"1100110105165";"34/35"
"L973_BLACK";"36";"1100110646330";"36"
"L973_BLACK";"37";"1100110646347";"37"
"L973_BLACK";"38";"1100110646354";"38"
"L973_BLACK";"39";"1100110646361";"39"
"L973_BLACK";"40";"1100110646378";"40"
"L973_BLACK";"41";"1100110646385";"41"
"L973_BLACK";"42";"1100110646392";"42"
"LB111_BLACK";"37";"1100110535504";"37"
"LB111_BLACK";"38";"1100110535511";"38"
"LB111_BLACK";"39";"1100110535528";"39"
"LB111_BLACK";"40";"1100110535535";"40"
"LB111_BLACK";"41";"1100110535542";"41"
"LB111_BLUE";"37";"1100110535559";"37"
"LB111_BLUE";"38";"1100110535566";"38"
"LB111_BLUE";"39";"1100110535573";"39"
"LB111_BLUE";"40";"1100110535580";"40"
"LB111_BLUE";"41";"1100110535597";"41"
"LB111_GRAY";"37";"1100110535405";"37"
"LB111_GRAY";"38";"1100110535412";"38"
"LB111_GRAY";"39";"1100110535429";"39"
"LB111_GRAY";"40";"1100110535436";"40"
"LB111_GRAY";"41";"1100110535443";"41"
"LET651_BLACK";"36";"1100110641670";"36"
"LET651_BLACK";"37";"1100110641687";"37"
"LET651_BLACK";"38";"1100110641694";"38"
"LET651_BLACK";"39";"1100110641700";"39"
"LET651_BLACK";"40";"1100110641717";"40"
"LET651_BLACK";"41";"1100110641724";"41"
"LET651_BLACK";"42";"1100110641731";"42"
"LT417_BLACK";"36";"1100110677273";"36"
"LT417_BLACK";"37";"1100110677280";"37"
"LT417_BLACK";"38";"1100110677297";"38"
"LT417_BLACK";"39";"1100110677303";"39"
"LT417_BLACK";"40";"1100110677310";"40"
"LT417_BLACK";"41";"1100110677327";"41"
"LTF203F101_01";"36";"1100110458612";"36"
"LTF203F101_01";"37";"1100110458629";"37"
"LTF203F101_01";"38";"1100110458636";"38"
"LTF203F101_01";"39";"1100110458643";"39"
"LTF203F101_01";"40";"1100110458650";"40"
"LTF203F101_01";"41";"1100110458667";"41"
"LTF221G106_10";"28";"1100110547361";"28"
"LTF221G106_10";"29";"1100110547378";"29"
"LTF221G106_10";"30";"1100110547385";"30"
"LTF221G106_10";"31";"1100110547392";"31"
"LTF221G106_10";"32";"1100110547408";"32"
"LTF221G106_10";"33";"1100110547415";"33"
"LTF221G106_10";"34";"1100110547422";"34"
"LTF221G106_10";"35";"1100110547439";"35"
"LTF231G100_03";"28";"1100110547446";"28"
"LTF231G100_03";"29";"1100110547453";"29"
"LTF231G100_03";"30";"1100110547460";"30"
"LTF231G100_03";"31";"1100110547477";"31"
"LTF231G100_03";"32";"1100110547484";"32"
"LTF231G100_03";"33";"1100110547491";"33"
"LTF231G100_03";"34";"1100110547507";"34"
"LTF231G100_03";"35";"1100110547514";"35"
"LTF231G104_07";"22";"1100110475725";"22"
"LTF231G104_07";"23";"1100110475732";"23"
"LTF231G104_07";"24";"1100110475749";"24"
"LTF231G104_07";"25";"1100110475756";"25"
"LTF231G104_07";"26";"1100110475763";"26"
"LTF231G104_07";"27";"1100110475770";"27"
"LTF231M101_62";"40";"1100110475787";"40"
"LTF231M101_62";"41";"1100110475794";"41"
"LTF231M101_62";"42";"1100110475800";"42"
"LTF231M101_62";"43";"1100110475817";"43"
"LTF231M101_62";"44";"1100110475824";"44"
"LTF231M101_62";"45";"1100110475831";"45"
"LTF231M101_62";"46";"1100110475848";"46"
"LTF231M103_01";"40";"1100110475855";"40"
"LTF231M103_01";"41";"1100110475862";"41"
"LTF231M103_01";"42";"1100110475879";"42"
"LTF231M103_01";"43";"1100110475886";"43"
"LTF231M103_01";"44";"1100110475893";"44"
"LTF231M103_01";"45";"1100110475909";"45"
"LTF231M103_01";"46";"1100110475916";"46"
"LTF231M108_01";"40";"1100110678201";"40"
"LTF231M108_01";"41";"1100110678218";"41"
"LTF231M108_01";"42";"1100110678225";"42"
"LTF231M108_01";"43";"1100110678232";"43"
"LTF231M108_01";"44";"1100110678249";"44"
"LTF231M108_01";"45";"1100110678256";"45"
"LTF231M108_01";"46";"1100110678263";"46"
"LTF241B111_01";"28";"1100110556059";"28"
"LTF241B111_01";"29";"1100110556066";"29"
"LTF241B111_01";"30";"1100110556073";"30"
"LTF241B111_01";"31";"1100110556080";"31"
"LTF241B111_01";"32";"1100110556097";"32"
"LTF241B111_01";"33";"1100110556103";"33"
"LTF241B111_01";"34";"1100110556110";"34"
"LTF241B111_01";"35";"1100110556127";"35"
"LTF241B111_01";"36";"1100110556134";"36"
"LTF241B111_01";"37";"1100110556141";"37"
"LTF241B111_01";"38";"1100110556158";"38"
"LTF241B111_01";"39";"1100110556165";"39"
"LTF241B117_64";"28";"1100110616814";"28"
"LTF241B117_64";"29";"1100110616821";"29"
"LTF241B117_64";"30";"1100110616838";"30"
"LTF241B117_64";"31";"1100110616845";"31"
"LTF241B117_64";"32";"1100110616852";"32"
"LTF241B117_64";"33";"1100110616869";"33"
"LTF241B117_64";"34";"1100110616876";"34"
"LTF241B117_64";"35";"1100110616883";"35"
"LTF241B117_64";"36";"1100110616890";"36"
"LTF241B117_64";"37";"1100110616906";"37"
"LTF241B117_64";"38";"1100110616913";"38"
"LTF241B117_64";"39";"1100110616920";"39"
"LTF241B119_64";"28";"1100110655738";"28"
"LTF241B119_64";"29";"1100110655745";"29"
"LTF241B119_64";"30";"1100110655752";"30"
"LTF241B119_64";"31";"1100110655769";"31"
"LTF241B119_64";"32";"1100110655776";"32"
"LTF241B119_64";"33";"1100110655783";"33"
"LTF241B119_64";"34";"1100110655790";"34"
"LTF241B119_64";"35";"1100110655806";"35"
"LTF241B119_64";"36";"1100110655813";"36"
"LTF241B119_64";"37";"1100110655820";"37"
"LTF241B119_64";"38";"1100110655837";"38"
"LTF241B119_64";"39";"1100110655844";"39"
"LTF241F107_10";"36";"1100110655851";"36"
"LTF241F107_10";"37";"1100110655868";"37"
"LTF241F107_10";"38";"1100110655875";"38"
"LTF241F107_10";"39";"1100110655882";"39"
"LTF241F107_10";"40";"1100110655899";"40"
"LTF241F107_10";"41";"1100110655905";"41"
"LTF241F107_1X";"36";"1100110655912";"36"
"LTF241F107_1X";"37";"1100110655929";"37"
"LTF241F107_1X";"38";"1100110655936";"38"
"LTF241F107_1X";"39";"1100110655943";"39"
"LTF241F107_1X";"40";"1100110655950";"40"
"LTF241F107_1X";"41";"1100110655967";"41"
"LTF241G404_46";"28";"1100110568205";"28"
"LTF241G404_46";"29";"1100110568212";"29"
"LTF241G404_46";"30";"1100110568229";"30"
"LTF241G404_46";"31";"1100110568236";"31"
"LTF241G404_46";"32";"1100110568243";"32"
"LTF241G404_46";"33";"1100110568250";"33"
"LTF241G404_46";"34";"1100110568267";"34"
"LTF241G404_46";"35";"1100110568274";"35"
"LTF241M125_64";"";"1100110628299";""
"LTF241M125_64";"40";"1100110617002";"40"
"LTF241M125_64";"41";"1100110617019";"41"
"LTF241M125_64";"42";"1100110617026";"42"
"LTF241M125_64";"43";"1100110617033";"43"
"LTF241M125_64";"44";"1100110617040";"44"
"LTF241M125_64";"45";"1100110617057";"45"
"LTF241M125_64";"46";"1100110617064";"46"
"LTF243B101_02";"31";"1100110617071";"31"
"LTF243B101_02";"32";"1100110617088";"32"
"LTF243B101_02";"33";"1100110617095";"33"
"LTF243B101_02";"34";"1100110617101";"34"
"LTF243B101_02";"35";"1100110617118";"35"
"LTF243B101_02";"36";"1100110617125";"36"
"LTF243B101_02";"37";"1100110617132";"37"
"LTF243B101_02";"38";"1100110617149";"38"
"LTF243G103_01";"36";"1100110617217";"36"
"LTF243G103_01";"37";"1100110617224";"37"
"LTF243G103_01";"38";"1100110617231";"38"
"LTF243G103_01";"39";"1100110617248";"39"
"LTF243G103_01";"40";"1100110617255";"40"
"LTF243G103_01";"41";"1100110617262";"41"
"LTF251F105_82";"36";"1100110655974";"36"
"LTF251F105_82";"37";"1100110655981";"37"
"LTF251F105_82";"38";"1100110655998";"38"
"LTF251F105_82";"39";"1100110656001";"39"
"LTF251F105_82";"40";"1100110656018";"40"
"LTF251F105_82";"41";"1100110656025";"41"
"LTF251M109_10";"40";"1100110656032";"40"
"LTF251M109_10";"41";"1100110656049";"41"
"LTF251M109_10";"42";"1100110656056";"42"
"LTF251M109_10";"43";"1100110656063";"43"
"LTF251M109_10";"44";"1100110656070";"44"
"LTF251M109_10";"45";"1100110656087";"45"
"LTF251M109_10";"46";"1100110656094";"46"
"LTF261F401_LILA";"36";"1100110712196";"36"
"LTF261F401_LILA";"37";"1100110712202";"37"
"LTF261F401_LILA";"38";"1100110712219";"38"
"LTF261F401_LILA";"39";"1100110712226";"39"
"LTF261F401_LILA";"40";"1100110712233";"40"
"LTF261F401_LILA";"41";"1100110712240";"41"
"LTF261F401_WHITE";"36";"1100110712134";"36"
"LTF261F401_WHITE";"37";"1100110712141";"37"
"LTF261F401_WHITE";"38";"1100110712158";"38"
"LTF261F401_WHITE";"39";"1100110712165";"39"
"LTF261F401_WHITE";"40";"1100110712172";"40"
"LYDIA_BEIGE";"26";"1100110392626";"26"
"LYDIA_BEIGE";"27";"1100110392633";"27"
"LYDIA_BEIGE";"28";"1100110392640";"28"
"LYDIA_BEIGE";"29";"1100110392657";"29"
"LYDIA_BEIGE";"30";"1100110392664";"30"
"LYDIA_BEIGE";"31";"1100110392671";"31"
"LYDIA_BEIGE";"32";"1100110392688";"32"
"LYDIA_BEIGE";"33";"1100110392695";"33"
"LYDIA_BEIGE";"34";"1100110392701";"34"
"LYDIA_BEIGE";"35";"1100110392718";"35"
"LYDIA_BEIGE";"36";"1100110392725";"36"
"LYDIA_BEIGE";"37";"1100110392732";"37"
"M184_R_BLACK";"37";"1100110098405";"37"
"M184_R_BLACK";"38";"1100110098412";"38"
"M184_R_BLACK";"39";"1100110098429";"39"
"M184_R_BLACK";"40";"1100110098436";"40"
"M184_R_BLACK";"41";"1100110098443";"41"
"M189_BEIGE";"37";"1100110122131";"37"
"M189_BEIGE";"38";"1100110122148";"38"
"M189_BEIGE";"39";"1100110122155";"39"
"M189_BEIGE";"40";"1100110122162";"40"
"M189_BEIGE";"41";"1100110122179";"41"
"M189_BROWN";"37";"1100110122186";"37"
"M189_BROWN";"38";"1100110122193";"38"
"M189_BROWN";"39";"1100110122209";"39"
"M189_BROWN";"40";"1100110122216";"40"
"M189_BROWN";"41";"1100110122223";"41"
"M189_FLOWER";"37";"1100110712943";"37"
"M189_FLOWER";"38";"1100110712950";"38"
"M189_FLOWER";"39";"1100110712967";"39"
"M189_FLOWER";"40";"1100110712974";"40"
"M189_FLOWER";"41";"1100110712981";"41"
"M189_RED";"37";"1100110709967";"37"
"M189_RED";"38";"1100110709974";"38"
"M189_RED";"39";"1100110709981";"39"
"M189_RED";"40";"1100110709998";"40"
"M189_RED";"41";"1100110710000";"41"
"M191_HEART";"37";"1100110699701";"37"
"M191_HEART";"38";"1100110699718";"38"
"M191_HEART";"39";"1100110699725";"39"
"M191_HEART";"40";"1100110699732";"40"
"M191_HEART";"41";"1100110699749";"41"
"M191_VJE";"37";"1100110699800";"37"
"M191_VJE";"38";"1100110699817";"38"
"M191_VJE";"39";"1100110699824";"39"
"M191_VJE";"40";"1100110699831";"40"
"M191_VJE";"41";"1100110699848";"41"
"M2026_LEPTIR";"37";"1100110716910";"37"
"M2026_LEPTIR";"38";"1100110716927";"38"
"M2026_LEPTIR";"39";"1100110716934";"39"
"M2026_LEPTIR";"40";"1100110716941";"40"
"M2026_LEPTIR";"41";"1100110716958";"41"
"M2026_RED";"37";"1100110716866";"37"
"M2026_RED";"38";"1100110716873";"38"
"M2026_RED";"39";"1100110716880";"39"
"M2026_RED";"40";"1100110716897";"40"
"M2026_RED";"41";"1100110716903";"41"
"M202_3_WHITE";"37";"1100110697592";"37"
"M202_3_WHITE";"38";"1100110697608";"38"
"M202_3_WHITE";"39";"1100110697615";"39"
"M202_3_WHITE";"40";"1100110697622";"40"
"M202_3_WHITE";"41";"1100110697639";"41"
"M202_3_WHITE";"42";"1100110697646";"42"
"METE_BLACK";"41";"1100110241863";"41"
"METE_BLACK";"42";"1100110241870";"42"
"METE_BLACK";"43";"1100110241887";"43"
"METE_BLACK";"44";"1100110241894";"44"
"METE_BLACK";"45";"1100110241900";"45"
"METE_BLACK";"46";"1100110241917";"46"
"MING_BROWN";"41";"1100110344618";"41"
"MING_BROWN";"42";"1100110344625";"42"
"MING_BROWN";"43";"1100110344632";"43"
"MING_BROWN";"44";"1100110344649";"44"
"MING_BROWN";"45";"1100110344656";"45"
"MING_BROWN";"46";"1100110344663";"46"
"MYLO_1BLACK";"41";"1100110491541";"41"
"MYLO_1BLACK";"42";"1100110491558";"42"
"MYLO_1BLACK";"43";"1100110491565";"43"
"MYLO_1BLACK";"44";"1100110491572";"44"
"MYLO_1BLACK";"45";"1100110491589";"45"
"MYLO_1BLACK";"46";"1100110491596";"46"
"N27_BLACK";"31";"1100110208972";"31"
"N27_BLACK";"32";"1100110208989";"32"
"N27_BLACK";"33";"1100110208996";"33"
"N27_BLACK";"34";"1100110209009";"34"
"N27_BLACK";"35";"1100110209016";"35"
"N27_BLACK";"36";"1100110209023";"36"
"N357_3_FLOWER";"37";"1100110640901";"37"
"N357_3_FLOWER";"38";"1100110640918";"38"
"N357_3_FLOWER";"39";"1100110640925";"39"
"N357_3_FLOWER";"40";"1100110640932";"40"
"N357_3_FLOWER";"41";"1100110640949";"41"
"N357_3_FLOWER";"42";"1100110640956";"42"
"NIF2357_BLACK";"36";"1100110530400";"36"
"NIF2357_BLACK";"37";"1100110530417";"37"
"NIF2357_BLACK";"38";"1100110530424";"38"
"NIF2357_BLACK";"39";"1100110530431";"39"
"NIF2357_BLACK";"40";"1100110530448";"40"
"NIF2357_BLACK";"41";"1100110530455";"41"
"NIF2357_BLACK";"42";"1100110530462";"42"
"NIF2357_BLACK";"43";"1100110530479";"43"
"NIF2357_BLACK";"44";"1100110530486";"44"
"NIF2357_BLACK";"45";"1100110530493";"45"
"NIF2357_BLACK";"46";"1100110698308";"46"
"NIF2357_GREY";"36";"1100110698315";"36"
"NIF2357_GREY";"37";"1100110698322";"37"
"NIF2357_GREY";"38";"1100110698339";"38"
"NIF2357_GREY";"39";"1100110698346";"39"
"NIF2357_GREY";"40";"1100110698353";"40"
"NIF2357_GREY";"41";"1100110698360";"41"
"NIF2357_GREY";"42";"1100110698377";"42"
"NIF2357_GREY";"43";"1100110698384";"43"
"NIF2357_GREY";"44";"1100110698391";"44"
"NIF2357_GREY";"45";"1100110698407";"45"
"NIF2357_GREY";"46";"1100110698414";"46"
"NPF352_A26";"42";"1100110706911";"42"
"NPF352_A27";"36";"1100110706928";"36"
"NPF352_A27";"37";"1100110706935";"37"
"NPF352_A27";"38";"1100110706942";"38"
"NPF352_A27";"39";"1100110706959";"39"
"NPF352_A27";"40";"1100110706966";"40"
"NPF352_A27";"41";"1100110706973";"41"
"NPF352_A27";"42";"1100110706980";"42"
"NPF352_LA012_BORDO";"37";"1100110649409";"37"
"NPF352_LA012_BORDO";"38";"1100110649416";"38"
"NPF352_LA012_BORDO";"39";"1100110649423";"39"
"NPF352_LA012_BORDO";"40";"1100110649430";"40"
"NPF352_LA012_BORDO";"41";"1100110649447";"41"
"NPF352_LA012_BORDO";"42";"1100110649454";"42"
"NPF352_LA012_GREEN";"37";"1100110649102";"37"
"NPF352_LA012_GREEN";"38";"1100110649119";"38"
"NPF352_LA012_GREEN";"39";"1100110649126";"39"
"NPF352_LA012_GREEN";"40";"1100110649133";"40"
"NPF352_LA012_GREEN";"41";"1100110649140";"41"
"NPF352_LA012_GREEN";"42";"1100110649157";"42"
"NPF362_K_GOLDEN";"37";"1100110705655";"37"
"NPF362_K_GOLDEN";"38";"1100110705662";"38"
"NPF362_K_GOLDEN";"39";"1100110705679";"39"
"NPF362_K_GOLDEN";"40";"1100110705686";"40"
"NPF362_K_GOLDEN";"41";"1100110705693";"41"
"NPF362_K_GOLDEN";"42";"1100110705709";"42"
"NPF380_2_BROWN";"37";"1100110647993";"37"
"NPF380_2_BROWN";"38";"1100110648006";"38"
"NPF380_2_BROWN";"39";"1100110648013";"39"
"NPF380_2_BROWN";"40";"1100110648020";"40"
"NPF380_2_BROWN";"41";"1100110648037";"41"
"NPF380_2_BROWN";"42";"1100110648044";"42"
"NPF380_BLACK";"37";"1100110647801";"37"
"NPF380_BLACK";"38";"1100110647818";"38"
"NPF380_BLACK";"39";"1100110647825";"39"
"NPF380_BLACK";"40";"1100110647832";"40"
"NPF380_BLACK";"41";"1100110647849";"41"
"NPF380_BLACK";"42";"1100110647856";"42"
"NPF380_LA003_1GREEN";"37";"1100110649225";"37"
"NPF380_LA003_1GREEN";"38";"1100110649232";"38"
"NPF380_LA003_1GREEN";"39";"1100110649249";"39"
"NPF380_LA003_1GREEN";"40";"1100110649256";"40"
"NPF380_LA003_1GREEN";"41";"1100110649263";"41"
"NPF380_LA003_1GREEN";"42";"1100110649270";"42"
"NPF380_LA003_WHITE";"37";"1100110655509";"37"
"NPF380_LA003_WHITE";"38";"1100110655516";"38"
"NPF380_LA003_WHITE";"39";"1100110655523";"39"
"NPF380_LA003_WHITE";"40";"1100110655530";"40"
"NPF380_LA003_WHITE";"41";"1100110655547";"41"
"NPF380_LA003_WHITE";"42";"1100110655554";"42"
"OD_ELECTR_YELLOW";"";"1100110532268";"XY"
"OD_MELLOW_YELLOW";"";"1100110532275";"XY"
"OPATIJA_BEIGE";"";"1100110306302";"XY"
"OPATIJA_CRVENA";"";"1100110100849";"XY"
"ORTLER_GREY";"36";"1100110386601";"36"
"ORTLER_GREY";"37";"1100110386618";"37"
"ORTLER_GREY";"38";"1100110386625";"38"
"ORTLER_GREY";"39";"1100110386632";"39"
"ORTLER_GREY";"40";"1100110386649";"40"
"ORTLER_GREY";"41";"1100110386656";"41"
"PA04532505_BLUE";"12";"1100110076977";"12"
"PA04532505_BLUE";"16";"1100110076984";"16"
"PA04532505_BLUE";"4";"1100110077011";"4"
"PA04532505_BLUE";"8";"1100110076960";"8"
"PA04532505_BLUE";"L";"1100110077004";"L"
"PA04532505_BLUE";"M";"1100110076991";"M"
"PA04532505_BLUE";"XL";"1100110077028";"XL"
"PA04532505_BLUE";"XXL";"1100110077035";"XXL"
"PA04532555_NAVY";"12";"1100110002280";"12"
"PA04532555_NAVY";"16";"1100110002297";"16"
"PA04532555_NAVY";"4";"1100110037220";"4"
"PA04532555_NAVY";"8";"1100110002273";"8"
"PA04532555_NAVY";"L";"1100110002310";"L"
"PA04532555_NAVY";"M";"1100110002303";"M"
"PA04532555_NAVY";"XL";"1100110156006";"XL"
"PA04532555_NAVY";"XXL";"1100110156013";"XXL"
"PA04532560";"12";"1100110002235";"12"
"PA04532560";"16";"1100110002242";"16"
"PA04532560";"4";"1100110155900";"4"
"PA04532560";"8";"1100110002228";"8"
"PA04532560";"L";"1100110002266";"L"
"PA04532560";"M";"1100110002259";"M"
"PA04532560";"XL";"1100110037213";"XL"
"PA04532560";"XXL";"1100110155917";"XXL"
"PB15";"";"1100110473684";""
"PB20";"";"1100110473691";""
"PB30";"";"1100110473707";""
"PB40";"";"1100110473714";""
"PB50";"";"1100110473721";""
"PINA_WHITE";"36";"1100110252081";"36"
"PINA_WHITE";"37";"1100110252098";"37"
"PINA_WHITE";"38";"1100110252104";"38"
"PINA_WHITE";"39";"1100110252111";"39"
"PINA_WHITE";"40";"1100110252128";"40"
"PINA_WHITE";"41";"1100110252135";"41"
"PINA_WHITE";"42";"1100110252142";"42"
"PINA_WHITE";"43";"1100110252159";"43"
"PINA_WHITE";"44";"1100110252166";"44"
"PINA_WHITE";"45";"1100110252173";"45"
"PLAM_BLACK";"38";"1100110679215";"38"
"PLAM_BLACK";"39";"1100110679222";"39"
"PLAM_BLACK";"40";"1100110679239";"40"
"PLAM_BLACK";"41";"1100110679246";"41"
"PU100_M_BLACK";"41";"1100110473738";"41"
"PU100_M_BLACK";"42";"1100110473745";"42"
"PU100_M_BLACK";"43";"1100110473752";"43"
"PU100_M_BLACK";"44";"1100110473769";"44"
"PU100_M_BLACK";"45";"1100110473776";"45"
"PU100_M_BLACK";"46";"1100110473783";"46"
"PU101_BROWN";"36";"1100110383341";"36"
"PU101_BROWN";"37";"1100110383358";"37"
"PU101_BROWN";"38";"1100110383365";"38"
"PU101_BROWN";"39";"1100110383372";"39"
"PU101_BROWN";"40";"1100110383389";"40"
"PU101_BROWN";"41";"1100110383396";"41"
"PU101_BROWN";"42";"1100110398444";"42"
"PU101_BROWN";"43";"1100110398451";"43"
"PU101_BROWN";"44";"1100110398468";"44"
"PU101_BROWN";"45";"1100110398475";"45"
"PU101_BROWN";"46";"1100110398482";"46"
"PU_100_36_41blk";"36";"1100110025685";"36"
"PU_100_36_41blk";"37";"1100110025692";"37"
"PU_100_36_41blk";"38";"1100110025708";"38"
"PU_100_36_41blk";"39";"1100110025715";"39"
"PU_100_36_41blk";"40";"1100110025722";"40"
"PU_100_36_41blk";"41";"1100110025739";"41"
"PU_100_36_41blk";"42";"1100110706560";"42"
"PU_100_36_41wht";"36";"1100110025616";"36"
"PU_100_36_41wht";"37";"1100110025623";"37"
"PU_100_36_41wht";"38";"1100110025630";"38"
"PU_100_36_41wht";"39";"1100110025647";"39"
"PU_100_36_41wht";"40";"1100110025654";"40"
"PU_100_36_41wht";"41";"1100110025661";"41"
"PU_100_36_41wht";"42";"1100110658180";"42"
"PU_100_M_WHITE";"41";"1100110473790";"41"
"PU_100_M_WHITE";"42";"1100110473806";"42"
"PU_100_M_WHITE";"43";"1100110473813";"43"
"PU_100_M_WHITE";"44";"1100110473820";"44"
"PU_100_M_WHITE";"45";"1100110473837";"45"
"PU_100_M_WHITE";"46";"1100110473844";"46"
"PU_100_MINT";"36";"1100110371935";"36"
"PU_100_MINT";"37";"1100110371942";"37"
"PU_100_MINT";"38";"1100110371959";"38"
"PU_100_MINT";"39";"1100110371966";"39"
"PU_100_MINT";"40";"1100110371973";"40"
"PU_100_MINT";"41";"1100110371980";"41"
"PU_100_MINT";"42";"1100110671394";"42"
"PU_100_N_PERLA";"";"1100110679055";""
"PU_100_N_PERLA";"36";"1100110645494";"36"
"PU_100_N_PERLA";"37";"1100110645500";"37"
"PU_100_N_PERLA";"38";"1100110645517";"38"
"PU_100_N_PERLA";"39";"1100110645524";"39"
"PU_100_N_PERLA";"40";"1100110645531";"40"
"PU_100_N_PERLA";"41";"1100110645548";"41"
"PU_100_N_PERLA";"42";"1100110645555";"42"
"PU_100_N_SILVER";"36";"1100110645562";"36"
"PU_100_N_SILVER";"37";"1100110645579";"37"
"PU_100_N_SILVER";"38";"1100110645586";"38"
"PU_100_N_SILVER";"39";"1100110645593";"39"
"PU_100_N_SILVER";"40";"1100110645609";"40"
"PU_100_N_SILVER";"41";"1100110645616";"41"
"PU_100_N_SILVER";"42";"1100110645623";"42"
"QPF351_T001_BLACK";"37";"1100110452023";"37"
"QPF351_T001_BLACK";"38";"1100110452030";"38"
"QPF351_T001_BLACK";"39";"1100110452047";"39"
"QPF351_T001_BLACK";"40";"1100110452054";"40"
"QPF351_T001_BLACK";"41";"1100110452061";"41"
"QPF351_T001_PURPLE";"37";"1100110452122";"37"
"QPF351_T001_PURPLE";"38";"1100110452139";"38"
"QPF351_T001_PURPLE";"39";"1100110452146";"39"
"QPF351_T001_PURPLE";"40";"1100110452153";"40"
"QPF351_T001_PURPLE";"41";"1100110452160";"41"
"R105_BLACK";"36";"1100110677556";"36"
"R105_BLACK";"37";"1100110677563";"37"
"R105_BLACK";"38";"1100110677570";"38"
"R105_BLACK";"39";"1100110677587";"39"
"R105_BLACK";"40";"1100110677594";"40"
"R105_BLACK";"41";"1100110677600";"41"
"R105_BLACK";"42";"1100110677617";"42"
"RELAZIO_BLACK_GREY";"42";"1100110703323";"42"
"RELAZIO_BLACK_GREY";"43";"1100110703330";"43"
"RELAZIO_BLACK_GREY";"44";"1100110703347";"44"
"RELAZIO_BLACK_GREY";"45";"1100110703354";"45"
"RELAZIO_BLACK_GREY";"46";"1100110703361";"46"
"RELAZIO_TAUPE_SAND";"36";"1100110703156";"36"
"RELAZIO_TAUPE_SAND";"37";"1100110703163";"37"
"RELAZIO_TAUPE_SAND";"38";"1100110703170";"38"
"RELAZIO_TAUPE_SAND";"39";"1100110703187";"39"
"RELAZIO_TAUPE_SAND";"40";"1100110703194";"40"
"RELAZIO_TAUPE_SAND";"41";"1100110703200";"41"
"RIJEKA_CRNA";"";"1100110100900";"XY"
"RIJEKA_GREY";"";"1100110531568";"XY"
"S11537_WW002";"36";"1100110536884";"36"
"S11537_WW002";"37";"1100110536891";"37"
"S11537_WW002";"38";"1100110536907";"38"
"S11537_WW002";"39";"1100110536914";"39"
"S11537_WW002";"40";"1100110536921";"40"
"S11537_WW002";"41";"1100110536938";"41"
"S11634_KK001";"36";"1100110479303";"36"
"S11634_KK001";"37";"1100110479310";"37"
"S11634_KK001";"38";"1100110479327";"38"
"S11634_KK001";"39";"1100110479334";"39"
"S11634_KK001";"40";"1100110479341";"40"
"S11634_KK001";"41";"1100110479358";"41"
"S11879_KK001";"36";"1100110675774";"36"
"S11879_KK001";"37";"1100110675781";"37"
"S11879_KK001";"38";"1100110675798";"38"
"S11879_KK001";"39";"1100110675804";"39"
"S11879_KK001";"40";"1100110675811";"40"
"S11879_KK001";"41";"1100110675828";"41"
"S11880_KK001";"36";"1100110675835";"36"
"S11880_KK001";"37";"1100110675842";"37"
"S11880_KK001";"38";"1100110675859";"38"
"S11880_KK001";"39";"1100110675866";"39"
"S11880_KK001";"40";"1100110675873";"40"
"S11880_KK001";"41";"1100110675880";"41"
"S11880_RS520";"36";"1100110675897";"36"
"S11880_RS520";"37";"1100110675903";"37"
"S11880_RS520";"38";"1100110675910";"38"
"S11880_RS520";"39";"1100110675927";"39"
"S11880_RS520";"40";"1100110675934";"40"
"S11880_RS520";"41";"1100110675941";"41"
"S11903_KK01";"36";"1100110703965";"36"
"S11903_KK01";"37";"1100110703972";"37"
"S11903_KK01";"38";"1100110703989";"38"
"S11903_KK01";"39";"1100110703996";"39"
"S11903_KK01";"40";"1100110704009";"40"
"S11903_KK01";"41";"1100110703958";"41"
"S11903_MS009";"36";"1100110704023";"36"
"S11903_MS009";"37";"1100110704030";"37"
"S11903_MS009";"38";"1100110704047";"38"
"S11903_MS009";"39";"1100110704054";"39"
"S11903_MS009";"40";"1100110704061";"40"
"S11903_MS009";"41";"1100110704016";"41"
"S11907_BLACKP";"36";"1100110712257";"36"
"S11907_BLACKP";"37";"1100110712264";"37"
"S11907_BLACKP";"38";"1100110712271";"38"
"S11907_BLACKP";"39";"1100110712288";"39"
"S11907_BLACKP";"40";"1100110712295";"40"
"S11907_BLACKP";"41";"1100110712301";"41"
"S11908_BLACK";"36";"1100110712318";"36"
"S11908_BLACK";"37";"1100110712325";"37"
"S11908_BLACK";"38";"1100110712332";"38"
"S11908_BLACK";"39";"1100110712349";"39"
"S11908_BLACK";"40";"1100110712356";"40"
"S11908_BLACK";"41";"1100110712363";"41"
"S11908_WHITE";"36";"1100110712370";"36"
"S11908_WHITE";"37";"1100110712387";"37"
"S11908_WHITE";"38";"1100110712394";"38"
"S11908_WHITE";"39";"1100110712400";"39"
"S11908_WHITE";"40";"1100110712417";"40"
"S11908_WHITE";"41";"1100110712424";"41"
"S21840_ES010";"40";"1100110439079";"40"
"S21840_ES010";"41";"1100110439086";"41"
"S21840_ES010";"42";"1100110439093";"42"
"S21840_ES010";"43";"1100110439109";"43"
"S21840_ES010";"44";"1100110439116";"44"
"S21840_ES010";"45";"1100110439123";"45"
"S21840_ES010";"46";"1100110439130";"46"
"S21_BLACK";"36";"1100110656940";"36"
"S21_BLACK";"37";"1100110656957";"37"
"S21_BLACK";"38";"1100110656964";"38"
"S21_BLACK";"39";"1100110656971";"39"
"S21_BLACK";"40";"1100110656988";"40"
"S21_BLACK";"41";"1100110656995";"41"
"S21_BLACK";"42";"1100110657008";"42"
"S22155_MS023";"40";"1100110479716";"40"
"S22155_MS023";"41";"1100110479723";"41"
"S22155_MS023";"42";"1100110479730";"42"
"S22155_MS023";"43";"1100110479747";"43"
"S22155_MS023";"44";"1100110479754";"44"
"S22155_MS023";"45";"1100110479761";"45"
"S22155_MS023";"46";"1100110479778";"46"
"S22158_ES007";"40";"1100110479785";"40"
"S22158_ES007";"41";"1100110479792";"41"
"S22158_ES007";"42";"1100110479808";"42"
"S22158_ES007";"43";"1100110479815";"43"
"S22158_ES007";"44";"1100110479822";"44"
"S22158_ES007";"45";"1100110479839";"45"
"S22158_ES007";"46";"1100110479846";"46"
"S22159_GS517";"40";"1100110479921";"40"
"S22159_GS517";"41";"1100110480705";"41"
"S22159_GS517";"42";"1100110479945";"42"
"S22159_GS517";"43";"1100110479952";"43"
"S22159_GS517";"44";"1100110479969";"44"
"S22159_GS517";"45";"1100110479976";"45"
"S22159_GS517";"46";"1100110479983";"46"
"S22162_KK001";"40";"1100110480064";"40"
"S22162_KK001";"41";"1100110480071";"41"
"S22162_KK001";"42";"1100110480088";"42"
"S22162_KK001";"43";"1100110480095";"43"
"S22162_KK001";"44";"1100110480101";"44"
"S22162_KK001";"45";"1100110480118";"45"
"S22162_KK001";"46";"1100110480125";"46"
"S22162_MS034";"40";"1100110480132";"40"
"S22162_MS034";"41";"1100110480149";"41"
"S22162_MS034";"42";"1100110480156";"42"
"S22162_MS034";"43";"1100110480163";"43"
"S22162_MS034";"44";"1100110480170";"44"
"S22162_MS034";"45";"1100110480187";"45"
"S22162_MS034";"46";"1100110480194";"46"
"S22548_ES001";"40";"1100110676085";"40"
"S22548_ES001";"41";"1100110676092";"41"
"S22548_ES001";"42";"1100110676108";"42"
"S22548_ES001";"43";"1100110676115";"43"
"S22548_ES001";"44";"1100110676122";"44"
"S22548_ES001";"45";"1100110676139";"45"
"S22548_ES001";"46";"1100110676146";"46"
"S22551_GS518";"40";"1100110676221";"40"
"S22551_GS518";"41";"1100110676238";"41"
"S22551_GS518";"42";"1100110676245";"42"
"S22551_GS518";"43";"1100110676252";"43"
"S22551_GS518";"44";"1100110676269";"44"
"S22551_GS518";"45";"1100110676276";"45"
"S22551_GS518";"46";"1100110676283";"46"
"S22551_KK001";"40";"1100110676290";"40"
"S22551_KK001";"41";"1100110676306";"41"
"S22551_KK001";"42";"1100110676313";"42"
"S22551_KK001";"43";"1100110676320";"43"
"S22551_KK001";"44";"1100110676337";"44"
"S22551_KK001";"45";"1100110676344";"45"
"S22551_KK001";"46";"1100110676351";"46"
"S22553_KK001";"40";"1100110676368";"40"
"S22553_KK001";"41";"1100110676375";"41"
"S22553_KK001";"42";"1100110676382";"42"
"S22553_KK001";"43";"1100110676399";"43"
"S22553_KK001";"44";"1100110676405";"44"
"S22553_KK001";"45";"1100110676412";"45"
"S22553_KK001";"46";"1100110676429";"46"
"S22584_KK001";"40";"1100110704078";"40"
"S22584_KK001";"41";"1100110704085";"41"
"S22584_KK001";"42";"1100110704092";"42"
"S22584_KK001";"43";"1100110704108";"43"
"S22584_KK001";"44";"1100110704115";"44"
"S22584_KK001";"45";"1100110704122";"45"
"S22584_KK001";"46";"1100110704139";"46"
"S22588_BLACK_RED";"40";"1100110712509";"40"
"S22588_BLACK_RED";"41";"1100110712516";"41"
"S22588_BLACK_RED";"42";"1100110712523";"42"
"S22588_BLACK_RED";"43";"1100110712530";"43"
"S22588_BLACK_RED";"44";"1100110712547";"44"
"S22588_BLACK_RED";"45";"1100110712554";"45"
"S22588_BLACK_RED";"46";"1100110712561";"46"
"S22588_BLUE";"40";"1100110712578";"40"
"S22588_BLUE";"41";"1100110712585";"41"
"S22588_BLUE";"42";"1100110712592";"42"
"S22588_BLUE";"43";"1100110712608";"43"
"S22588_BLUE";"44";"1100110712615";"44"
"S22588_BLUE";"45";"1100110712622";"45"
"S22588_BLUE";"46";"1100110712639";"46"
"S31093_KK001_BLACK";"28";"1100110276124";"28"
"S31093_KK001_BLACK";"29";"1100110276131";"29"
"S31093_KK001_BLACK";"30";"1100110276148";"30"
"S31093_KK001_BLACK";"31";"1100110100573";"31"
"S31093_KK001_BLACK";"32";"1100110100580";"32"
"S31093_KK001_BLACK";"33";"1100110100597";"33"
"S31093_KK001_BLACK";"34";"1100110100603";"34"
"S31093_KK001_BLACK";"35";"1100110100610";"35"
"S32801_WW001";"28";"1100110547521";"28"
"S32801_WW001";"29";"1100110547538";"29"
"S32801_WW001";"30";"1100110547545";"30"
"S32801_WW001";"31";"1100110547552";"31"
"S32801_WW001";"32";"1100110547569";"32"
"S32801_WW001";"33";"1100110547576";"33"
"S32801_WW001";"34";"1100110547583";"34"
"S32801_WW001";"35";"1100110547590";"35"
"S32801_WW001";"36";"1100110678430";"36"
"S33385_SAR";"28";"1100110712646";"28"
"S33385_SAR";"29";"1100110712653";"29"
"S33385_SAR";"30";"1100110712660";"30"
"S33385_SAR";"31";"1100110712677";"31"
"S33385_SAR";"32";"1100110712684";"32"
"S33385_SAR";"33";"1100110712691";"33"
"S33390_PINK";"34";"1100110712707";"34"
"S33390_PINK";"35";"1100110712714";"35"
"S33390_PINK";"36";"1100110712721";"36"
"S33390_PINK";"37";"1100110712738";"37"
"S33390_PINK";"38";"1100110712745";"38"
"S33390_PINK";"39";"1100110712752";"39"
"SABBAS_BLACK";"37";"1100110624505";"37"
"SABBAS_BLACK";"38";"1100110624512";"38"
"SABBAS_BLACK";"39";"1100110624529";"39"
"SABBAS_BLACK";"40";"1100110624536";"40"
"SABBAS_BLACK";"41";"1100110230522";"41"
"SABBAS_BLACK";"42";"1100110230539";"42"
"SABBAS_BLACK";"43";"1100110230546";"43"
"SABBAS_BLACK";"44";"1100110230553";"44"
"SABBAS_BLACK";"45";"1100110230560";"45"
"SABBAS_BLACK";"46";"1100110230577";"46"
"SAN_CRNE";"36";"1100110025517";"36"
"SAN_CRNE";"37";"1100110025524";"37"
"SAN_CRNE";"38";"1100110025531";"38"
"SAN_CRNE";"39";"1100110025548";"39"
"SAN_CRNE";"40";"1100110025555";"40"
"SAN_CRNE";"41";"1100110025562";"41"
"SAN_CRNE";"42";"1100110025579";"42"
"SAN_CRNE";"43";"1100110025586";"43"
"SAN_CRNE";"44";"1100110025593";"44"
"SAN_CRNE";"45";"1100110025609";"45"
"SAN_CRNE";"46";"1100110184450";"46"
"SAN_NERO";"36";"1100110196552";"36"
"SAN_NERO";"37";"1100110196569";"37"
"SAN_NERO";"38";"1100110196576";"38"
"SAN_NERO";"39";"1100110196583";"39"
"SAN_NERO";"40";"1100110196590";"40"
"SAN_NERO";"41";"1100110196606";"41"
"SAN_NERO";"42";"1100110196613";"42"
"SAN_NERO";"43";"1100110196620";"43"
"SAN_NERO";"44";"1100110196637";"44"
"SAN_NERO";"45";"1100110196644";"45"
"SAN_NERO";"46";"1100110196651";"46"
"SAR35_GREEN";"36";"1100110564252";"36"
"SAR35_GREEN";"37";"1100110564269";"37"
"SAR35_GREEN";"38";"1100110564276";"38"
"SAR35_GREEN";"39";"1100110564283";"39"
"SAR35_GREEN";"40";"1100110564290";"40"
"SAR35_GREEN";"41";"1100110564306";"41"
"SAR37_BLACK";"36";"1100110586476";"36"
"SAR37_BLACK";"37";"1100110586483";"37"
"SAR37_BLACK";"38";"1100110586490";"38"
"SAR37_BLACK";"39";"1100110586506";"39"
"SAR37_BLACK";"40";"1100110586513";"40"
"SAR37_BLACK";"41";"1100110586520";"41"
"SAR37_GOLD";"36";"1100110654304";"36"
"SAR37_GOLD";"37";"1100110654311";"37"
"SAR37_GOLD";"38";"1100110654328";"38"
"SAR37_GOLD";"39";"1100110654335";"39"
"SAR37_GOLD";"40";"1100110654342";"40"
"SAR37_GOLD";"41";"1100110654359";"41"
"SAR37_PINK";"36";"1100110585042";"36"
"SAR37_PINK";"37";"1100110585059";"37"
"SAR37_PINK";"38";"1100110585066";"38"
"SAR37_PINK";"39";"1100110585073";"39"
"SAR37_PINK";"40";"1100110585080";"40"
"SAR37_PINK";"41";"1100110585097";"41"
"SAR37_RED";"36";"1100110646521";"36"
"SAR37_RED";"37";"1100110646538";"37"
"SAR37_RED";"38";"1100110646545";"38"
"SAR37_RED";"39";"1100110646552";"39"
"SAR37_RED";"40";"1100110646569";"40"
"SAR37_RED";"41";"1100110646576";"41"
"SAR60_GOLD";"36";"1100110654182";"36"
"SAR60_GOLD";"37";"1100110654199";"37"
"SAR60_GOLD";"38";"1100110654205";"38"
"SAR60_GOLD";"39";"1100110654212";"39"
"SAR60_GOLD";"40";"1100110654229";"40"
"SAR60_GOLD";"41";"1100110654236";"41"
"SAR60_WHITE";"36";"1100110652317";"36"
"SAR60_WHITE";"37";"1100110652324";"37"
"SAR60_WHITE";"38";"1100110652331";"38"
"SAR60_WHITE";"39";"1100110652348";"39"
"SAR60_WHITE";"40";"1100110652355";"40"
"SAR60_WHITE";"41";"1100110652362";"41"
"SF861_BLACK";"37";"1100110645265";"37"
"SF861_BLACK";"38";"1100110645272";"38"
"SF861_BLACK";"39";"1100110645289";"39"
"SF861_BLACK";"40";"1100110645296";"40"
"SF861_BLACK";"41";"1100110645302";"41"
"SFF_10_BLACK";"40";"1100110623294";"40"
"SFF_10_BLACK";"41";"1100110623300";"41"
"SFF_10_BLACK";"42";"1100110623317";"42"
"SFF_10_BLACK";"43";"1100110623324";"43"
"SFF_10_BLACK";"44";"1100110623331";"44"
"SFF_10_BLACK";"45";"1100110623348";"45"
"SIMON_SPIRALE_BLUE_ORANGE";"20";"1100110311917";"20"
"SIMON_SPIRALE_BLUE_ORANGE";"21";"1100110311924";"21"
"SIMON_SPIRALE_BLUE_ORANGE";"22";"1100110311832";"22"
"SIMON_SPIRALE_BLUE_ORANGE";"23";"1100110311849";"23"
"SIMON_SPIRALE_BLUE_ORANGE";"24";"1100110311856";"24"
"SIMON_SPIRALE_BLUE_ORANGE";"25";"1100110311863";"25"
"SIMON_SPIRALE_BLUE_ORANGE";"26";"1100110311870";"26"
"SIMON_SPIRALE_BLUE_ORANGE";"27";"1100110311887";"27"
"SIMON_SPIRALE_BLUE_ORANGE";"28";"1100110311894";"28"
"SIMON_SPIRALE_BLUE_ORANGE";"29";"1100110311900";"29"
"SLAY_BEIGE";"36";"1100110702937";"36"
"SLAY_BEIGE";"37";"1100110702944";"37"
"SLAY_BEIGE";"38";"1100110702951";"38"
"SLAY_BEIGE";"39";"1100110702968";"39"
"SLAY_BEIGE";"40";"1100110702975";"40"
"SLAY_BEIGE";"41";"1100110702982";"41"
"SLAY_BEIGE";"42";"1100110702999";"42"
"SPLIT_BIJELA";"";"1100110106940";"XY"
"SPLIT_CRNA";"";"1100110100887";"XY"
"ST2000_1NAVY";"5XL";"1100110553607";"5XL"
"ST2000_1NAVY";"L";"1100110553553";"L"
"ST2000_1NAVY";"M";"1100110553546";"M"
"ST2000_1NAVY";"S";"1100110553539";"S"
"ST2000_1NAVY";"XL";"1100110553560";"XL"
"ST2000_1NAVY";"XS";"1100110553522";"XS"
"ST2000_1NAVY";"XXL";"1100110553577";"XXL"
"ST2000_1NAVY";"XXXL";"1100110553584";"XXXL"
"ST2000_1NAVY";"XXXXL";"1100110553591";"XXXXL"
"ST2000_BLUE";"5XL";"1100110401694";"5XL"
"ST2000_BLUE";"L";"1100110401649";"L"
"ST2000_BLUE";"M";"1100110401632";"M"
"ST2000_BLUE";"S";"1100110401625";"S"
"ST2000_BLUE";"XL";"1100110401656";"XL"
"ST2000_BLUE";"XS";"1100110401618";"XS"
"ST2000_BLUE";"XXL";"1100110401663";"XXL"
"ST2000_BLUE";"XXXL";"1100110401670";"XXXL"
"ST2000_BLUE";"XXXXL";"1100110401687";"XXXXL"
"ST2000_GREY";"5XL";"1100110401151";"5XL"
"ST2000_GREY";"L";"1100110401106";"L"
"ST2000_GREY";"M";"1100110401090";"M"
"ST2000_GREY";"S";"1100110401083";"S"
"ST2000_GREY";"XL";"1100110401113";"XL"
"ST2000_GREY";"XS";"1100110401076";"XS"
"ST2000_GREY";"XXL";"1100110401120";"XXL"
"ST2000_GREY";"XXXL";"1100110401137";"XXXL"
"ST2000_GREY";"XXXXL";"1100110401144";"XXXXL"
"ST2000_OLIVE";"5XL";"1100110401960";"5XL"
"ST2000_OLIVE";"L";"1100110401915";"L"
"ST2000_OLIVE";"M";"1100110401908";"M"
"ST2000_OLIVE";"S";"1100110401892";"S"
"ST2000_OLIVE";"XL";"1100110401922";"XL"
"ST2000_OLIVE";"XS";"1100110401885";"XS"
"ST2000_OLIVE";"XXL";"1100110401939";"XXL"
"ST2000_OLIVE";"XXXL";"1100110401946";"XXXL"
"ST2000_OLIVE";"XXXXL";"1100110401953";"XXXXL"
"ST200_1GREY";"5XL";"1100110553690";"5XL"
"ST200_1GREY";"L";"1100110553645";"L"
"ST200_1GREY";"M";"1100110553638";"M"
"ST200_1GREY";"S";"1100110553621";"S"
"ST200_1GREY";"XL";"1100110553652";"XL"
"ST200_1GREY";"XS";"1100110553614";"XS"
"ST200_1GREY";"XXL";"1100110553669";"XXL"
"ST200_1GREY";"XXXL";"1100110553676";"XXXL"
"ST200_1GREY";"XXXXL";"1100110553683";"XXXXL"
"ST2600_1BLUE";"L";"1100110647511";"L"
"ST2600_1BLUE";"M";"1100110647504";"M"
"ST2600_1BLUE";"S";"1100110647498";"S"
"ST2600_1BLUE";"XL";"1100110647528";"XL"
"ST2600_1BLUE";"XS";"1100110647481";"XS"
"ST2600_1BLUE";"XXL";"1100110647535";"XXL"
"ST2600_1BLUE";"XXXL";"1100110647542";"XXXL"
"SV_MARTIN_WHITE";"";"1100110531629";"XY"
"SYNDEY_GREY";"33";"1100110651389";"33"
"SYNDEY_GREY";"34";"1100110651396";"34"
"SYNDEY_GREY";"35";"1100110651402";"35"
"SYNDEY_GREY";"36";"1100110651419";"36"
"SYNDEY_GREY";"37";"1100110651426";"37"
"SYNDEY_GREY";"38";"1100110651433";"38"
"T034_RED";"36";"1100110622112";"36"
"T034_RED";"37";"1100110622129";"37"
"T034_RED";"38";"1100110622136";"38"
"T034_RED";"39";"1100110622143";"39"
"T034_RED";"40";"1100110622150";"40"
"T034_RED";"41";"1100110622167";"41"
"T034_RED";"42";"1100110622174";"42"
"T057_BLACKROSE";"36";"1100110709349";"36"
"T057_BLACKROSE";"37";"1100110709356";"37"
"T057_BLACKROSE";"38";"1100110709363";"38"
"T057_BLACKROSE";"39";"1100110709370";"39"
"T057_BLACKROSE";"40";"1100110709387";"40"
"T057_BLACKROSE";"41";"1100110709394";"41"
"T057_BLACKWHITE";"36";"1100110709462";"36"
"T057_BLACKWHITE";"37";"1100110709479";"37"
"T057_BLACKWHITE";"38";"1100110709486";"38"
"T057_BLACKWHITE";"39";"1100110709493";"39"
"T057_BLACKWHITE";"40";"1100110709509";"40"
"T057_BLACKWHITE";"41";"1100110709516";"41"
"TANER_BLACK";"41";"1100110551511";"41"
"TANER_BLACK";"42";"1100110551528";"42"
"TANER_BLACK";"43";"1100110551535";"43"
"TANER_BLACK";"44";"1100110551542";"44"
"TANER_BLACK";"45";"1100110551559";"45"
"TANER_BLACK";"46";"1100110551566";"46"
"TANO_BLACK";"41";"1100110551573";"41"
"TANO_BLACK";"42";"1100110551580";"42"
"TANO_BLACK";"43";"1100110551597";"43"
"TANO_BLACK";"44";"1100110551603";"44"
"TANO_BLACK";"45";"1100110551610";"45"
"TANO_BLACK";"46";"1100110551627";"46"
"U_31_WHITE";"41";"1100110715548";"41"
"U_31_WHITE";"42";"1100110715555";"42"
"U_31_WHITE";"43";"1100110715562";"43"
"U_31_WHITE";"45";"1100110715609";"45"
"U_31_WHITE";"46";"1100110715616";"46"
"UMEFX193054001_10";"30-32";"1100110514202";"30-32"
"UMEFX193054001_10";"33-35";"1100110514219";"33-35"
"UMEFX193054001_10";"36-38";"1100110201393";"36-38"
"UMEFX193054001_10";"39-41";"1100110201409";"39-41"
"UMEFX193054001_10";"42-44";"1100110201416";"42-44"
"UMEFX193054001_10";"45-47";"1100110201423";"45-47"
"UMEFX193054004_10_";"30-32";"1100110180216";"30-32"
"UMEFX193054004_10_";"33-35";"1100110180223";"33-35"
"UMEFX193054004_10_";"36-38";"1100110180230";"36-38"
"UMEFX193054004_10_";"39-41";"1100110180247";"39-41"
"UMEFX193054004_10_";"42-44";"1100110180254";"42-44"
"UMEFX193054004_10_";"45-47";"1100110180261";"45-47"
"UMEFX193054007_10";"33-35";"1100110208019";"33-35"
"UMEFX193054007_10";"36-38";"1100110208026";"36-38"
"UMEFX193054007_10";"39-41";"1100110208033";"39-41"
"UMEFX193054007_10";"42-44";"1100110208040";"42-44"
"UMEFX193054007_10";"45-47";"1100110208057";"45-47"
"UMEFX193056001_05";"30-32";"1100110514400";"30-32"
"UMEFX193056001_05";"33-35";"1100110514417";"33-35"
"UMEFX193056001_05";"36-38";"1100110514424";"36-38"
"UMEFX193056001_05";"39-41";"1100110514431";"39-41"
"UMEFX193056001_05";"42-44";"1100110514448";"42-44"
"UMEFX193056001_05";"45-47";"1100110514455";"45-47"
"UMF211M102_01";"40";"1100110437709";"40"
"UMF211M102_01";"41";"1100110437716";"41"
"UMF211M102_01";"42";"1100110437723";"42"
"UMF211M102_01";"43";"1100110437730";"43"
"UMF211M102_01";"44";"1100110437747";"44"
"UMF211M102_01";"45";"1100110437754";"45"
"UMF211M102_01";"46";"1100110437761";"46"
"UMF211M102_01";"47";"1100110437778";"47"
"UMF211M102_1V";"40";"1100110678454";"40"
"UMF211M102_1V";"41";"1100110678461";"41"
"UMF211M102_1V";"42";"1100110678478";"42"
"UMF211M102_1V";"43";"1100110678485";"43"
"UMF211M102_1V";"44";"1100110678492";"44"
"UMF211M102_1V";"45";"1100110678508";"45"
"UMF211M102_1V";"46";"1100110678515";"46"
"UMF211M102_1V";"47";"1100110678522";"47"
"UMF223B117_42";"30";"1100110451248";"30"
"UMF223B117_42";"31";"1100110451255";"31"
"UMF223B117_42";"32";"1100110451262";"32"
"UMF223B117_42";"33";"1100110451279";"33"
"UMF223B117_42";"34";"1100110451286";"34"
"UMF223B117_42";"35";"1100110451293";"35"
"UMF223B117_42";"36";"1100110451309";"36"
"UMF223B117_42";"37";"1100110451316";"37"
"UMF223B117_42";"38";"1100110451323";"38"
"UMF223B117_42";"39";"1100110451330";"39"
"UMF223M109_10";"40";"1100110447647";"40"
"UMF223M109_10";"41";"1100110447654";"41"
"UMF223M109_10";"42";"1100110447661";"42"
"UMF223M109_10";"43";"1100110447678";"43"
"UMF223M109_10";"44";"1100110447685";"44"
"UMF223M109_10";"45";"1100110447692";"45"
"UMF223M109_10";"46";"1100110447708";"46"
"UMF223M109_10";"47";"1100110447715";"47"
"UMF223M115_25";"40";"1100110451415";"40"
"UMF223M115_25";"41";"1100110451422";"41"
"UMF223M115_25";"42";"1100110451439";"42"
"UMF223M115_25";"43";"1100110451446";"43"
"UMF223M115_25";"44";"1100110451453";"44"
"UMF223M115_25";"45";"1100110451460";"45"
"UMF223M115_25";"46";"1100110451477";"46"
"UMF231B113_01";"27";"1100110535603";"27"
"UMF231B113_01";"28";"1100110535610";"28"
"UMF231B113_01";"29";"1100110535627";"29"
"UMF231B113_01";"30";"1100110535634";"30"
"UMF231B113_01";"31";"1100110535641";"31"
"UMF231B113_01";"32";"1100110535658";"32"
"UMF231B113_01";"33";"1100110535665";"33"
"UMF231B113_01";"34";"1100110535672";"34"
"UMF231B113_01";"35";"1100110535689";"35"
"UMF231B113_01";"36";"1100110535696";"36"
"UMF231B113_01";"37";"1100110535702";"37"
"UMF231B113_01";"38";"1100110535719";"38"
"UMF231B113_01";"39";"1100110535726";"39"
"UMF231B114_02";"30";"1100110476654";"30"
"UMF231B114_02";"31";"1100110476661";"31"
"UMF231B114_02";"32";"1100110476678";"32"
"UMF231B114_02";"33";"1100110476685";"33"
"UMF231B114_02";"34";"1100110476692";"34"
"UMF231B114_02";"35";"1100110476708";"35"
"UMF231B119_01";"27";"1100110678546";"27"
"UMF231B119_01";"28";"1100110678553";"28"
"UMF231B119_01";"29";"1100110678560";"29"
"UMF231B119_01";"30";"1100110476715";"30"
"UMF231B119_01";"31";"1100110476722";"31"
"UMF231B119_01";"32";"1100110476739";"32"
"UMF231B119_01";"33";"1100110476746";"33"
"UMF231B119_01";"34";"1100110476753";"34"
"UMF231B119_01";"35";"1100110476760";"35"
"UMF231B119_01";"36";"1100110506504";"36"
"UMF231B119_01";"37";"1100110506511";"37"
"UMF231B119_01";"38";"1100110506528";"38"
"UMF231B119_01";"39";"1100110506535";"39"
"UMF231B119_20";"27";"1100110678676";"27"
"UMF231B119_20";"28";"1100110678683";"28"
"UMF231B119_20";"29";"1100110678690";"29"
"UMF231B119_20";"30";"1100110678577";"30"
"UMF231B119_20";"31";"1100110678584";"31"
"UMF231B119_20";"32";"1100110678591";"32"
"UMF231B119_20";"33";"1100110678607";"33"
"UMF231B119_20";"34";"1100110678614";"34"
"UMF231B119_20";"35";"1100110678621";"35"
"UMF231B119_20";"36";"1100110678638";"36"
"UMF231B119_20";"37";"1100110678645";"37"
"UMF231B119_20";"38";"1100110678652";"38"
"UMF231B119_20";"39";"1100110678669";"39"
"UMF231M104_67";"40";"1100110476777";"40"
"UMF231M104_67";"41";"1100110476784";"41"
"UMF231M104_67";"42";"1100110476791";"42"
"UMF231M104_67";"43";"1100110476807";"43"
"UMF231M104_67";"44";"1100110476814";"44"
"UMF231M104_67";"45";"1100110476821";"45"
"UMF231M104_67";"46";"1100110476838";"46"
"UMF231M104_67";"47";"1100110476845";"47"
"UMF231M108_02";"40";"1100110678126";"40"
"UMF231M108_02";"41";"1100110678133";"41"
"UMF231M108_02";"42";"1100110678140";"42"
"UMF231M108_02";"43";"1100110678157";"43"
"UMF231M108_02";"44";"1100110678164";"44"
"UMF231M108_02";"45";"1100110678171";"45"
"UMF231M108_02";"46";"1100110678188";"46"
"UMF231M108_02";"47";"1100110678195";"47"
"UMF231M108_1U";"40";"1100110678706";"40"
"UMF231M108_1U";"41";"1100110678713";"41"
"UMF231M108_1U";"42";"1100110678720";"42"
"UMF231M108_1U";"43";"1100110678737";"43"
"UMF231M108_1U";"44";"1100110678744";"44"
"UMF231M108_1U";"45";"1100110678751";"45"
"UMF231M108_1U";"46";"1100110678768";"46"
"UMF231M108_45";"40";"1100110678775";"40"
"UMF231M108_45";"41";"1100110678782";"41"
"UMF231M108_45";"42";"1100110678799";"42"
"UMF231M108_45";"43";"1100110678805";"43"
"UMF231M108_45";"44";"1100110678812";"44"
"UMF231M108_45";"45";"1100110678829";"45"
"UMF231M108_45";"46";"1100110678836";"46"
"UMF231M109_1U";"40";"1100110535733";"40"
"UMF231M109_1U";"41";"1100110535740";"41"
"UMF231M109_1U";"42";"1100110535757";"42"
"UMF231M109_1U";"43";"1100110535764";"43"
"UMF231M109_1U";"44";"1100110535771";"44"
"UMF231M109_1U";"45";"1100110535788";"45"
"UMF231M109_1U";"46";"1100110535795";"46"
"UMF231M118_20";"40";"1100110678843";"40"
"UMF231M118_20";"41";"1100110678850";"41"
"UMF231M118_20";"42";"1100110678867";"42"
"UMF231M118_20";"43";"1100110678874";"43"
"UMF231M118_20";"44";"1100110678881";"44"
"UMF231M118_20";"45";"1100110678898";"45"
"UMF231M118_20";"46";"1100110678904";"46"
"UMF231M121_02";"40";"1100110476852";"40"
"UMF231M121_02";"41";"1100110476869";"41"
"UMF231M121_02";"42";"1100110476876";"42"
"UMF231M121_02";"43";"1100110476883";"43"
"UMF231M121_02";"44";"1100110476890";"44"
"UMF231M121_02";"45";"1100110476906";"45"
"UMF231M121_02";"46";"1100110476913";"46"
"UMF231M121_02";"47";"1100110476920";"47"
"UNTERSBERG_GREY";"36";"1100110170590";"36"
"UNTERSBERG_GREY";"37";"1100110170606";"37"
"UNTERSBERG_GREY";"38";"1100110170613";"38"
"UNTERSBERG_GREY";"39";"1100110170620";"39"
"UNTERSBERG_GREY";"40";"1100110170637";"40"
"UNTERSBERG_GREY";"41";"1100110170644";"41"
"UNTERSBERG_GREY";"42";"1100110170651";"42"
"UNTERSBERG_GREY";"43";"1100110170668";"43"
"UNTERSBERG_GREY";"44";"1100110170675";"44"
"UNTERSBERG_GREY";"45";"1100110170682";"45"
"UNTERSBERG_GREY";"46";"1100110170699";"46"
"URCPP21_13_PURPLE";"26";"1100110457936";"26"
"URCPP21_13_PURPLE";"27";"1100110457943";"27"
"URCPP21_13_PURPLE";"28";"1100110457950";"28"
"URCPP21_13_PURPLE";"29";"1100110457967";"29"
"URCPP21_13_PURPLE";"30";"1100110457974";"30"
"URCPP21_13_PURPLE";"31";"1100110457981";"31"
"URCPP21_13_PURPLE";"32";"1100110457998";"32"
"V202_1_NAVY";"36";"1100110537089";"36"
"V202_1_NAVY";"37";"1100110537096";"37"
"V202_1_NAVY";"38";"1100110537102";"38"
"V202_1_NAVY";"39";"1100110537119";"39"
"V202_1_NAVY";"40";"1100110537126";"40"
"V202_1_NAVY";"41";"1100110537133";"41"
"V202_GREEN";"36";"1100110698742";"36"
"V202_GREEN";"37";"1100110698759";"37"
"V202_GREEN";"38";"1100110698766";"38"
"V202_GREEN";"39";"1100110698773";"39"
"V202_GREEN";"40";"1100110698780";"40"
"V202_GREEN";"41";"1100110698797";"41"
"V202_GREEN";"42";"1100110698803";"42"
"V202_GREEPEARL";"36";"1100110710178";"36"
"V202_GREEPEARL";"37";"1100110710185";"37"
"V202_GREEPEARL";"38";"1100110710192";"38"
"V202_GREEPEARL";"39";"1100110710208";"39"
"V202_GREEPEARL";"40";"1100110710215";"40"
"V202_GREEPEARL";"41";"1100110710222";"41"
"V202_GREEPEARL";"42";"1100110710239";"42"
"V202_M_BLACK";"41";"1100110474322";"41"
"V202_M_BLACK";"42";"1100110474339";"42"
"V202_M_BLACK";"43";"1100110474346";"43"
"V202_M_BLACK";"44";"1100110474353";"44"
"V202_M_BLACK";"45";"1100110474360";"45"
"V202_M_BLACK";"46";"1100110474377";"46"
"V202_M_NAVY";"41";"1100110537140";"41"
"V202_M_NAVY";"42";"1100110537157";"42"
"V202_M_NAVY";"43";"1100110537164";"43"
"V202_M_NAVY";"44";"1100110537171";"44"
"V202_M_NAVY";"45";"1100110537188";"45"
"V202_M_NAVY";"46";"1100110537195";"46"
"V202_M_WHITE";"41";"1100110482242";"41"
"V202_M_WHITE";"42";"1100110482259";"42"
"V202_M_WHITE";"43";"1100110482266";"43"
"V202_M_WHITE";"44";"1100110482273";"44"
"V202_M_WHITE";"45";"1100110482280";"45"
"V202_M_WHITE";"46";"1100110482297";"46"
"V202_N_BLACK";"36";"1100110482303";"36"
"V202_N_BLACK";"37";"1100110482310";"37"
"V202_N_BLACK";"38";"1100110482327";"38"
"V202_N_BLACK";"39";"1100110482334";"39"
"V202_N_BLACK";"40";"1100110482341";"40"
"V202_N_BLACK";"41";"1100110482358";"41"
"V202_N_WHITE";"36";"1100110474445";"36"
"V202_N_WHITE";"37";"1100110474452";"37"
"V202_N_WHITE";"38";"1100110474469";"38"
"V202_N_WHITE";"39";"1100110474476";"39"
"V202_N_WHITE";"40";"1100110474483";"40"
"V202_N_WHITE";"41";"1100110474490";"41"
"V202_PERLA_1";"36";"1100110309235";"36"
"V202_PERLA_1";"37";"1100110309242";"37"
"V202_PERLA_1";"38";"1100110309259";"38"
"V202_PERLA_1";"39";"1100110309266";"39"
"V202_PERLA_1";"40";"1100110309273";"40"
"V202_PERLA_1";"41";"1100110309280";"41"
"V202_PERLA_1";"42";"1100110309297";"42"
"V202_ROSE";"36";"1100110338471";"36"
"V202_ROSE";"37";"1100110338488";"37"
"V202_ROSE";"38";"1100110338495";"38"
"V202_ROSE";"39";"1100110338501";"39"
"V202_ROSE";"40";"1100110338518";"40"
"V202_ROSE";"41";"1100110338525";"41"
"V202_ROSE";"42";"1100110338532";"42"
"V230_WHITE";"41";"1100110484031";"41"
"V230_WHITE";"42";"1100110484048";"42"
"V230_WHITE";"42-43";"1100110714206";"42/43"
"V230_WHITE";"43";"1100110484055";"43"
"V230_WHITE";"44";"1100110484062";"44"
"V230_WHITE";"45";"1100110484079";"45"
"V230_WHITE";"46";"1100110484086";"46"
"V260_BEIGE";"36";"1100110513595";"36"
"V260_BEIGE";"37";"1100110513601";"37"
"V260_BEIGE";"38";"1100110513618";"38"
"V260_BEIGE";"39";"1100110513625";"39"
"V260_BEIGE";"40";"1100110513632";"40"
"V260_BEIGE";"41";"1100110513649";"41"
"V260_BEIGE";"42";"1100110513656";"42"
"V260_BLACK";"36";"1100110473974";"36"
"V260_BLACK";"37";"1100110473981";"37"
"V260_BLACK";"38";"1100110473998";"38"
"V260_BLACK";"39";"1100110474001";"39"
"V260_BLACK";"40";"1100110474018";"40"
"V260_BLACK";"41";"1100110474025";"41"
"V260_BLACK";"42";"1100110474032";"42"
"V260_PERLA";"36";"1100110309099";"36"
"V260_PERLA";"37";"1100110309105";"37"
"V260_PERLA";"38";"1100110309112";"38"
"V260_PERLA";"39";"1100110309129";"39"
"V260_PERLA";"40";"1100110309136";"40"
"V260_PERLA";"41";"1100110309143";"41"
"V260_PERLA";"42";"1100110309150";"42"
"V260_WHITE";"36";"1100110206183";"36"
"V260_WHITE";"37";"1100110206190";"37"
"V260_WHITE";"38";"1100110206206";"38"
"V260_WHITE";"39";"1100110206213";"39"
"V260_WHITE";"40";"1100110206220";"40"
"V260_WHITE";"41";"1100110206237";"41"
"V260_WHITE";"42";"1100110206244";"42"
"V261_BLACK";"36";"1100110111487";"36"
"V261_BLACK";"37";"1100110111494";"37"
"V261_BLACK";"38";"1100110111500";"38"
"V261_BLACK";"39";"1100110111517";"39"
"V261_BLACK";"40";"1100110111524";"40"
"V261_BLACK";"41";"1100110111531";"41"
"V261_BLACK";"42";"1100110111548";"42"
"V261_BLACK_FLOWER";"36";"1100110197740";"36"
"V261_BLACK_FLOWER";"37";"1100110197757";"37"
"V261_BLACK_FLOWER";"38";"1100110197764";"38"
"V261_BLACK_FLOWER";"39";"1100110197771";"39"
"V261_BLACK_FLOWER";"40";"1100110197788";"40"
"V261_BLACK_FLOWER";"41";"1100110197795";"41"
"V261_BLACK_FLOWER";"42";"1100110197801";"42"
"V261_PERLA";"36";"1100110111418";"36"
"V261_PERLA";"37";"1100110111425";"37"
"V261_PERLA";"38";"1100110111432";"38"
"V261_PERLA";"39";"1100110111449";"39"
"V261_PERLA";"40";"1100110111456";"40"
"V261_PERLA";"41";"1100110111463";"41"
"V261_PERLA";"42";"1100110111470";"42"
"V261_WHITE";"36";"1100110111272";"36"
"V261_WHITE";"37";"1100110111289";"37"
"V261_WHITE";"38";"1100110111296";"38"
"V261_WHITE";"39";"1100110111302";"39"
"V261_WHITE";"40";"1100110111319";"40"
"V261_WHITE";"41";"1100110111326";"41"
"V261_WHITE";"42";"1100110111333";"42"
"V263_1_PINK";"36";"1100110644664";"36"
"V263_1_PINK";"37";"1100110644671";"37"
"V263_1_PINK";"38";"1100110644688";"38"
"V263_1_PINK";"39";"1100110644695";"39"
"V263_1_PINK";"40";"1100110644701";"40"
"V263_1_PINK";"41";"1100110644718";"41"
"V263_1_PINK";"42";"1100110644725";"42"
"VISTA_RED";"";"1100110531544";"XY"
"W7031_GREY";"41";"1100110699091";"41"
"W7031_GREY";"42";"1100110699107";"42"
"W7031_GREY";"43";"1100110699114";"43"
"W7031_GREY";"44";"1100110699121";"44"
"W7031_GREY";"45";"1100110699138";"45"
"W7031_GREY";"46";"1100110699145";"46"
"W7035A_BLACK";"41";"1100110677945";"41"
"W7035A_BLACK";"42";"1100110677952";"42"
"W7035A_BLACK";"43";"1100110677969";"43"
"W7035A_BLACK";"44";"1100110677976";"44"
"W7035A_BLACK";"45";"1100110677983";"45"
"W7035A_BLACK";"46";"1100110677990";"46"
"W7035A_SIVA";"41";"1100110699039";"41"
"W7035A_SIVA";"42";"1100110699046";"42"
"W7035A_SIVA";"43";"1100110699053";"43"
"W7035A_SIVA";"44";"1100110699060";"44"
"W7035A_SIVA";"45";"1100110699077";"45"
"W7035A_SIVA";"46";"1100110699084";"46"
"WD166_BRONZE";"36";"1100110576606";"36"
"WD166_BRONZE";"37";"1100110576613";"37"
"WD166_BRONZE";"38";"1100110576620";"38"
"WD166_BRONZE";"39";"1100110576637";"39"
"WD166_BRONZE";"40";"1100110576644";"40"
"WD166_BRONZE";"41";"1100110576651";"41"
"WD166_BRONZE";"42";"1100110576668";"42"
"WL587_BLACK";"42";"1100110617750";"42"
"WL587_BLACK";"43";"1100110617767";"43"
"WL587_BLACK";"44";"1100110617774";"44"
"WL587_BLACK";"45";"1100110617781";"45"
"WL587_BROWN";"40";"1100110620545";"40"
"WL587_BROWN";"41";"1100110620552";"41"
"WL587_BROWN";"42";"1100110620569";"42"
"WL587_BROWN";"43";"1100110620576";"43"
"WL587_BROWN";"44";"1100110620583";"44"
"WL587_BROWN";"45";"1100110620590";"45"
"WLF0806_DGREEN";"27";"1100110711090";"27"
"WLF0806_DGREEN";"28";"1100110711113";"28"
"WLF0806_DGREEN";"29";"1100110711106";"29"
"WLF0806_DGREEN";"30";"1100110711137";"30"
"WLF0806_DGREEN";"31";"1100110711038";"31"
"WLF0806_DGREEN";"32";"1100110711045";"32"
"WLF0806_DGREEN";"33";"1100110711052";"33"
"WLF0806_DGREEN";"34";"1100110711069";"34"
"WLF0806_DGREEN";"35";"1100110711076";"35"
"WLF0806_DGREEN";"36";"1100110711083";"36"
"WLF0806_DGREEN";"37";"1100110711120";"37"
"WLF22_100_1NAVY";"31";"1100110505637";"31"
"WLF22_100_1NAVY";"32";"1100110505644";"32"
"WLF22_100_1NAVY";"33";"1100110505651";"33"
"WLF22_100_1NAVY";"34";"1100110505668";"34"
"WLF22_100_1NAVY";"35";"1100110505675";"35"
"WLF22_100_1NAVY";"36";"1100110505682";"36"
"WLF22_100_1NAVY";"37";"1100110505699";"37"
"WLF22_100_2PINK";"31";"1100110505422";"31"
"WLF22_100_2PINK";"32";"1100110505439";"32"
"WLF22_100_2PINK";"33";"1100110505446";"33"
"WLF22_100_2PINK";"34";"1100110505453";"34"
"WLF22_100_2PINK";"35";"1100110505460";"35"
"WLF22_100_2PINK";"36";"1100110505477";"36"
"WLF22_100_2PINK";"37";"1100110505484";"37"
"WLF22_100_BLACK";"31";"1100110505897";"31"
"WLF22_100_BLACK";"32";"1100110505903";"32"
"WLF22_100_BLACK";"33";"1100110505910";"33"
"WLF22_100_BLACK";"34";"1100110505927";"34"
"WLF22_100_BLACK";"35";"1100110505934";"35"
"WLF22_100_BLACK";"36";"1100110505941";"36"
"WLF22_100_BLACK";"37";"1100110505958";"37"
"WLF22_100_BLUE";"31";"1100110505828";"31"
"WLF22_100_BLUE";"32";"1100110505835";"32"
"WLF22_100_BLUE";"33";"1100110505842";"33"
"WLF22_100_BLUE";"34";"1100110505859";"34"
"WLF22_100_BLUE";"35";"1100110505866";"35"
"WLF22_100_BLUE";"36";"1100110505873";"36"
"WLF22_100_BLUE";"37";"1100110505880";"37"
"WLF22_100_NAVY";"31";"1100110505354";"31"
"WLF22_100_NAVY";"32";"1100110505361";"32"
"WLF22_100_NAVY";"33";"1100110505378";"33"
"WLF22_100_NAVY";"34";"1100110505385";"34"
"WLF22_100_NAVY";"35";"1100110505392";"35"
"WLF22_100_NAVY";"36";"1100110505408";"36"
"WLF22_100_NAVY";"37";"1100110505415";"37"
"WLF22_100_PINKY";"31";"1100110505286";"31"
"WLF22_100_PINKY";"32";"1100110505293";"32"
"WLF22_100_PINKY";"33";"1100110505309";"33"
"WLF22_100_PINKY";"34";"1100110505316";"34"
"WLF22_100_PINKY";"35";"1100110505323";"35"
"WLF22_100_PINKY";"36";"1100110505330";"36"
"WLF22_100_PINKY";"37";"1100110505347";"37"
"WLF22_104_NAVY";"37";"1100110417947";"37"
"WLF22_104_NAVY";"38";"1100110417954";"38"
"WLF22_104_NAVY";"39";"1100110417961";"39"
"WLF22_104_NAVY";"40";"1100110417978";"40"
"WLF22_104_NAVY";"41";"1100110417985";"41"
"WLF22_120_WHITE";"37";"1100110423870";"37"
"WLF22_120_WHITE";"38";"1100110423887";"38"
"WLF22_120_WHITE";"39";"1100110423894";"39"
"WLF22_120_WHITE";"40";"1100110423900";"40"
"WLF22_120_WHITE";"41";"1100110420251";"41"
"WLF22_142_1BROWN";"37";"1100110557544";"37"
"WLF22_142_1BROWN";"38";"1100110557551";"38"
"WLF22_142_1BROWN";"39";"1100110557568";"39"
"WLF22_142_1BROWN";"40";"1100110557575";"40"
"WLF22_142_1BROWN";"41";"1100110557582";"41"
"WLF22_142_BROWN";"37";"1100110504494";"37"
"WLF22_142_BROWN";"38";"1100110504500";"38"
"WLF22_142_BROWN";"39";"1100110504517";"39"
"WLF22_142_BROWN";"40";"1100110504524";"40"
"WLF22_142_BROWN";"41";"1100110504531";"41"
"WLF22_142_PEACH";"37";"1100110504593";"37"
"WLF22_142_PEACH";"38";"1100110504609";"38"
"WLF22_142_PEACH";"39";"1100110504616";"39"
"WLF22_142_PEACH";"40";"1100110504623";"40"
"WLF22_142_PEACH";"41";"1100110504630";"41"
"WLF22_142_TOURQUISE";"37";"1100110504548";"37"
"WLF22_142_TOURQUISE";"38";"1100110504555";"38"
"WLF22_142_TOURQUISE";"39";"1100110504562";"39"
"WLF22_142_TOURQUISE";"40";"1100110504579";"40"
"WLF22_142_TOURQUISE";"41";"1100110504586";"41"
"WLF22_52_PINK";"37";"1100110408655";"37"
"WLF22_52_PINK";"38";"1100110408662";"38"
"WLF22_52_PINK";"39";"1100110408679";"39"
"WLF22_52_PINK";"40";"1100110408686";"40"
"WLF22_55_PINK";"37";"1100110408976";"37"
"WLF22_55_PINK";"38";"1100110408983";"38"
"WLF22_55_PINK";"39";"1100110408990";"39"
"WLF22_55_PINK";"40";"1100110409003";"40"
"WLF22_55_PINK";"41";"1100110409010";"41"
"WLF22_59_BEIGE";"41";"1100110409355";"41"
"WLF22_59_BEIGE";"42";"1100110409362";"42"
"WLF22_59_BEIGE";"43";"1100110409379";"43"
"WLF22_59_BEIGE";"44";"1100110409386";"44"
"WLF22_59_BEIGE";"45";"1100110409393";"45"
"WLF22_59_BEIGE";"46";"1100110409409";"46"
"WLF22_70_BEIGE";"36";"1100110410719";"36"
"WLF22_70_BEIGE";"37";"1100110410726";"37"
"WLF22_70_BEIGE";"38";"1100110410733";"38"
"WLF22_70_BLACK";"36";"1100110410689";"36"
"WLF22_70_BLACK";"37";"1100110410696";"37"
"WLF22_70_BLACK";"38";"1100110410702";"38"
"WLF22_70_BLACK";"39";"1100110464286";"39"
"WLF22_70_BLACK";"40";"1100110464293";"40"
"WLF22_70_BLACK";"41";"1100110464309";"41"
"WLF22_70_BLACK";"42";"1100110464316";"42"
"WLF22_70_BLACK";"43";"1100110464323";"43"
"WLF22_70_BLACK";"44";"1100110464330";"44"
"WLF22_70_BLACK";"45";"1100110464347";"45"
"WLF22_70_BLACK";"46";"1100110464354";"46"
"WLF22_73_GREY2";"12-18";"1100110411280";"12-18"
"WLF22_73_GREY2";"18-24";"1100110411297";"18-24"
"WLF22_73_GREY2";"6-12";"1100110411273";"6-12"
"WLF22_73_GREY4";"12-18";"1100110411341";"12-18"
"WLF22_73_GREY4";"18-24";"1100110411358";"18-24"
"WLF22_73_GREY4";"6-12";"1100110411334";"6-12"
"WLF22_80_1BLACK";"37";"1100110465153";"37"
"WLF22_80_1BLACK";"38";"1100110465160";"38"
"WLF22_80_1BLACK";"39";"1100110465177";"39"
"WLF22_80_1BLACK";"40";"1100110465184";"40"
"WLF22_80_1BLACK";"41";"1100110465191";"41"
"WLF22_80_1BROWN";"37";"1100110465108";"37"
"WLF22_80_1BROWN";"38";"1100110465115";"38"
"WLF22_80_1BROWN";"39";"1100110465122";"39"
"WLF22_80_1BROWN";"40";"1100110465139";"40"
"WLF22_80_1BROWN";"41";"1100110465146";"41"
"WLF22_80_BLACK";"37";"1100110412065";"37"
"WLF22_80_BLACK";"38";"1100110412072";"38"
"WLF22_80_BLACK";"39";"1100110412089";"39"
"WLF22_80_BLACK";"40";"1100110412096";"40"
"WLF22_80_BLACK";"41";"1100110412102";"41"
"WLF22_85_BEIGE";"37";"1100110456816";"37"
"WLF22_85_BEIGE";"38";"1100110456823";"38"
"WLF22_85_BEIGE";"39";"1100110456830";"39"
"WLF22_85_BEIGE";"40";"1100110456847";"40"
"WLF22_85_BEIGE";"41";"1100110456854";"41"
"WLF347_BLUE";"30-31";"1100110339409";"30/31"
"WLF347_BLUE";"31";"1100110566539";"31"
"WLF347_BLUE";"32";"1100110339416";"32"
"WLF347_BLUE";"33";"1100110566485";"33"
"WLF347_BLUE";"34";"1100110566492";"34"
"WLF347_BLUE";"35";"1100110566508";"35"
"WLF347_BLUE";"36";"1100110566515";"36"
"WLF347_BLUE";"37";"1100110566522";"37"
"WLF622025_BORDO";"37";"1100110675132";"37"
"WLF622025_BORDO";"38";"1100110675149";"38"
"WLF622025_BORDO";"39";"1100110675156";"39"
"WLF622025_BORDO";"40";"1100110675163";"40"
"WLF622025_BORDO";"41";"1100110695932";"41"
"WLFP0139_GREEN";"23";"1100110529817";"23"
"WLFP0139_GREEN";"24";"1100110529749";"24"
"WLFP0139_GREEN";"25";"1100110529756";"25"
"WLFP0139_GREEN";"26";"1100110529763";"26"
"WLFP0139_GREEN";"27";"1100110529770";"27"
"WLFP0139_GREEN";"28";"1100110529787";"28"
"WLFP0139_GREEN";"29";"1100110529794";"29"
"WLFP0139_GREEN";"30";"1100110529800";"30"
"WLFP02025_BROWN";"37";"1100110646897";"37"
"WLFP02025_BROWN";"38";"1100110646903";"38"
"WLFP02025_BROWN";"39";"1100110646910";"39"
"WLFP02025_BROWN";"40";"1100110646927";"40"
"WLFP02025_BROWN";"41";"1100110646934";"41"
"WLFP0230_1BLUE";"";"1100110685049";""
"WLFP0230_1BLUE";"30";"1100110569530";"30"
"WLFP0230_1BLUE";"31";"1100110569547";"31"
"WLFP0230_1BLUE";"32";"1100110569554";"32"
"WLFP0230_1BLUE";"32-33";"1100110667564";"32/33"
"WLFP0230_1BLUE";"33";"1100110569561";"33"
"WLFP0230_1BLUE";"34-35";"1100110667571";"34/35"
"WLFP0230_1PINK";"30";"1100110672353";"30"
"WLFP0230_1PINK";"31";"1100110672360";"31"
"WLFP0230_1PINK";"32";"1100110672377";"32"
"WLFP0230_1PINK";"33";"1100110672384";"33"
"WLFP0230_1PINK";"34";"1100110672391";"34"
"WLFP0230_1PINK";"35";"1100110693495";"35"
"WLFP0230_1PINK";"36";"1100110693501";"36"
"WLFP0333_PURPLE";"30";"1100110557599";"30"
"WLFP0333_PURPLE";"31";"1100110557605";"31"
"WLFP0333_PURPLE";"32";"1100110557612";"32"
"WLFP0333_PURPLE";"33";"1100110557629";"33"
"WLFP0333_PURPLE";"34";"1100110557636";"34"
"WLFP0333_PURPLE";"35";"1100110557643";"35"
"WLFP0333_PURPLE";"36";"1100110557650";"36"
"WLFP0373_PURPLE";"31";"1100110580214";"31"
"WLFP0373_PURPLE";"32";"1100110580221";"32"
"WLFP0373_PURPLE";"33";"1100110580238";"33"
"WLFP0373_PURPLE";"34";"1100110580245";"34"
"WLFP0373_PURPLE";"35";"1100110580252";"35"
"WLFP0373_PURPLE";"36";"1100110580269";"36"
"WLFP0410_RED";"";"1100110582447";"XY"
"WLFP0420_1NAVY";"30";"1100110610263";"30"
"WLFP0420_1NAVY";"31";"1100110610270";"31"
"WLFP0420_1NAVY";"32";"1100110610287";"32"
"WLFP0420_1NAVY";"33";"1100110610294";"33"
"WLFP0420_1NAVY";"34";"1100110610300";"34"
"WLFP0420_1NAVY";"35";"1100110610317";"35"
"WLFP0420_1NAVY";"36";"1100110610324";"36"
"WLFP0420_1NAVY";"37";"1100110672872";"37"
"WLFP060_PINK";"";"1100110516541";"XY"
"WLFP065_GREY";"31";"1100110518064";"31"
"WLFP065_GREY";"32";"1100110518071";"32"
"WLFP065_GREY";"33";"1100110518088";"33"
"WLFP065_GREY";"34";"1100110518095";"34"
"WLFP072_2BEIGE";"37";"1100110698599";"37"
"WLFP072_2BEIGE";"38";"1100110698605";"38"
"WLFP072_2BEIGE";"39";"1100110698612";"39"
"WLFP072_2BEIGE";"40";"1100110698629";"40"
"WLFP072_2BEIGE";"41";"1100110698636";"41"
"WLFP076_NAVY";"37";"1100110518729";"37"
"WLFP076_NAVY";"38";"1100110518736";"38"
"WLFP076_NAVY";"39";"1100110518743";"39"
"WLFP076_NAVY";"40";"1100110518750";"40"
"WLFP076_NAVY";"41";"1100110694911";"41"
"WLFP076_NAVY";"42";"1100110694928";"42"
"WLFP076_NAVY";"43";"1100110694935";"43"
"WLFP076_NAVY";"44";"1100110694942";"44"
"WLFP076_NAVY";"45";"1100110694959";"45"
"WLFP076_NAVY";"46";"1100110694966";"46"
"WLFP0806_1BLUE";"27";"1100110711205";"27"
"WLFP0806_1BLUE";"28";"1100110711229";"28"
"WLFP0806_1BLUE";"29";"1100110711212";"29"
"WLFP0806_1BLUE";"30";"1100110711243";"30"
"WLFP0806_1BLUE";"31";"1100110711144";"31"
"WLFP0806_1BLUE";"32";"1100110711151";"32"
"WLFP0806_1BLUE";"33";"1100110711168";"33"
"WLFP0806_1BLUE";"34";"1100110711175";"34"
"WLFP0806_1BLUE";"35";"1100110711182";"35"
"WLFP0806_1BLUE";"36";"1100110711199";"36"
"WLFP0806_1BLUE";"37";"1100110711236";"37"
"WLFP0806_GREEN";"27";"1100110710772";"27"
"WLFP0806_GREEN";"28";"1100110710796";"28"
"WLFP0806_GREEN";"29";"1100110710789";"29"
"WLFP0806_GREEN";"31";"1100110710710";"31"
"WLFP0806_GREEN";"32";"1100110710727";"32"
"WLFP0806_GREEN";"33";"1100110710734";"33"
"WLFP0806_GREEN";"34";"1100110710741";"34"
"WLFP0806_GREEN";"35";"1100110710758";"35"
"WLFP0806_GREEN";"36";"1100110710765";"36"
"WLFP0806_GREEN";"37";"1100110710802";"37"
"WLFP0806_RED";"27";"1100110710987";"27"
"WLFP0806_RED";"28";"1100110711007";"28"
"WLFP0806_RED";"29";"1100110710994";"29"
"WLFP0806_RED";"30";"1100110711021";"30"
"WLFP0806_RED";"31";"1100110710925";"31"
"WLFP0806_RED";"32";"1100110710932";"32"
"WLFP0806_RED";"33";"1100110710949";"33"
"WLFP0806_RED";"34";"1100110710956";"34"
"WLFP0806_RED";"35";"1100110710963";"35"
"WLFP0806_RED";"36";"1100110710970";"36"
"WLFP0806_RED";"37";"1100110711014";"37"
"WLFP102025_NAVY";"24";"1100110668066";"24"
"WLFP102025_NAVY";"25";"1100110668073";"25"
"WLFP102025_NAVY";"26";"1100110668080";"26"
"WLFP102025_NAVY";"27";"1100110668097";"27"
"WLFP102025_NAVY";"28";"1100110668103";"28"
"WLFP107_RED";"";"1100110670625";""
"WLFP107_RED";"36-37";"1100110670571";"36/37"
"WLFP107_RED";"38-39";"1100110670588";"38/39"
"WLFP107_RED";"40-41";"1100110670595";"40/41"
"WLFP107_RED";"42-43";"1100110670601";"42/43"
"WLFP107_RED";"44-45";"1100110670618";"44/45"
"WLFP112025_NAVY";"37";"1100110668110";"37"
"WLFP112025_NAVY";"38";"1100110668127";"38"
"WLFP112025_NAVY";"39";"1100110668134";"39"
"WLFP112025_NAVY";"40";"1100110668141";"40"
"WLFP112025_NAVY";"41";"1100110668158";"41"
"WLFP112025_RED_NAVY";"37";"1100110698049";"37"
"WLFP112025_RED_NAVY";"38";"1100110698056";"38"
"WLFP112025_RED_NAVY";"39";"1100110698063";"39"
"WLFP112025_RED_NAVY";"40";"1100110698070";"40"
"WLFP112025_RED_NAVY";"41";"1100110698087";"41"
"WLFP112025_WHITE_BLUE";"37";"1100110698148";"37"
"WLFP112025_WHITE_BLUE";"38";"1100110698155";"38"
"WLFP112025_WHITE_BLUE";"39";"1100110698162";"39"
"WLFP112025_WHITE_BLUE";"40";"1100110698179";"40"
"WLFP112025_WHITE_BLUE";"41";"1100110698186";"41"
"WLFP122025_BLACK";"41";"1100110697912";"41"
"WLFP122025_BLACK";"42";"1100110697929";"42"
"WLFP122025_BLACK";"43";"1100110697936";"43"
"WLFP122025_BLACK";"44";"1100110697943";"44"
"WLFP122025_BLACK";"45";"1100110697950";"45"
"WLFP122025_BLACK";"46";"1100110697967";"46"
"WLFP122025_BLUE";"41";"1100110668240";"41"
"WLFP122025_BLUE";"42";"1100110668257";"42"
"WLFP122025_BLUE";"43";"1100110668264";"43"
"WLFP122025_BLUE";"44";"1100110668271";"44"
"WLFP122025_BLUE";"45";"1100110668288";"45"
"WLFP122025_BLUE";"46";"1100110668295";"46"
"WLFP122025_WHITE";"41";"1100110668202";"41"
"WLFP122025_WHITE";"42";"1100110668219";"42"
"WLFP122025_WHITE";"43";"1100110668226";"43"
"WLFP122025_WHITE";"44";"1100110668233";"44"
"WLFP122025_WHITE";"45";"1100110697899";"45"
"WLFP122025_WHITE";"46";"1100110697905";"46"
"WLFP1222025_BLUE";"30";"1100110689016";"30"
"WLFP1222025_BLUE";"31";"1100110689023";"31"
"WLFP1222025_BLUE";"32";"1100110689030";"32"
"WLFP1222025_BLUE";"33";"1100110689047";"33"
"WLFP1222025_BLUE";"34";"1100110689054";"34"
"WLFP1222025_BLUE";"35";"1100110689061";"35"
"WLFP1222025_BLUE";"36";"1100110689078";"36"
"WLFP1272025_BROWN";"25";"1100110689511";"25"
"WLFP1272025_BROWN";"26";"1100110689467";"26"
"WLFP1272025_BROWN";"27";"1100110689474";"27"
"WLFP1272025_BROWN";"28";"1100110689481";"28"
"WLFP1272025_BROWN";"29";"1100110689498";"29"
"WLFP1272025_BROWN";"30";"1100110689504";"30"
"WLFP1302025_BLACK";"37";"1100110689764";"37"
"WLFP1302025_BLACK";"38";"1100110689771";"38"
"WLFP1302025_BLACK";"39";"1100110689788";"39"
"WLFP1302025_BLACK";"40";"1100110689795";"40"
"WLFP1302025_BLACK";"41";"1100110689801";"41"
"WLFP1352025_BLACK";"37";"1100110692009";"37"
"WLFP1352025_BLACK";"38";"1100110692016";"38"
"WLFP1352025_BLACK";"39";"1100110692023";"39"
"WLFP1352025_BLACK";"40";"1100110692030";"40"
"WLFP1352025_BLACK";"41";"1100110692047";"41"
"WLFP1702025_WHITE";"37";"1100110695987";"37"
"WLFP1702025_WHITE";"38";"1100110695994";"38"
"WLFP1702025_WHITE";"39";"1100110696007";"39"
"WLFP1702025_WHITE";"40";"1100110696014";"40"
"WLFP191_PURPLE";"37";"1100110465351";"37"
"WLFP191_PURPLE";"38";"1100110465368";"38"
"WLFP191_PURPLE";"39";"1100110465375";"39"
"WLFP191_PURPLE";"40";"1100110465382";"40"
"WLFP191_PURPLE";"41";"1100110465399";"41"
"WLFP192_PINK";"37";"1100110465429";"37"
"WLFP192_PINK";"38";"1100110465436";"38"
"WLFP192_PINK";"39";"1100110465443";"39"
"WLFP192_PINK";"40";"1100110465450";"40"
"WLFP192_PINK";"41";"1100110465467";"41"
"WLFP196_PINK";"25";"1100110520036";"25"
"WLFP196_PINK";"26";"1100110520043";"26"
"WLFP196_PINK";"27";"1100110520050";"27"
"WLFP196_PINK";"28";"1100110520067";"28"
"WLFP196_PINK";"29";"1100110520074";"29"
"WLFP196_PINK";"30";"1100110468062";"30"
"WLFP196_PINKI";"26";"1100110667915";"26"
"WLFP196_PINKI";"27";"1100110667922";"27"
"WLFP196_PINKI";"28";"1100110667939";"28"
"WLFP196_PINKI";"29";"1100110667946";"29"
"WLFP196_PINKI";"30";"1100110667953";"30"
"WLFP198_PINK";"41";"1100110468710";"41"
"WLFP198_PINK";"42";"1100110468727";"42"
"WLFP198_PINK";"43";"1100110468734";"43"
"WLFP198_PINK";"44";"1100110468741";"44"
"WLFP198_PINK";"45";"1100110468758";"45"
"WLFP198_PINK";"46";"1100110468765";"46"
"WLFP203_PURPLE";"23";"1100110505026";"23"
"WLFP203_PURPLE";"24";"1100110504913";"24"
"WLFP203_PURPLE";"25";"1100110504920";"25"
"WLFP203_PURPLE";"26";"1100110504937";"26"
"WLFP203_PURPLE";"27";"1100110504944";"27"
"WLFP203_PURPLE";"28";"1100110504951";"28"
"WLFP203_PURPLE";"29";"1100110504968";"29"
"WLFP203_PURPLE";"30";"1100110504975";"30"
"WLFP203_PURPLE";"31";"1100110504982";"31"
"WLFP203_PURPLE";"32";"1100110504999";"32"
"WLFP203_PURPLE";"33";"1100110505002";"33"
"WLFP203_PURPLE";"34";"1100110505019";"34"
"WLFP221_PINK";"37";"1100110471765";"37"
"WLFP221_PINK";"38";"1100110471772";"38"
"WLFP221_PINK";"39";"1100110471789";"39"
"WLFP221_PINK";"40";"1100110471796";"40"
"WLFP221_PINK";"41";"1100110473615";"41"
"WLFP222_NAVY";"";"1100110631237";""
"WLFP222_NAVY";"37";"1100110471840";"37"
"WLFP222_NAVY";"38";"1100110471857";"38"
"WLFP222_NAVY";"39";"1100110471864";"39"
"WLFP222_NAVY";"40";"1100110471871";"40"
"WLFP222_NAVY";"41";"1100110558046";"41"
"WLFP231_PINK";"37";"1100110521965";"37"
"WLFP231_PINK";"38";"1100110521972";"38"
"WLFP231_PINK";"39";"1100110521989";"39"
"WLFP231_PINK";"40";"1100110521996";"40"
"WLFP231_PINK";"41";"1100110522009";"41"
"WLFP262025_BLUE";"";"1100110693488";""
"WLFP262025_BLUE";"25";"1100110672407";"25"
"WLFP262025_BLUE";"26";"1100110672414";"26"
"WLFP262025_BLUE";"27";"1100110672421";"27"
"WLFP262025_BLUE";"28";"1100110669827";"28"
"WLFP262025_BLUE";"29";"1100110669834";"29"
"WLFP262025_BLUE";"30";"1100110669841";"30"
"WLFP262025_BLUE";"31";"1100110669858";"31"
"WLFP26_BLUE";"37-38";"1100110709769";"37/38"
"WLFP26_BLUE";"39-40";"1100110709776";"39/40"
"WLFP26_BLUE";"41-42";"1100110709783";"41/42"
"WLFP26_BLUE";"43-44";"1100110709790";"43/44"
"WLFP26_BLUE";"45-46";"1100110709806";"45/46"
"WLFP26_PINK";"37-38";"1100110709813";"37/38"
"WLFP26_PINK";"39-40";"1100110709820";"39/40"
"WLFP26_PINK";"41-42";"1100110709837";"41/42"
"WLFP26_PINK";"43-44";"1100110709844";"43/44"
"WLFP26_PINK";"45-46";"1100110709851";"45/46"
"WLFP26_WHITE";"37-38";"1100110709868";"37/38"
"WLFP26_WHITE";"39-40";"1100110709875";"39/40"
"WLFP26_WHITE";"41-42";"1100110709882";"41/42"
"WLFP26_WHITE";"43-44";"1100110709899";"43/44"
"WLFP26_WHITE";"45-46";"1100110709905";"45/46"
"WLFP292025_BLUE";"28";"1100110669377";"28"
"WLFP292025_BLUE";"29";"1100110669384";"29"
"WLFP292025_BLUE";"30";"1100110669391";"30"
"WLFP342025_NAVY";"37";"1100110669674";"37"
"WLFP342025_NAVY";"38";"1100110669681";"38"
"WLFP342025_NAVY";"39";"1100110669698";"39"
"WLFP342025_NAVY";"40";"1100110669704";"40"
"WLFP342025_NAVY";"41";"1100110669711";"41"
"WLFP402025_BLUE";"36-37";"1100110671745";"36/37"
"WLFP402025_BLUE";"38-39";"1100110671752";"38/39"
"WLFP402025_BLUE";"40-41";"1100110671769";"40/41"
"WLFP402025_BLUE";"42-43";"1100110671776";"42/43"
"WLFP402025_BLUE";"44-45";"1100110671783";"44/45"
"WLFP452025_GREY";"";"1100110672988";"XY"
"WLFP452025_PURPLE";"";"1100110672995";"XY"
"WLFP46_PINK";"30";"1100110448866";"30"
"WLFP46_PINK";"31";"1100110448873";"31"
"WLFP46_PINK";"32";"1100110448880";"32"
"WLFP46_PINK";"33";"1100110448897";"33"
"WLFP46_PINK";"34";"1100110448903";"34"
"WLFP46_PINK";"35";"1100110448910";"35"
"WLFP47_GREY";"30";"1100110448927";"30"
"WLFP47_GREY";"31";"1100110448934";"31"
"WLFP47_GREY";"32";"1100110448941";"32"
"WLFP47_GREY";"33";"1100110448958";"33"
"WLFP47_GREY";"34";"1100110448965";"34"
"WLFP47_GREY";"35";"1100110448972";"35"
"WLFP47_GREY";"36";"1100110527356";"36"
"WLFP492025_NAVY";"37";"1100110673312";"37"
"WLFP492025_NAVY";"38";"1100110673329";"38"
"WLFP492025_NAVY";"39";"1100110673336";"39"
"WLFP492025_NAVY";"40";"1100110673343";"40"
"WLFP492025_NAVY";"41";"1100110673350";"41"
"WLFP502025_NAVY";"37";"1100110673367";"37"
"WLFP502025_NAVY";"38";"1100110673374";"38"
"WLFP502025_NAVY";"39";"1100110673381";"39"
"WLFP502025_NAVY";"40";"1100110673398";"40"
"WLFP502025_NAVY";"41";"1100110673404";"41"
"WLFP52025_BLUE";"37";"1100110661098";"37"
"WLFP52025_BLUE";"38";"1100110661104";"38"
"WLFP52025_BLUE";"39";"1100110661111";"39"
"WLFP52025_BLUE";"40";"1100110661128";"40"
"WLFP52025_BLUE";"41";"1100110661135";"41"
"WLFP52025_YELLOW";"37";"1100110661142";"37"
"WLFP52025_YELLOW";"38";"1100110661159";"38"
"WLFP52025_YELLOW";"39";"1100110661166";"39"
"WLFP52025_YELLOW";"40";"1100110661173";"40"
"WLFP52025_YELLOW";"41";"1100110661180";"41"
"WLFP53_NAVY";"22";"1100110449504";"22"
"WLFP53_NAVY";"23";"1100110449511";"23"
"WLFP53_NAVY";"24";"1100110449528";"24"
"WLFP53_NAVY";"25";"1100110449535";"25"
"WLFP53_NAVY";"26";"1100110449542";"26"
"WLFP53_NAVY";"27";"1100110449559";"27"
"WLFP53_NAVY";"28";"1100110449566";"28"
"WLFP53_NAVY";"29";"1100110449573";"29"
"WLFP62025_BLUE";"36";"1100110667670";"36"
"WLFP62025_BLUE";"37";"1100110667687";"37"
"WLFP62025_BLUE";"38";"1100110667694";"38"
"WLFP62025_BLUE";"39";"1100110673510";"39"
"WLFP62025_BLUE";"40";"1100110673527";"40"
"WLFP62025_BLUE";"41";"1100110673534";"41"
"WLFP62025_BLUE";"42";"1100110673541";"42"
"WLFP62025_BLUE";"43";"1100110673558";"43"
"WLFP62025_BLUE";"44";"1100110673565";"44"
"WLFP62025_BLUE";"45";"1100110673572";"45"
"WLFP62025_BLUE";"46";"1100110698544";"46"
"WLFP62025_GREY";"36";"1100110667649";"36"
"WLFP62025_GREY";"37";"1100110667656";"37"
"WLFP62025_GREY";"38";"1100110667663";"38"
"WLFP62025_GREY";"39";"1100110673589";"39"
"WLFP62025_GREY";"40";"1100110673596";"40"
"WLFP62025_GREY";"41";"1100110673602";"41"
"WLFP62025_GREY";"42";"1100110673619";"42"
"WLFP62025_GREY";"43";"1100110673626";"43"
"WLFP62025_GREY";"44";"1100110673633";"44"
"WLFP62025_GREY";"45";"1100110673640";"45"
"WLFP642025_NAVY";"36";"1100110675453";"36"
"WLFP642025_NAVY";"37";"1100110675415";"37"
"WLFP642025_NAVY";"38";"1100110675422";"38"
"WLFP642025_NAVY";"39";"1100110675439";"39"
"WLFP642025_NAVY";"40";"1100110675446";"40"
"WLFP682025_BLUE";"30";"1100110681942";"30"
"WLFP682025_BLUE";"31";"1100110681898";"31"
"WLFP682025_BLUE";"32";"1100110681904";"32"
"WLFP682025_BLUE";"33";"1100110681911";"33"
"WLFP682025_BLUE";"34";"1100110681928";"34"
"WLFP682025_BLUE";"35";"1100110681935";"35"
"WLFP752025_BLUE";"30";"1100110685124";"30"
"WLFP752025_BLUE";"31";"1100110685131";"31"
"WLFP752025_BLUE";"32";"1100110685148";"32"
"WLFP752025_BLUE";"33";"1100110685155";"33"
"WLFP752025_BLUE";"34";"1100110685162";"34"
"WLFP752025_BLUE";"35";"1100110685179";"35"
"WLFP752025_BLUE";"36";"1100110685186";"36"
"WLFP812025_NAVY";"21";"1100110685940";"21"
"WLFP812025_NAVY";"22";"1100110685957";"22"
"WLFP812025_NAVY";"23";"1100110685964";"23"
"WLFP812025_NAVY";"24";"1100110685971";"24"
"WLFP82_NAVY";"36-37";"1100110672957";"36/37"
"WLFP82_NAVY";"38-39";"1100110672964";"38/39"
"WLFP82_NAVY";"40-41";"1100110672971";"40/41"
"WLFP82_PINK";"36-37";"1100110698711";"36/37"
"WLFP82_PINK";"37";"1100110456762";"37"
"WLFP82_PINK";"38";"1100110456779";"38"
"WLFP82_PINK";"39";"1100110456786";"39"
"WLFP82_PINK";"40";"1100110456793";"40"
"WLFP852025_NAVY";"23";"1100110686190";"23"
"WLFP852025_NAVY";"24";"1100110686206";"24"
"WLFP852025_NAVY";"25";"1100110686213";"25"
"WLFP852025_NAVY";"26";"1100110686220";"26"
"WLFP852025_NAVY";"27";"1100110686237";"27"
"WLFP852025_NAVY";"28";"1100110686244";"28"
"WLFP852025_NAVY";"29";"1100110686251";"29"
"WLFP882025_BLUE";"25";"1100110686435";"25"
"WLFP882025_BLUE";"26";"1100110686442";"26"
"WLFP882025_BLUE";"27";"1100110686459";"27"
"WLFP882025_BLUE";"28";"1100110686466";"28"
"WLFP892025_1_BLACK";"36-37";"1100110686503";"36/37"
"WLFP892025_1_BLACK";"37";"1100110698575";"37"
"WLFP892025_1_BLACK";"38-39";"1100110686510";"38/39"
"WLFP892025_1_BLACK";"40-41";"1100110686527";"40/41"
"WLFP92025_GREY";"36";"1100110667861";"36"
"WLFP92025_GREY";"37";"1100110667878";"37"
"WLFP92025_GREY";"38";"1100110667885";"38"
"WLFP92025_GREY";"39";"1100110667892";"39"
"WLFP92025_GREY";"40";"1100110667908";"40"
"WLFP92025_GREY";"41";"1100110699855";"41"
"WLFP992025_GREY";"41";"1100110687289";"41"
"WLFP992025_GREY";"42";"1100110687296";"42"
"WLFP992025_GREY";"43";"1100110687302";"43"
"WLFP992025_GREY";"44";"1100110687319";"44"
"WLFP992025_GREY";"45";"1100110687326";"45"
"WT023_600207";"44-45";"1100110533333";"44/45"
"WT023_600306";"36-37";"1100110533128";"36/37"
"WT023_600313";"38-39";"1100110533135";"38/39"
"WT023_600313";"40-41";"1100110533142";"40/41"
"WT023_600313";"42-43";"1100110533159";"42/43"
"WT023_600313";"44-45";"1100110533166";"44/45"
"WT023_600313";"46-47";"1100110533173";"46/47"
"WT023_600542";"44-45";"1100110532985";"44/45"
"WT023_600542";"46-47";"1100110532992";"46/47"
"WT023_600702";"36-37";"1100110533104";"36/37"
"WT023_600702";"40-41";"1100110533111";"40/41"
"WT023_600825";"40-41";"1100110533098";"40/41"
"WT023_720074";"35-37";"1100110533074";"35/37"
"WT023_720075";"35-37";"1100110533081";"35/37"
"WT023_865012";"L";"1100110533036";"L"
"WT023_865012";"M";"1100110533029";"M"
"WT023_865012";"S";"1100110533012";"S"
"WW069_BLACK";"24";"1100110511744";"24"
"WW069_BLACK";"25";"1100110511751";"25"
"WW069_BLACK";"26";"1100110511768";"26"
"WW069_BLACK";"27";"1100110511775";"27"
"WW069_BLACK";"28";"1100110511782";"28"
"WW069_BLACK";"29";"1100110511799";"29"
"WW069_BLACK";"30";"1100110511805";"30"
"WW069_BLACK";"31";"1100110511812";"31"
"WW069_BLACK";"32";"1100110511829";"32"
"WW069_BLACK";"33";"1100110511836";"33"
"WW069_BLACK";"34";"1100110511843";"34"
"WW069_BLACK";"35";"1100110511850";"35"
"WW069_WHITE";"24";"1100110511621";"24"
"WW069_WHITE";"25";"1100110511638";"25"
"WW069_WHITE";"26";"1100110511645";"26"
"WW069_WHITE";"27";"1100110511652";"27"
"WW069_WHITE";"28";"1100110511669";"28"
"WW069_WHITE";"29";"1100110511676";"29"
"WW069_WHITE";"30";"1100110511683";"30"
"WW069_WHITE";"31";"1100110511690";"31"
"WW069_WHITE";"32";"1100110511706";"32"
"WW069_WHITE";"33";"1100110511713";"33"
"WW069_WHITE";"34";"1100110511720";"34"
"WW069_WHITE";"35";"1100110511737";"35"
"X2205_PINK";"23";"1100110630636";"23"
"X2205_PINK";"24";"1100110630643";"24"
"X2205_PINK";"25";"1100110630650";"25"
"X2205_PINK";"26";"1100110630667";"26"
"X2205_PINK";"27";"1100110630674";"27"
"X2205_PINK";"28";"1100110630681";"28"
"X2211_BLUE";"29";"1100110520784";"29"
"X2211_BLUE";"30";"1100110520791";"30"
"X2211_BLUE";"31";"1100110520807";"31"
"X2211_BLUE";"32";"1100110520814";"32"
"X2211_BLUE";"33";"1100110520821";"33"
"X2211_BLUE";"34";"1100110520838";"34"
"X2211_BLUE";"35";"1100110520845";"35"
"X2211_BLUE";"36";"1100110520852";"36"
"Y017_GREEN";"20";"1100110601193";"20"
"Y017_GREEN";"21";"1100110601209";"21"
"Y017_GREEN";"22";"1100110601216";"22"
"Y017_GREEN";"23";"1100110601223";"23"
"Y017_GREEN";"24";"1100110601230";"24"
"Y017_GREEN";"25";"1100110601247";"25"
"Y017_GREEN";"26";"1100110601254";"26"
"Y017_GREEN";"27";"1100110601261";"27"
"Y017_GREEN";"28";"1100110601278";"28"
"Y017_GREEN";"29";"1100110601285";"29"
"Y017_GREEN";"30";"1100110601292";"30"
"Y017_GREEN";"31";"1100110601308";"31"
"Y017_GREEN";"32";"1100110601315";"32"
"Y017_GREEN";"33";"1100110601322";"33"
"Y017_GREEN";"34";"1100110601339";"34"
"Y017_GREEN";"35";"1100110601346";"35"
"YO636_BLACK";"36";"1100110605498";"36"
"YO636_BLACK";"37";"1100110605504";"37"
"YO636_BLACK";"38";"1100110605511";"38"
"YO636_BLACK";"39";"1100110605528";"39"
"YO636_BLACK";"40";"1100110605535";"40"
"YO636_BLACK";"41";"1100110605542";"41"
"YO636_BLACK";"42";"1100110605559";"42"
"ZA22_BLACK";"36";"1100110631329";"36"
"ZA22_BLACK";"37";"1100110631336";"37"
"ZA22_BLACK";"38";"1100110631343";"38"
"ZA22_BLACK";"39";"1100110631350";"39"
"ZA22_BLACK";"40";"1100110631367";"40"
"ZA22_BLACK";"41";"1100110631374";"41"
"ZA22_BLACK";"42";"1100110631381";"42"
