"Šifra";"Sidrena cijena (EUR)"
"001_BEIGE";"28,99"
"001_BLACK";"1,19"
"0001_BLACK";"1,19"
"001_BLACKY";"28,99"
"0001_BROWN";"1,19"
"0001_RED";"1,19"
"001_WHITE";"2,49"
"1W8350_GREEN";"19,99"
"02_007_BEIGE";"21,10"
"02_007_BLACK";"21,10"
"02_007_CAMEL";"21,10"
"02_BLACK";"19,78"
"02_GREY";"19,78"
"2BFRO01";"21,10"
"2JAP15_BLUE";"6,50"
"2JAP23_PURPLE";"6,50"
"2JAP43_BLUE";"6,50"
"2JAP53_PURPLE";"6,50"
"2JAPM05_YELLOW";"6,50"
"2JAPS_PURPLE";"6,50"
"2JAPSS14_PURPLE";"6,50"
"2TGAV29";"15,79"
"2TGFRO51";"15,79"
"2TGPP22_23_PINK";"19,78"
"2TGPP22_33_BLUE";"19,78"
"3_2_BLK";"19,78"
"003_WHITE";"1,19"
"3JPP13_FUXIA";"6,50"
"3PA8S01H_PINK";"17,12"
"3PA8S05_NAVY";"17,12"
"3PW1972007_6500177";"72,86"
"3PW210021807_BLACK";"89,99"
"3SWPP22_03_1PINK";"10,49"
"3SWPP22_03_PINK";"10,49"
"3SWPP22_13_BLUE";"10,49"
"004_BLACK";"1,19"
"4BSTC03_BLK";"21,10"
"005_BROWN";"1,19"
"5BF592_BEIGE";"25,99"
"5BF592_BLACK";"25,99"
"006_WHITE";"1,19"
"007_BLUE";"1,19"
"007_RED";"1,19"
"8B991_BROWN";"26,41"
"9B1012_BORDO";"23,76"
"9B1028_BLACK";"26,41"
"9B1028_BROWN";"26,41"
"9B1059_BLACK";"22,43"
"010_011_BLACK";"39,68"
"010_011_RED";"39,68"
"010_486_BLACK";"39,68"
"010_GREY";"26,99"
"010_WHITE";"1,19"
"11_0324_17_NAVY";"5,09"
"011_BLACK";"1,19"
"12_28250_1D";"9,16"
"12_28250_1M";"9,16"
"12_28250_1M_GREY";"9,16"
"12_28250_1M_OLIVE";"9,16"
"12_28250_PINK";"9,09"
"12_28250_PURPLE";"9,09"
"012_BROWN";"1,19"
"012_WHITE";"48,89"
"013_WHITE";"48,89"
"0014_2_BLACK";"39,68"
"0014_2_COFFE";"39,68"
"0014_6A_COFFE";"39,68"
"014_WHITE";"48,89"
"14TX_BLACK";"18,45"
"14TX3_BROWN";"18,45"
"00015_RED";"1,19"
"00015_YELLOW";"1,19"
"15K0001001_BLACK";"66,99"
"15K0012002_BEIGE";"63,99"
"15K0172001_BROWN";"69,99"
"15K0211003_BLACK";"55,99"
"15K0261001_BLACK";"59,99"
"15K0281001_BROWN";"70,99"
"15K0313005_NAVY";"59,99"
"15K0313006_1NAVY";"46,99"
"15K0313006_NAVY";"46,99"
"15K0323003_NAVY";"52,99"
"16_46_HARO";"11,81"
"16_46_NAVY";"11,81"
"016_BLACK";"48,89"
"017_WHITE";"59,99"
"18_61141";"10,49"
"18_61141_BEIGE";"10,49"
"018_BLACK";"48,89"
"19_109_BLACK";"24,99"
"019_WHITE";"48,89"
"0023_1_COFFE";"39,68"
"025_007_MAX";"13,14"
"025_018_GINA_WHT_PURPLE";"13,14"
"025_037_FUXIA";"13,14"
"025_037_PURPLE";"13,14"
"026_BLACK";"19,78"
"026_GREY";"19,78"
"026_MORO";"10,49"
"026_NAVY";"19,78"
"026_NAVY_PINK";"19,78"
"026_PINK";"19,78"
"26K001201_NAVY_ROSE";"49,00"
"26K0042001_MINT";"39,00"
"26K0051001_BLACK";"29,90"
"26K0051001_GREY";"29,90"
"027_PINK";"10,49"
"031_GREY";"10,49"
"031_JEANS";"10,49"
"0032_4_BLACK";"39,68"
"035_BLACK";"25,08"
"036_1GREY";"17,99"
"036_2GREY";"17,99"
"036_3GREY";"17,99"
"036_GREY";"17,99"
"036_NAVY";"17,99"
"38FC139_CAMEL";"25,99"
"043_PINK";"14,99"
"044_KA_CAMEL";"33,05"
"044_KA_KHAKI";"33,05"
"045_BLACK";"14,99"
"46NORD_GREY";"92,77"
"051_BLACK";"25,08"
"051_BROWN";"28,99"
"000053_PLAVA";"20,99"
"000053_SIVA";"17,12"
"55_52_BLACK";"33,05"
"071_BLACK";"1,19"
"0071_NAVY";"1,19"
"072_1_GREY";"1,19"
"072_GREY";"1,19"
"073_BEIGE";"1,19"
"073_FUCHSIA";"10,49"
"080_1GREY";"1,19"
"080_GREY";"1,19"
"85_179_BEIGE_GOLD";"30,39"
"090_BEIGE";"1,19"
"95K0783001_NAVY";"33,90"
"00099_BROWN";"11,81"
"100_1GREY";"16,99"
"100_BORDO";"16,99"
"100_GREY";"16,99"
"100_NAVY";"14,99"
"101_07_BEIGE";"13,14"
"101_07_BLACK";"13,14"
"101_07_BLUE";"13,14"
"101_08_BEIGE";"13,14"
"101_08_BLACK";"13,14"
"101_08_BLUE";"13,14"
"101_BEIGE";"26,41"
"0101_BLACK";"15,99"
"0101_GREY";"15,99"
"0101_WHITE";"9,99"
"101_WHITE";"59,99"
"0102_BLACK";"15,99"
"0102_BLUE";"15,99"
"0102_WHITE";"6,99"
"102_WHITE";"49,99"
"103_1WHITE";"52,99"
"103_WHITE";"49,99"
"104_02_BEIGE";"15,79"
"104_WHITE";"48,89"
"105_01_BLACK";"15,79"
"105_1WHITE";"19,00"
"105_03_BEIGE";"15,79"
"105_03_BLUE";"15,79"
"105_BLUE";"19,00"
"105_BROWN";"19,00"
"105_MAROON";"19,00"
"105_WHITE";"48,89"
"106_1WHITE";"19,00"
"106_BEZ_BRD";"19,00"
"106_BEZ_BRN";"19,00"
"106_BLACK";"19,00"
"106_RED";"19,00"
"106_WHITE";"48,89"
"106_WHT_PINK";"19,00"
"107_BLUE";"1,19"
"107_NAVY";"1,19"
"107_RED";"1,19"
"107_WHITE";"48,89"
"108_1WHITE";"57,99"
"108_WHITE";"52,99"
"109_BLACK";"48,89"
"110_BLACK";"49,99"
"110_BLUE";"22,43"
"110_WHITE";"2,49"
"111_BLACK";"1,19"
"111_BLK_FLOWER";"48,89"
"111_F_BLACK";"59,99"
"112_YELLOW";"1,19"
"113_YELLOW";"1,19"
"114_PINK";"1,19"
"115_PINK";"1,19"
"116_1_PURPLE";"1,19"
"116_BLUE";"49,99"
"116_PURPLE";"1,19"
"117_NAVY";"48,89"
"117_PURPLE";"1,19"
"118_1GREEN";"1,19"
"118_GREEN";"1,19"
"119_BLACK";"49,99"
"119_GREEN";"1,19"
"120_WHITE";"48,89"
"123_BLACK";"49,99"
"124_BLACK";"49,99"
"0129_BLACK";"28,99"
"129_BLACK";"6,50"
"129_BLACK_V";"7,83"
"129_BLUE";"5,09"
"129_BLUE_V_";"7,83"
"129_BROWN_CHOKO";"6,50"
"129_BROWN_CHOKO_V";"7,83"
"129_GREEN";"6,50"
"129_GREEN_V";"7,83"
"129_GREY_MELANZ";"6,50"
"129_GREY_MELANZ_V";"7,83"
"129_RED";"6,50"
"129_RED_V";"7,83"
"129_SIVA_SKR";"6,50"
"129_SIVA_SKR_V";"7,83"
"129_TIRKIZ";"5,09"
"129_TIRKIZ_V";"7,83"
"129_WHITE";"6,50"
"129_WHITE_V";"7,83"
"129_ZELENA_J_V";"7,83"
"129_ZLENA_J";"5,09"
"132_WHITE";"59,99"
"133_BLACK";"49,99"
"134_BLACK";"6,50"
"134_BLUE";"6,50"
"134_GREEN";"6,50"
"134_GREEN_APPLE";"5,09"
"134_GREY_MELANZ";"6,50"
"134_LEMON";"6,50"
"134_MALINE";"6,50"
"134_MENTA";"6,50"
"134_PINK";"6,50"
"134_PURPUR";"6,50"
"134_RED";"5,09"
"134_WHITE";"6,50"
"135_1BLACK";"57,99"
"135_BLACK";"49,99"
"138_BLACK";"3,79"
"138_BLUE";"5,18"
"138_GREEN_APPLE";"5,18"
"138_LIME";"5,18"
"138_MALINE";"3,79"
"138_RED";"3,79"
"142_WHITE";"52,99"
"144_BLACK";"49,99"
"145_WHITE";"49,99"
"0157_BLACK";"33,99"
"161_BLACK";"7,83"
"161_BLUE";"7,83"
"161_DGREY";"7,83"
"161_RED";"7,83"
"161_TIRKIZ";"7,83"
"161_WHITE";"7,83"
"161_YELLOW";"7,83"
"185_135_BEIGE";"22,43"
"185_135_BLACK";"22,43"
"185_135_GREY";"22,43"
"185_135_RED";"22,43"
"188_BORDO";"26,41"
"188_GREY";"26,41"
"200_ORANGE";"1,19"
"201_BLACK";"30,39"
"201_BROWN";"30,39"
"202_BEIGE";"16,99"
"202_BLACK";"16,99"
"205_WHITE";"62,99"
"210_ORANGE";"1,19"
"210_PA_GREY";"35,70"
"210S_BLACK";"13,14"
"210S_OLIVE";"13,14"
"0212_BLUE";"19,78"
"0212_WHITE";"19,78"
"0213_BLACK";"19,78"
"0213_BLUE";"19,78"
"0213_WHITE";"19,78"
"0214_BLACK";"19,78"
"0214_BLUE";"19,78"
"0214_WHITE";"19,78"
"0215_BLACK";"19,78"
"0216_BLUE";"19,78"
"0216_WHITE";"19,78"
"0217_BLACK";"19,78"
"0217_BLUE";"19,78"
"0217_WHITE";"19,78"
"0218_BLACK";"19,78"
"0218_BLUE";"19,78"
"0218_WHITE";"19,78"
"0219_BLACK";"19,78"
"0219_BLUE";"19,78"
"0219_WHITE";"19,78"
"219PA_BLACK";"35,70"
"0220_BLACK";"26,41"
"0221_BLACK";"26,41"
"0222_BLUE";"26,41"
"0223_NAVY";"26,41"
"0224_BLACK";"26,41"
"0225_GREY";"26,41"
"0226_BLACK";"26,41"
"0226_GREY";"26,41"
"0227_NAVY";"26,41"
"0228_GREY";"26,41"
"0228_GREY_1";"26,41"
"0229_WHITE";"26,41"
"0230_BLACK";"26,41"
"0231_NAVY";"39,68"
"0232_BLACK";"26,41"
"0232_PURPLE";"26,41"
"0233_BLACK";"19,78"
"0234_GREEN";"26,41"
"0235_BLUE";"26,41"
"0236_GREEN";"26,41"
"0237_NAVY";"26,41"
"0238_NAVY";"26,41"
"0239_BLACK";"26,41"
"0240_BLACK";"26,41"
"0241_GREEN";"19,78"
"0242_BLUE";"52,96"
"0243_NAVY";"17,12"
"0244_NAVY";"26,41"
"0245_SILVER";"26,41"
"0246_WHITE";"19,99"
"0247_WHITE";"19,99"
"0248_BLACK";"26,41"
"0249_BLACK";"19,78"
"0250_BLACK";"17,12"
"0250_WHITE";"17,12"
"0251_BLACK";"30,39"
"0252_GREY";"30,39"
"253_BEIGE";"30,39"
"0253_BLACK";"26,41"
"253_BLUE";"30,39"
"253_N_BEIGE";"24,99"
"253_N_BLACK";"24,99"
"253_N_BLUE";"24,99"
"253_NERO";"30,39"
"0254_NAVY";"26,41"
"0255_NAVY";"26,41"
"0256_BLACK";"52,96"
"0256_GREY";"52,96"
"0256_NAVY";"52,96"
"0257_WHITE";"33,05"
"0258_BLACK";"17,99"
"0258_RED";"17,99"
"259_2_BLACK";"22,43"
"0259_BLACK";"26,41"
"260_110";"4,25"
"260_111";"8,49"
"260_118";"8,49"
"260_119";"4,25"
"0260_GREY";"6,49"
"0261_NAVY";"6,50"
"262_090";"7,99"
"262_091";"7,99"
"262_092";"7,99"
"262_093";"7,99"
"262_094";"7,79"
"262_099";"7,79"
"0262_PINK";"6,50"
"0263_BROWN";"6,50"
"264_BLACK";"35,70"
"264_BLACK_GREY";"30,39"
"264_BLACK_WHITE";"30,39"
"264_BLACKY";"30,39"
"264_KHAKI";"35,70"
"264_NAVY";"30,39"
"0264_NAVY";"6,50"
"0268_BLUE";"10,99"
"0268_BORDO";"10,99"
"300_BLACK";"44,99"
"300_PERLA";"44,99"
"300_WHITE";"44,99"
"300M_BLACK";"44,99"
"300M_WHITE";"44,99"
"301_1_BLACK";"18,45"
"301_BLACK";"18,45"
"301_BLUE";"18,45"
"301_BORDO";"18,45"
"302_BLACK";"18,45"
"302_BLUE";"18,45"
"302_BORDO";"18,45"
"0309_BLACK";"33,99"
"314_BORDO";"29,99"
"0316_GREY";"9,99"
"0316_NAVY";"9,99"
"0317_BORDO";"9,99"
"0318_BROWN";"9,99"
"0319_BLUE";"9,99"
"0319_RED";"9,99"
"0321_BLUE";"10,99"
"0321_GREY";"10,99"
"329_BLUE";"27,99"
"333_LEOPARD";"26,41"
"360_1RED";"38,99"
"360_BLACK";"38,99"
"360_BLUE";"47,99"
"360_RED";"38,99"
"360_WHITE";"47,99"
"363_BLACK";"23,99"
"371_BIANCO";"26,41"
"375_BLACK";"24,99"
"377_BEIGE";"13,99"
"377_BLACK";"13,99"
"400";"13,14"
"429_BORDO";"34,99"
"481_1BEIGE";"24,99"
"481_1BLACK";"24,99"
"481_1BLUE";"28,99"
"481_BEIGE";"30,39"
"481_BIANCO";"28,99"
"481_BLACK";"30,39"
"481_BLUE";"30,39"
"501_BEIGE";"26,41"
"501_BLACK";"9,99"
"501_GREEN";"9,99"
"501_WHITE";"8,99"
"508A_BLACK";"23,99"
"511_BLACK";"11,81"
"511_WHITE";"11,81"
"0513_7A_BLACK";"39,68"
"514_BEIGE";"27,99"
"514_BORDO";"19,78"
"514_BROWN";"30,39"
"520_PA_CAMEL";"30,39"
"0521_BLACK";"36,99"
"527_PA_CAMEL";"30,39"
"529_NAVY";"28,99"
"530_1WHITE";"26,39"
"530_BLACK";"30,39"
"530_BLUE";"26,39"
"530_WHITE";"26,39"
"530_WHITE_BLACK";"26,41"
"530_WHITE_PINK";"26,41"
"553_BLUE";"30,39"
"553_BROWN";"30,39"
"553_BROWN_GREY";"30,39"
"553_RED";"30,39"
"598_01_BEIGE";"14,99"
"598_01_BLACK";"16,99"
"598_01_BROWN";"16,99"
"598_01_WHITE";"16,99"
"000602";"749,00"
"605_BLACK";"6,49"
"613_BLACK";"9,09"
"613_BLUE";"9,16"
"613_RED";"9,99"
"613B_BLACK";"23,99"
"613B_BLUE";"23,99"
"617_BLACK";"30,39"
"630_BLACK";"31,39"
"630_TMORO";"34,99"
"00632_BEIGE";"11,81"
"632_BLACK";"31,39"
"00632_BLACK";"11,81"
"641_BLACK";"26,99"
"641_BROWN";"26,99"
"653_1_BROWN";"31,39"
"653_BLACK";"31,39"
"653_BLUE";"31,39"
"653_BROWN";"31,39"
"668_BEIGE";"22,99"
"668_BLACK";"22,99"
"700_1_BLACK";"3,49"
"700_BLACK";"2,49"
"700_M_BLACK";"39,99"
"700_M_WHITE";"39,99"
"700M_NISKA_41_46_bijela";"46,32"
"700M_NISKA_41_46_crna";"46,32"
"700SR_BLACK";"26,99"
"700SR_WHITE";"26,99"
"709_BLACK";"19,78"
"709_NAVY";"19,78"
"710_BLACK";"19,78"
"710_NAVY";"19,78"
"710_PINK";"19,78"
"0711_OLIVE";"1,19"
"712_PINK";"17,09"
"712C_BLUE";"10,49"
"712C_PINK";"10,49"
"712C_ROZA";"10,49"
"712C_T_BLUE";"10,49"
"715_GREY";"28,99"
"722_BLACK";"23,99"
"750_1BLACK";"29,99"
"750_1BLUE";"29,99"
"750_1WHITE";"29,99"
"750_BLACK";"26,41"
"750_BLUE";"26,41"
"750_WHITE";"26,41"
"759_BLACK";"19,99"
"759_BORDO";"19,99"
"778_BLACK";"30,39"
"778_OLIVE";"30,39"
"779_BLACK";"26,41"
"779_BROWN";"26,41"
"779_GREY";"26,41"
"779_NAVY";"26,39"
"779_OLIVE";"26,39"
"800_WHITE";"35,99"
"812_WHITE";"33,99"
"886_4420_BLACK";"30,39"
"886_4420_BROWN";"30,39"
"886_4420_GREY";"30,39"
"886_4420_OLIVE";"30,39"
"900_1BLACK";"36,99"
"900_1WHITE";"36,99"
"900_BLACK";"45,99"
"900_WHITE";"45,99"
"0901_75_PLAVA";"13,14"
"902_1BLUE";"49,99"
"902_BLACK";"44,99"
"902_BLUE";"44,99"
"902_RED";"44,99"
"902_WHITE";"44,99"
"905_BLACK";"39,59"
"906_BLACK";"43,99"
"909_BEIGE";"43,99"
"910_BLACK";"43,99"
"910_WHITE";"43,99"
"912_BLACK";"42,99"
"912_N_BLACK";"51,99"
"912_N_WHITE";"45,99"
"912_WHITE";"48,99"
"926_BLUE";"17,12"
"930_BLUE";"23,99"
"931S_BEIGE";"26,41"
"931S_BLACK";"26,41"
"931S_BLUE";"26,41"
"933_1_WHITE";"44,99"
"933_1_YELLOW";"44,99"
"933_WHITE";"43,99"
"933_YELLOW";"43,99"
"935S_BLUE";"26,41"
"950_BLACK";"39,99"
"950_PERLA";"39,99"
"950_WHITE";"39,99"
"953_BLACK";"43,99"
"953_BLUE";"43,99"
"953_WHITE";"43,99"
"968_BLACK";"19,99"
"972_WHITE";"17,12"
"1000_CRNE";"52,96"
"1000_WHITE";"49,99"
"1001_06_BEIGE";"15,79"
"1002_BLACK";"49,99"
"1002_WHITE";"49,99"
"1004_NAVY";"13,14"
"1006_BLACK";"17,12"
"1006_BROWN";"17,12"
"1010_WHITE";"44,99"
"1014_WHITE";"39,99"
"1019_GREY";"23,76"
"1020";"23,76"
"1020_BLACK";"2,99"
"1024_BLACK";"41,99"
"1024_WHITE";"41,99"
"1026_BEIGE";"16,99"
"1026_BLACK";"16,99"
"1026_RED";"16,99"
"1026_WHITE";"16,99"
"1033_BLACK";"39,68"
"1040_BLACK";"3,99"
"1041_WHITE";"18,99"
"001046";"649,00"
"001047";"449,00"
"1050_BEZBOJNI";"2,49"
"001058";"399,00"
"1060_1BLACK";"2,99"
"1060_BLACK";"21,10"
"1060_BLUE";"21,10"
"1060_BROWN";"2,99"
"1060_NEUTRAL";"2,99"
"1060_PINK";"12,99"
"1060_PINK_1";"21,10"
"1060_PURPLE";"12,99"
"1060_RED";"21,10"
"1060_RED_1";"21,10"
"1060_WHITE_G";"19,99"
"1070_BLACK";"3,99"
"1070_BROWN";"3,99"
"1071_BLUE";"1,19"
"1082_WHITE";"16,99"
"001086";"399,00"
"1089_PA_BROWN";"35,70"
"1090_PG_GREY";"35,70"
"1100_NATUR";"9,49"
"1101_22_BLACK";"10,49"
"1101_73_BLACK";"17,12"
"1101_BLACK";"19,78"
"1105_22_BLACK";"19,78"
"1105_28_BEIGE";"19,78"
"1105_73_BLACK";"19,78"
"1105_BEIGE";"17,12"
"1105_BLACK";"17,12"
"1108_50_PINK";"13,14"
"1110_BLACK";"28,99"
"1111_BLACK";"42,99"
"1111_BROWN";"1,19"
"1111_DBROWN";"1,19"
"1112_CRNA";"2,25"
"1112_SIVA";"2,25"
"1116_BLACK";"39,99"
"1119_BLACK";"44,99"
"01120_111_CRNA";"2,19"
"01120_111_PLAVA";"2,19"
"01120_111_SIVA";"2,19"
"01120_123_SIVA";"1,99"
"01124_111_CRNA";"2,19"
"01124_112_PLAVA";"2,19"
"01124_113_SIVA";"2,19"
"01124_113_SMEDA";"2,19"
"1124_BLACK";"27,99"
"1125_BLACK";"32,99"
"01129_110";"1,65"
"01129_111";"1,99"
"01129_112";"1,99"
"1130_YELLOW";"1,19"
"1140_BLUE";"2,49"
"1140_GREEN";"2,49"
"1140_RED";"2,49"
"1140_SILVER";"2,49"
"1150_BLACK";"26,99"
"1160_BEZBOJNI";"5,99"
"1163_BLACK";"29,99"
"1164_BLACK_GREEN";"46,99"
"1170_12A_BEIGE";"26,41"
"1170_12A_BLACK";"26,41"
"1170_12A_YELLOW";"26,41"
"1170_BLACK";"35,70"
"1170_PURPLE";"1,19"
"01175_110_BIJELA";"2,25"
"01175_111_CRNA";"4,49"
"01175_113_SIVA";"4,49"
"1175_BLACK";"6,50"
"1175_BLUE";"10,99"
"1175_GREY";"10,99"
"1175_WHITE";"5,50"
"1184_BLACK";"42,99"
"01186_BLACK";"9,16"
"01186_BROWN";"9,16"
"1190_BEZBOJNI";"9,99"
"01191_CRNA";"2,49"
"01191_LILA";"2,49"
"01191_PLAVA";"2,52"
"01191_SIVA";"2,49"
"01196_CRNA";"2,49"
"01196_PLAVA";"2,49"
"01196_SIVA";"2,49"
"01197_BIJELA";"2,39"
"01197_CRNA";"2,39"
"01197_SIVA";"2,39"
"1211_NATURAL";"4,99"
"1243_BLACK";"14,99"
"1244_BLACK";"14,99"
"1250_BLACK";"48,97"
"1250_N_BLACK";"39,99"
"1250_N_WHITE";"46,99"
"1250_PERLA";"48,97"
"1250_WHITE";"48,97"
"001254";"699,00"
"1267_BLACK";"26,99"
"001290";"549,00"
"001291";"44,99"
"001291S";"44,99"
"001306";"699,00"
"001322";"349,00"
"001323";"279,00"
"001324";"699,00"
"001337";"1199,00"
"001338";"879,00"
"001343";"399,00"
"001346";"649,00"
"001347";"499,00"
"1350_1BLACK";"24,99"
"1350_1WHITE";"24,99"
"1350_BLACK";"26,41"
"1350_WHITE";"26,41"
"1352_1BLACK";"24,99"
"1352_1BLUE";"24,99"
"1352_1WHITE";"24,99"
"1352_BLACK";"26,41"
"1352_BLUE";"26,41"
"1352_WHITE";"26,41"
"1353_1BLACK";"28,99"
"1353_1WHITE";"28,99"
"1353_BLACK";"26,41"
"1353_CRNA";"5,99"
"1353_OLIV";"5,99"
"1353_SIVA";"5,99"
"1353_WHITE";"26,41"
"001358";"799,00"
"001364";"649,00"
"1364_BLUE";"24,99"
"1364_WHITE";"28,99"
"1372_1BLACK";"24,99"
"1372_BIJELE";"26,41"
"1372_BLACK";"26,41"
"1372_NAVY";"24,99"
"1372_PLAVA";"26,41"
"1372_WHITE";"24,99"
"001380";"599,00"
"001393";"799,00"
"1402_9_KHAKI";"33,05"
"001403";"399,00"
"001412";"249,00"
"1414_BLACK";"28,99"
"1414_BROWN";"28,99"
"1418_BLACK";"30,39"
"001420";"999,00"
"001424";"279,00"
"001425";"1099,00"
"1436_NAVY";"21,10"
"001447";"699,00"
"001447_";"699,00"
"1468_BLACK";"22,99"
"1470_BLUE";"26,41"
"001475";"349,00"
"01501_111_CRNA";"2,19"
"01501_112_PLAVA";"2,19"
"01501_113_SIVA";"2,19"
"1503_BLACK";"13,14"
"1503_GREY";"13,14"
"1503_NAVY";"13,14"
"1506_BLACK_BORDO";"2,19"
"1506_GREY_BLACK";"2,19"
"1556_WHITE";"23,76"
"1558_BLACK";"23,76"
"1568_WHITE";"28,99"
"1572_GRAY";"30,39"
"1577_GOLD";"19,78"
"1612_BLACK";"30,39"
"1642_GREY";"23,99"
"1663_GREY";"27,99"
"1703_GREY";"28,99"
"1712_ORANGE";"9,16"
"1712_RED";"9,16"
"1720_GREY";"39,68"
"1753_WHITE";"32,99"
"1772_BLUE";"29,99"
"1772_WHITE";"29,99"
"1812_S3_BGREY";"30,39"
"1812_S3_BLACK";"30,39"
"1920_H12_BLACK";"26,41"
"2000_ORANGE";"1,19"
"2001_BLACK";"25,99"
"2001_BLUE";"2,99"
"2001_GOLD";"2,99"
"2001_GREEN";"2,99"
"2001_GREY";"2,99"
"2001_NAVY";"25,99"
"2001_ORANGE";"1,19"
"2001_RED";"2,99"
"2001_SILVER";"2,99"
"2001_WHITE";"25,99"
"2001_YELLOW";"2,99"
"2003JC_BLUE";"6,99"
"2008_BLUE";"1,49"
"2008_RED";"1,49"
"2008_SILVER";"1,49"
"2008_WHITE";"21,09"
"2008_YELLOW";"1,49"
"2011_4148_BLACK";"26,41"
"2011_4148_BLUE";"26,41"
"2011_4148_NAVY";"26,41"
"2014_MIX";"0,00"
"2019_1";"23,76"
"2019_2";"23,76"
"2019_2_BLACK";"23,76"
"2019_3_BLACK";"23,76"
"2019_3_BLUE";"23,76"
"2019_4";"23,76"
"2019_5";"23,76"
"2019_5_GREY";"23,76"
"2019_6";"23,76"
"2019_7BLUE";"23,76"
"2019_7GREY";"23,76"
"2019_8_BLACK";"23,76"
"2019_8_BLUE";"23,76"
"2019_9";"23,76"
"2019_9_GREY";"23,76"
"2019_10";"23,76"
"2019_10_BLUE";"17,12"
"2019_10_GREEN";"17,12"
"2019_10_I_BLUE";"17,12"
"2019_10_LIGHT BLUE";"17,12"
"2019_10_YELLOW";"17,12"
"2019_11";"23,76"
"2019_11_BLUE";"17,12"
"2019_11_NAVY";"17,12"
"2019_12_BLACK";"17,12"
"2019_12_BLUE";"17,12"
"2019_12_BROWN";"17,12"
"2019_12_BROWN_BEIGE";"17,12"
"2019_12_CRVENA";"17,12"
"2019_12_NAVY";"17,12"
"2019_12_PINK";"17,12"
"2019_12_ZELENA";"17,12"
"2019_13_PINK";"17,12"
"2019_13_PLAVA";"6,99"
"2019_14";"17,12"
"2019_14_NAVY";"17,12"
"2019_15";"17,12"
"2019_15_BORDO";"17,12"
"2019_15_GREEN";"17,12"
"2019_16_BLACK";"39,99"
"2019_16_GREY";"30,39"
"2019_16_PINK";"30,39"
"2019_16_ZELENA";"30,39"
"2019_17_GREY";"23,76"
"2019_17_GREY_1";"23,76"
"2019_18_PINK";"23,76"
"2019_19_BLUE";"23,76"
"2019_20_GREY";"30,39"
"2019_20_GREY_BLACK";"23,76"
"2019_21_GREY";"23,76"
"2019_22_PINK";"19,78"
"2019_23_PURPLE";"19,78"
"2019_24_BLUE";"23,76"
"2019_25_GREY";"23,76"
"2019_25_PINK";"23,76"
"2019_26_GREY";"23,76"
"2019_27_GREY";"30,39"
"2019_28_BLACK";"19,78"
"2019_29_PURPLE";"19,78"
"2019_30_WHITE";"23,76"
"2019_31_BLUE";"23,76"
"2019_32_GREEN";"23,76"
"2019_32_GREY";"23,76"
"2019_33_BLUE";"23,76"
"2019_33_GREY";"23,76"
"2019_34_GREY";"23,76"
"2019_35_BLACK";"23,76"
"2019_36_WHITE";"22,43"
"2019_37_BLUE";"23,76"
"2019_37_GREEN";"23,76"
"2019_37_RED";"23,76"
"2019_38_GREY";"10,49"
"2019_38_PINK";"10,49"
"2019_39_BLACK";"5,09"
"2019_40_BEIGE";"9,16"
"2019_40_BEIGE_1";"5,09"
"2019_40_PINK";"9,16"
"2019_40_PINK_1";"9,16"
"2019_41_GREY";"9,16"
"2019_41_GREY_1";"5,09"
"2019_42_BLACK";"17,12"
"2019_42_BLUE";"17,12"
"2019_42_GREY";"17,12"
"2019_42_GREY_1";"19,78"
"2019_42_GREY_BLUE";"19,78"
"2019_42_PINK";"19,78"
"2019_42_PURPLE";"17,12"
"2019_42_PURPLE_1";"19,78"
"2019_42_RED";"19,78"
"2019_43_BLUE";"10,49"
"2019_43_PINK";"10,49"
"2019_43_WHITE";"10,49"
"2019_44_GREY";"17,12"
"2019_45_JEANS";"10,49"
"2019_46_BLACK";"13,14"
"2019_47_GREY";"10,49"
"2019_48_BLACK";"10,49"
"2019_49_BLACK";"10,49"
"2019_50_BLUE";"17,12"
"2019_51_BLACK";"30,39"
"2019_52_BLACK";"30,39"
"2019_53_BEIGE";"30,39"
"2019_53_BEIGE_1";"33,05"
"2019_53_BEIGE_2";"33,05"
"2019_54_GREY";"30,39"
"2019_55_GREY";"30,39"
"2019_56_GREY";"39,68"
"2019_57_PURPLE";"39,68"
"2019_58_FUCHSIA";"30,39"
"2019_59_FUCHSIA";"39,68"
"2019_60";"26,41"
"2019_61";"26,41"
"2019_62";"26,41"
"2019_63";"33,05"
"2019_64";"39,68"
"2019_65_BLUE";"10,49"
"2019_65_GREEN";"10,49"
"2019_65_WHITE";"10,49"
"2019_66_RED";"10,49"
"2019_67BLACK";"33,05"
"2019_68_GREEN";"23,76"
"2019_68_GREY";"23,76"
"2019_68_GREY_1";"23,76"
"2019_69_BLACK";"33,05"
"2019_70_BROWN";"26,41"
"2019_71_GREY";"26,41"
"2019_72_BRONZE";"26,41"
"2019_73_GREY";"26,41"
"2019_74_BLACK";"26,41"
"2019_75_RED";"19,78"
"2019_76_ORANGE";"26,41"
"2019_76_PURPLE";"26,41"
"2019_77_BLUE";"19,78"
"2019_78_BLUE";"19,78"
"2019_78_GREEN";"19,78"
"2019_78_GREEN_1";"19,78"
"2019_78_NAVY";"19,78"
"2019_78_PINK";"19,78"
"2019_78_PINKI";"19,78"
"2019_78_PLAVA";"19,78"
"2019_79_GREY";"6,50"
"2019_80_BLUE";"6,50"
"2019_80_GREY";"6,50"
"2019_80_RED";"6,50"
"2019_80_WHITE";"6,50"
"2019_81_BLUE";"6,50"
"2019_81_BLUE_1";"6,50"
"2019_81_BLUE_2";"6,50"
"2019_82_BLUE";"6,50"
"2019_82_BLUE_1";"6,50"
"2019_82_NAVY";"6,50"
"2019_82_PINK";"6,50"
"2019_82_PINK_1";"6,50"
"2019_82_ROSA";"6,50"
"2019_83_BLACK";"6,50"
"2019_83_BLACK_1";"6,50"
"2019_83_BLUE";"6,50"
"2019_84_BLUE";"6,50"
"2019_85_BLUE";"6,50"
"2019_85_GREY";"6,50"
"2019_85_NAVY";"6,50"
"2019_85_PINK";"6,50"
"2019_86_BROWN";"11,81"
"2019_87_BLACK";"6,50"
"2019_87_GREY";"6,50"
"2019_88_BEIGE";"10,49"
"2019_88_BLUE";"10,49"
"2019_89_WHITE_BLUE";"10,49"
"2019_89_WHITE_RED";"10,49"
"2019_90_BEIGE";"17,12"
"2019_91_BLACK";"17,12"
"2019_92_BORDO";"7,99"
"2019_93_BLUE";"7,99"
"2019_94_SILVER";"17,12"
"2019_94_YELLOW";"17,12"
"2019_95_BLUE";"17,12"
"2019_95_RED";"17,12"
"2019_95_WHITE";"17,12"
"2019_96_WHITE";"22,43"
"2019_97_BLUE";"13,14"
"2019_BLACK";"45,99"
"2019_BORDO";"11,81"
"2019_BROWN";"23,76"
"2019_BROWN_2";"23,76"
"2019_BROWN_BEIGE";"17,12"
"2019_GREY";"23,76"
"2019_GREY_2";"23,76"
"2019_N_BLACK";"49,99"
"2019_N_RED";"54,99"
"2019_RED";"53,99"
"2019_WHITE";"54,99"
"2019:_65_WHITE";"10,49"
"2020_YELLOW";"4,99"
"2022_BLACK";"45,99"
"2022_MINT";"45,99"
"2022_N_BLACK";"44,99"
"2022_N_MINT";"44,99"
"2022_N_PERLA";"44,99"
"2022_N_SILVER";"44,99"
"2022_N_WHITE";"44,99"
"2022_PERLA";"45,99"
"2022_SILVER";"45,99"
"2022_WHITE";"45,99"
"2023_BLACK";"19,99"
"2023_BLACK_L";"44,99"
"2023_BLUE";"19,99"
"2023_BROWN";"19,99"
"2023_PERLA_L";"44,99"
"2023_WHITE_L";"44,99"
"2024_1BROWN";"19,99"
"2024_BLACK";"19,99"
"2024_BROWN";"19,99"
"2025_BLACK";"23,99"
"2027_BLACK";"23,99"
"2028_NAVY";"11,99"
"2033_FLOWER";"24,99"
"2033_GREY";"24,99"
"2033_PINK";"24,99"
"2033_WHITE";"24,99"
"2040_BLUE";"23,76"
"2041_BLUE";"23,76"
"2041_GREY";"23,76"
"2042_GREY";"6,50"
"2043_GREY";"6,50"
"2044_BLUE";"6,50"
"2045_WHITE_GREY";"6,50"
"2046_BLUE";"17,12"
"2046_BLUE_1";"17,12"
"2046_GREY";"17,12"
"2046_NAVY";"17,12"
"2046_PINK";"17,12"
"2047_BLUE";"17,12"
"2047_NAVY";"17,12"
"2048_NAVY";"17,12"
"2049_BRONZE";"17,12"
"2050_GREY";"17,12"
"2051_BLACK";"17,12"
"2052_GREY";"6,50"
"2052_PINK";"6,49"
"2053_BLACK";"5,18"
"2053_GREY";"5,18"
"2053_PINK";"5,09"
"2054_BLACK";"5,18"
"2055_PURPLE";"5,18"
"2056_GREY";"5,18"
"2057_PURPLE";"5,18"
"2058_BLACK";"5,18"
"2059_BLUE";"5,18"
"2060_GREY";"5,18"
"2061_PINK";"5,18"
"2062_GREY";"5,18"
"2063_WHITE";"5,18"
"2064_BLUE";"17,12"
"2065_GREY";"17,12"
"2066_BLUE";"17,12"
"2066_BLUE_1";"17,12"
"2067_GREY";"17,12"
"2068_BLUE";"17,12"
"2069_BLUE";"17,12"
"2070_GREY";"10,49"
"2071_GREY";"10,49"
"2072_BROWN";"10,49"
"2073_WHITE";"10,49"
"2074_BLACK";"13,14"
"2075_BLACK";"13,14"
"2076_BLACK";"19,78"
"2077_BORDO";"9,16"
"2077_PURPLE";"11,81"
"2078_PURPLE";"9,16"
"2079_BLACK";"9,16"
"2080_BEIGE";"24,99"
"2080_BLACK";"29,07"
"2081_TURQUISE";"13,14"
"2082_BLUE";"13,14"
"2083_ORANGE";"13,14"
"2084_1GREY";"24,99"
"2084_BLUE";"24,99"
"2084_GREY";"19,78"
"2084_NAVY";"29,07"
"2084_PURPLE";"24,99"
"2085_BLUE";"19,78"
"2085_GREEN";"19,78"
"2086_GREEN";"19,78"
"2087_BLUE";"19,78"
"2088_BORDO";"19,78"
"2089_GREY";"19,78"
"2090_BLACK";"19,78"
"02091_CRNA";"2,19"
"02091_LILA";"2,19"
"02091_SIVA";"1,99"
"02091_TSIVA";"2,19"
"2091_YELLOW";"19,78"
"2092_BORDO";"13,14"
"2092_ORANGE";"13,14"
"2092_PURPLE";"13,14"
"2093_BLACK";"19,78"
"2093_BORDO";"19,78"
"2094_BLACK";"13,14"
"2095_RED";"19,78"
"2096_BLUE";"19,78"
"2097_GREEN";"19,78"
"2098_YELLOW";"19,78"
"2099_GREEN";"19,78"
"2100_BLUE";"11,81"
"2100_ORANGE";"1,19"
"2101_BEIGE";"26,41"
"2101_BLACK";"26,41"
"2101_BLUE_GREEN";"26,41"
"2101_NAVY";"9,16"
"2102_BLACK";"11,81"
"2103_GREY";"9,16"
"2104_BLACK";"10,49"
"2105_GREY";"10,49"
"2106_RED";"13,14"
"2107_BLUE";"13,14"
"2108_BLACK";"19,78"
"2109_GREEN";"13,14"
"2110_BLUE";"13,14"
"2111_BLUE";"13,14"
"2112_PINK";"19,78"
"2113_GREY";"15,79"
"2114_RED";"19,78"
"2115_BLACK";"19,78"
"2116_BORDO";"19,78"
"2116_PINK";"19,78"
"2117_GREY";"13,14"
"2118_NAVY";"15,79"
"2119_BLACK";"19,78"
"2120_BLUE";"13,14"
"2121_GREEN";"19,78"
"2122_BLACK";"19,78"
"2123_BORDO";"15,79"
"2124_BLUE";"19,78"
"2125_NAVY";"19,78"
"2126_RED";"13,14"
"2126_TURQUISE";"13,14"
"2127_BLUE";"13,14"
"2127_NAVY";"13,14"
"2128_BLUE";"13,14"
"2128_PURPLE";"13,14"
"2129_BORDO";"13,14"
"2129_GREEN";"13,14"
"2130_BLUE";"13,14"
"2131_GREY";"19,78"
"02132_090";"5,39"
"02132_091";"5,39"
"2132_BLUE";"13,14"
"2133_BLACK";"23,99"
"2133_GREEN";"19,78"
"2133U_MCW";"19,99"
"2134_GREY";"19,78"
"2135_PURPLE";"19,78"
"2136_PINK";"13,14"
"2136_YELLOW";"13,14"
"2137_BEIGE";"22,43"
"2138_BLACK";"22,43"
"2139_BEIGE";"23,76"
"2139_BLACK";"23,76"
"2139_BROWN";"23,76"
"2140_BROWN";"23,76"
"2141_BLACK";"23,76"
"2142_BLACK";"23,76"
"2143_BLACK";"23,76"
"2144_BROWN";"26,41"
"2145_GREY";"26,41"
"2147_BORDO";"26,41"
"2147_BORDO_I";"26,41"
"2147_PURPLE";"26,41"
"2147_YELLOW";"26,41"
"2147_YELLOW_1";"26,41"
"2147_YELLOW_B";"26,41"
"2147_YELLOW_S";"26,41"
"2147_YELLOW_S1";"26,41"
"2147_YELLOW_S2";"26,41"
"2148_BLACK";"26,41"
"2149_GREY";"26,41"
"2150_GREY";"23,76"
"2151_BLUE";"17,12"
"2152_BLUE";"23,76"
"2153_GREEN";"19,78"
"2154_SILVER";"17,12"
"2154_TENISICE";"17,12"
"2155_SILVER";"17,12"
"2156_GREEN";"17,12"
"2157_WHITE";"17,12"
"2158_BLUE";"13,14"
"2158_GREY";"13,14"
"2159_PINK";"19,78"
"2160_GREEN";"19,78"
"2161_GREY";"19,78"
"2162_RED";"10,39"
"2162_RED_1";"17,12"
"2163_BLUE";"17,12"
"2163_WHITE";"17,12"
"2164_PINK";"19,78"
"2164_PURPLE";"19,78"
"2165_BLACK";"19,78"
"2165_PURPLE";"19,78"
"2166_BLUE";"19,78"
"2167_GREY";"26,41"
"2168_BLACK";"26,41"
"2169_BLUE";"13,14"
"2170_BLACK";"13,14"
"2171_BLACK";"14,99"
"2171_BROWN";"13,14"
"2172_BLUE";"13,14"
"2172_PINK";"13,14"
"2173_GREEN";"13,14"
"2174_GREEN";"13,14"
"2175_BLACK";"13,14"
"2176_BLACK";"13,14"
"2177_ORANGE";"13,14"
"2178_BLACK";"13,14"
"2179_BLUE";"13,14"
"2179_ORANGE";"13,14"
"2179_RED";"13,14"
"2180_GREEN";"13,14"
"2181_BLUE";"19,78"
"2182_GREY_BLACK";"19,78"
"2183_BLUE";"13,14"
"2184_BLACK";"19,78"
"2184_BLUE";"18,45"
"2184_BORDO";"19,78"
"2184_GREEN";"18,45"
"2185_BLUE";"23,76"
"2186_BLUE";"19,78"
"2187_GREEN";"19,78"
"2188_BLUE";"19,78"
"2188_PURPLE";"19,78"
"2188_RED";"24,99"
"2189_BLACK";"19,78"
"2190_GREEN";"23,76"
"2191_BEIGE";"23,76"
"2192_BROWN";"23,76"
"2193_BLUE";"26,41"
"2194_BLACK";"13,14"
"2194_BLACK_BLUE";"13,14"
"2194_GREEN";"13,14"
"2195_RED";"13,14"
"2196_PURPLE";"13,14"
"2197_RED";"13,14"
"2198_TURQUISE";"13,14"
"2199_GREEN";"13,14"
"2200_BLUE";"7,83"
"2200_PINK";"7,83"
"2200_PURPLE";"7,83"
"2201_BLUE";"13,14"
"2201_BORDO";"17,12"
"2201_CRNA";"17,12"
"2201_CRVENA";"17,12"
"2201_PINK";"13,14"
"2201_SMEDA";"17,12"
"2202_BLUE";"13,14"
"2203_WHITE_RED";"7,83"
"2204_BLACK";"13,14"
"2204_BLACK_WHITE";"13,14"
"2204_BLUE";"13,14"
"2204_BROWN";"13,14"
"2204_BROWN_PURPLE";"13,14"
"2204_GREEN";"13,14"
"2204_GREEN_I";"13,14"
"2204_GREEN_ORANGE";"13,14"
"2204_GREEN_YELLOW";"13,14"
"2204_GREY_PINK";"13,14"
"2204_ORANGE";"13,14"
"2204_PINK";"13,14"
"2204_PURPLE";"13,14"
"2204_PURPLE_WHITE";"13,14"
"2204_RED";"13,14"
"2204_WHITE";"13,14"
"2205_BORDO";"26,41"
"2206_BLACK";"19,78"
"2206_BLACK_1";"19,78"
"2206_BLUE";"19,78"
"2206_BLUE_1";"19,78"
"2206_GREEN";"19,78"
"2206_ORANGE";"19,78"
"2206_RED";"19,78"
"2206_YELLOW";"19,78"
"2207_TURQUISE";"15,79"
"2208_BLUE";"15,79"
"2209_RED";"26,99"
"2210_BLACK";"19,78"
"2210_BLUE";"19,78"
"2210_RED";"19,78"
"2211_RED";"19,78"
"2212_BLUE";"13,14"
"2213_GREY";"19,78"
"2214_BLUE";"13,14"
"2214_GREEN";"13,14"
"2214_MINT";"13,14"
"2214_PINK";"13,14"
"2214_PINK_1";"13,14"
"2214_RED";"13,14"
"2214_TURQUISE";"13,14"
"2214_WHITE";"13,14"
"2214_WHITE_1";"13,14"
"2215_GREEN";"13,14"
"2215_GREY";"13,14"
"2216_ORANGE";"13,14"
"2217_PINK";"13,14"
"2218_GREY";"13,14"
"2219_BLUE";"13,14"
"2220_BLACK";"13,14"
"2221_GREEN";"13,14"
"2222_BLUE";"13,14"
"2223_BLUE";"23,76"
"2224_BORDO";"23,76"
"2225_BLUE";"23,76"
"2226_GREEN_BLUE";"23,76"
"2227_BLACK";"23,76"
"2228_RED";"19,78"
"2229_RED";"19,78"
"02230_090";"1,60"
"02230_091";"3,19"
"02230_092";"1,99"
"02230_096";"1,99"
"02230_097";"1,99"
"02230_102";"1,99"
"2230_BLACK";"19,78"
"2230_BLUE";"19,78"
"2231_BLACK";"19,78"
"2232_NAVY";"19,78"
"2233_BLACK";"19,78"
"02233_SIYAH";"10,49"
"2234_NAVY";"19,78"
"02235_092";"5,49"
"02235_095";"5,49"
"02235_096";"2,75"
"02235_097";"5,39"
"2235_BLACK";"19,78"
"2236_BLACK";"19,78"
"2237_BLACK";"19,78"
"2238_BLACK";"19,78"
"2238_GREEN";"19,78"
"2239_GREY";"19,78"
"2240_BLUE";"19,78"
"2241_BORDO";"19,78"
"2242_PINK";"19,78"
"2243_GREEN";"26,41"
"2244_NAVY";"19,78"
"2245_NAVY";"19,78"
"2246_BLACK";"19,78"
"2246_BLUE";"19,78"
"2246_BORDO";"19,78"
"2246_GREEN";"19,78"
"2247_BLACK";"13,14"
"2248_BLACK";"13,14"
"2249_BLACK";"13,14"
"2250_RED";"13,14"
"2251_BLACK";"19,78"
"2252_BLACK";"19,78"
"2253_BLACK";"26,41"
"2253_BLUE";"26,41"
"2253T";"26,41"
"2254_GREEN";"19,78"
"2255_BORDO";"19,78"
"2256_RED";"13,14"
"2257_GREY";"13,14"
"02258_BIJELE";"2,19"
"2258_BLUE";"19,78"
"02258_CRNA";"2,19"
"02258_MAVI";"10,49"
"02258_PLAVA";"2,19"
"02258_TSIVA";"2,19"
"2259_BLACK_GREEN";"19,78"
"2260_BLUE";"19,78"
"2261_BLUE";"26,41"
"2262_BLACK";"26,41"
"2263_GREEN";"19,78"
"2264_GREY";"26,41"
"2264_ORANGE";"26,41"
"2264_RED";"13,14"
"2265_BLACK";"13,14"
"2265_NAVY";"13,14"
"2266_RED";"13,14"
"2267_BLACK";"13,14"
"2268_BLUE";"19,78"
"2269_BROWN";"19,78"
"2270_BLACK";"19,78"
"2271_PURPLE";"13,14"
"2272_BLACK_BLUE";"13,14"
"02272_LACIVERT";"10,49"
"2273_RED";"13,14"
"2274_GREY_PINK";"23,76"
"2275_BEIGE_MIX";"13,14"
"2276_GREY";"13,14"
"2277_GREY";"13,14"
"2278_BLACK";"13,14"
"2279_BEIGE";"13,14"
"02280_FUJIA";"10,49"
"2280_GREY";"13,14"
"2281_BEIGE";"13,14"
"2282_PINK";"19,78"
"2283_GREEN";"13,14"
"2284_BLACK";"23,76"
"2285_BLUE";"23,76"
"2286_BLUE";"26,41"
"2286_GREEN";"13,14"
"2287_ORANGE";"26,41"
"2287_PINK";"26,41"
"2288_ORANGE";"19,78"
"2289_BLUE";"19,99"
"2289_GREEN";"19,78"
"2289_GREY";"19,99"
"2289_PINK";"19,99"
"2290_BLACK";"26,41"
"2290_GREEN";"26,41"
"2291_ORANGE";"26,41"
"2292_BLUE";"13,14"
"2293_GREEN";"13,14"
"2294_WHITE";"13,14"
"2295_WHITE";"13,14"
"2296_GREEN";"13,14"
"2296_PINK";"13,14"
"2296_YELLOW";"13,14"
"2297_PURPLE";"13,14"
"2298_BORDO";"15,79"
"2299_RED";"13,14"
"2300_BLACK";"13,14"
"2301_ORANGE";"13,14"
"2302_GREEN";"13,14"
"2303_GREY";"13,14"
"2304_PURPLE";"13,14"
"2305_BLACK";"21,99"
"2305_PURPLE";"13,14"
"2306_BLACK";"24,99"
"2306_PURPLE";"13,14"
"2307_BLACK";"18,99"
"2307_BLUE";"19,78"
"2307_BROWN";"18,99"
"2307_GREEN";"18,99"
"2307_PINK";"18,99"
"2308_BLACK";"19,78"
"2309_GREY";"23,76"
"2310_GREEN";"23,76"
"2311_PINK";"19,78"
"2312_GREY";"19,78"
"2313_1_COFFE";"39,68"
"2313_BLACK";"32,99"
"2313_BLUE";"19,78"
"2314_GREY";"19,78"
"2315_PINK";"15,79"
"2316_PINK";"19,78"
"2317_BLUE";"19,78"
"2318_PURPLE";"19,78"
"2319_BORDO";"19,78"
"02319_GREEN";"2,39"
"2319_GREEN";"19,78"
"02319_PURPLE";"2,39"
"02319_RED";"2,39"
"2320_PINK";"19,78"
"2321_PURPLE";"13,14"
"2322_BEIGE";"18,99"
"2322_BLACK";"18,99"
"2322_GREY";"18,99"
"2322_WHITE";"18,99"
"2323_BLUE";"15,79"
"2324_BLUE";"15,79"
"2325_BLACK";"52,96"
"2325_BLUE";"18,99"
"2325_GREEN";"18,99"
"2325_N_BLACK";"18,99"
"2326_BLUE";"13,14"
"2327_BLUE";"13,14"
"2327_PINK";"13,14"
"2328_BLUE";"13,14"
"2328_PINK";"13,14"
"2329_BEIGE";"26,41"
"2329_BLUE";"26,41"
"2329_GREEN";"26,41"
"2330_PURPLE";"13,14"
"2331_BLACK";"19,99"
"2331_PINK";"13,14"
"2332_YELLOW";"13,14"
"2333_BLACK";"13,14"
"2334_BLACK";"10,49"
"2335_BLUE";"13,14"
"2336_GREY";"13,14"
"2337_BROWN";"13,14"
"2338_BLACK_WHITE";"13,14"
"2339_GREY";"13,14"
"2340_BLACK";"13,14"
"2340_BLUE";"13,14"
"2341_TURQUISE";"13,14"
"2342_GREY";"19,78"
"2343_BLACK";"13,14"
"2344_PURPLE";"13,14"
"2345_GREEN";"13,14"
"2346_PURPLE";"13,14"
"2347_ORANGE";"13,14"
"2348_BLUE";"13,14"
"2348_GREEN";"13,14"
"2349_ORANGE";"13,14"
"2350_GREY";"13,14"
"2351_BLUE";"19,78"
"2352_BLUE_RED";"19,78"
"2353_BLUE";"19,78"
"2353_MIX";"5,79"
"02354_BLACK";"3,99"
"2354_BLUE";"26,41"
"2354_GREEN";"26,41"
"02354_SMEDA";"3,99"
"2355_GREEN";"26,41"
"2356_GREY";"26,41"
"2357_NAVY";"23,76"
"2358_BORDO";"26,41"
"2359_MIX";"4,89"
"2360_BLUE";"13,14"
"2360_BROWN";"13,14"
"2361_BLUE";"15,79"
"2361_BROWN";"15,79"
"2362_BLACK";"19,78"
"2363_BLACK";"13,14"
"2363_BLUE";"13,14"
"2363_GREEN";"13,14"
"2364_GREY";"19,78"
"2365_BLACK";"19,78"
"2366_BROWN";"7,83"
"2367_BLACK";"13,14"
"2368_GREY";"13,14"
"2369_RED";"13,14"
"2370_BLACK";"13,14"
"2371_BLACK";"13,14"
"2372_GREY";"59,59"
"2373_BLACK";"13,14"
"2373_RED";"13,14"
"2374_GREEN";"13,14"
"2375_BORDO";"13,14"
"2376_BLUE";"13,14"
"2377_RED";"19,78"
"2378_BLACK";"15,99"
"2378_BORDO";"13,14"
"2378_GREY";"15,99"
"2378_KHAKI";"15,99"
"2379_BORDO";"13,14"
"2380_BLACK";"19,78"
"2380_NAVY";"30,39"
"2380_PINK";"30,39"
"2381_BLUE";"7,83"
"2382_BLACK";"13,14"
"2383_GREY";"13,14"
"2384_BLACK";"13,14"
"2385_NAVY";"19,78"
"2386_1_BLACK";"39,68"
"2386_3_COFFE";"39,68"
"2387_BLACK";"13,14"
"2388_BORDO";"13,14"
"2388_BROWN";"13,14"
"2389_BROWN";"13,14"
"2390_BROWN";"13,14"
"2390_GREY";"13,14"
"2391_BROWN";"13,14"
"2391_RED";"13,14"
"2392_BORDO";"13,14"
"2393_BLUE";"13,14"
"2393_YELLOW";"13,14"
"2394_BEIGE";"13,14"
"2394_BROWN";"13,14"
"2395_BEIGE";"13,14"
"2396_BLACK";"13,14"
"2397_GREY";"13,14"
"2398_BORDO";"13,14"
"2399_BLUE";"7,83"
"2400_BLACK";"7,83"
"2401_GREY";"46,32"
"2402_PURPLE";"13,14"
"2403_WHITE";"13,14"
"2403_WHITE_1";"13,14"
"2404_BLACK";"13,14"
"2404_ORANGE";"13,14"
"2405_GREY";"13,14"
"2406_BLACK";"9,16"
"2406_BLACK_1";"9,16"
"2406_BROWN";"9,16"
"2406_GREY";"9,16"
"2406_PINK";"9,16"
"2406_PURPLE";"9,16"
"2406_YELLOW";"9,16"
"2407_BLUE";"13,14"
"2408_GREY";"7,83"
"2409_BLACK";"7,83"
"2410_ORANGE";"13,14"
"2411_ORANGE";"13,14"
"2412_GREY";"13,14"
"2413_BLACK";"13,14"
"2413_BLUE";"13,14"
"2413_NAVY";"13,14"
"2414_PAW_PATROL";"17,12"
"2415_FROZEN";"17,12"
"2416_SAM";"17,12"
"2417_BLUE";"13,14"
"2418_BLUE";"13,14"
"2419_BLACK";"13,14"
"2419_BLACK_1";"13,14"
"2419_BLUE";"13,14"
"2419_NAVY";"13,14"
"2419_PINK";"13,14"
"2420_BLACK";"17,12"
"2420_BLUE";"17,12"
"2421_GREY";"33,05"
"2422_BLACK";"26,41"
"2423_GREY";"39,68"
"2424_GREEN";"26,41"
"2425_GREEN";"17,12"
"2426_PINK";"17,12"
"2427_BLACK";"26,41"
"2428_GREY";"26,41"
"2429_PINK";"25,08"
"2430_GREY";"26,41"
"2431_GREY";"25,08"
"2432_BLUE";"39,68"
"2433_GREY";"39,68"
"2433_GREY_1";"39,68"
"2434_BLACK";"26,41"
"2434_PINK";"26,41"
"2435_BLACK";"26,41"
"2435_BLUE";"26,41"
"2436_BLACK";"30,39"
"2436_BLUE";"30,39"
"2436_GREY";"30,39"
"2437_1_BLUE";"26,41"
"2437_BLACK";"26,41"
"2437_ORANGE";"26,41"
"2437_PURPLE";"26,41"
"2437_RED";"26,41"
"2438_BLACK";"26,41"
"2439_BLACK";"26,41"
"2439_BLUE";"26,41"
"2440_GREY";"33,05"
"2441_BLACK";"26,41"
"2441_BLACK_1";"26,41"
"2442_BLUE";"26,41"
"2442_PURPLE";"26,41"
"2443_BLUE";"26,41"
"2444_PURPLE";"26,41"
"2445_BLACK";"39,68"
"2446_7_COFFE";"26,41"
"2446_BLUE";"99,41"
"2447_GREY";"26,41"
"2448_BLUE";"26,41"
"2449_BLACK";"26,41"
"2450_BLUE";"26,41"
"2451_GREY";"26,41"
"2452_GREY";"26,41"
"2453_BLACK";"26,41"
"2454_BLACK";"39,68"
"2454_BLUE";"39,68"
"2455_GREY";"99,41"
"2455_PINK";"99,41"
"2457_PINK";"26,41"
"2458_BLUE";"26,41"
"2458_GREY";"26,41"
"2459_GREY";"26,41"
"2460_GREY";"23,76"
"2461_GREY";"52,96"
"2462_BLACK";"99,41"
"2462_PURPLE";"59,59"
"2463_BLUE";"33,05"
"2464_BLACK";"30,39"
"2465_WHITE";"26,41"
"2466_GREY";"26,41"
"2467_BLUE";"19,78"
"2468_GREY";"19,78"
"2469_PINK";"26,41"
"2470_GREY";"26,41"
"2471_BLUE";"26,41"
"2471_NAVY";"33,05"
"2472_PURPLE";"26,41"
"2473_WHITE";"23,76"
"2474_PURPLE";"26,41"
"2475_BLUE";"26,41"
"2476_GREY";"26,41"
"2477_NAVY";"26,41"
"2478_PURPLE";"26,41"
"2479_ORANGE";"26,41"
"2480_ORANGE";"19,78"
"2480_PURPLE";"19,78"
"2481_PURPLE";"19,78"
"2482_BLUE";"19,78"
"2483_GREY";"19,78"
"2484_PURPLE";"17,12"
"2485_BLACK";"19,78"
"2486_BLUE";"17,12"
"2487_PINK";"17,12"
"2488_PURPLE";"17,12"
"2489_RED";"26,41"
"2490_BLACK_A_Z";"26,41"
"2490A_NAVY";"15,99"
"2491_BLUE";"26,41"
"2492_WHITE";"26,41"
"2493_GREY";"30,39"
"2494_BLACK";"26,41"
"2495_BLACK_GREEN";"33,05"
"2495_BLACK_PINK";"33,05"
"2496_BLACK";"17,12"
"2497_GREY";"19,78"
"2497_NAVY";"19,78"
"2498_NAVY";"26,41"
"2500_1_BLACK";"2,49"
"2500_1_WHITE";"3,49"
"2500_BLACK";"33,05"
"2500_BROWN";"3,49"
"2500_CRNA";"3,49"
"2500_WHITE";"2,49"
"2501_BROWN";"2,49"
"2501_GREY";"26,41"
"2501_WHITE";"2,49"
"2502_BORDO";"99,41"
"2503_BLACK";"26,41"
"2504_GREEN";"26,41"
"2505_BLUE";"26,41"
"2505_GREEN";"26,41"
"2506_BLACK";"23,76"
"2506_BLACK_GREEN";"23,76"
"2506_PURPLE";"23,76"
"2507_BLACK";"26,41"
"2508_GREY";"23,76"
"2509_BLACK";"26,41"
"2510_BLUE";"19,78"
"2511_GREY";"23,76"
"2512_GREY";"19,78"
"2513_PURPLE";"19,78"
"2514_PINK";"19,78"
"2515_GREY";"23,76"
"2516_BLACK";"26,41"
"2517_GREY";"26,41"
"2518_BLACK";"19,78"
"2518_BLUE";"19,78"
"2520_BROWN";"26,41"
"2521_BLUE";"23,76"
"2522_BLUE";"23,76"
"2523_PURPLE";"52,96"
"2524_BROWN";"26,41"
"2525_BLACK";"26,41"
"2526_BLUE";"6,50"
"2526_GREEN";"6,50"
"2526_ORANGE";"6,50"
"2526_TURQUOISE";"6,50"
"2527_PINK";"6,50"
"2527_PINK_1";"6,50"
"2529_GREY";"9,16"
"2529_NAVY";"9,16"
"2530_BEIGE";"6,50"
"2530_BLUE";"6,50"
"2530_GREY";"6,50"
"2530_GREY_1";"6,50"
"2530_PINK";"6,50"
"2530_PURPLE";"6,50"
"2531_BLACK";"26,41"
"2532_WHITE";"30,39"
"2533_BLACK";"30,39"
"2534_BLACK";"23,76"
"2535_PURPLE";"30,39"
"2536_NAVY";"26,41"
"2537_GREY";"17,12"
"2538_GREY";"26,41"
"2539_GREY";"26,41"
"2540_BORDO";"26,41"
"2541_BLACK";"10,49"
"2542_BLACK";"29,07"
"2543_GREY";"30,39"
"2543_RED";"30,39"
"2544_GREY";"30,39"
"2545_GREY";"30,39"
"2546_GREY";"30,39"
"2546_GREY_1";"30,39"
"2547_BLACK";"33,05"
"2548_BLUE";"10,49"
"2548_GREY";"10,49"
"2549_BLUE";"11,81"
"2549_NAVY";"11,81"
"2550_BLACK";"11,81"
"2550_BLACK_1";"11,81"
"2551_1PURPLE";"23,76"
"2551_2_BROWN";"23,79"
"2551_2_GREY";"23,79"
"2551_3GREY";"23,76"
"2551_BEIGE";"23,76"
"2551_BROWN";"23,76"
"2551_BROWN_1";"23,76"
"2551_BROWN_2";"23,76"
"2551_BROWN_3";"23,76"
"2551_CAMEL";"23,76"
"2551_CAMEL_1";"23,76"
"2551_CAMEL_2";"23,76"
"2551_GREY";"23,76"
"2551_GREY_1";"23,76"
"2551_PURPLE";"23,76"
"2551_PURPLE_1";"23,76"
"2552_1_GREY";"23,76"
"2552_1BLACK";"23,76"
"2552_2_GREY";"23,79"
"2552_BLACK";"23,76"
"2552_BROWN";"23,76"
"2552_BROWN_1";"23,76"
"2552_CAMEL";"23,76"
"2552_CAMEL_1";"23,76"
"2552_GREY";"23,76"
"2552_GREY_1";"23,76"
"2552_GREY2";"23,76"
"2553_BLUE";"10,49"
"2553_GREY";"10,49"
"2553_GREY_BLACK";"10,49"
"2553_NAVY";"10,49"
"2553_SIVA";"10,49"
"2553_SIVA_1";"10,49"
"2554_BEIGE";"9,16"
"2554_BEIGE_1";"9,16"
"2554_BEIGE_2";"9,16"
"2555_GREY";"9,16"
"2555_NAVY";"9,16"
"2556_PINK";"9,16"
"2556_PINK_1";"9,16"
"2557_GREY";"9,16"
"2558_BLACK";"9,16"
"2558_GREY";"9,16"
"2559_BEIGE";"9,16"
"2559_BROWN";"9,16"
"2560_PINK";"9,16"
"2561_BLACK";"9,16"
"2562_BORDO";"9,16"
"2563_BORDO";"9,16"
"2564_GREY";"9,16"
"2565_PINK";"9,16"
"2566_PINK";"9,16"
"2567_GREY_PINK";"9,16"
"02568_MAVI";"10,49"
"2568_PINK";"9,16"
"2569_BEIGE";"9,16"
"2569_BEIGE_1";"9,16"
"2569_BLUE";"9,16"
"2569_PLAVA";"9,16"
"2570_PURPLE";"9,16"
"2571_PURPLE";"9,16"
"2572_GREY";"9,16"
"2573_BROWN";"9,16"
"2574_GREY";"11,81"
"2574_GREY_1";"11,81"
"2574_NAVY";"11,81"
"2575_BLACK";"11,81"
"2575_NAVY";"11,81"
"2576_BLACK";"11,81"
"2576_NAVY";"11,81"
"2577_GREY";"3,79"
"2577_RED";"3,79"
"2578_GREY";"3,85"
"2578_PURPLE";"3,79"
"2579_BEIGE";"3,85"
"2580_GREY";"3,85"
"2580_GREY_1";"3,85"
"02580_MAVI";"6,49"
"2580_PINK";"3,85"
"2580_PURPLE";"3,85"
"2581_BEIGE";"3,85"
"2581_BROWN";"3,85"
"2581_GREY";"3,85"
"2581_NAVY";"3,79"
"2581_PURPLE";"3,85"
"2581_RED";"3,85"
"2582_NAVY";"3,85"
"2583_GREY";"3,85"
"02583_OCTABA_KAHVE";"10,49"
"2583_PINK";"3,85"
"2583_PURPLE";"3,85"
"2584_RED";"3,85"
"2584_RED_BLACK";"3,79"
"2585_BROWN";"3,79"
"2585_BROWN_1";"3,85"
"2586_GREY";"3,85"
"2587_BLACK";"3,79"
"2588_GREY";"3,79"
"2588_PINK";"3,85"
"2588_WHITE";"3,85"
"2589_BEIGE";"3,79"
"2590_GREY";"3,85"
"2591_BLUE";"3,79"
"2591_GREEN";"3,79"
"2592_GREY";"3,79"
"2593_BEIGE";"3,85"
"2593_PINK";"3,85"
"2594_BLACK";"3,85"
"2595_BLACK";"22,43"
"2596_BEIGE";"3,79"
"2597_PINK";"3,85"
"2597_RED";"3,79"
"2598_BLACK";"3,79"
"2599_GREY";"3,79"
"2600_GREY";"3,85"
"2601_BEIGE";"25,99"
"2601_BLACK";"25,99"
"2601_NAVY";"3,85"
"2602_BLACK";"3,85"
"2603_WHITE";"3,85"
"2604_PINK";"3,85"
"2605_GREY";"3,79"
"2606_GREY";"3,85"
"2607_GREY";"3,85"
"2607_PINK";"3,79"
"2608_BEIGE";"3,79"
"2609_WHITE";"3,85"
"2610_GREY";"3,79"
"2610_NAVY";"3,79"
"2611_BLACK_GREEN";"3,79"
"2611_BLACK_PINK";"3,85"
"2612_BLUE";"3,79"
"2612_FLOWER";"3,79"
"2612_PURPLE";"3,85"
"2613_FLOWER";"3,79"
"2613_WHITE";"3,79"
"2614_FLOWER";"3,79"
"2615_GREY";"3,85"
"2616_BLUE";"5,18"
"2617_RED";"5,09"
"2618_BLUE";"5,18"
"2618_BORDO";"5,18"
"2618_FLOWER";"5,09"
"2618_PINK";"5,18"
"2618_PINK_1";"5,09"
"2618_PURPLE";"5,18"
"2619_BLUE";"13,14"
"2619_NAVY";"13,14"
"2619_YELLOW";"13,14"
"2620_YELLOW";"13,14"
"2621_BLUE";"5,18"
"2622_PINK";"5,18"
"2623_BLACK";"9,16"
"2625_BORDO";"9,16"
"2626_BORDO";"9,16"
"2626_GREY";"9,16"
"2627_GREEN";"9,16"
"2628_BLACK";"9,16"
"2629_BLACK";"1,99"
"2629_BLUE";"1,99"
"2629_GREY";"1,99"
"2629_GREY_1";"1,99"
"02629_KAHVE";"10,49"
"2630_GREY";"11,81"
"2630_GREY_1";"10,49"
"2631_PINK";"11,81"
"2632_NAVY";"11,81"
"2633_BLACK";"30,39"
"2633_BROWN";"30,39"
"2634_BLACK";"30,39"
"2634_BORDO";"30,39"
"2635_BLACK";"30,39"
"2636_NERO";"30,39"
"2636_NERO2";"16,99"
"2637_BLACK";"30,39"
"2638_BLACK";"30,39"
"2639_BLACK";"30,39"
"2640_BLACK";"99,41"
"2641_BLACK";"33,05"
"2642_BLACK";"33,05"
"2643_NAVY";"26,41"
"2644_BLACK";"26,41"
"2645_BLACK";"23,76"
"2645_ORANGE";"23,76"
"2646_NAVY";"23,76"
"2647_BLUE";"17,12"
"2648_NAVY";"30,39"
"2649_NAVY";"30,39"
"2650_GREY";"33,05"
"2651_GREY";"26,41"
"2651_GREY_1";"26,41"
"2652_BLACK";"39,68"
"2653_BLACK";"39,68"
"2654_BROWN";"39,68"
"2655_BLACK";"24,99"
"2655_NAVY";"24,99"
"2656_BLACK";"26,41"
"2657_BLUE";"39,68"
"2658_PINK";"26,41"
"2659_BLUE";"26,41"
"2660_PURPLE";"24,99"
"2661_SILVER";"24,99"
"2662_NAVY";"46,32"
"2663_BLACK";"33,05"
"2664_WHITE";"22,43"
"2665_PINK";"22,43"
"2666_BLACK";"30,39"
"2667_NAVY";"10,49"
"2668_RED";"10,49"
"2669_BLACK";"30,39"
"2670_NAVY";"30,39"
"2671_NAVY";"39,68"
"2672_BLACK";"39,68"
"2673_BROWN";"39,68"
"2673_GREY";"33,05"
"2674_BLACK";"30,39"
"2675_GREY";"26,41"
"2676_NAVY";"26,41"
"2677_GREY";"30,39"
"2678_GREY";"26,41"
"2678_NAVY";"26,41"
"2679_BLACK";"35,70"
"2680_GREY";"30,39"
"2681_BLUE";"35,70"
"2681_NAVY";"19,99"
"2682_BLACK";"26,41"
"2683_BEIGE";"39,68"
"2683_BORDO";"39,68"
"2684_GREEN";"39,68"
"2685_BLACK";"6,50"
"2685_NAVY";"6,50"
"2686_PINK";"35,70"
"2687_BLUE";"13,14"
"2687_WHITE";"13,14"
"2688_RED";"13,14"
"2689_RED";"13,14"
"2690_GREY";"9,16"
"2691_GREY";"9,16"
"2692_BLACK";"9,16"
"2693_BROWN";"26,41"
"2693_CAMEL";"26,41"
"2694_BLUE";"33,05"
"2695_GREY";"33,05"
"2696_GREY";"33,05"
"2697_NAVY";"33,05"
"2698_GREY";"33,05"
"2699_BLACK";"33,05"
"2700_BLUE";"6,50"
"2700_GREY";"6,50"
"2700_PINK";"6,50"
"2701_GREY";"33,05"
"2702_NAVY";"33,05"
"2703_BLACK";"33,05"
"2704_GREY";"33,05"
"2705_GREY";"33,05"
"2706_BLACK";"33,05"
"2707_BLACK";"33,05"
"2708_BLACK";"33,05"
"2709_BROWN";"19,78"
"2710_BLUE";"33,05"
"2711_1NAVY";"35,70"
"2711_2NAVY";"33,05"
"2711_NAVY";"33,05"
"2712_PURPLE";"33,05"
"2713_BLACK";"9,16"
"2713_RED";"13,14"
"2714_BLACK";"39,68"
"2715_NAVY";"26,41"
"2716_BLACK";"30,39"
"2716_BROWN";"30,39"
"2717_BLACK_GREY";"26,41"
"2717_BROWN";"26,41"
"2717_GREY";"26,41"
"2717_GREY_1";"26,41"
"2718_BLACK";"99,41"
"2719_NAVY";"26,41"
"2720_BLUE";"13,14"
"2720_RED";"13,14"
"2721_PINK";"13,14"
"2722_BLUE";"13,14"
"2723_BLACK_1";"19,78"
"2723_NAVY";"19,78"
"2723_PINK";"19,78"
"2724_BLUE";"26,41"
"2725_GREY";"23,76"
"2726_GREEN";"23,76"
"2727_BLACK";"52,96"
"2728_BLACK";"5,18"
"2728_GREY";"5,18"
"2728_GREY_BLUE";"5,18"
"2729_BLACK";"5,18"
"2729_BLUE";"5,18"
"2729_GREY";"5,18"
"2729_GREY_1";"5,18"
"2730_BLUE";"39,68"
"2731_BLACK";"39,68"
"2732_BROWN";"26,41"
"2733_BLACK";"39,68"
"2734_GREY";"26,41"
"2735_BLACK";"26,41"
"2736_BROWN";"30,39"
"2737_GREY";"19,78"
"2738_BLACK";"19,78"
"2739_NAVY";"10,49"
"2740_BLACK";"10,49"
"2741_BLACK";"39,68"
"2742_BLACK";"26,41"
"2742_BROWN";"26,41"
"2742_BROWN_1";"26,41"
"2743_BROWN";"39,68"
"2744_GREY";"46,32"
"2745_GREY";"39,68"
"2746_BROWN";"30,39"
"2747_BLACK";"19,78"
"2748_BLACK";"99,41"
"2748_BLACK_GREY";"35,70"
"2749_BLACK";"9,16"
"2749_NAVY";"9,16"
"2750_1BROWN";"9,16"
"2750_BROWN";"9,16"
"2750_PURPLE";"9,16"
"2751_BLACK";"26,41"
"2751_GREY";"26,41"
"2751_WHITE";"26,41"
"2752_GREY";"26,41"
"2752_PINK";"26,41"
"2753_GREY";"26,41"
"2754_GREEN";"26,41"
"2754_GREY";"26,41"
"2755_BLACK";"5,18"
"2755_GREY";"5,18"
"2755_GREY_BLACK";"5,18"
"2756_GREY_PINK";"5,09"
"2756_NAVY_RED";"5,18"
"2757_PURPLE";"9,16"
"2758_GREY";"9,16"
"2758_PINK";"9,16"
"2759_BROWN";"11,81"
"2760_BLACK";"5,18"
"2760_BLUE";"5,18"
"2761_BLUE";"5,18"
"2761_GREY";"5,18"
"2762_GREY";"5,18"
"2763_GREY";"9,16"
"2763_GREY_1";"9,16"
"2764_PINK";"5,09"
"2765_GREY";"5,18"
"2766_GREY";"5,09"
"2767_BLUE";"5,18"
"2768_GREEN";"26,41"
"2769_BLACK";"26,41"
"2770_GREY";"26,41"
"2771_BLACK";"33,05"
"02771_TURKUAZ";"10,49"
"02772_BEYAZ";"10,49"
"2772_BLACK";"33,05"
"2773_BLACK";"33,05"
"2774_BLACK";"33,05"
"02774_MAVI";"10,49"
"2775_BLACK";"33,05"
"02775_LACIVERT";"10,49"
"2776_NAVY";"33,05"
"2777_GREY";"33,05"
"2778_BLACK";"33,05"
"2779_BEIGE";"30,39"
"2779_BLACK";"30,39"
"2781_NAVY";"26,41"
"2782_BLACK";"33,05"
"2783_GREY";"26,41"
"2784_BLACK";"26,41"
"2784_BROWN";"26,41"
"2785_BLACK";"33,05"
"2786_GREY";"33,05"
"2787_BLACK";"33,05"
"2788_GREY";"33,05"
"2789_BLUE";"33,05"
"2790_BLACK";"33,05"
"2791_BROWN";"33,05"
"02791_KAHVE";"10,49"
"2792_GREY_BLACK";"33,05"
"2793_BLACK";"33,05"
"02793_FUJIA";"10,49"
"02793_PEMBE";"10,49"
"2794_BLACK";"33,05"
"2795_GREY";"33,05"
"2796_BROWN";"23,76"
"2797_GREEN";"52,96"
"02797_PEMBE";"10,49"
"2798_WHITE";"30,39"
"2798_WHITE_1";"30,39"
"2799_BROWN";"33,05"
"02799_FUJIA";"10,49"
"02799_MAV";"10,49"
"2800_NAVY";"13,14"
"2801_JEANS";"13,14"
"02802_PEMBE";"10,49"
"2802_RED";"13,14"
"2803_BLUE";"13,14"
"2804_PINK";"13,14"
"2805_ORANGE";"13,14"
"2806_BLUE";"10,49"
"2807_BLACK";"10,49"
"2808_BLACK";"22,43"
"2809_GREY";"23,76"
"2810_GREY";"22,43"
"2810_GREY_1";"22,43"
"2811_BLACK";"30,39"
"2812_GREY";"30,39"
"2813_BLACK";"39,68"
"2814_BLUE";"46,32"
"2815_BLACK";"13,14"
"2815_GREY";"13,14"
"2816_WHITE";"13,14"
"2817_BLACK";"13,14"
"2818_PINK";"9,16"
"2819_GREY";"9,16"
"2820_RED";"9,16"
"2821_GREY";"99,41"
"2822_NAVY";"59,59"
"2823_GREY";"99,41"
"2824_BLACK";"52,96"
"2824_RED";"52,96"
"2825_BLACK";"39,68"
"2825_GREY";"39,68"
"2826_GREY";"33,05"
"2826_NAVY";"33,05"
"2827_BLUE";"10,49"
"2827_PINK";"10,49"
"2827_PINK_1";"10,49"
"2828_RED";"13,14"
"2829_BLACK";"26,41"
"2830_GREY";"26,41"
"2831_GREY_BLACK";"26,41"
"2832_NAVY";"9,16"
"2833_GREY";"9,16"
"2834_BROWN";"35,70"
"2835_BROWN";"23,76"
"2836_GREY";"19,78"
"2837_NAVY";"6,99"
"2837_WHITE";"19,78"
"02842_WHITE";"26,41"
"02884_PINK";"7,99"
"2921_BLACK";"14,99"
"2921_BLUE";"14,99"
"2921_NAVY";"14,99"
"2949_BLACK";"16,99"
"2949_BLUE";"16,99"
"2949_BROWN";"16,99"
"2950_BLACK";"15,99"
"2950_BLUE";"15,99"
"3000_1_BEZBOJNI";"5,99"
"3000_BEZBOJNI";"5,99"
"3000_NATUR";"7,45"
"3003_0001_02_PURPLE";"15,79"
"3003_001_03";"13,14"
"3003_001_03_BLACK";"15,79"
"3003_0001_03_BLUE";"13,14"
"3003_001_03_WHITE";"15,79"
"3003_0001_04_BORDO";"13,14"
"3003_0001_06_BLACK";"13,14"
"3003_0001_06_BORDO";"13,14"
"3003_0001_06_PLAVA";"13,14"
"3003_0001_07_BLACK";"13,14"
"3003_0001_11_BORDO";"13,14"
"3003_0001_11_PLAVA";"13,14"
"3003_0002_01_BROWN";"13,14"
"3003_0002_01_WHITE";"13,14"
"3003_0002_02_BORDO";"13,14"
"3003_0002_02_GREY";"13,14"
"3003_002_03_BLACK";"13,14"
"3003_002_03_WHITE";"13,14"
"3003_0002_03_WHITE";"13,14"
"3003_0002_05_BLUE";"13,14"
"3003_0002_05_BORDO";"13,14"
"3003_0002_05_BROWN";"13,14"
"3003_0002_12_BLACK";"13,14"
"3003_0002_12_BLUE";"13,14"
"3003_0002_12_WHITE";"13,14"
"3003_0005_BEIGE";"13,14"
"3004_001_01_WHITE";"13,14"
"3004_001_02_BEIGE";"13,14"
"3004_0001_02_BEZ";"13,14"
"3004_0001_02_BLACK";"13,14"
"3004_001_02_BORDO";"13,14"
"3004_0001_02_BORDO";"13,14"
"3004_001_02_BROWN";"13,14"
"3004_0001_02_BROWN";"13,14"
"3004_0001_02_GREY";"13,14"
"3004_001_2_GREY";"13,14"
"3004_0001_02_LILA";"15,79"
"3004_001_02_PLAVA";"13,14"
"3004_001_03_BIJELA";"15,79"
"3004_001_03_BLACK";"15,79"
"3004_0001_03_PLAVE";"13,14"
"3004_0001_04_BLACK";"13,14"
"3004_0001_05_BEIGE";"13,14"
"3004_0001_05_BLACK";"13,14"
"3004_0001_05_BORDO";"13,14"
"3004_0001_05_BROWN";"13,14"
"3004_0001_05_LILA";"13,14"
"3004_0001_06_BORDO";"13,14"
"3004_0001_06_CRNA";"13,14"
"3004_0001_06_PLAVA";"13,14"
"3004_0001_07_BLACK";"13,14"
"3004_0001_11_BEIGE_FLOW";"13,14"
"3004_0001_11_BLK_FLOW";"13,14"
"3004_0001_11_BLUE_FLOW";"13,14"
"3004_0001_11_BORDO_FLOW";"13,14"
"3004_001_BROWN";"13,14"
"3004_0002_01_BROWN";"13,14"
"3004_0002_02_BORDO";"13,14"
"3004_002_03_WHITE";"13,14"
"3004_0002_03_WHITE";"13,14"
"3004_002_05_BEZ";"13,14"
"3004_0002_05_PLAVA";"13,14"
"3004_0002_05_SIVA";"13,14"
"3004_002_09_BLACK";"13,14"
"3004_002_09_BLUE";"13,14"
"3004_002_09_GREY";"13,14"
"3004_002_09_WHITE";"13,14"
"3004_002_18_BEIGE";"13,14"
"3004_002_18_BLACK";"13,14"
"3004_002_18_WHITE";"13,14"
"3004_02_91_BLACK";"13,14"
"3004_02_92_BLUE";"13,14"
"3004_02_96_GREY";"13,14"
"3004_02_97_WHITE";"13,14"
"3004_0004_12_BLK";"13,14"
"3004_0004_12_BLUE";"13,14"
"3004_0004_12_WHITE";"13,14"
"3004_0005_BLACK";"13,14"
"3006_0001_02_BLACK";"13,14"
"3006_0001_02_BLUE";"13,14"
"3006_0001_03_BLACK";"13,14"
"3006_0001_03_BLUE";"13,14"
"3006_0001_03_WHITE";"13,14"
"3006_0001_04_PLAVA";"13,14"
"3006_0001_05_BEIGE";"13,14"
"3006_0001_05_BIJELA";"13,14"
"3006_0001_05_BORDO";"13,14"
"3006_0001_05_BROWN";"13,14"
"3006_0001_05_CRNA";"13,14"
"3006_0001_07_BEZ";"13,14"
"3006_001_07_BLACK";"13,14"
"3006_0001_08_CRNA";"13,14"
"3006_0001_09_CRNA";"13,14"
"3006_0001_11_BEZ";"13,14"
"3006_0001_11_CRNA";"13,14"
"3006_0001_11_PLAVA";"13,14"
"3006_0002_BLACK";"13,14"
"3007_0001_01_GREY";"13,14"
"3007_0001_02_BLACK_M";"13,14"
"3007_0001_02_BLUE_M";"13,14"
"3007_0001_02_GREY_M";"13,14"
"3007_0001_03_BLACK";"15,79"
"3007_0001_03_BLUE";"13,14"
"3007_0001_03_WHITE";"15,79"
"3007_0001_05_BROWN";"13,14"
"3007_0002_02_BLUE";"13,14"
"3007_0002_05_BEIGE";"13,14"
"3007_0002_05_BLACK";"13,14"
"3007_02_91_BLACK";"13,14"
"3007_2_BLACK";"15,79"
"3007_2_WHITE";"15,79"
"3007_BLACK";"4,99"
"3010_RED";"39,99"
"3011_BEIGE";"4,99"
"3011_BLACK";"4,99"
"3012_BEIGE";"1,99"
"3012_BLACK";"1,99"
"3017_BLUE";"9,99"
"3017_GREY";"9,99"
"3017_SIVA";"11,81"
"3017_SMEDA";"11,81"
"3019_BLUE";"11,81"
"3019_SIVA";"11,81"
"3020_BLUE";"11,81"
"3020_GREY";"11,81"
"3021_BROWN";"11,81"
"3021_GREY";"11,81"
"3026_BLACK";"9,99"
"3026_BORDO";"9,99"
"03034_BLUE";"7,99"
"03034_NAVY";"9,09"
"03035_PINK";"9,09"
"3036_1_GREY";"9,99"
"3036_BLUE";"9,99"
"3036_GREY";"9,99"
"3037_BLUE";"9,99"
"3037_GREY";"9,99"
"3038_1BLACK";"7,99"
"3038_BLACK";"6,99"
"3038_BROWN";"7,99"
"3038_MEDIUM_BROWN";"7,99"
"3038_NATUR";"7,99"
"3039_BEZBOJNI";"9,99"
"3040_NATUR";"7,49"
"3049_1GREY";"8,99"
"3049_1WHITE";"8,99"
"3049_BLACK";"8,99"
"3049_GREY";"8,99"
"3049_WHITE";"8,99"
"3063_WHITE";"5,99"
"3065_NATUR";"8,99"
"03078_FUJIA";"11,81"
"03085_BLACK";"9,16"
"03085_BLACK_GREY";"9,09"
"03085_RED_NAVY";"7,99"
"3090_BEZBOJNI";"5,99"
"3091_MIX";"6,99"
"3092_MIX";"6,99"
"03092_PURPLE";"10,49"
"03093_PEMBE";"11,81"
"03094_RED";"10,49"
"3095";"22,43"
"3095_BLACK";"26,41"
"3096_BLACK";"26,41"
"3096_RED";"30,39"
"3097_BLACK";"26,41"
"3097_NAVY";"26,41"
"3097_YELLOW";"26,41"
"03101_BLACK";"9,09"
"3115_MIX";"4,99"
"3116_BLACK";"33,99"
"3130_BLACK";"29,99"
"03141_PINK";"9,16"
"03147_PINK";"9,16"
"3200_BLACK";"39,99"
"3200_N_PERLA";"39,99"
"3200_PERLA";"46,32"
"3200_WHITE";"39,99"
"03205";"9,09"
"3231_GREY";"5,49"
"3231_NAVY";"5,49"
"3231_RED";"5,49"
"3231_SILVER";"5,49"
"3231_WHITE";"5,49"
"3252_";"17,12"
"3253M1_BLACK";"39,68"
"3253M4_RED";"39,68"
"3300_BLACK";"43,67"
"3300_N_BLACK";"39,99"
"3300_N_PERLA";"39,99"
"3300_N_WHITE";"39,99"
"3300_NAVY";"43,67"
"3300_PERLA";"43,67"
"3300_WHITE";"43,67"
"03306_BIJELA";"1,99"
"03306_CARAIBI";"1,99"
"03306_FUXIA";"1,99"
"03375_BIJELA";"1,99"
"03375_BIJELA_";"1,99"
"03375_PLAVA";"1,99"
"03375_PLAVA_";"1,99"
"03375_SIVA";"1,99"
"03375_SIVA_";"1,99"
"3420_BLUE";"7,99"
"3439_NAVY";"3,99"
"3445_BEZBOJNI";"6,99"
"3451_BLACK";"11,99"
"3451_BLUE";"11,99"
"3500_BLACK";"36,99"
"3500_BLUE";"42,99"
"3500_N_BLACK";"39,99"
"3500_N_WHITE";"39,99"
"3500_WHITE";"42,99"
"3506_BLUE";"23,99"
"3511_BEIGE";"23,99"
"3515_BEIGE";"21,99"
"3520_BEIGE";"17,99"
"3537_BLUE";"14,99"
"3537_PERLA";"14,99"
"3537_PINK";"14,99"
"3566_BROWN";"36,99"
"3593_BLACK";"15,99"
"3610_BEIGE";"23,99"
"3611_BEIGE";"19,99"
"3613_BLUE";"19,99"
"3905_BRONZE";"25,99"
"3906_BLUE";"30,39"
"03912_BROWN";"15,79"
"3999_BLACK";"33,99"
"4001_0001_BLK";"13,14"
"4002_01_BEIGE";"15,79"
"4002_001_BEIGE";"13,14"
"4002_0001_BEIGE";"13,14"
"4002_001_BLACK";"13,14"
"4002_0001_BLUE";"13,14"
"4002_0001_BROWN";"15,79"
"4002_001_WHITE";"13,14"
"4002_0001_WHITE";"15,79"
"4002_0002_BEIGE";"13,14"
"4002_0002_BLACK";"13,14"
"4002_0002_BROWN";"15,79"
"4002_0002_WHITE";"15,79"
"4002_0003_BEZ";"13,14"
"4002_0003_BLACK";"13,14"
"4002_0003_PURPLE";"13,14"
"4002_0005_WHITE";"15,79"
"4002_010_BEIGE";"15,79"
"4002_010_BLACK";"15,79"
"4002_0010_BLACK";"15,79"
"4002_010_BLUE";"15,79"
"4002_010_BORDO";"15,79"
"4002_010_BROWN";"15,79"
"4002_015_BORDOW";"15,79"
"4002_020_BLACK";"15,79"
"4002_020_BLUE";"15,79"
"4002_020_BORDO";"15,79"
"4002_00020_RED";"15,79"
"4002_020_WHITE";"15,79"
"4002_BEIGE";"15,79"
"4002_BLACK";"15,79"
"4003_001_BEIGE";"13,14"
"4003_0001_BEIGE";"13,14"
"4003_001_BLACK";"13,14"
"4003_001_BLUE";"13,14"
"4003_0001_BLUE";"13,14"
"4003_001_BORDO";"15,79"
"4003_001_BORDO_1";"13,14"
"4003_001_BROWN";"15,79"
"4003_0001_PURPLE";"13,14"
"4003_001_WHITE";"15,79"
"4003_002_BEIGE";"13,14"
"4003_0002_BEIGE";"13,14"
"4003_002_BEIGE_BLACK";"13,14"
"4003_0002_BEIGE_BLACK";"13,14"
"4003_002_BEIGE_BLUE";"13,14"
"4003_002_BEIGE_BROWN";"13,14"
"4003_002_BEIGE_WHITE";"13,14"
"4003_0002_blac_beige_rup";"13,14"
"4003_002_BLACK";"13,14"
"4003_002_BLACK_BEIGE";"13,14"
"4003_0002_blk_bei";"13,14"
"4003_002_BLUE_BEIGE";"13,14"
"4003_002_BLUE_WHITE";"13,14"
"4003_0002_BLUE_WHITE2";"13,14"
"4003_002_BORDO_BEIGE";"13,14"
"4003_002_BROWN_BEIGE";"13,14"
"4003_0002_PURPLE_WHT";"15,79"
"4003_002_WHITE_BEIGE";"13,14"
"4003_002_WHITE_BLUE";"15,79"
"4003_002_WHITE_BORDO";"13,14"
"4003_0002K_PURPLE_WHITE";"13,14"
"4003_003_BEIGE";"13,14"
"4003_003_BLACK";"13,14"
"4003_003_BLUE";"13,14"
"4003_003_BORDO";"15,79"
"4003_0003_BORDO";"13,14"
"4003_003_BROWN";"15,79"
"4003_003_PURPLE";"13,14"
"4003_003_WHITE";"15,79"
"4003_0003_WHITE";"13,14"
"4003_004_BEIGE";"13,14"
"4003_004_BLACK";"13,14"
"4003_0004_BLK";"13,14"
"4003_004_BLUE";"13,14"
"4003_004_BROWN";"15,79"
"4003_004_WHITE";"15,79"
"4003_0004_WHT";"13,14"
"4003_005_BEIGE";"13,14"
"4003_005_BLACK";"13,14"
"4003_005_BLUE";"13,14"
"4003_0005_BLUE";"13,14"
"4003_005_BORDO";"13,14"
"4003_0005_BORDO";"13,14"
"4003_0005_BORDO2";"13,14"
"4003_0005_PURPLE";"15,79"
"4003_0005_WHITE";"15,79"
"4003_005_WHITE";"15,79"
"4003_0006_BLACK";"13,14"
"4003_0006_BLUE";"13,14"
"4003_0006_BORDO";"15,79"
"4003_0006_BROWN";"13,14"
"4003_0006_PURPLE";"15,79"
"4003_0006_WHITE";"15,79"
"4003_007_BEIGE";"13,14"
"4003_007_BLACK";"13,14"
"4003_007_BLUE";"13,14"
"4003_007_BORDO";"13,14"
"4003_007_BROWN";"13,14"
"4003_007_WHITE";"13,14"
"4003_008_BEIGE";"13,14"
"4003_008_NAVY";"13,14"
"4003_0054_BEIGE";"15,79"
"4003_0054_BLACK";"15,79"
"4003_0054_BLUE";"15,79"
"4003_0054_BORDO_SFH";"15,79"
"4003_0054_BROWN";"17,12"
"4003_0054_PURPLE";"17,12"
"4003_0054_WHT";"15,79"
"4003_0055_BEIGE";"15,79"
"4003_0055_BLACK";"15,79"
"4003_0055_BLUE";"15,79"
"4003_SFH_BEIGE";"15,79"
"4003_SFH_RED";"17,12"
"4005_0001_BROWN";"13,14"
"4006_001_BLACK_M";"13,14"
"4006_0001_BLUE";"17,12"
"4006_0001_BROWN";"17,12"
"4006_0003_BLK";"15,79"
"4006_0003_NAVY";"15,79"
"4008_0001_01_BIJELA";"13,14"
"4008_0001_02_BROWN";"13,14"
"4008_0001_02_LILA";"13,14"
"4008_0001_03_BLACK";"13,14"
"4008_0001_06_BORDO";"13,14"
"4008_0001_06_CRNA";"13,14"
"4008_0001_BLUE";"13,14"
"4008_01_WHITE";"15,79"
"4008_001_WHITE";"13,14"
"4008_0002_01_WHITE";"13,14"
"4008_002_03_BIJELA";"13,14"
"4008_0002_91_BLACK";"13,14"
"4008_00002_BLACK";"13,14"
"4008_0002_BROWN";"13,14"
"4008_0003_03_BLACK";"13,14"
"4008_0003_03_BLK";"13,14"
"4008_003_BEIGE";"13,14"
"4008_003_BLACK";"13,14"
"4008_003_BLUE";"13,14"
"4008_003_BORDO";"13,14"
"4008_003_WHITE";"13,14"
"4008_0004_12_WHITE";"13,14"
"4008_004_BLACK";"13,14"
"4008_004_BROWN";"13,14"
"4008_004_WHITE";"15,79"
"4008_005_BLACK";"13,14"
"4008_0005_BLUE";"13,14"
"4008_005_BLUE";"13,14"
"4008_005_WHITE";"13,14"
"4008_0006_PLAVA";"13,14"
"4008_0007_BORDO";"13,14"
"4008_0007_CRVENA";"13,14"
"4008_0008_BEIGE";"15,79"
"4008_010 WHITE";"15,79"
"4008_010_BEIGE";"15,79"
"4008_010_BLACK";"15,79"
"4008_010_BLUE";"15,79"
"4008_010_BORDO";"15,79"
"4008_010_BROWN";"15,79"
"4008_010_WHITE";"15,79"
"4009_0004_beige";"13,14"
"4009_0004_BLACK";"13,14"
"4009_0004_GREY";"13,14"
"4057_OLIVE";"38,99"
"4059_BLACK";"30,39"
"4059_BROWN";"30,39"
"4099_BLACK";"30,39"
"4099_BLACK_B";"30,39"
"4102_GOLD";"11,81"
"4102_PLATIN";"11,81"
"4102_ROSE";"17,12"
"4103_BLACK";"30,39"
"4103_BLACK_GREY";"30,39"
"4103_BLACK1";"30,39"
"4107_WHITE";"11,81"
"4109_BLACK";"30,39"
"4111_GOLD";"17,12"
"4111_PLATIN";"17,12"
"4111_PLATIN1";"17,12"
"4111_ROSE_GOLD";"17,12"
"4111_SILVER";"17,12"
"4111_SILVER1";"17,12"
"4112_GOLD";"11,81"
"4112_PLATIN";"17,12"
"4114_GREY";"30,39"
"4116_BEIGE";"13,14"
"4116_BLACK";"13,14"
"4116_NAVY";"13,14"
"4116_WHITE";"13,14"
"4117_BEIGE";"14,47"
"4117_BLACK";"14,47"
"4118_BLACK";"13,14"
"4120_BLACK";"11,81"
"4120_BLUE";"11,81"
"4126_BLACK_W";"30,39"
"4126_GREY";"30,39"
"4132_BLACK";"30,39"
"4132_GREY";"30,39"
"4139_BLACK";"30,39"
"4144_1BLACK";"30,39"
"4144_BLACK";"30,39"
"4144_BLACKY";"30,39"
"4144_WHITE";"30,39"
"4148_1_BLACK";"24,99"
"4148_1_SMEDA";"22,49"
"4148_6_GREY";"26,41"
"4148_7_GREY";"26,41"
"4148_7_NAVY";"22,49"
"4148_BLACK";"26,41"
"4148_BLACK_1";"26,41"
"4148_BLUE";"27,99"
"4148_GREY";"26,41"
"4148_RED";"26,41"
"4148_WHITE";"26,41"
"4148_WHITE_1";"26,41"
"4148_Y_BLACK";"24,99"
"4148_Y_NAVY";"24,99"
"4149_1BLACK";"27,99"
"4149_1BLUE";"27,99"
"4149_1GREY";"27,99"
"4149_1NAVY";"27,99"
"4149_2_BLUE";"26,41"
"4149_4_BLACK";"26,41"
"4149_4_BLACKY";"26,41"
"4149_4_BLUE";"26,41"
"4149_4_GREY";"26,41"
"4149_4_GREYS";"26,41"
"4149_4_NAVY";"26,41"
"4149_4_RED";"26,41"
"4149_5_BLUE";"26,41"
"4149_BLACK";"26,41"
"4149_BLACK_G";"26,41"
"4149_BLACK_R";"26,41"
"4149_BLACK_W";"26,41"
"4149_BLACKY";"26,41"
"4149_BLUE_W";"26,41"
"4149_BROWN";"26,41"
"4149_GREY";"26,41"
"4149_GREY_1";"26,41"
"4149_GREY_BLACK";"26,41"
"4149_NAVY_G";"26,41"
"4149_NAVY_W";"26,41"
"4149_PINK_G";"26,41"
"4149_RED";"26,41"
"4149_RED_W";"26,41"
"4149_S_GREY";"27,99"
"4150_BLACK";"26,41"
"4150_BLACK_WHITE";"26,41"
"4150_BLUE";"26,41"
"4150_BROWN";"26,41"
"4150_GREY";"26,41"
"4150_GREY_1";"26,41"
"4150_NAVY";"26,41"
"4150_SIVA";"26,41"
"4151_BLACK";"26,41"
"4151_BLACK_1";"26,41"
"4151_BLACK_2";"26,41"
"4151_BLACK_3";"26,41"
"4151_BLACK_4";"26,41"
"4151_BLACK_W";"26,41"
"4151_BLUE";"26,41"
"4151_BLUE_1";"26,41"
"4151_BROWN";"26,41"
"4151_CRNA";"26,41"
"4151_GREY";"26,41"
"4151_GREY_1";"26,41"
"4151_NAVY";"26,41"
"4151_NAVY_1";"26,41"
"4152_BLACK";"26,41"
"4152_BLUE";"26,41"
"4152_GREY";"26,41"
"4152_NAVY";"26,41"
"4153_BLACK";"26,41"
"4153_BLUE";"26,41"
"4154_BLACK";"19,78"
"4154_BLACKY";"19,78"
"4154_BLUE";"26,41"
"4154_NAVY";"26,41"
"4154_RED";"26,41"
"4155_1GREY";"27,99"
"4155_1NAVY";"27,99"
"4155_GREY";"26,41"
"4155_NAVY";"26,41"
"4155_RED";"26,41"
"4156_NAVY";"26,41"
"4157_BLACK";"26,41"
"4157_NAVY";"26,41"
"4158_1GREY";"26,99"
"4158_BLACK";"26,99"
"4158_GREY";"26,41"
"4247_PINK";"48,99"
"4250_BLACK";"44,99"
"4250_N_PERLA";"49,99"
"4250_PERLA";"39,68"
"4250_PINK";"46,99"
"4250_SILVER";"46,99"
"4250_WHITE";"44,99"
"4251_1_MINT";"51,99"
"4251_MINT";"47,99"
"4251_MINT_SILVER";"42,99"
"4251_PERLA";"42,99"
"4259_NAVY";"6,50"
"4259_PURPLE";"6,50"
"4259_RED";"6,50"
"4259_WHITE";"6,50"
"4350_FLOWER";"26,99"
"4350_FLOWER_WHT";"29,99"
"4350_HEARTS";"29,99"
"4352_1FLOWER";"29,99"
"4352_FLOWER";"26,41"
"4358_FLOWER_I";"26,41"
"4358_FLOWER_II";"26,41"
"4358_FLOWER_III";"26,41"
"4367_FLOWER_BLK";"29,99"
"4367_WHT_FLOWER";"29,99"
"4371_FLOWER_I";"28,99"
"4371_WHITE";"29,99"
"4372_1BLK_FLOWER";"28,99"
"4372_1FLOWER";"26,99"
"4372_BLACK_F";"26,41"
"4372_BLACK_FLOWER";"26,41"
"4372_BLK_FLOWER";"24,99"
"4372_FLOWER";"32,99"
"4372_HEART";"26,41"
"4372_WHITE_FLOWER";"26,41"
"4386_BLACK";"10,49"
"4386_BROWN";"10,49"
"4386_DARKBROWN";"10,49"
"4386_GREY";"10,49"
"4386_NAVY";"10,49"
"4530_BLUE";"29,07"
"4530_PINK";"29,07"
"4700_BLACK";"46,99"
"4700_BROWN";"39,68"
"4700_N_BLACK";"45,99"
"4701_BLACK";"25,99"
"04770_BLACK";"17,12"
"4776_BEIGE";"19,78"
"4776_BLACK";"19,78"
"4921_BLACK";"33,05"
"4944_PURPLE";"28,99"
"5000_002_16_BROWN_BEIGE";"15,79"
"5000_002_16_ORANGE_GREY";"15,79"
"5000_002_20_MATBEIGE";"13,14"
"5000_002_20_MATBROWN";"13,14"
"5000_002_20_MATGREY";"13,14"
"5000_002_BEIGE";"13,14"
"5000_002_BLACK";"13,14"
"5000_002_BROWN";"13,14"
"5000_002_MATBLUE";"13,14"
"5000_002_WHITE";"13,14"
"5000_BROWN";"58,99"
"5001_002_09_BLACK";"13,14"
"5001_002_09_GREY";"13,14"
"5001_002_09_WHITE";"13,14"
"5001_002_20_BLACK";"13,14"
"5001_002_20_BLUE";"13,14"
"5001_BLACK";"44,99"
"5001_N_BLACK";"44,99"
"5001_N_PERLA";"52,99"
"5001_N_WHITE";"51,99"
"5001_PERLA";"44,99"
"5001_RED";"36,99"
"5001_SILVER";"51,99"
"5001_WHITE";"44,99"
"5002_BLACK";"51,99"
"5002_N_BLACK";"42,99"
"5002_N_PERLA";"42,99"
"5002_N_WHITE";"42,99"
"5002_PERLA";"46,99"
"5002_WHITE";"46,99"
"5011_BLUE";"19,99"
"5066_1WHITE";"23,99"
"5066_BEIGE";"23,99"
"5066_WHITE";"23,99"
"5110_RED";"19,78"
"5329_BLACK";"26,99"
"5370_BLACK";"22,99"
"5411_NAVY";"46,32"
"5413_BLACK";"9,99"
"5413_WHITE";"9,99"
"5552_GREY";"33,05"
"5621_BLACK";"24,99"
"5765_BLACK";"59,59"
"5910_NAVY";"44,99"
"5940_NAVY";"27,99"
"5971M_BLACK";"8,99"
"5971MED";"11,99"
"5971MZ_WHITE";"8,99"
"5971Z_BLACK";"8,99"
"6000_1_BLACK";"51,99"
"6000_1_WHITE";"51,99"
"6000_BLACK";"52,99"
"6000_WHITE";"52,99"
"6005_BLACK";"54,99"
"6005_N_BLACK";"52,99"
"6005_N_WHITE";"52,99"
"6005_WHITE";"54,99"
"06028_DRAP";"1,19"
"06028_GREY";"1,19"
"6032_BLACK";"35,99"
"6032_GREEN";"35,99"
"6033_RED";"33,99"
"6034_RED";"33,99"
"6035_BLACK";"33,99"
"6065_BLUE";"12,99"
"6066_BLACK";"27,99"
"6066_YELLOW";"27,99"
"6078_BLUE";"13,14"
"6109_BLACK";"29,99"
"6109_BROWN";"25,99"
"6114_BLACK";"10,49"
"6123_BLACK";"29,99"
"6123_RED";"29,99"
"6175_BLACK";"26,99"
"6175_BORDO";"26,99"
"6204_BEIGE";"25,99"
"6204_BLACK";"25,99"
"6204_BLUE";"25,99"
"6204_WHITE";"25,99"
"06234_BROWN";"1,19"
"06234_PL_BROWN";"1,19"
"6273_BLACK";"25,99"
"6273_NAVY";"25,99"
"6273_RED";"25,99"
"6318_CHAMPAGNE";"29,07"
"6318_KL_BLACK";"29,07"
"6318_KL_CHAMPAGNE";"29,07"
"6318_KL_GREY";"29,07"
"6338_BLACK";"19,99"
"6338_BLUE";"19,99"
"6338_RED";"19,99"
"6338_WHITE";"19,99"
"06356_BEIGE";"1,19"
"06356_BLACK";"1,19"
"06356_BROWN";"1,19"
"06356_BROWN_1";"1,19"
"06356_WHITE";"1,19"
"6452_TURKIS_GOLD";"13,14"
"6479";"23,76"
"6564_PINK";"23,76"
"06610_BLACK";"1,19"
"06610_BROWN";"1,19"
"06610_GREEN";"1,19"
"06610_GREY";"1,19"
"06610_PLAVA";"1,19"
"06610_PURPLE";"1,19"
"06610_WHITE";"1,19"
"06610_YELLOW";"1,19"
"6711_OLIVE";"32,99"
"06733_BLACK";"7,83"
"6895_PINK";"30,39"
"6905_BL_BEIGE";"29,07"
"6905_BL_BLACK";"29,07"
"6918_BROWN";"21,99"
"7006A_BLACK";"27,99"
"7057_PINK";"12,99"
"7099_BEIGE";"22,99"
"7183_BEIGE";"26,99"
"7183_BLACK";"26,99"
"7193_BLACK";"26,99"
"07233_BLACK";"1,19"
"7272_BEIGE";"42,99"
"7359_BLACK";"35,70"
"7359_GREY";"35,70"
"7380_GREEN";"35,70"
"7380_GREY";"35,70"
"07397";"449,00"
"07398";"599,00"
"7532_BLACK";"27,74"
"7537_BLACK";"39,68"
"07546_BLACK";"5,89"
"07546_GREY";"5,89"
"07546_NAVY";"6,19"
"7555_BLACK";"38,36"
"7557_GREY";"35,70"
"7588_GREEN";"33,05"
"7602_PA_BLACK";"26,41"
"7709_BEIGE";"34,99"
"7766_WINE_RED";"26,41"
"7909_BLUE";"26,41"
"8000_BROWN";"26,99"
"8008_BLUE";"26,41"
"8008_GREY";"26,41"
"8008_KHAKI";"26,41"
"8008_RED";"26,41"
"8010_BLACK";"37,03"
"8012_GREY";"26,41"
"8018_BEIGE";"17,99"
"8018_GREEN";"17,99"
"8018_WHITE";"17,99"
"8052_BEIGE";"29,99"
"8052_BLACK";"29,99"
"8188OU_LUA";"34,99"
"08231_WHITE";"17,12"
"08236_BLACK";"13,14"
"08236_WHITE";"17,12"
"08355_BLK";"7,83"
"08355_BROWN";"11,81"
"8572_BLACK";"33,99"
"08671_BLACK";"17,99"
"08671_BROWN";"16,99"
"8698_BROWN";"23,99"
"8706_BEIGE";"29,99"
"8708_RED";"31,99"
"8777_BLACK";"28,99"
"8875_BLACK";"30,39"
"8875_BROWN";"30,39"
"8876_BROWN";"30,39"
"8940A_BLACKGREY";"6,99"
"8940A_BLACKWHITE";"6,99"
"8940A_NAVYWHITE";"6,99"
"9002_WINE";"38,36"
"9050_BLACK";"29,99"
"9050_WHITE";"29,99"
"9071D_BLACK";"34,99"
"9205_BLACK";"21,99"
"09345_BLACK";"19,99"
"09345_BROWN";"15,79"
"9353_BLACK";"30,99"
"9398_BLACK";"28,99"
"9401_BLACK";"26,41"
"9421_BLACK";"29,07"
"9421_BLUE";"26,41"
"9421_BLUE_PINK";"29,07"
"9421_NAVY";"29,07"
"9421_PINK";"26,41"
"9421_PINKI";"18,99"
"9505_KHAKI";"26,41"
"9506_BLACK";"26,41"
"9519R_BEIGE";"26,99"
"9519R_BLACK";"26,99"
"09521_BLACK";"17,12"
"9523_BLACK";"26,99"
"9523_BLUE";"26,99"
"9542_BLACK";"22,43"
"9544_BLACK";"22,43"
"9554_BLACK";"21,10"
"9557R_RED";"25,99"
"9651_BEIGE";"45,99"
"9651_BLACK";"45,99"
"9655_BLACK";"49,99"
"9655_BROWN";"49,99"
"9667_RED";"29,99"
"9703_RED";"26,99"
"9705_BLACK";"28,99"
"9705_BLUE";"28,99"
"9705_BROWN";"29,99"
"9705_GREY";"29,99"
"9705_RED";"28,99"
"9706_RED";"28,99"
"09751_BLACK";"11,81"
"09751_SMOKED";"11,81"
"9761_BEIGE";"26,99"
"9761_BLACK";"26,99"
"9769_NAVY";"26,99"
"9772_BEIGE";"26,99"
"9772_BLACK";"26,99"
"9833_GREEN";"15,99"
"9833_NAVY";"15,99"
"9833_ORANGE";"15,99"
"09836_SMOKED";"13,14"
"09840_BLK";"17,12"
"09840_BROWN";"13,14"
"09878_1BLACK";"16,99"
"09878_1BROWN";"16,99"
"09878_BLACK";"15,79"
"09878_BROWN";"15,79"
"9895_BLACK";"33,99"
"9899_BLACK";"33,99"
"9899_BLUE";"33,99"
"9988_GREEN";"19,99"
"10006_BLACK";"17,99"
"10006_PINK";"17,99"
"10080_C1";"14,99"
"10080_C2";"14,99"
"10080_C3";"14,99"
"10080_C4";"14,99"
"10080_C5";"14,99"
"10080_C6";"14,99"
"10080_C7";"14,99"
"10080_C8";"14,99"
"10080_C9";"14,99"
"10080_C10";"14,99"
"10080_C11";"14,99"
"10127_WHITE";"29,99"
"10179_1OLIVE";"42,99"
"10179_NAVY";"38,99"
"10179_OLIVE";"38,99"
"10190_BLACK";"11,99"
"10191_BLUE";"23,76"
"10192_BLACK";"33,05"
"10193_BROWN";"23,76"
"10193_BROWN_1";"26,41"
"10194_BROWN";"23,76"
"10195_BLACK";"23,76"
"10196_BLACK";"33,05"
"10197_BLACK";"23,76"
"10198_BLACK";"26,41"
"10198_BLUE";"23,76"
"10200_BLACK";"33,05"
"10201_GREY";"33,05"
"10202_BLACK";"33,05"
"10203_BLACK";"23,76"
"10204_BLACK";"33,05"
"10205_GREY";"23,76"
"10206_BLUE";"23,76"
"10207_BLUE";"33,05"
"10207_GREY";"33,05"
"10208_BLACK";"23,76"
"10210_BLACK";"23,76"
"10212_BLACK";"26,41"
"10213_BLACK";"33,05"
"10214_BLACK";"33,05"
"10215_BLACK";"26,41"
"10215_BLACK_GREY";"26,41"
"10216_BLACK";"33,05"
"10218_BLUE";"33,05"
"10219_BLACK";"33,05"
"10219_BLACK_1";"33,05"
"10220_BLACK";"26,41"
"10220_BLACK_1";"33,05"
"10221_BLACK";"23,76"
"10222_BLUE";"26,41"
"10223_BLACK";"39,68"
"10224_GREY";"39,68"
"10225_BLACK";"26,41"
"10226_GREY";"26,41"
"10227_GREY";"30,39"
"10228_BLACK";"33,05"
"10229_GREY";"26,41"
"10230_BLACK";"23,76"
"10231_BLACK";"33,05"
"10232_NAVY";"33,05"
"10233_BLACK";"15,79"
"10234_BLACK";"15,79"
"10235_BLACK";"10,49"
"10235_BLUE";"39,68"
"10236_BLACK";"30,39"
"10237_GREY";"30,39"
"10241_BLUE";"26,41"
"10241_GREY";"26,41"
"10244_BLACK";"26,41"
"10244_BLACK_I";"26,41"
"10245_GREY";"26,41"
"10246_BLACK";"19,78"
"10247_GREY";"39,68"
"10248_GREY";"30,39"
"10249_BLACK";"26,41"
"10250_BLACK";"23,76"
"10251_BLACK";"23,76"
"10251_BORDO";"30,39"
"10252_BLACK";"23,76"
"10253_BROWN";"23,76"
"10254_BROWN";"23,76"
"10255_BROWN";"30,39"
"10256_GREY";"30,39"
"10256_RED";"30,39"
"10257_YELLOW";"30,39"
"10258_GREY";"39,68"
"10259_BLUE";"39,68"
"10260_BLACK";"39,68"
"10261_BLACK";"39,68"
"10262_BROWN";"19,78"
"10263_BLACK";"19,78"
"10264_GREY";"19,78"
"10265_GREY";"39,68"
"10266_BROWN";"30,39"
"10267_BLUE";"17,12"
"10267_GREY";"30,39"
"10268_BLK_WHITE";"36,99"
"10268_PURPLE";"30,39"
"10269_GREY";"39,68"
"10270_BLACK";"30,39"
"10270_GREY";"30,39"
"10271_BLACK";"26,41"
"10272_BLACK";"26,41"
"10273_BLACK";"26,41"
"10273_BROWN";"26,41"
"10273_GREY";"26,41"
"10273_PINK";"29,99"
"10274_GREY";"30,39"
"10274_NAVY";"38,00"
"10275_BEIGE";"30,39"
"10275_BEIGE_1";"30,39"
"10276_GREY";"39,68"
"10276_SIVA";"39,68"
"10277_BROWN";"39,68"
"10278_BROWN";"39,68"
"10279_GREY";"39,68"
"10280_GREY";"39,68"
"10281_BLACK_GREY";"39,68"
"10282_GREY";"39,68"
"10283_GREY";"30,39"
"10284_GREY";"30,39"
"10285_BROWN";"30,39"
"10286_GREY_RED";"30,39"
"10287_BROWN";"26,41"
"10288_GREY";"26,41"
"10289_GREY";"26,41"
"10289_PURPLE";"26,41"
"10289_PURPLE_1";"26,41"
"10290_PURPLE";"26,41"
"10291_GREY";"39,68"
"10292_GREY";"30,39"
"10293_GREY";"39,68"
"10294_BLUE";"33,05"
"10294_BROWN";"33,05"
"10295_GREY";"26,41"
"10296_BLACK";"26,41"
"10297_BLACK";"26,41"
"10297_GREEN";"31,99"
"10297_GREY";"26,41"
"10298_BLACK";"26,41"
"10299_GREEN";"26,41"
"10300_BLACK";"30,39"
"10301_BLUE";"30,39"
"10302_BLACK";"26,41"
"10302_BLUE";"26,41"
"10303_GREY";"26,41"
"10304_BLUE";"26,41"
"10305_NAVY";"26,41"
"10306_GREY";"26,41"
"10306_NAVY";"26,41"
"10306_WHITE";"26,41"
"10307_BLACK";"26,41"
"10308_GREY";"26,41"
"10309_BLACK";"26,41"
"10310_GREY";"26,41"
"10311_BLACK";"26,41"
"10312_GREY";"26,41"
"10312_TURQUOISE";"26,41"
"10313_PINK";"26,41"
"10314_ORANGE";"26,41"
"10314_PINK";"26,41"
"10315_GREY";"39,68"
"10316_BLACK";"26,41"
"10317_BLACK";"26,41"
"10318_NAVY";"26,41"
"10319_GREY";"26,41"
"10319_GREY_I";"26,41"
"10320_GREY";"26,41"
"10321_BLACK";"13,14"
"10322_BORDO";"13,14"
"10323_GOLD";"13,14"
"10324_ORANGE";"26,41"
"10325_BLUE";"13,14"
"10326_PURPLE";"26,41"
"10327_PURPLE";"26,41"
"10328_BLUE";"26,41"
"10329_BLACK";"26,41"
"10330_WHITE";"26,41"
"10331_BLUE";"26,41"
"10332_BLACK";"26,41"
"10333_BLACK";"13,14"
"10333_WHITE";"13,14"
"10404_NAVY";"38,99"
"10408_NAVY";"25,99"
"10408_PINK";"25,99"
"10413_GREY";"38,00"
"10489_BLACK";"9,16"
"10489_BROWN";"9,16"
"10501_BLACK";"19,78"
"10501_BLUE";"19,78"
"10501_SILVER";"19,78"
"10501_WHITE";"19,78"
"10594_02746__20419";"17,12"
"10594_02746_02105";"17,12"
"10594_20754_02976";"24,99"
"10594_20780_02976";"17,12"
"10594_22146_02976";"17,12"
"10594_23680_02105";"17,12"
"10594_24064";"17,12"
"10611_02577_20419";"21,10"
"10611_23563_20419";"21,10"
"10615_BLUE";"9,99"
"10615_GREEN";"9,99"
"10615_NAVY";"11,99"
"10615_PINK";"9,99"
"10615_PINKY";"9,99"
"10615_PURPLE";"9,99"
"10680_BLACK";"19,99"
"10680_BROWN";"19,99"
"10719_24491";"19,24"
"10758_BLACK";"11,81"
"10913_BROWN";"9,16"
"10934_1BLACK";"25,08"
"10934_BLACK";"17,12"
"10934_BLACK_W";"25,08"
"10934_NAVY";"25,08"
"10934_WHITE";"25,08"
"10936_GREEN";"25,08"
"10989_1_YELLOW";"26,99"
"10989_BLACK";"9,99"
"10989_BLUE";"12,99"
"10989_GREEN";"12,99"
"10989_NAVY";"12,99"
"10989_PINK";"12,99"
"10989_PURPLE";"12,99"
"10989_YELLOW";"24,99"
"11017_BROWN";"9,16"
"11020_24564_02976";"29,07"
"11020_AF403_02520";"32,99"
"11020_AF403_20420";"32,99"
"11020_AF408_02520";"32,99"
"11020_AF408_20420";"32,99"
"11024_21138";"23,76"
"11024_24179_BLK";"23,76"
"11081_20138_02976";"23,76"
"11096";"26,99"
"11097";"26,99"
"11098";"26,99"
"11099";"26,99"
"11118_BLUE";"10,49"
"11118_BROWN";"10,49"
"11118_GREY";"10,49"
"11123_BLACK";"11,99"
"11123_BLUE";"11,99"
"11123_GREY";"6,00"
"11123_MIX";"11,99"
"11231_FLOWER";"15,79"
"11231_FLOWER_1";"15,79"
"11315_25373_02105";"29,07"
"11315_25469_02105";"27,74"
"11315_AD268_06533";"27,99"
"11315_AD271_06533";"27,99"
"11315_AI762_02105";"32,99"
"11332_21929_01415";"33,05"
"11358_02258_02520";"29,07"
"11358_24084_02520";"29,07"
"11358_24788_02976";"27,74"
"11448_BLACK";"9,99"
"11448_BLUE";"9,99"
"11448_D_BLUE";"9,99"
"11449_BLACK";"9,99"
"11449_GREEN";"9,99"
"11449_LILA";"9,99"
"11449_PINK";"9,99"
"11478_21392_06329";"38,36"
"11491_21818_33128";"20,57"
"11495_21675_04297";"17,12"
"11521_20973_02520";"23,76"
"11573_20766_06232";"15,26"
"11573_20766_20346";"15,79"
"11576_02047_02121";"19,78"
"11578_20780_02105";"17,12"
"11578_22629_02520";"17,12"
"11578_AR406_06533";"20,99"
"11580_02047_05715";"17,12"
"11586_BLACK";"11,81"
"11586_BROWN";"11,81"
"11650_20698_02105";"17,99"
"11650_20698_20419";"17,92"
"11650_20766_02976";"17,99"
"11652_BLACK";"19,78"
"11652_BROWN";"19,78"
"11679_20766_02520";"21,10"
"11702_PINK";"30,39"
"11728_26010_05626";"15,79"
"11766_21555_02105";"16,99"
"11773_20856_02036";"29,07"
"11957_20534_05197";"16,99"
"12015_AI139_02520";"28,99"
"12015_AN372_02105";"28,99"
"12130_AI436_02301";"24,99"
"12265_AT243_02520";"25,99"
"12268_BC895_02105";"22,99"
"12379_14";"14,99"
"12379_15";"14,99"
"12379_16";"14,99"
"12379_17";"14,99"
"12379_18";"14,99"
"12394_BB533_06601";"27,99"
"12430_BC599_02121";"17,99"
"12615_BLACK";"61,99"
"12615_GREY";"46,00"
"12629_GREY";"10,49"
"12669_BLACK";"10,49"
"12669_NAVY";"10,49"
"12670_GREY";"10,49"
"12675_BLACK";"10,49"
"12676_GREY";"10,49"
"12700_PINK";"10,49"
"12702_BROWN";"10,49"
"12750_GREY";"7,99"
"12980_WHITE";"49,00"
"12984_BLACK";"16,99"
"12984_BROWN";"16,99"
"13087_WHITE";"59,00"
"13221_BLUE";"13,14"
"13221_NAVY";"13,14"
"13221_NAVY1";"13,14"
"13334_BEIGE";"15,99"
"13459_BLACK";"19,78"
"13461_BEIGE";"20,99"
"13461_BLACK";"20,99"
"13461_N_BLACK";"22,99"
"13461_WHITE";"19,78"
"13462_BEIGE";"19,78"
"13462_BLACK";"19,78"
"13462_BORDO";"19,78"
"13462_N_BORDO";"22,99"
"13462_NAVY";"19,78"
"13463_BEIGE";"19,78"
"13463_BLACK";"19,78"
"13464_BEIGEB";"17,99"
"13464_BEIGEBL";"17,99"
"13464_BEIGEN";"17,99"
"13464_BLACK";"19,99"
"13464_BLACKB";"17,99"
"13464_BORDOW";"17,99"
"13464_BROWNB";"19,78"
"13464_NAVYB";"19,78"
"13464_WHITEB";"19,78"
"13464_WHITEF";"19,78"
"13464_WHITEN";"19,78"
"13464_WHITET";"19,78"
"13465_1BLACK";"22,99"
"13465_1WHITE";"22,99"
"13465_BLACK";"19,78"
"13465_RED";"22,99"
"13465_WHITE";"19,78"
"13466_1FLOWER";"19,99"
"13466_BLACK_FLOW";"19,99"
"13466_BLK_WHITE";"19,78"
"13466_FLOWER";"19,78"
"13466_N_FLOWER";"22,99"
"13467_BEIGE";"19,78"
"13467_BLACK";"19,78"
"13467_BORDO";"19,78"
"13467_N_NAVY";"22,99"
"13467_NAVY";"19,78"
"13497_BLACK";"10,49"
"13503_BLACK";"10,49"
"13503_BROWN";"10,49"
"13598_BLUE";"10,49"
"14142_BLACK";"19,99"
"14142_BLACK_FLOWER";"19,99"
"14142_FLOWER";"19,99"
"14142_WHITE_BLACK";"19,99"
"14142_WHITE_FLOWER";"19,99"
"14310_36_41_BEIGE";"30,39"
"14634_1RED";"15,99"
"14634_1YELLOW";"15,99"
"14634_BLACK";"15,99"
"14634_NAVY";"15,99"
"14634_PINK";"15,99"
"14634_RED";"15,99"
"14634_WHITE";"15,99"
"14634_YELLOW";"15,99"
"15003";"24,99"
"15005_NERO";"24,99"
"15093C_BLUE";"10,49"
"15102_GREY";"7,83"
"15102_PINK";"7,83"
"15102_PURPLE";"7,79"
"15102_RED";"7,83"
"15112_PINK";"7,83"
"15112_PURPLE";"7,83"
"15112_RED";"7,83"
"15112_WHITEPINK";"7,83"
"15158_1WHITE";"19,99"
"15158_2WHITE";"19,99"
"15158_WHITE";"19,99"
"15159_BLACK";"20,99"
"15213_3_BEIGE";"15,79"
"15213_3_NAVY";"15,79"
"15507_BROWN";"24,99"
"15512_BEIGE";"17,12"
"16122_RED";"65,00"
"16123_RED";"55,00"
"16124_RED";"45,00"
"16125_BLACK";"65,00"
"16126_BLACK";"55,00"
"16127_BLACK";"45,00"
"17268_90063";"27,74"
"17300_90175";"29,07"
"17629_90079_05739";"22,43"
"17732_90081_05739";"19,78"
"17873_90269_05739";"22,43"
"17910_BEIGE";"30,39"
"17910_BLACK";"30,39"
"17971_90079_06881";"21,10"
"17994_90977_02234";"29,07"
"19905_GREY";"30,39"
"19905_PINK";"30,39"
"20102_BEIGE";"27,99"
"20103_BEIGE";"27,99"
"20106_BLACK";"27,99"
"20111_7_GREY";"26,41"
"20227_ZUTA";"10,49"
"20228_SIVA";"10,49"
"20247_CRNO_PLAVA";"19,78"
"20248_NAR";"13,14"
"20331_WHITE";"24,99"
"20332_WHITE";"24,99"
"20333_PINK";"24,99"
"20334_WHITE";"24,99"
"20335_BLACK";"24,99"
"20335_WHITE";"24,99"
"20336_WHITE";"24,99"
"20337_BEIGE";"19,99"
"20337_PINK";"22,49"
"20338_1WHITE";"24,99"
"20338_WHITE";"24,99"
"20339_GREY";"24,99"
"20506_BLUE";"30,39"
"20554U_DL6";"19,78"
"20595U_DL6";"19,78"
"20631U_EDS_4";"26,41"
"20781U_EVZ_5";"19,78"
"20864U_FNF";"33,05"
"20869U_490";"17,12"
"20872U_356";"26,41"
"20878U";"10,49"
"20951U_HD7_4";"26,41"
"20951U_HD7_5";"26,41"
"20952U_ELE_5";"17,12"
"20992U_HDJ_4";"26,41"
"21009U_JCT_5";"19,78"
"021010_NEUTRAL";"2,49"
"21079U_JP6_5";"15,79"
"21079U_JPA_5";"15,79"
"21079U_JPX_5";"15,79"
"21104U_JPX_5";"35,70"
"021133_BLACK";"2,49"
"21196U_LN6";"23,99"
"021218_BROWN";"2,49"
"21261U_CY2";"19,99"
"21261U_LMT";"19,99"
"21261U_LN5";"19,99"
"21333U_LVR";"19,99"
"21333U_LVT";"19,99"
"21333U_LVX";"19,99"
"21338U_LWB";"23,99"
"21383U_MMM";"16,99"
"21402U_MND";"19,99"
"21402U_MNK";"19,99"
"21470_YELLOW";"26,41"
"21471_YELOW";"26,41"
"21472_YELOOW";"26,41"
"21473_YELLOW";"26,41"
"21474_YELLOW";"26,41"
"21475_YELLOW";"26,41"
"21476_YELLOW";"26,41"
"21477_YELLOW";"26,41"
"022005_BLACK";"30,39"
"022005_WHITE";"17,09"
"022011_BEIGE";"30,39"
"022011_YELLOW";"30,39"
"22033_BLACK";"25,99"
"22033_BROWN";"25,99"
"022035_SILVER";"30,39"
"022036_BLACK";"30,39"
"22039_20502_04156";"23,76"
"23008_BLACK";"25,99"
"23138_BEIGE";"28,99"
"23138_BLACK";"34,99"
"23138_BLUE";"27,99"
"23438_BORDO";"24,99"
"25000_BLACK";"38,36"
"25279_25011_20216";"13,14"
"25479_20502";"15,26"
"25479_21192";"15,26"
"25479_22318";"15,26"
"25479_25604_08030";"15,79"
"25479_25605_08030";"14,47"
"25479_25606_08853";"15,79"
"25662_BORDO";"9,16"
"25729_20197_32401";"17,12"
"25729_20735_20676";"17,12"
"25729_24195_20676";"17,12"
"25868_25062_07544";"14,47"
"25868_25063_07544";"14,47"
"25924_20776_22419";"18,45"
"25970_23677_22419";"19,78"
"25971_24341A_2241";"17,92"
"26047_21119_06125";"17,92"
"26060_24316A_3475";"17,12"
"26060_24395A_3475";"17,12"
"26088_20766_22419";"25,08"
"26089_20320_02594";"17,92"
"26089_20352_38068";"17,92"
"26089_20766_11995";"17,92"
"26104_23670_02988";"18,45"
"26117_22326";"14,60"
"26121_20729_06125";"17,92"
"26121_22497";"17,92"
"26123_23249_20676";"18,45"
"26147_20032_22419";"19,78"
"26177_20766";"29,86"
"26177_21016";"29,86"
"26207_20766";"23,23"
"26207_20791_22419";"23,23"
"26207_24185_02064";"22,43"
"26207_24827_02064";"22,43"
"26208_20729";"25,08"
"26208_20766_22419";"25,08"
"26213_22619_20676";"18,45"
"26223_20766_02064";"19,78"
"26223_20766_22419";"19,78"
"26223_21312_22419";"19,78"
"26223_24185_02064";"19,78"
"26223_24185_22419";"19,78"
"26263_22175_22419";"18,45"
"26263_22267_22419";"18,45"
"26264_20197_04299";"15,26"
"26282_20084_06883";"18,45"
"26283_20766_04156";"21,10"
"26284_20729_02064";"19,78"
"26284_21675_02064";"19,78"
"26289_20698_34586";"22,43"
"26289_20742_34586";"22,43"
"26289_20742_42460";"22,43"
"26314_20766_02234";"24,55"
"26325_02843_05856";"18,45"
"26325_20602_33947";"18,45"
"26325_20729_33947";"18,45"
"26325_20770_18782";"18,45"
"26325_20897_33947";"18,45"
"26325_21020_18782";"18,45"
"26325_24760_33947";"18,45"
"26362_20753_02064";"15,26"
"26366_20766_22406";"17,92"
"26369_22927_04043";"17,12"
"26371_25195_02234";"21,10"
"26372_24172_08899";"18,45"
"26372_24939_08899";"18,45"
"26376_21604_08306";"17,12"
"26376_25100_08306";"17,12"
"26400_20766_22406";"19,78"
"26400_21488_02064";"19,78"
"26419_20566_08306";"19,78"
"26419_21609_08306";"19,78"
"26426_20766_02064";"19,78"
"26427_23387_22406";"19,78"
"26442_20729_06722";"14,47"
"26506_20354_02234";"19,78"
"26506_20766_02234";"19,78"
"26525_25499_05739";"19,78"
"26525_25500_02234";"19,78"
"26669_AB480_02064";"14,99"
"26845_AF381_09657";"27,99"
"26845_AF383_02064";"27,99"
"26909_AI287_02234";"27,99"
"27018_AF381_20797";"24,99"
"27018_AF383_20797";"19,99"
"27021_AI782_02234";"27,99"
"27021_AI783_02234";"27,99"
"27133_AV908_02234";"22,99"
"27183_AV439_02064";"25,99"
"27201_RED";"27,99"
"27209_BC514_02586";"23,99"
"27238_BH322_02586";"29,99"
"27466_PREMIUM";"1199,00"
"27617_BLACK";"25,08"
"27839_GOLD";"30,39"
"27839_SILVER";"30,39"
"27847_BLACK";"33,05"
"27847_SILVER";"33,05"
"28009_20542_20676";"16,59"
"30128_BLACK";"40,99"
"30171_BLUE";"9,99"
"30171_GREY";"9,99"
"30191_BLUE";"9,99"
"30191_GREY";"9,99"
"30275_BLACK";"39,68"
"30283_WHT_PINK";"38,24"
"30285_BLACK";"39,90"
"30285_BROWN";"39,68"
"30295_BLACK";"39,68"
"30295_WHITE";"39,68"
"30300_BLACK";"39,68"
"30300_BROWN";"39,68"
"30480U_090";"7,83"
"30616U_090_M";"14,47"
"30700_BLUE";"13,14"
"30700_GREEN";"13,14"
"30700_ORANGE";"13,14"
"30740U_GXY_M";"23,76"
"30753U_JRK_M";"21,10"
"30954_RED";"26,41"
"30954_RED_1";"26,41"
"30974_RED";"26,41"
"30976_PINK";"26,41"
"30977_BLACK";"26,41"
"30977_BLACKW";"26,41"
"30977_BLUE";"26,41"
"30977_NAVY";"26,41"
"30977_PINK";"26,41"
"30978_RED";"26,41"
"0032201_BLACK";"21,99"
"0032201_BLUE";"21,99"
"0032201_BORDO";"21,99"
"0032201_BROWN";"21,99"
"32504_BEIGE";"49,00"
"35667_20492_04299";"15,26"
"38810_BLACK";"35,70"
"39212_BLACK";"39,00"
"45801_RED";"19,78"
"49805_BRONZE";"30,39"
"49806_NAVY";"33,05"
"49806_PINK";"33,05"
"50739_WHITE";"30,39"
"51001_BEZBOJNI";"4,49"
"51002_CRNI";"4,49"
"51003_SMEDI";"4,49"
"51004_BEZBOJNI";"4,49"
"51005_BEZBOJNI";"3,85"
"51151_BLUE";"19,78"
"51151_RED";"19,78"
"51151_YELLOW";"19,78"
"51186BL";"23,76"
"51186BL_YELLOW";"23,76"
"55146_BLACK";"23,76"
"55146_RED";"23,76"
"57619D_BLACK";"34,99"
"57623_BLACK";"31,99"
"59802_BLACK";"17,99"
"59802_BROWN";"17,99"
"59802_SILVER";"17,99"
"59802_WHITE";"17,99"
"60001_BLACK";"2,99"
"60001_BLUE";"2,99"
"60001_ORANGE";"2,99"
"60001_RED";"2,99"
"60001_WHITE";"2,99"
"60001_YELLOW";"2,99"
"60107";"5,09"
"60401_BLACK";"30,39"
"60401_GREEN";"30,39"
"60401_GREY";"30,39"
"60401_NAVY";"30,39"
"60420_BLACK";"29,99"
"60420_BLACK_GREY";"29,99"
"60420_GREY";"26,41"
"60420_NAVY";"29,99"
"60420_WHITE";"26,41"
"65025PT_A";"169,99"
"65025PT_B";"139,99"
"67339_BLACK";"10,49"
"67339_WHITE";"10,49"
"70149_BLACK";"40,99"
"70210_BLACK";"39,00"
"70221_BLK";"39,99"
"73111_CRNA";"4,99"
"73113_SIVA";"4,99"
"73119_OLIV";"4,99"
"78138_BLACK";"25,08"
"78138_RED";"25,08"
"78138_YELLOW";"25,08"
"80035_GREEN";"51,99"
"80059_BLACK";"56,99"
"80129_20766A";"18,45"
"80129_24286A_0631";"18,45"
"80403_23998_22636";"17,12"
"80403_23998A_0299";"17,92"
"80403_24188_32445";"17,12"
"80408_20502_06883";"17,12"
"80408_22467_06883";"17,12"
"80415_20698_08500";"19,99"
"80415_22117_06231";"17,92"
"80415_22531_06231";"21,99"
"80415_22531_06897";"17,12"
"80415_22531_08500";"17,92"
"80415_23183_06897";"17,12"
"80415_24005_06897";"17,12"
"80416_20197_20692";"14,47"
"80416_20534_08053";"14,47"
"80416_20534_20692";"14,47"
"80416_20534_20812";"15,79"
"80416_21138";"14,47"
"80416_21577";"14,47"
"80416_22117_08030";"15,79"
"80416_22117_08053";"14,47"
"80416_22117K_2069";"14,47"
"81030_20247A";"15,79"
"81030_20320";"14,47"
"81030_20502_02064";"15,79"
"81030_20689";"14,47"
"81030_20766D";"15,79"
"81030_20790D_2241";"15,79"
"81030_21311";"15,79"
"81030_23097_08679";"18,99"
"81030_24172_20700";"15,79"
"81030_24184_02064";"15,79"
"81030_24184A_2241";"15,79"
"81030_24184D";"14,47"
"81030_24501_20700";"15,79"
"81081_21729";"29,07"
"81081_21869A";"29,07"
"81081_21929A";"29,07"
"81173_OLIVE";"64,99"
"81376U_FRS";"39,68"
"81437U_GRV";"37,03"
"81470U_GXV_BLACK";"50,30"
"81632U_JLQ";"42,34"
"81633U_JLQ";"33,05"
"81636U_JLQ";"35,70"
"81637U_JLQ";"33,05"
"81666_20247A";"17,12"
"81666_20756_01614";"17,12"
"81666_23876_01614";"17,12"
"81666_23876A_2082";"17,12"
"81666_24033_02055";"17,12"
"81666_24050";"17,12"
"81666_24050_20822";"17,12"
"81712_22119_08030";"15,79"
"81713_24151_20692";"13,14"
"81720_22521_29504";"21,90"
"81722_21964_04008";"18,45"
"81722_21977_04008";"18,45"
"81722_22262_06509";"18,45"
"81739_20320A_2241";"21,10"
"81739_20354_20700";"21,10"
"81739_20780_22419";"21,10"
"81739_21345_22419";"21,10"
"81739_21345A";"21,10"
"81739_21721A";"21,10"
"81749U_LEE";"59,59"
"81753U_LEE";"34,99"
"81774_22839_33196";"18,45"
"81774_24137_33196";"15,79"
"81803_24128_06107";"15,79"
"81803_24130_06076";"15,79"
"81805_20505A";"16,59"
"81805_20837";"18,45"
"81805_21515A";"16,59"
"81805_21564A_0812";"16,59"
"81805_23504_08122";"15,79"
"81805_23504_20216";"15,79"
"81805_23553_20216";"17,12"
"81805_24006_20216";"16,99"
"81805_24006A_0812";"16,59"
"81805_24145_08122";"15,26"
"81805_24145_20216";"15,79"
"81805_AG217_20216";"16,99"
"81805_AG222_08122";"16,99"
"81805_AT157_02064";"19,99"
"81805_BC801_02586";"19,99"
"81875U_LUA";"35,00"
"81885_22286_04299";"18,45"
"81886_22210_33881";"21,10"
"81888_20771_07127_NAVY";"18,45"
"81888_20791_07127_PINK";"18,45"
"81903_24123";"21,10"
"81922_20561_22419";"18,45"
"81922_20796_22419";"18,45"
"81929_21117_22419";"23,76"
"81929_21345_22419";"23,76"
"81929_23555";"23,76"
"81930_21038_04009";"21,90"
"81930_21345_04007";"21,90"
"81930_21552_04008";"21,90"
"81931_21038_06076_PINK";"18,45"
"81932_20602_22419";"23,76"
"81932_24357_22419";"23,76"
"81943_20764_04013";"11,81"
"81943_22408_08030";"11,81"
"81943_24337_08030";"11,81"
"81944_24042_04013";"15,26"
"81944_24312_08030";"15,26"
"81946_20728_20676";"18,45"
"81946_20791A";"18,45"
"81946_22612_20676";"18,45"
"81946_22612_20797";"18,45"
"81946_23476A";"18,45"
"81946_24523_32401";"18,45"
"81946_24582_20676";"18,45"
"81946_24720_20797";"18,45"
"81948_23181_09942";"21,90"
"81948_24192_09942";"21,90"
"81977_20108_06107";"19,78"
"81977_20642A";"19,78"
"81977_21312_06107";"19,78"
"81997_20108_06107";"19,24"
"81997_20168_34700";"19,24"
"81997_20197_34395";"19,24"
"81997_20642A_0712";"19,78"
"81997_20706A";"19,78"
"81997_20748A_0610";"19,78"
"81997_21312_34700";"19,24"
"81997_21312A";"19,78"
"81997_22460_34395";"19,24"
"81997_23086_34700";"19,24"
"81997_25853_34395";"19,24"
"81997_25854_34395";"19,24"
"81997_AG198_35357";"22,99"
"81997_BC815_35357";"17,99"
"82000_20766_22419";"15,79"
"82021_21553";"19,78"
"82021_23480_22419";"19,78"
"82024_21555_20419";"19,24"
"82024_23563";"19,24"
"82031_23563";"17,12"
"82032_2153A_2241";"19,78"
"82032_21379A";"19,78"
"82035_21038_04299";"15,79"
"82038_3RA";"23,76"
"82044_23159_32665";"15,26"
"82053_20818_06108";"15,26"
"82053_22471_34700";"15,26"
"82058_01148_34703";"27,74"
"82059_90208_34124";"29,86"
"82064_22883_08844";"19,78"
"82065_22375_08844";"18,45"
"82067_20093_08844";"15,79"
"82067_20762_08844";"14,47"
"82067_20762A";"14,47"
"82067_20766_08844";"15,79"
"82067_20766A";"14,47"
"82067_21684A";"14,47"
"82067_24286_06883";"14,47"
"82067_24517_08844";"15,79"
"82071_20766A";"14,47"
"82071_20790A_0688";"14,47"
"82071_22471A";"14,47"
"82084_22037_BLK";"19,78"
"82084_22521_20797";"19,78"
"82104_21770_04013";"16,59"
"82120_20089A";"25,08"
"82120_20168_22419";"25,08"
"82120_20542_22406";"25,08"
"82120_20728_02197";"25,08"
"82120_21138A";"25,08"
"82120_21433_22419";"23,76"
"82120_22748A_2241";"25,08"
"82120_22777_02197";"25,08"
"82120_24729_22419";"25,08"
"82196_20534_33478";"25,08"
"82196_21929_33478";"25,08"
"82208_23427";"29,86"
"82208_24050";"30,39"
"82215_20780_33339";"26,41"
"82215_20818_33339";"26,41"
"82241_20808";"25,08"
"82248_20093";"13,14"
"82248_21345";"13,14"
"82279_20826";"17,92"
"82279_21117";"17,92"
"82279_22273_09297";"17,92"
"82280_20780";"18,45"
"82280_20810_22419";"18,45"
"82280_21119";"18,45"
"82281_20780";"15,26"
"82281_21038_09297";"15,26"
"82282_21117_29209";"19,78"
"82282_22412_08844";"19,78"
"82283_20093";"22,43"
"82283_20602";"22,43"
"82283_21345_22419";"22,43"
"82283_22037";"22,43"
"82283_22120_22419";"22,43"
"82283_22535_22419";"22,43"
"82285_21119_22406";"25,08"
"82289_24495";"17,12"
"82289_24496";"17,12"
"82289_24497_08844";"17,12"
"82290_21392";"19,78"
"82291_21345_22419";"23,76"
"82291_21869_22419";"23,76"
"82293_20791";"19,78"
"82303_21392";"15,26"
"82304_22295";"13,14"
"82304_22351";"13,14"
"82304_22440";"13,14"
"82306_20741";"18,45"
"82306_20780_20797";"18,45"
"82306_21305_20797";"18,45"
"82306_24714_20676";"18,45"
"82308_20247_20775";"21,90"
"82308_20706";"21,90"
"82308_24314";"21,90"
"82308_24467";"21,90"
"82364_20301_20419";"19,78"
"82364_20756";"19,78"
"82364_24193";"19,78"
"82365_20706";"15,26"
"82366_20837";"19,78"
"82397_20780";"19,78"
"82397_21108_02064";"18,45"
"82397_21119";"19,78"
"82398_20889";"25,08"
"82398_21489_22419";"25,08"
"82398_22282_02064";"25,08"
"82398_24174";"25,08"
"82398_24174_02064";"25,08"
"82398_24444_22419";"25,08"
"82400_21532_08030";"17,92"
"82404_20032";"13,14"
"82404_20753";"13,14"
"82418_20766_22419";"23,23"
"82429_21112_22406";"29,86"
"82429_21120_22406";"29,07"
"82429_21539_22419";"29,86"
"82429_AJ078_02064";"29,99"
"82460_20502";"27,74"
"82469_20755_09297";"13,14"
"82469_21197_09297";"13,14"
"82469_21345_09297";"13,14"
"82490_20754";"14,47"
"82495_24582_02105";"29,86"
"82495_24649_02105";"29,86"
"82499_20084_33037";"21,90"
"82499_21563_33037";"21,90"
"82510_20084_09816";"19,78"
"82514_22521";"21,10"
"82517_20766_22419";"22,43"
"82517_21488_22419";"22,43"
"82517_22253_22419";"22,43"
"82517_24185_22419";"22,43"
"82518_23767_22419";"18,45"
"82519_20735_06509";"16,59"
"82519_20780_04008";"17,92"
"82521_20320_22419";"23,76"
"82522_20247_04007";"20,57"
"82522_20766_04007";"20,57"
"82523_22190_06107";"19,78"
"82524_20762_0884";"19,78"
"82524_23140_08844";"19,78"
"82524_23657_08844";"18,45"
"82525_20770_20700";"17,92"
"82525_21488_20700";"17,92"
"82527_20729_22419";"25,08"
"82527_20780_22419";"25,08"
"82536_20781_08030";"13,14"
"82536_20789_08030";"13,14"
"82536_20805_08030";"13,14"
"82538_20743_08030";"15,26"
"82539_20700_06107";"19,78"
"82539_20706_34700";"19,78"
"82544_20368_20797";"21,10"
"82564_20534_33339";"26,41"
"82564_20698_33339";"26,41"
"82591_20746_20700";"15,79"
"82591_20766_20700";"18,99"
"82591_21513_20700";"15,79"
"82591_24172_20700";"15,79"
"82591_24665_20700";"15,79"
"82591_24958_20700";"15,79"
"82591_AG367_02234";"14,99"
"82591_AQ595_02064";"17,99"
"82591_AQ601_02234";"17,99"
"82594_20837_20700";"19,78"
"82595_20537_08844";"15,79"
"82595_22329_08844";"17,12"
"82597_20973_02719";"19,78"
"82598_20542_20676";"21,10"
"82598_20542_20797";"21,10"
"82598_20697_33165";"22,43"
"82598_20819_20797";"22,43"
"82598_24547_20797";"21,10"
"82598_24548_33165";"21,10"
"82598_24729_20797";"21,10"
"82598_25001_20676";"21,10"
"82598_AJ551_20676";"22,99"
"82598_AS039_20676";"21,99"
"82599_20688_29504";"21,90"
"82599_24598_29504";"21,90"
"82614_21729_02150";"29,07"
"82614_21729_02520";"29,07"
"82614_21729_20419";"32,99"
"82614_21729_33045";"35,99"
"82614_21929_02150";"29,07"
"82614_21929_02520";"35,99"
"82614_21929_20419";"39,99"
"82614_22912_20419";"35,99"
"82614_23250_20419";"29,07"
"82614_26378_20419";"32,99"
"82614_26379_02520";"32,99"
"82614_26379_20419";"39,99"
"82615_21364_01689";"24,55"
"82615_22213_01689";"24,55"
"82615_22378_01689";"24,55"
"82621_22826_06231";"19,78"
"82655_20766_02064";"13,14"
"82655_22352_09297";"13,14"
"82655_24249_02064";"13,14"
"82658_20294_02064";"32,52"
"82658_21392_02064";"32,52"
"82661_20108_22419";"18,45"
"82661_20746_20700";"18,45"
"82661_20766_22419";"18,45"
"82661_20791_22419";"18,45"
"82670_20032_04297";"12,99"
"82673_20795_06107";"21,10"
"82673_20795_20775";"21,10"
"82682_20197_02064";"23,76"
"82682_20766_02064";"23,76"
"82682_20766_02234";"23,76"
"82682_24749_02064";"23,76"
"82683_20766_02064";"25,08"
"82683_20766_20700";"25,08"
"82683_20770_02064";"25,08"
"82722_22689_02234";"13,14"
"82731_09772_20419";"19,78"
"82738_20989_09816";"19,78"
"82742_21375_04297";"24,55"
"82742_23563_04297";"24,55"
"82760_20973_02234";"22,43"
"82760_21488_02064";"22,43"
"82761_20247_20700";"15,26"
"82761_23311_20700";"15,26"
"82764_24901_22406";"23,76"
"82766_23975_02064";"23,76"
"82767_20197_04007";"21,10"
"82767_20729_04009";"21,10"
"82767_20755_04007";"21,10"
"82767_20755_04009";"21,10"
"82769_20729_20700";"19,78"
"82769_22257_20700";"19,78"
"82770_20766_20216";"17,12"
"82772_20728_29209";"19,78"
"82772_20843_29209";"19,78"
"82773_20770_08030";"14,47"
"82777_21820_08030";"14,47"
"82777_24312_08030";"14,47"
"82779_20492_06107";"22,43"
"82779_20698_04665";"22,43"
"82779_20698_06107";"22,43"
"82779_20770_06107";"22,43"
"82779_20874_04665";"22,43"
"82779_20874_06107";"22,43"
"82780_22460_06107";"19,24"
"82809_20805_06680";"17,12"
"82815_20197_20775";"23,76"
"82815_20534_20775";"23,76"
"82818_20534_33339";"25,08"
"82818_20756_33339";"25,08"
"82829_20764_06107";"15,79"
"82832_20766_06608";"23,76"
"82840_21488_07544";"19,78"
"82842_20352_22419";"23,76"
"82855_20729_02064";"23,76"
"82855_20729_02234";"24,55"
"82855_20766_02064";"23,76"
"82855_20766_02234";"24,55"
"82855_24826_02064";"23,76"
"82855_AJ031_02234";"27,99"
"82855_AJ336_02234";"27,99"
"82858_20197_20775";"25,08"
"82858_20688_29504";"25,08"
"82862_20728_02064";"23,76"
"82862_20728_02234";"23,76"
"82864_20988_04008";"17,12"
"82892_24411_04008";"21,10"
"82893_20354_02234";"24,55"
"82893_20766_02234";"24,55"
"82926_25317_09297";"17,12"
"82931_20811_02234";"27,74"
"82931_21296_20700";"27,74"
"82932_20352_02064";"18,45"
"82932_20766_02234";"22,99"
"82932_BB599_08679";"22,99"
"82935_BLACK";"30,39"
"82935_BLUE";"19,99"
"82935_GREY";"30,39"
"83010_20755_23210";"23,76"
"83059_23876_02976";"19,78"
"83062_24801_04297";"17,12"
"83063_20713_33339";"27,74"
"83074_20689_09942";"24,55"
"83074_21393_09942";"24,55"
"83074_21532_09942";"24,55"
"83074_24581_09942";"24,55"
"83075_52428_06086";"27,74"
"83075_54022_09942";"27,74"
"83081_23525_20692";"13,14"
"83140_20764_20700";"23,76"
"83140_20780_02197";"23,76"
"83140_20932_20700";"23,76"
"83141_20791_04008";"19,78"
"83141_22309_04008";"19,78"
"83141_22612_04008";"19,78"
"83142_25415_05856";"18,45"
"83167_22369_08678";"19,78"
"83175_20660_22406";"25,08"
"83175_20825_22419";"25,08"
"83178_22182_09297";"18,45"
"83180_20492_04008";"22,43"
"83186_20106_08030";"15,79"
"83186_20988_08853";"15,79"
"83187_21443_36062";"19,78"
"83188_20700_05968";"25,08"
"83188_20771_06086";"25,08"
"83188_20783_06086";"25,08"
"83188_20874_05968";"25,08"
"83203_22031_33165";"22,43"
"83243_20354_02234";"21,99"
"83243_20354_06313";"19,78"
"83243_20995_06313";"19,78"
"83243_AS021_02102";"22,99"
"83243_AS023_02234";"25,99"
"83243_AS026_02234";"25,99"
"83244_20766_02234";"22,99"
"83244_AJ326_02234";"25,99"
"83244_BD842_02102";"20,99"
"83324_AG741_09266";"21,99"
"83330_AH419_33323";"29,99"
"83335_AH731_04121";"19,99"
"83349_AH859_05857";"19,99"
"83349_AH862_05857";"19,99"
"83349_AH867_05857";"14,99"
"83349_AH867_38149";"19,99"
"83349_AH869_05857";"14,99"
"83349_AH869_38149";"19,99"
"83353_AH745_20775";"27,99"
"83353_AH746_20775";"27,99"
"83353_AH748_20775";"27,99"
"83353_AH749_20775";"27,99"
"83354_AH529_20775";"24,99"
"83354_AH531_09942";"24,99"
"83354_AH531_20775";"24,99"
"83354_AK105_09942";"24,99"
"83354_AK105_20775";"24,99"
"83355_AH420_35357";"19,99"
"83355_AH423_35357";"19,99"
"83355_AH425_35357";"19,99"
"83355_BC651_35357";"22,99"
"83386_AJ496_02064";"29,99"
"83386_AJ500_02064";"17,99"
"83415_AG930_09266";"24,99"
"83415_AG932_09266";"24,99"
"83470_AO899_20812";"12,99"
"83471_AR628_02234";"31,99"
"83474_AQ918_34956";"24,99"
"83477_AR049_34397";"22,99"
"83485_AR576_09942";"24,99"
"83485_AR577_09942";"30,99"
"83485_AR580_09942";"30,99"
"83485_AR581_09942";"30,99"
"83486_AR555_09942";"32,99"
"83486_AR558_09942";"32,99"
"83508_AR030_02234";"28,99"
"83527_BB402_02976";"25,99"
"83534_AQ902_04009";"25,99"
"83539_AR966_02234";"14,99"
"83543_24006_41531";"14,99"
"83543_AQ993_33665";"14,99"
"83582_AW914_08679";"12,99"
"83585_AT220_33165";"24,99"
"83590_AS032_02234";"30,99"
"83606_AW816_50230";"21,99"
"83609_AZ064_05809";"13,99"
"83612_BB801_02234";"30,99"
"83614_AY571_36063";"21,99"
"83614_AY575_36063";"19,99"
"83614_BC871_34744";"24,99"
"83615_BC939_09942";"29,99"
"83615_BC943_09942";"26,99"
"83615_BC948_09942";"29,99"
"83615_BC950_09942";"26,99"
"83621_AZ046_05809";"13,99"
"83629_BC877_02007";"17,99"
"83659_BB879_35357";"17,99"
"83660_BC739_08679";"20,99"
"83702_BF537_43852";"29,99"
"83704_BE071_08679";"32,99"
"86683_SILVER";"22,43"
"87201_BLACK";"23,99"
"88053_BLACK";"37,03"
"88053_TAN";"37,03"
"089104_NATURAL";"1,99"
"089111_BLACK";"1,99"
"089128_BROWN";"1,99"
"089692";"3,45"
"90112_NAVY";"27,99"
"90200_BLACK";"15,99"
"90200_BROWN";"15,99"
"94217_PINK";"29,07"
"99966_BLACK";"19,99"
"100100_NAVY";"16,99"
"100617_BLUE";"16,99"
"100617_BLUE1";"21,99"
"100617_BROWN";"21,99"
"102021_BLACK";"19,99"
"102021_BLACK_1";"19,78"
"102021_BLACK_B";"19,78"
"102021_BLACK_Z";"19,99"
"102690_GREY";"26,99"
"104021_BEIGEBLACK";"17,12"
"104021_BLUEBEIGE";"17,12"
"105011_BEIGE";"15,79"
"105011_BLACK";"15,79"
"105011_BLUE";"15,79"
"109341_BLACK";"17,12"
"109341_BLACKW";"25,08"
"109341_NAVY";"25,08"
"0110001_C513_PLAVA";"13,14"
"0110001_ZUTA";"13,14"
"112373_VM002";"21,10"
"112374_EM002";"21,10"
"112374_KK001";"21,10"
"112378_KK001";"13,14"
"112378_WW001";"13,14"
"112379_PM004";"21,10"
"112857_BLACK";"22,43"
"112857_BLACK_1";"22,43"
"112857_BLACK_G";"22,43"
"112857_NAVY";"22,43"
"113073_KK001";"30,39"
"113076_EZ502";"37,03"
"113077_KK001";"41,01"
"117497_BLACK";"61,99"
"117504_BEIGE";"81,99"
"117561_PURPLE";"49,00"
"117617_PINK";"59,00"
"118424_BLACK";"82,99"
"0120001_C090_634";"13,14"
"0120001_C412_567";"13,14"
"120027_CRNI";"1,99"
"120041_ZELENI";"1,99"
"120042";"2,52"
"0120301_WHITE";"26,41"
"0120302_GREY";"23,76"
"0140000_C004_B42";"7,83"
"141054_BOE";"39,68"
"149536_PINK";"39,00"
"149691_BLACK";"49,00"
"150025_WHITE";"49,00"
"150111_BLACK";"39,00"
"152306_BROWN";"26,99"
"154132_BLACK";"23,99"
"154133_BLACK";"23,99"
"154133_BROWN";"23,99"
"154134_BLACK";"22,99"
"154134_BROWN";"22,99"
"154160_NAVY";"18,99"
"154181_BLACK";"25,99"
"154181_BROWN";"25,99"
"154212_NAVY";"24,99"
"154213_WHITE";"24,99"
"154217_GREEN";"24,99"
"154247_WHITE";"24,99"
"154249_WHITE";"24,99"
"154328_WHITE";"24,99"
"154412_WHITE";"26,99"
"154534_WHITE";"24,99"
"154634_PINK";"24,99"
"155196_BLACK";"45,00"
"163102_PINK";"17,12"
"201825_BLACK";"30,39"
"201835_BLACK";"15,99"
"201835_BROWN";"15,99"
"201859_WHITE";"29,07"
"203053B_BEIGE";"17,99"
"203391_BEIGE";"24,99"
"203392_BEIGE";"24,99"
"203393_WHITE";"24,99"
"203394_BEIGE";"24,99"
"203395_BEIGE";"24,99"
"203396_WHITE";"24,99"
"203397_BEIGE";"22,99"
"203397_BLK";"22,99"
"203397_GIRL";"22,99"
"203397_HEART";"22,99"
"203398_BEIGE";"24,99"
"203399_GREY";"26,99"
"205087_BLACK";"29,99"
"210008_BS077";"19,78"
"210008_BS510";"19,78"
"210008_GS010";"19,78"
"210008_KK001";"19,78"
"210676_1H8";"33,05"
"210688_OKR";"33,05"
"210715_1KE";"46,32"
"210715_1KG";"46,32"
"210737_58T";"52,96"
"210745_KK001";"17,12"
"210908_006";"13,14"
"210913_8882";"17,12"
"210916_006";"13,14"
"211268_BS501";"15,79"
"211476_BS501";"30,39"
"211476_KK001";"30,39"
"211633_59J";"33,05"
"211633_59JK";"33,05"
"211884_5GL";"26,41"
"211887_5L";"26,41"
"212025_YELLOW";"30,39"
"212026_BEIGE";"30,39"
"212026_BLACK";"30,39"
"212161_KK001";"66,23"
"212680_VS507";"39,68"
"212687_BL506";"13,14"
"212746_BS503";"13,14"
"212755_WW001";"13,14"
"212867_BS501";"59,59"
"212869_UM021";"66,23"
"213602_1CL";"39,68"
"213605_1CL";"46,32"
"213605_1E6";"44,99"
"213605_1I5";"43,67"
"213606_1GN";"46,32"
"213630_6VV";"50,30"
"213630_IE5";"52,96"
"213814_KK001";"13,14"
"213819_BS501";"43,67"
"213819_EM006";"43,67"
"213822_BS501";"17,12"
"213822_RS001";"17,12"
"213822_WW001";"17,12"
"213823_BS501";"17,12"
"213823_WW001";"17,12"
"213943_EL506";"52,96"
"214534_BS501";"13,14"
"214534_KK001";"13,14"
"214535_KK001";"34,38"
"214536_EM006";"34,38"
"214536_KK001";"34,38"
"214537_KK001";"33,05"
"214538_BS501";"34,38"
"214538_KK001";"34,38"
"214543_BS501";"34,38"
"214997_75K";"33,05"
"214997_75M";"33,05"
"215918_1E5";"59,99"
"215918_9JM";"56,94"
"215977_BLACK";"13,14"
"216332_1CL";"44,99"
"217494_1H8";"54,99"
"217494_1OU";"54,99"
"217494_1PL";"54,99"
"217745_KK001";"35,70"
"217746_KK001";"35,70"
"220080_GREY";"83,48"
"220081_GREY";"90,12"
"220087_GREY";"63,57"
"220102_GREY";"63,57"
"220635_1H8";"49,00"
"220635_1OU";"69,99"
"220635_83D";"69,99"
"221777_WHITE";"52,96"
"232399_1BLACK";"72,99"
"232399_BLACK";"49,00"
"232399_NAVY";"72,99"
"237704_BLACK";"49,99"
"240038OU_BLACK";"49,99"
"240038OU_OLIVE";"49,99"
"241635_1_BROWN";"44,99"
"241635_BROWN";"44,99"
"242009_BLUE";"39,68"
"242009_FUSHIA";"39,68"
"242056_RED";"39,68"
"242056_SNAKE";"39,68"
"242075_BLACK";"49,99"
"242495_BLACK";"39,99"
"242512_BLACK";"39,99"
"242512_RED";"39,99"
"242513_BLACK";"39,99"
"242514_BLACK";"44,99"
"242514_RED";"44,99"
"242533_BLACK";"32,00"
"242533_WHITE";"49,99"
"242681_WHITE";"44,99"
"242799_BLACK";"49,99"
"242799_BROWN";"49,99"
"243001_BEIGE";"52,99"
"243046_BLACK";"53,99"
"243046_OLIVE";"48,99"
"243047_BEIGE";"58,99"
"243107_GREEN";"76,99"
"243180_WHITE";"35,00"
"243316_WHITE";"49,99"
"243317_BLACK";"59,99"
"243317_WHITE";"49,99"
"243368_BLACK";"39,99"
"243377_BLACK";"39,00"
"243380_NAVY";"50,99"
"243418_BLACK";"39,99"
"250006";"3,45"
"252000_BEZBOJNA";"1,99"
"252003_SILVER";"25,08"
"252017_CRNA";"1,59"
"252024_SMEDA";"1,59"
"252025_BEIGE";"25,08"
"252025_GREY";"25,08"
"252025_PINK";"25,08"
"260050_CRNA";"2,52"
"260074_BEZBOJNA";"2,52"
"260173_SMEDA";"2,52"
"260982K_NAVY";"28,99"
"260991_GREY";"41,99"
"260991K_OLIVE";"34,99"
"261065_BLACK";"58,99"
"261065_BLUE";"52,99"
"261065_PINK";"52,99"
"261071K_RED";"34,99"
"261561_1PL_PINK";"7,99"
"261561PL_1GREY";"9,99"
"261561PL_1PINK";"9,99"
"261561PL_BLACK";"9,99"
"261561PL_BLUE";"9,99"
"261561PL_GREY";"9,99"
"261561PL_NAVY";"9,99"
"261561PL_PINK";"8,99"
"261564_PINK";"10,49"
"261584_1PL_BLACK";"9,99"
"261584_1PL_NAVY";"9,99"
"261584_1PL_PINK";"9,99"
"261584_2PL_NAVY";"9,99"
"261584_BLUE";"11,99"
"261584_BLUE_27_31";"9,09"
"261584_GREY";"10,49"
"261584_LT_GREY";"11,99"
"261584_NAVY_27_31";"9,09"
"261584_PINK";"10,49"
"261584_PINK_27_31";"9,09"
"261584_PL_BLUE";"11,99"
"261584_PL_GREY";"11,99"
"261584_VIOLET";"9,16"
"261584PL";"10,49"
"261584PL_1BLUE";"9,99"
"261584PL_1NAVY";"9,99"
"261584PL_2NAVY";"9,99"
"261584PL_3NAVY";"9,99"
"261584PL_4NAVY";"11,99"
"261584PL_BLACK";"9,99"
"261584PL_BLUE";"11,99"
"261584PL_C_GREY";"11,99"
"261584PL_D_NAVY";"11,99"
"261584PL_DK_PINK";"9,99"
"261584PL_G_BLUE";"11,99"
"261584PL_GOLD";"9,99"
"261584PL_GREY";"9,99"
"261584PL_J_NAVY";"11,99"
"261584PL_LT_GREY";"9,99"
"261584PL_NAVY";"9,99"
"261584PL_PINK";"9,99"
"261584PL_PINKY";"9,99"
"261586_BLUE_PINK";"10,49"
"261586_CAMUFLAGE";"10,49"
"261586_DK_BLUE";"10,49"
"261586_GREEN";"10,49"
"261586_RED";"10,49"
"261587_GREY";"11,99"
"261587_NAVY";"10,49"
"261587_PINK";"11,99"
"261587_PL_NAVY";"11,99"
"261587PL_1PINK";"9,99"
"261587PL_FLOWER";"9,99"
"261587PL_NAVY";"11,99"
"261587PL_PINK";"9,99"
"261587PL_PINKY";"11,99"
"261587PL_SILVER";"9,99"
"261588_KHAKI";"10,49"
"261588PL_PINK";"9,99"
"261589_NAVY";"11,99"
"261589PL_NAVY";"11,99"
"261598_GREY";"11,99"
"261599PL_GREY";"9,99"
"261599PL_PINK";"9,99"
"261603PL_NAVY";"7,99"
"261603PL_PINK";"9,99"
"271926_PINK";"33,05"
"273913_BLACK";"14,99"
"273913_WHITE";"14,99"
"280009_BLACK";"28,99"
"280009_NAVY";"28,99"
"280014_WHITE";"29,99"
"280015_RED";"26,99"
"280770_BEZBOJNI";"4,99"
"283004_BEZBOJNI";"5,18"
"295124_1_GREY";"7,83"
"295124_1_PINK";"7,83"
"295124_1NAVY";"5,99"
"295124_2_GREY";"7,83"
"295124_2PINK";"5,99"
"295124_BLACK";"7,83"
"295124_BLACK_GREY";"5,99"
"295124_BLUE";"7,83"
"295124_GREY";"7,83"
"295124_NAVY";"7,83"
"295124_PINK";"7,83"
"295124_PINKY";"5,99"
"295685_GREEN";"3,99"
"295685_NAVY";"3,99"
"297512_METALIC";"13,14"
"297512_PINK";"13,14"
"297512_SILVER";"13,14"
"300200_CRVENA";"1,59"
"300201_CRNA";"1,59"
"300300";"3,49"
"316642_D_GREY";"25,08"
"316642_GREY";"25,08"
"316642_N_DGREY";"24,99"
"316642_N_NAVY";"14,99"
"326106_BLACK";"9,99"
"326106_BROWN";"9,99"
"326106_NAVY";"9,99"
"371450";"499,00"
"372191";"229,00"
"382022_CHAMPAGNE";"30,39"
"391117_BLACK_GREY";"29,99"
"391117_BLACK_YELLOW";"29,99"
"404251_BLACK";"66,23"
"404264_WHITE";"66,23"
"405111_BLACK";"29,99"
"405111_BLUE";"29,99"
"405430_NAVY";"52,96"
"405443_NAVY";"66,23"
"406228_BLACK";"66,23"
"406228_NAVY";"66,23"
"406228_OLIVE";"66,23"
"422011_03";"15,99"
"423361_BLACK";"16,99"
"430008_BEIGE";"14,99"
"430008_BLUE";"14,99"
"430008_GREY";"14,99"
"430500_BLUE";"15,99"
"430500_BORDO";"15,99"
"430500_GREY";"15,99"
"452000_PINK";"23,76"
"452009_NAVY";"23,76"
"452014_NAVY";"23,76"
"452015_BRONZE";"23,76"
"452015_SILVER";"23,76"
"452027_GREY";"33,05"
"452027_NAVY";"33,05"
"452030_BLUE";"23,76"
"452030_GREY";"23,76"
"485226";"899,00"
"488243";"52,96"
"500000_BLACK";"4,49"
"500000_BLUE";"4,49"
"500000_RED";"4,49"
"500000_WHITE";"4,49"
"500000_YELLOW";"4,49"
"504192_BLACK_W";"19,78"
"510007_SIVI";"4,49"
"510010_SMB";"4,49"
"511000_BEZBOJNI";"5,99"
"511685_NATURAL";"2,92"
"511692_BLACK";"2,92"
"511708_BROWN";"2,89"
"512125_BLUE";"2,89"
"512125_NAVY";"3,19"
"540200_BEIGE";"1,99"
"590542_NAVY";"39,68"
"590543_GREEN";"19,99"
"590553_PINK";"19,99"
"590561_NAVY";"19,99"
"590577_YELLOW";"39,68"
"590592_BLUE";"18,99"
"590609_GREY";"39,68"
"590617_NAVY";"39,68"
"600000";"2,52"
"616544_007_BLACK";"52,96"
"616546_203";"59,59"
"616696_016";"52,96"
"616696_WHITE";"52,96"
"653819_002";"79,50"
"683807_GREY";"39,68"
"683807_LIME";"39,68"
"683807_LIME_AF_36_41";"39,68"
"683904_BLACK";"39,68"
"683912_BLACK";"50,30"
"683914_GREY";"51,63"
"683915_GREY";"52,96"
"710218_BLACK";"60,92"
"713552_BLACK";"17,99"
"749794_410";"66,23"
"772005_BEIGE";"39,68"
"800000_BLACK";"2,49"
"800000_BLUE";"2,49"
"800000_GREEN";"2,49"
"800000_RED";"2,49"
"800000_WHITE";"2,49"
"800000_YELLOW";"2,49"
"807320";"52,96"
"812202_WHITE";"34,99"
"812712_WHITE";"38,99"
"819003_001";"79,50"
"819416_601";"52,96"
"839985_400_NAVY";"52,96"
"844441_070";"46,32"
"845021_003_GREY";"59,59"
"845021_104_WHT";"59,59"
"845104_006_BLACK_PINK";"52,96"
"869969_001_BLACK";"52,96"
"869970_401";"39,68"
"869970_401_BLUE";"39,68"
"869974_401_TDV";"39,68"
"870025_400_NAVY";"46,32"
"883822_BLACK";"29,99"
"901001_NEUTRAL";"1,49"
"901019_BLACK";"1,49"
"901019_BORDO";"1,49"
"901019_SMEDA";"1,19"
"901019_SMEDA2";"1,49"
"901019_SVIJETLOSMEĐA";"1,19"
"923306_BLACK";"16,99"
"923306_GREY";"16,99"
"940090_BLACK";"14,99"
"940090_NAVY";"14,99"
"1001426_A";"329,00"
"1001426_ADVENTURE";"49,99"
"1001426_B";"299,99"
"1001426_CB";"299,99"
"1001426_CG";"299,99"
"1001426_D";"303,94"
"1001426_PRO";"79,99"
"1001426_SET";"65,90"
"1001426_SET_V";"72,00"
"1001426_SS";"139,00"
"1001426_START";"29,99"
"1001426_TA";"14,99"
"1104148_NAVY";"27,99"
"1908100_C013_951";"15,79"
"1999410_G_WEISS";"29,07"
"1999434_G_37_40";"3,79"
"1999434_LIME";"3,79"
"2008107_RED";"23,76"
"2018002_BLACK";"14,99"
"2018002_BLUE";"14,99"
"2100303_565L040";"26,41"
"2217100_GREY";"33,05"
"2231002_GREY";"35,70"
"2231002_NAVY";"35,70"
"2231005_BLACK";"35,70"
"2231005_BROWN";"35,70"
"2231006_NAVY";"35,70"
"2231007_PURPLE";"35,70"
"2231009_VIOLETT";"35,70"
"2231101_RED";"39,68"
"2234105_BLACK";"17,12"
"2237002_NAVY";"35,70"
"2237002_RED";"35,70"
"2312001_GREY";"23,76"
"2312301_921L040";"35,70"
"2313301_BLACK";"13,14"
"2313301_L040_565";"13,14"
"2314300_GREY";"39,68"
"2321000_PURPLE";"23,76"
"2321002_BLUE";"23,76"
"2375316_BLACK";"6,50"
"2400000U_BLACK";"39,99"
"2400000U_GREY";"39,99"
"2400000X_BLACK";"44,99"
"2400000X_GREY";"38,00"
"2400001U_BLACK";"39,99"
"2400001U_WHITE";"36,99"
"2400001X_RED";"38,00"
"2400001X_WHITE";"38,00"
"2400010U_WHITE";"48,99"
"2400020U_BLACK";"44,99"
"2400071U_WHITE";"39,99"
"2400121U_BLACK";"35,00"
"2400290U_BLACK";"49,99"
"2400290X_BLACK";"53,99"
"2400300U_BLACK";"49,99"
"2400320U_BEIGE";"53,99"
"2400330X_BLACK";"39,00"
"2400340_BLACK";"39,00"
"2400340U_BEIGE";"39,99"
"2400350U_BLACK";"45,99"
"2400483_BEIGE";"39,00"
"2400483_BLACK";"53,99"
"2400571U_BLACK";"39,00"
"2400630W_BLACK";"39,00"
"2400660U_BLACK";"19,99"
"2400660U_NAVY";"19,99"
"2400660U_PINK";"19,99"
"2400830U_ROSE";"42,99"
"2400832U_BLACK";"42,99"
"2400832U_WHITE";"42,99"
"2400832X_BLACK";"48,99"
"2400890U_BLACK";"48,99"
"2401071U_NAVY";"53,99"
"2411201_GREY";"26,41"
"2420101_BROWN";"39,68"
"2420103_BLACK";"35,70"
"2420106_NAVY";"35,70"
"2420106_RED";"35,70"
"2420107_BLACK";"35,70"
"2420203_NAVY";"35,70"
"2420207_BLACK";"35,70"
"2421200_GREY";"18,45"
"2422102_BLACK";"26,41"
"2422200_C015_380";"23,76"
"2423201_LILA";"17,12"
"2514002_BLUE";"33,05"
"2514002_PINK";"33,05"
"2514200_BLUE";"26,41"
"2524201_PINK";"13,14"
"2530203_WHITE";"23,76"
"2531200_PURPLE";"19,78"
"2551001_L499_159";"5,18"
"2551001_L499_391";"5,18"
"2551001_L499_565";"5,18"
"2600000_BLACK";"19,99"
"2600000_PINK";"21,99"
"2600000_ROSE";"28,99"
"2600110T_BLUE";"30,99"
"2600120K_BLACK";"19,99"
"2600120T_BLACK";"30,99"
"2600341T_BLACK";"36,00"
"2600710K_NAVY";"24,99"
"2600820K_BLACK";"26,99"
"2600820K_PINK";"26,99"
"2600822K_BLACK_GREY";"26,99"
"2600822K_RED";"26,99"
"2600920K_BLACK";"28,99"
"2600920K_NAVY";"19,99"
"2600920T_BLACK";"30,99"
"2600930K_NAVY";"28,99"
"2600930K_PURPLE";"28,99"
"2601220K_NAVY";"19,99"
"2609820_RED";"19,99"
"2613001_BLACK";"52,96"
"2615200_BLUE";"26,41"
"2615200_RED";"26,41"
"2616200_BLUE";"26,41"
"2616200_RED";"26,41"
"2620100_NAVY";"35,70"
"2620100_NAVYd";"39,68"
"2620100_RED";"35,70"
"2620200_GREY";"35,70"
"2620201_NAVY";"35,70"
"2620202_BEIGE";"35,70"
"2620202_BLU";"35,70"
"2620202_BLUE";"35,70"
"2620202_C326_259";"35,70"
"2620203_BLACK";"35,70"
"2710000_G_41_46";"35,70"
"2710001_G_WHITE";"26,41"
"2710001_WHITE";"26,41"
"2710002_BLACK";"26,41"
"2711200_BLUE";"23,76"
"2711200_RED";"23,76"
"2730000_NAVY";"26,41"
"2730000_RED";"26,41"
"2730000_ROYAL";"26,41"
"2730002_GREY";"26,41"
"2730202_FUXIA";"23,76"
"2730202_GREEN";"23,76"
"2730203_APPLE";"19,78"
"2730203_PINK";"19,78"
"2730204_NAVY";"23,76"
"2746200";"5,09"
"2751002_G_28_35R";"5,18"
"2751004_G_36_41R";"10,49"
"2751004_G_36_41Y";"10,49"
"2770010_SCHWARZ";"9,16"
"2773008_D";"33,05"
"2808550_BROWN";"4,49"
"2808550_NEUTRO";"4,49"
"2816001_BROWN";"79,50"
"2816001_OLIVE";"79,50"
"2820200_SILVER";"35,70"
"2820200_SILVER3";"35,70"
"2830200_NAVY";"26,41"
"2830202_NAVY";"26,41"
"2860601_PINK";"18,45"
"2860601_ROSE";"18,45"
"2900290_BLACK";"2,19"
"2910292_BEZBOJNI";"2,19"
"2971008";"5,18"
"3273200_BLUE";"52,96"
"3273200_PINK";"52,96"
"3275200_PINK";"35,70"
"3275201_BLUE";"35,70"
"3275201_GREY";"35,70"
"3275201_PINK";"35,70"
"3275201_PINKY";"35,70"
"3275202_BLUE";"35,70"
"3275202_GREY";"35,70"
"3275202_PINK";"35,70"
"3371018_LILA";"35,70"
"3371018_PLAVA";"35,70"
"3371018_SIVA";"35,70"
"3373000_BLK";"52,96"
"3373000_BLK_RED";"52,96"
"3373000_PURPLE";"52,96"
"3373200_BLUE";"43,67"
"3373200_VIOLET";"43,67"
"3373201_PURPLE";"46,32"
"3385822_";"35,70"
"3471206_GREY";"35,70"
"3471206lila";"35,70"
"3471206pink";"35,70"
"3471206plava";"35,70"
"3471206zelena";"35,70"
"3471207_BLUE";"35,70"
"3471207_GREEN";"35,70"
"3471207_LILA";"35,70"
"3471208grau";"35,70"
"3471208lila";"35,70"
"3471208zelena";"35,70"
"3471209_NAVY";"19,78"
"3471209_PINK";"19,78"
"3471209_ZELENA";"19,78"
"3473000crna";"86,14"
"3473001bijela";"52,96"
"3473101_BLACK";"52,96"
"3473202_BLUE";"52,96"
"3473202_GREY";"52,96"
"3500025_BLUE";"25,08"
"3500025_PINK";"25,08"
"3500068_BERRY";"6,50"
"3500068_DARKBLUE";"6,50"
"3500068_LILAC";"6,50"
"3500068_ORANGE";"6,50"
"3500068_TAUPE";"6,50"
"3500119_GREEN";"19,78"
"3500119_GREY";"19,78"
"3500119_NAVY";"19,78"
"3500122_2GREEN";"17,12"
"3500122_BLUE";"17,12"
"3500122_BROWN";"17,12"
"3500122_GREEN";"17,12"
"3500122_GREENY";"17,12"
"3500122_GREY_BROWN";"17,12"
"3500122_NAVY";"17,12"
"3500122_NAVYG";"17,12"
"3500122_PINK";"17,12"
"3500122_PINK_I";"17,12"
"3500122_PINKY";"17,12"
"3500123_BLUE";"23,76"
"3500123_BLUES";"23,76"
"3500123_GREY";"23,76"
"3500123_PINK";"23,76"
"3500124_BROWN";"23,76"
"3500124_BROWNS";"23,76"
"3500124_LILA";"23,76"
"3500129_GREY";"39,68"
"3500129_PINK";"39,68"
"3500130_GREY";"39,68"
"3500130_NAVY";"39,68"
"3500138_BLACK";"25,08"
"3500138_GREEN";"25,08"
"3500138_GREY";"25,08"
"3500148_BLUE";"10,49"
"3500148_BLUE_1";"10,49"
"3500148_BLUE_2";"10,49"
"3500148_BLUE_3";"10,49"
"3500148_DK_BLUE";"10,49"
"3500148_GREY";"10,49"
"3500148_GREY_1";"10,49"
"3500148_GREY_2";"10,49"
"3500148_GREY_3";"10,49"
"3500148_GREY_I";"10,49"
"3500148_GREY_P";"10,49"
"3500148_GREY_WHT";"10,49"
"3500148_GREY_Z";"10,49"
"3500148_NAVY";"7,79"
"3500148_PINK";"10,49"
"3500148_PINK_1";"10,49"
"3500148_PINK_2";"10,49"
"3500148_ROSA";"10,49"
"3500148_SIVA";"10,49"
"3500148_SIVA_1";"10,49"
"3500162_BLACK";"10,49"
"3500162_BLUE";"10,49"
"3500162_PALM";"10,49"
"3500275_BLUE";"35,70"
"3500275_BROWN";"19,99"
"3500275_GREY";"35,70"
"3500275_LILA";"35,70"
"3500276_BLUE";"35,70"
"3500276_GREY";"35,70"
"3500276_LILA";"35,70"
"3500277_1PURPLE";"29,99"
"3500277_BLACK";"35,70"
"3500277_GREY";"35,70"
"3500277_LILA";"35,70"
"3500277_NAVY";"24,99"
"3500277_PURPLE";"35,70"
"3500391_BLUE";"10,49"
"3500391_GREY";"10,49"
"3500391_GREY_1";"10,49"
"3500391_GREY_BLUE";"10,49"
"3500391_NAVY";"10,49"
"3500391_PINK";"10,49"
"3500391_PURPLE";"10,49"
"3500391_RED";"10,49"
"3500394_GREY";"10,49"
"3500394_NAVY";"10,49"
"3500394_WHITE";"10,49"
"3500560_BLACK";"6,50"
"3500560_GREEN";"6,50"
"3500560_KHAKI";"6,50"
"3500561_BLACK";"6,50"
"3500561_BLUE";"6,50"
"3500561_GREY";"6,50"
"3500561_OLIVES";"6,50"
"3500561_OLIVET";"6,50"
"3500561_PINK";"6,50"
"3500561_RED";"6,50"
"3500561_TOURQUISE";"6,50"
"3500603_BLACK";"43,67"
"3500603_GREY_PINK";"43,67"
"3500629_OLIVE";"66,23"
"3500651_BROWN";"39,68"
"3500651_NAVY";"39,68"
"3500654_BLACK_GREY";"39,68"
"3500654_BLACK_PINK";"39,68"
"3500663_BLACK_BLUE";"39,68"
"3500663_BLACK_YELLOW";"30,39"
"3500663_GREY";"30,39"
"3500713_BLACK";"35,70"
"3500713_NAVY";"35,70"
"3500713_PINK";"35,70"
"3500723_BLACK";"35,70"
"3500723_BORDO";"35,70"
"3500723_NAVY";"35,70"
"3500723_PINK";"35,70"
"3500763_BLACK";"39,68"
"3500763_GREY";"39,68"
"3500763_GREY_1";"39,68"
"3500763_GREY_PINK";"39,68"
"3500763_SIVA";"39,68"
"3500767_BLACK";"29,07"
"3500769_1PINK";"5,99"
"3500769_BLUE";"5,99"
"3500769_GREEN";"5,99"
"3500769_NAVY";"9,16"
"3500769_PINK";"5,09"
"3500769_PINK_W";"9,16"
"3500769_PINKI";"5,99"
"3500769_RED";"5,99"
"3500820";"35,70"
"3500820_BLACK";"39,68"
"3500820_BLACK_1";"39,68"
"3500820_BLACK_2";"39,68"
"3500820_BLACKY";"39,68"
"3500913_BLUE";"26,41"
"3500913_PINK";"26,41"
"3500914_GREY_BLACK";"14,99"
"3500914_GREY_PINK";"26,41"
"3500941_1BLUE";"30,39"
"3500941_1PINK";"30,39"
"3500941_BLUE";"30,39"
"3500941_BLUE_GREEN";"30,39"
"3500941_PINK";"22,39"
"3500941_PINKY";"30,39"
"3500947_BLUE";"30,39"
"3500947_GREY";"30,39"
"3500949_BLACK";"50,30"
"3501017";"25,08"
"3501017_BLACK";"25,08"
"3501017_BLACK_GREY";"25,08"
"3501017_BLUE_GREY";"25,08"
"3501017_GREY";"24,99"
"3501049";"7,83"
"3501049_1BLUE";"7,83"
"3501049_1NAVY";"5,09"
"3501049_1WHITE";"7,83"
"3501049_2BLUE";"5,09"
"3501049_2WHITE";"5,09"
"3501049_BLACK";"7,83"
"3501049_BLUE";"7,83"
"3501049_BORDO";"7,83"
"3501049_GREEN";"7,83"
"3501049_NAVY";"5,09"
"3501049_PURPLE";"5,09"
"3501049_TURQUIOISE";"7,83"
"3501049_WHITE";"7,83"
"3501049_YELLOW";"7,83"
"3501052";"14,99"
"3501052_BLUE";"9,99"
"3501080_1NAVY";"6,50"
"3501080_1PINK";"6,50"
"3501080_BLUE";"6,50"
"3501080_BLUE_1";"6,50"
"3501080_BLUE_2";"6,50"
"3501080_BLUE_3";"6,50"
"3501080_BLUE1";"6,50"
"3501080_GREEN";"6,50"
"3501080_NAVY";"3,85"
"3501080_NAVY_1";"6,50"
"3501080_PINK";"6,50"
"3501080_PINK_1";"6,50"
"3501080_PINK_2";"6,50"
"3501080_PINKY";"3,79"
"3501080_TOURQUISE";"6,50"
"3501080_TURQUISE";"6,50"
"3501105";"43,67"
"3501105_BLACK_GREY";"43,67"
"3501105_GREY";"43,67"
"3501105_GREY_1";"43,67"
"3501126_BORDO";"30,39"
"3501126_GREY";"30,39"
"3501129_GREY";"39,68"
"3501131_BROWN";"59,99"
"3501179_BLACK";"31,72"
"3501179A";"31,72"
"3501179A_GREY";"31,72"
"3501179B";"31,72"
"3501179B_GREY";"31,72"
"3501186_BLACK";"52,96"
"3501186_GREY";"52,96"
"3501191_BORDO";"46,32"
"3501191_NAVY";"46,32"
"3501205_MEMORY";"9,16"
"3501233";"33,05"
"3501233_BLACK_RED";"33,05"
"3501233_BLUE";"33,05"
"3501235_1GREY";"35,70"
"3501235_BLACK";"35,70"
"3501235_BROWN";"35,70"
"3501235_GREY";"35,70"
"3501235_GREY_1";"35,70"
"3501235_GREY_BLACK";"35,70"
"3501301_BLACK";"43,67"
"3501307_BLACK";"35,70"
"3501307_BLUE";"35,70"
"3501309_BLACK";"30,39"
"3501309_GREY";"30,39"
"3501373_BLUE";"26,41"
"3501373_GREY";"26,41"
"3501394_GREY";"18,99"
"3501394_NAVY";"26,41"
"3501439_BROWN";"33,05"
"3501439_GREY";"33,05"
"3501470_BORDO";"26,41"
"3501470_GREY";"26,41"
"3501470_PINK";"26,41"
"3501500_BLACK";"33,05"
"3501509";"149,00"
"3501574_1_PINK";"7,99"
"3501574_BLACK";"6,50"
"3501574_BLUE";"7,99"
"3501574_NAVY";"7,99"
"3501574_PINK";"6,50"
"3501574_RED";"6,50"
"3501668_1BLUE";"33,05"
"3501668_1GREY";"35,70"
"3501668_BLACK";"33,05"
"3501668_BLUE";"33,05"
"3501668_GREY";"35,70"
"3501668_NAVY";"19,99"
"3501668_PINK";"19,99"
"3501691_1BLUE";"33,05"
"3501691_1GREY";"33,05"
"3501691_BLUE";"33,05"
"3501691_GREY";"33,05"
"3501691_GREY_PINK";"33,05"
"3501699_BLACK";"34,38"
"3501699_GREY";"34,38"
"3501699_GREY_1";"34,38"
"3501699_NAVY";"14,99"
"3501911_1BLUE";"17,12"
"3501911_BLACK";"9,99"
"3501911_BLUE";"9,99"
"3501911_GREY";"17,12"
"3501911_WHITE";"9,99"
"3501944_BLUE";"19,99"
"3501944_GREY";"19,99"
"3501944_NAVY";"35,70"
"3501947_BLACK";"19,99"
"3501947_BLUE";"35,70"
"3502016_1PINK";"10,49"
"3502016_BLUE";"10,49"
"3502016_GREY";"10,49"
"3502016_NAVY";"10,49"
"3502016_PINK";"10,49"
"3502019_GREY";"32,99"
"3502019_NAVY";"32,99"
"3502042_BROWN";"39,68"
"3502042_GREY";"39,68"
"3502053_BLUE";"19,99"
"3502053_NAVY";"19,99"
"3502055_1_BLUE";"19,99"
"3502055_1_GREY";"24,99"
"3502055_1NAVY";"19,99"
"3502055_BLUE";"35,70"
"3502055_GREY";"24,99"
"3502055_NAVY";"19,99"
"3502117_BLACK";"5,99"
"3502117_BLUE";"5,99"
"3502117_BORDO";"5,99"
"3502117_GREEN";"5,99"
"3502117_NAVY";"5,99"
"3502117_PINK";"5,99"
"3502293_1PINK";"5,99"
"3502293_BLUE";"5,99"
"3502293_NAVY";"5,99"
"3502293_PINK";"5,99"
"3502308_BLACK";"6,49"
"3502308_BLUE";"6,49"
"3502308_BROWN";"6,49"
"3502308_GREY";"6,49"
"3502308_ORANGE";"6,49"
"3502308_PURPLE";"6,49"
"3502467_BLACK";"19,99"
"3502467_GREY";"19,99"
"3810938_WHITE";"25,08"
"3977862";"46,32"
"4198154";"43,67"
"4370552_NAVY";"17,12"
"4370552_PINK";"17,09"
"5280815_GREY";"10,49"
"5281124_FUXIA";"23,76"
"6004700_BLACK";"39,68"
"6120611_BLACK";"3,19"
"6120615_BLACK";"3,19"
"6309220";"4,49"
"6500117_BLUE";"50,30"
"6500117_PURPLE";"50,30"
"6500203_18A";"663,48"
"6500209";"132,59"
"6500209_A";"229,00"
"6500362_POWERRECK";"17,12"
"6500425";"424,58"
"6500425W";"384,76"
"6500426";"79,50"
"6500482_BLACK";"66,23"
"6500483_BLACK_M";"52,96"
"6500483_GREY_BERRY";"52,96"
"6500483_WHITE";"52,96"
"6500484_BLACK_Z";"52,96"
"6500485_BLUE";"52,96"
"6500485_GREY";"52,96"
"6500772_8T3";"299,99"
"6500788_BLUE";"37,99"
"6500828A";"79,50"
"6500828B";"79,50"
"6500944_21";"649,00"
"6500944_A";"899,00"
"6500944B";"649,00"
"6500944BC";"649,00"
"6501030";"189,99"
"6501030B";"189,99"
"6501030C";"189,99"
"6501030TG";"189,99"
"6501034_A";"399,99"
"6501034_AS";"265,31"
"6501034_B";"399,99"
"6501034_BS";"399,99"
"6501034_BW";"399,00"
"6501079_BLACK";"46,99"
"6501080_1WHITE";"59,59"
"6501080_WHITE";"59,59"
"6501083_1BLACK";"59,59"
"6501083_BLACK";"59,59"
"6501084_BLACK";"79,50"
"6501117";"198,95"
"6501117A";"198,95"
"6501147";"179,99"
"6501147_A";"179,99"
"6501147_C";"179,99"
"6501147_D";"179,99"
"6501150A";"198,95"
"6501436F";"50,30"
"6501611_BLACK";"39,68"
"6501656_PURPLE";"37,99"
"6501685_A";"159,13"
"6501685_AAA";"159,13"
"6501685_C";"159,13"
"6501687";"69,99"
"6501687_A";"69,99"
"6501693A";"305,13"
"6501694";"499,00"
"6501694_B";"499,00"
"6501831_AA";"499,00"
"6501831_B";"499,00"
"6501851A";"119,32"
"6501851B";"185,68"
"6501862_BLACK";"34,99"
"6502028_BLACK";"23,76"
"6502028_BROWN";"23,76"
"6502035_JEDNOROG";"8,99"
"6502035_LAMA";"8,99"
"6502035_VODENKONJ";"8,99"
"6502156_A";"303,94"
"6502156_B";"303,94"
"6502156_C";"149,00"
"6502156_D";"303,94"
"6502156_TA";"14,99"
"6502156_VM";"303,94"
"6502156G";"7,99"
"6502156N";"7,99"
"6502156RK";"4,99"
"6502156RKG";"4,99"
"6502156SK";"6,99"
"6502157";"13,99"
"6502157_B";"11,99"
"6502157_CV";"7,99"
"6502157G";"45,00"
"6502157P";"9,99"
"6502157V";"49,99"
"6502157VB";"39,99"
"6502266_NAVY";"46,32"
"6502268_BEIGE";"46,32"
"6502268_BLACK";"46,32"
"6502268_BLUE";"46,32"
"6502268_NAVY";"46,32"
"6502268_WHITE";"46,32"
"6502270_1_WHITE";"46,32"
"6502270_BLUE";"46,32"
"6502270_WHITE";"46,32"
"6502272_1_GREY";"46,32"
"6502272_GREY";"46,32"
"6502272_WHITE";"46,32"
"6502309_A";"198,95"
"6502309_B";"198,95"
"6502310_A";"399,99"
"6502328_A";"59,00"
"6502328_B";"59,00"
"6502704_A";"139,00"
"6502704_A_305";"159,00"
"6502704_A_396";"129,00"
"6502704_MR";"49,99"
"6502980_A";"799,00"
"6502980_B";"799,00"
"6502985_A";"799,00"
"6502985_B";"799,00"
"6604600_BLACK";"39,68"
"7718001_BLACK";"17,12"
"9999003_1_AQUASCHUHE";"9,16"
"9999003_BLACK";"29,07"
"9999003_CARS";"17,12"
"9999003_CARS_1";"17,12"
"9999003_FROZEN";"17,12"
"9999003_FROZEN_1";"17,12"
"9999003_MCQUEEN";"17,12"
"9999003_MINIONS";"17,12"
"9999003_MINNIE_MOUSE";"17,12"
"9999003_PAW PATROL";"17,12"
"10159674_BLACK";"17,12"
"10159684_TAN";"17,12"
"15075505_BLACK";"17,12"
"15076525_BROWN";"17,12"
"19510118_NAVY";"39,68"
"27497800_BLACK";"39,68"
"27511880_BLACK";"39,68"
"35001290_GREY";"33,05"
"35007670_BLACK";"29,07"
"65010812_1GREY";"59,59"
"65010812_GREY";"49,99"
"612061501";"3,19"
"1100110253538";"9,16"
"1100110416162";"23,76"
"5057538258804_BLACK";"39,68"
"A01_1BLACK";"59,59"
"A01_BIJELA_AIR";"59,59"
"A01_BLACK";"59,59"
"A01_BLACK_C";"59,59"
"A01_BLACK_C1";"59,59"
"A01_BLACK_C2";"59,59"
"A01_BLACK_C3";"59,59"
"A01_BLACK_C4";"59,59"
"A01_BLACK_CC";"59,59"
"A01_BLACK_CP";"59,59"
"A01_BLACK_CS";"59,59"
"A01_BLACK_P";"59,59"
"A01_BLACK_S";"59,59"
"A01_CRNA_AIR";"59,59"
"A01_CRNA_W";"59,59"
"A01_CRNA_W1";"59,59"
"A01_CRNA_W2";"59,59"
"A01_CRVENA";"59,59"
"A01_FLOWER";"59,59"
"A01_FLOWER_C";"54,99"
"A01_FLOWER_C1";"59,59"
"A01_FLOWER_CC";"59,59"
"A01_FLOWER_II";"59,59"
"A01_FLOWER_NN";"59,59"
"A01_FLOWER_S";"59,59"
"A01_FLOWER_S1";"59,59"
"A01_FLOWER_SN";"59,59"
"A01_FRIZER";"59,59"
"A01_GREEN";"59,59"
"A01_GREEN_C";"59,59"
"A01_GREEN_N";"54,99"
"A01_GREEN_NN";"59,59"
"A01_GREEN_S";"59,59"
"A01_HEART";"59,59"
"A01_HEART_C";"54,99"
"A01_HEART_CC";"59,59"
"A01_HEART_NN";"59,59"
"A01_HEART_S";"59,59"
"A01_HEART_S1";"59,59"
"A01_HEARTS";"59,59"
"A01_ORANGE";"59,59"
"A01_PINK";"59,59"
"A01_PINK_1C";"59,59"
"A01_PINK_C";"54,99"
"A01_PINK_C1";"54,99"
"A01_PINK_I";"59,59"
"A01_PINK_N";"62,99"
"A01_PINK_NN";"59,59"
"A01_PINK_S";"59,59"
"A01_PINKI";"59,59"
"A01_RED";"59,59"
"A01_RED_1C";"59,59"
"A01_RED_C";"54,99"
"A01_RED_CP";"62,99"
"A01_RED_I";"59,59"
"A01_RED_N";"59,59"
"A01_SMEDA";"59,59"
"A01_SMEDA_MAT";"59,59"
"A01_TIGER";"59,59"
"A01_TIGER_C";"59,59"
"A01_WHITE";"59,59"
"A01_WHITE_1C";"59,59"
"A01_WHITE_C";"59,59"
"A01_WHITE_CC";"59,59"
"A01_WHITE_CP";"59,59"
"A01_WHITE_N";"59,59"
"A01_WHITE_NN";"59,59"
"A01_Z_GREEN";"59,59"
"A01_ZELENA";"59,59"
"A02_BIJELA";"59,59"
"A02_BIJELA_C";"59,59"
"A02_BLACK";"59,59"
"A02_BLACK_C";"66,23"
"A02_BLACK_C1";"63,99"
"A02_BLACK_CC";"66,23"
"A02_BLACK_N";"59,59"
"A02_BLACK_NN";"66,23"
"A02_BLACK_P";"59,59"
"A02_BLACK_R";"59,59"
"A02_BLACK_W";"59,59"
"A02_CRNA";"66,23"
"A02_WHITE";"59,59"
"A02_WHITE_CC";"59,59"
"A02_WHITE_N";"50,30"
"A3_1PINK";"7,99"
"A3_GREY";"7,99"
"A3_PINK";"7,99"
"A05_BLACK";"62,25"
"A05_BLACK_1";"62,25"
"A05_BLACK_C";"62,25"
"A05_BLACK_C1";"62,25"
"A05_BLACK_GP";"62,25"
"A05_BLACK_P";"62,25"
"A05_FLOWER_C";"62,25"
"A05_FLOWER_CZ";"62,25"
"A05_FLOWER_G";"62,25"
"A05_FLOWER_GC";"62,25"
"A05_FLOWER_II";"62,25"
"A05_FLOWER_IIG";"62,25"
"A05_FLOWER_III";"62,25"
"A05_FLOWER_N";"62,25"
"A05_FLOWER_NC";"62,25"
"A05_FLOWER_NN";"62,25"
"A05_FLOWER_PC";"54,99"
"A05_HEART";"62,25"
"A05_HEART_C";"62,25"
"A05_HEART_CC";"62,25"
"A05_HEART_G";"62,25"
"A05_WHITE";"62,25"
"A05_WHITE_1";"62,25"
"A05_WHITE_1C";"62,25"
"A05_WHITE_C";"62,25"
"A05_WHITE_CC";"62,25"
"A05_WHITE_CP";"62,25"
"A05_WHITE_G";"62,25"
"A05_WHITE_GC";"62,25"
"A05_WHITE_N";"62,25"
"A05_WHITE_NN";"62,25"
"A05_WHITE_R";"62,25"
"A05_WHITE_Z";"62,25"
"A05_WHITE_Z1";"62,25"
"A6_BLACK";"26,41"
"A6_BLACKY";"7,99"
"A06_GOLD";"70,21"
"A06_GOLD_C";"70,21"
"A06_GOLD_CC";"70,21"
"A6_GREY";"7,99"
"A6_NAVY";"7,99"
"A06_SILVER";"70,21"
"A06_SILVER_C";"54,99"
"A06_SILVER_CC";"70,21"
"A10_002_BEIGE";"19,78"
"A10_002_BLACK";"19,78"
"A10_002_PINK";"19,78"
"A12_CRNA";"22,43"
"A31_BLACK";"18,45"
"A66_BLACK";"14,99"
"A66_BLACKW";"14,99"
"A66_BLUE";"11,99"
"A66_GREY";"14,99"
"A66_WHITE";"12,99"
"A67_BLACK";"14,99"
"A67_BLACKW";"14,99"
"A70VB15_BLUE";"10,49"
"A70VB16_RED";"10,49"
"A81_BLACK";"18,45"
"A91_BLACK";"18,45"
"A91_BROWN";"18,45"
"A117_12";"17,12"
"A117_21_BEIGE";"22,43"
"A117_85";"17,12"
"A131_BLACK";"18,45"
"A132_BROWN";"18,45"
"A161_BLACK";"18,45"
"A162_BLACK";"18,45"
"A181_BLACK";"18,45"
"A200_ANTIC_S";"50,30"
"A200_BIJELA";"56,94"
"A200_BLACK";"50,30"
"A200_BLACK_C";"50,30"
"A200_BLACK_CP";"56,99"
"A200_BLACK_N";"50,30"
"A200_BLACK_NN";"56,99"
"A200_BLACK_W";"56,94"
"A200_CRNA";"56,94"
"A200_FLOWER_1C";"54,99"
"A200_FLOWER_C";"51,99"
"A200_FLOWER_CC";"51,99"
"A200_FLOWER_CR";"54,99"
"A200_FLOWER_II";"50,30"
"A200_FLOWER_IIN";"50,30"
"A200_FLOWER_IIR";"50,30"
"A200_FLOWER_N";"50,30"
"A200_FLOWER_NN";"50,30"
"A200_FRIZER";"51,99"
"A200_GOLD";"51,99"
"A200_GOLD_C";"51,99"
"A200_GOLD_CC";"51,99"
"A200_GOLD_I";"56,94"
"A200_GOLD_II";"56,94"
"A200_GOLD_N";"50,30"
"A200_GOLD_NN";"51,99"
"A200_GOLD_S";"50,30"
"A200_GREEN";"50,30"
"A200_GREEN_1C";"46,99"
"A200_GREEN_C";"50,29"
"A200_GREEN_N";"50,30"
"A200_HEART";"50,30"
"A200_HEART_1C";"54,99"
"A200_HEART_C";"51,99"
"A200_HEART_NN";"51,99"
"A200_HEART_SN";"50,30"
"A200_PINK";"56,94"
"A200_PINK_2";"56,94"
"A200_PINK_C";"56,99"
"A200_PINK_C1";"51,99"
"A200_RED";"56,94"
"A200_RED_C";"56,99"
"A200_RED_S";"50,30"
"A200_RED_S1";"50,30"
"A200_RED_SN";"50,30"
"A200_SILVER";"51,99"
"A200_SILVER_C";"56,99"
"A200_SILVER_N";"51,99"
"A200_SILVER_N1";"50,30"
"A200_SILVER_NN";"50,30"
"A200_WHITE";"50,30"
"A200_WHITE_1";"50,30"
"A200_WHITE_1C";"56,99"
"A200_WHITE_C";"51,99"
"A200_WHITE_CC";"56,99"
"A200_WHITE_N";"50,30"
"A200_WHITE_N1";"50,29"
"A200_WHITE_NN";"50,30"
"A200_WHITE_S";"56,99"
"A200_ZELENA";"56,94"
"A202_WHITE";"59,59"
"A270_BLACK";"12,99"
"A270_WHITE";"12,99"
"A355_BLACK";"29,07"
"A557_BLACK";"23,76"
"A565_CHAMPAGNE";"23,76"
"A1654_BLACK";"19,78"
"A3620";"17,12"
"A6072_GREY";"23,99"
"A6201_1_BLACK";"23,99"
"A6219_BLACK";"21,99"
"A6219_GREY";"21,99"
"A8107_NAVY";"17,12"
"A8107_PINK";"17,12"
"A8358_1GREY";"17,12"
"A8358_BLUE";"17,12"
"A8358_GREY";"11,81"
"A8358_RED";"11,99"
"A8359_1PINK";"17,12"
"A8359_BLUE";"17,12"
"A8359_PINK";"17,12"
"A8369_BLUE";"17,12"
"A8369_PINK";"9,99"
"A8510_NAVY";"17,12"
"A8510_PINK";"17,12"
"A8841_PINK";"17,12"
"A8880_BLUE";"19,78"
"A8880_GREEN";"19,78"
"A8884_FUCHSIA";"19,78"
"A8885_GREY";"19,78"
"A8886_BLUE";"19,78"
"A8886_FUCHSIA";"19,78"
"A8886_ORANGE";"19,78"
"A8888_FUCHSIA";"19,78"
"A8888_GREEN";"19,78"
"A8889_CAMOUFLAGE";"15,79"
"A8889_MORO";"10,49"
"A9032_BLACK";"34,99"
"A9039_BLACK";"28,99"
"A9050_BLACK";"28,99"
"A9050_NAVY";"28,99"
"A9066_BLACK";"27,99"
"A9066_RED";"27,99"
"A9066_WHITE";"27,99"
"AA01_1_PINK";"62,99"
"AA01_1_RED";"62,99"
"AA01_1_TERAKOTA";"62,99"
"AA01_2_RED";"62,99"
"AA01_2_TERAKOTA";"56,99"
"AA01_B_SILVER";"56,99"
"AA01_BEIGE";"49,99"
"AA01_BEIGE_Z";"62,99"
"AA01_BLACK";"56,99"
"AA01_BLACKPUDER";"56,99"
"AA01_BLACKWHT";"58,99"
"AA01_GOLD";"62,99"
"AA01_GOLDPUDER";"56,99"
"AA01_GOLDWHT";"58,99"
"AA01_GREY";"62,99"
"AA01_HEART";"56,99"
"AA01_LEPTIR";"62,99"
"AA01_MOZAIK";"62,99"
"AA01_N_BEIGE";"62,99"
"AA01_N_WHITE";"56,99"
"AA01_P_GOLD";"56,99"
"AA01_P_PERLA";"62,99"
"AA01_P_WHITE";"62,99"
"AA01_PERLA";"62,99"
"AA01_PERLAWHT";"58,99"
"AA01_PINK";"62,99"
"AA01_RED";"62,99"
"AA01_SILVER";"56,99"
"AA01_SILVERWHT";"58,99"
"AA01_TERAKOTA";"62,99"
"AA01_TERAKOTAW";"58,99"
"AA01_W_GOLD";"62,99"
"AA01_WHITE";"62,99"
"AA01_WHITE_P";"62,99"
"AA01_WWHITE";"58,99"
"AA05_BLACK";"62,99"
"AA05_HEART";"62,99"
"AA05_WHITE";"62,99"
"AA200_GOLD";"51,99"
"AA200_GOLDPUD";"56,99"
"AA200_GOLDWHT";"51,99"
"AA200_GREEN";"56,99"
"AA200_PERLA";"56,99"
"AA200_PERLAWHITE";"51,29"
"AA200_WHITE";"56,99"
"AA200_WHITERWH";"56,99"
"AA202_PERLA";"58,99"
"AB112_BLACK";"6,49"
"AB112_NAVY";"6,49"
"AB875_BLACK";"26,99"
"AB7788_BLACK";"6,49"
"AB7788_NAVY";"6,49"
"ABENA_GOLD";"13,14"
"ABENA_PINK";"13,14"
"ABENA_SILVER";"13,14"
"ABRA_GOLD";"23,76"
"ABRA_SILVER";"23,76"
"ABRI_BROWN";"11,81"
"ABRI_GREY";"11,81"
"ABRI_M_BROWN";"11,81"
"ABRI_M_GREY";"11,81"
"AC010_BLACK";"10,49"
"AC010_BLUE";"10,49"
"AC010_RED";"10,49"
"AC011_BLUE";"10,49"
"AC011_RED";"6,49"
"ACROLOO_02_BLUE";"6,49"
"ACROLOO_12_PINK";"6,49"
"ACROPP22_03_PINK";"6,49"
"ACROPP22_13_BLUE";"6,49"
"ADAL_BLACK";"11,81"
"ADAL_BLUE";"11,81"
"ADAL_GREY";"11,81"
"ADAL_M_BLACK";"11,81"
"ADAL_M_GREY";"11,81"
"ADD_1BLACK";"25,99"
"ADD_1NAVY";"25,99"
"ADD_BLACK";"25,99"
"ADD_NAVY";"25,99"
"ADD_WHITE";"25,99"
"ADIRA_BEIGE";"25,99"
"AF6022";"55,61"
"AFZAL_BLUE";"10,49"
"AFZAL_BROWN";"7,79"
"AFZAL_GREY";"7,79"
"AJ1823_GREY";"35,70"
"AK0101_30";"19,78"
"AK0102_BLACK";"19,78"
"AK0102_WHITE";"19,78"
"AK0137_03_BLUE";"6,99"
"AK0137_11_ORANGE";"19,78"
"AK0205_51_GREY";"15,79"
"ALASKA_RED";"14,47"
"ALEX_GREY";"48,99"
"ALIAS";"10,49"
"ALPENKOFEL_GREY";"62,25"
"ALTENMARKT_BLACK";"48,97"
"AM0148_01_BLACK";"19,78"
"AM0151_01_BLACK";"19,78"
"AM0223_24_BLACK";"19,78"
"AM0224_01_BLACK";"26,41"
"AM0244_16_BLUE";"26,41"
"AM4001_05_GREY";"19,78"
"AM023803_BLUE";"17,12"
"AMY_BROWN";"9,09"
"AMY_GREY";"11,81"
"AMY_M_BROWN";"11,81"
"AMY_M_GREY";"11,81"
"AN51_BLACK";"18,45"
"ANAHI_BLACK";"30,39"
"ANAHI_WHITE";"30,39"
"ANDREAS_BLACK";"17,12"
"ANNIKA_060_377";"35,70"
"APOLO_BLACK";"33,05"
"APOLO_BLUE";"33,05"
"APOLO_GREY";"33,05"
"APOLON_GREY";"11,81"
"AQ0185B";"39,68"
"AQ0186";"39,68"
"ARB201911_1_BLACK";"19,78"
"ARB201911_1_GREY";"19,78"
"ARB201911_2B_BLACK";"19,78"
"ARB201911_8_BLACK";"19,78"
"ARB201911_28_GREY";"19,78"
"AREH_CRNA";"11,81"
"AREH_CRVENA";"11,81"
"AREH_PLAVA";"11,81"
"AREH_TURKIS";"11,81"
"AREH_ZELENA";"11,81"
"ARLA_BLACK";"14,99"
"ARLA_FUXIA";"14,99"
"ARLA_PURPLE";"14,99"
"ARMY_BLUE";"21,10"
"ARTSY_BLACK";"26,90"
"ARTSY_GRAY";"26,90"
"ARTSY_PINK";"26,90"
"ARTSY_WHITE";"26,90"
"ASPEN_BLACK";"19,78"
"ASPEN_BLACK_1";"11,99"
"ASPEN_NAVY";"19,78"
"ASPEN_NAVY_1";"11,99"
"AT1716_BLACK";"23,99"
"ATA181101_01";"27,74"
"ATA181103_03";"27,74"
"ATA181103_05";"27,74"
"ATA181106_01";"30,39"
"ATA181106_14";"30,39"
"ATA181110_02";"29,07"
"ATA181202";"26,41"
"ATA181202_02";"26,41"
"ATA181203";"29,07"
"ATA181301_03";"22,43"
"ATA181301_09";"22,43"
"ATILA_PINK";"19,78"
"ATJF173101_01";"30,39"
"ATJF173101_02";"30,39"
"ATJF173101_04";"30,39"
"ATM810061_01";"25,08"
"ATR181100_03";"33,05"
"ATR181100_04";"33,05"
"AW0124_93_YELLOW";"19,78"
"AW0131_08_PINK";"17,12"
"AW0224_10_WINE_BORDO";"26,41"
"AW0224_16_BLUE";"26,41"
"AW0243_01_BLACK";"19,78"
"AW0243_10_WINE";"19,78"
"AW0243_16_NAVY";"19,78"
"AW0243_24_BLACK";"19,78"
"AW0243_77_TAUPE";"19,78"
"AW0248_01_BLACK";"19,78"
"AW0248_24_BLACK";"17,12"
"AW010232_WHITE";"19,78"
"AW010233_BLACK";"19,78"
"AW013703_BLUE";"19,78"
"AW013711_ORANGE";"19,78"
"AW013808_FUCHSIA";"19,78"
"AW020602_WHITE";"19,78"
"AW020802_WHITE";"19,78"
"AW020803_BLUE";"19,78"
"AW023224_BLACK";"17,12"
"AW023703_BLUE";"17,12"
"AW023708_FUCHSIA";"17,12"
"AW023711_ORANGE";"17,12"
"AW023808_FUCHSIA";"17,12"
"AYLA_BLUE";"7,79"
"AYLA_BROWN";"7,79"
"AYLA_GREY";"7,79"
"AZZURRO_BLUE";"22,43"
"B02_BLACK";"17,99"
"B2_BLACK";"33,99"
"B0002_BLACK";"22,43"
"B2_BLACK_R";"33,99"
"B0002_BLUE";"22,43"
"B2_BROWN";"33,05"
"B2_BROWN_R";"33,05"
"B0002_GREY";"22,43"
"B2_WHITE";"33,99"
"B0002_WHITE";"22,43"
"B2_WHITE_R";"33,99"
"B03_PERLA";"54,99"
"B4_BROWN";"33,99"
"B4_BROWN_R";"33,05"
"B4_BROWN_RR";"33,99"
"B4_MBROWN";"33,05"
"B06_GREY";"19,99"
"B104_PINK";"25,99"
"B104_PINKI";"13,99"
"B121_021_BLACK";"26,41"
"B140_BLACK";"25,99"
"B140_BLUE";"25,99"
"B141_PINK";"25,99"
"B142_BLACK";"13,99"
"B142_BLUE";"25,99"
"B358_BLUE";"26,41"
"B376_BEIGE";"7,99"
"B376_BLACK";"6,29"
"B376_BLUE";"6,29"
"B376_GREEN";"7,99"
"B376_PINK";"6,29"
"B616_BLACK";"22,43"
"B629_BLACK";"24,99"
"B691C_BEIGE";"22,43"
"B691C_BLACK";"22,43"
"B1075_PINK";"25,99"
"B1411_WHITE";"25,99"
"B5032_BEIGE";"26,99"
"B5032_BLACK";"26,99"
"B5032_LEOPARD";"26,99"
"B6073_53_BLACK";"23,99"
"B6073_55_NAVY";"22,99"
"B6080_NAVY";"21,99"
"B6208_20_GREY";"23,99"
"B6208_NAVY";"21,99"
"B6219_BLACK";"21,99"
"B6219_PURPLE";"21,99"
"B7019_BEIGE";"22,99"
"B7019_BLACK";"22,99"
"B7036_BEIGE";"22,99"
"B7036_BLUE";"22,99"
"B8307_BLACK";"26,41"
"B8375_BLACK";"24,99"
"B9050_BLACK";"26,99"
"B9055_NAVY";"30,99"
"B9350_BLACK";"23,99"
"B23022";"55,61"
"B23914";"37,03"
"B44711";"55,61"
"B62005_BLACK";"21,99"
"B62005_GREY";"21,99"
"B96578";"55,61"
"B153155_BEIGE";"25,08"
"B185230_GREY";"14,99"
"B186870_BROWN";"21,99"
"B248580_NAVY";"31,99"
"B315013_NAVY";"21,99"
"B315013_PURPLE";"21,99"
"B315023_GREY";"22,99"
"B384363_BLUE";"33,99"
"B386170_BLACK";"29,99"
"B386170_WHITE";"29,99"
"B419299_BLACK";"24,99"
"B429463_BLACK";"23,99"
"B452100_WHITE";"19,78"
"B606870_GREEN";"23,99"
"B821203_BEIGE";"18,99"
"B831570_WHITE";"23,99"
"B842900_NAVY";"18,99"
"B845350_CAMEL";"26,99"
"B850060_PINK";"20,99"
"B851340_BLACK";"32,49"
"B852120_BLACK";"24,99"
"B854500_NAVY";"24,99"
"B858740_WHITE";"27,99"
"B859100_BLACK";"27,99"
"B859270_NAVY";"8,99"
"B859540_BLACK";"32,99"
"B860460_BLACK";"34,99"
"B860460_OLIVE";"34,99"
"B862280_NAVY";"24,99"
"B862650_BLACK";"25,99"
"B863860_BROWN";"25,99"
"B866700_WHITE";"20,99"
"B868299_GREEN";"22,99"
"B877350_BLUE";"10,99"
"B886010_GOLD";"17,99"
"B886010_SILVER";"17,99"
"B886510_NAVY";"32,99"
"B890370_BLACK";"24,99"
"B891140_NAVY";"21,99"
"B893695_NAVY";"19,99"
"B896770_BLACK";"29,99"
"B907230_GREY";"23,99"
"B907240_GREY";"20,99"
"BA_S98_BLACK";"26,41"
"BA_S98_GREY";"26,41"
"BA_S98_KHAKI";"26,41"
"BA7803";"50,30"
"BABY_PINK";"10,49"
"BALIS_GOLD";"26,41"
"BALIS_SILVER";"17,09"
"BALOA_BLACK";"26,41"
"BANETA_BLACK";"26,41"
"BANETA_GOLD";"26,41"
"BANI_NAVY";"26,41"
"BARINA_BLACK";"26,41"
"BARINA_GOLD";"26,41"
"BARINA_SILVER";"26,41"
"BASIC_BOXER_BLACK";"13,09"
"BASIC_BOXER_DKGREY";"13,14"
"BASIC_BOXER_GREY";"13,09"
"BASIC_BOXER_PEACOAT";"13,14"
"BASIC_BOXER_TURQUOISE";"13,14"
"BASIC_BOXER_WHITE";"13,09"
"BATES_BLK";"23,76"
"BB0805";"50,30"
"BB0807";"50,30"
"BB171378_COFFE";"52,96"
"BBY005_BEIGE";"24,99"
"BC30FD92_RED";"10,49"
"BC201505017B";"33,05"
"BE67054102_BLACK";"7,79"
"BE67054102_BLUE";"7,79"
"BEBA___BLACK";"19,78"
"BEBA___GOLD";"19,78"
"BEBA___SILVER";"19,78"
"BEBA___WHITE";"19,78"
"BEKI_BLACK";"26,41"
"BEKI_GOLD";"26,41"
"BEKI_SILVER";"26,41"
"BELLA_BLACK";"26,99"
"BENTLEY";"26,41"
"BERLIN_CRNA";"11,81"
"BERLIN_ZELENA";"11,81"
"BES21_06_PINK";"9,16"
"BESTBOY_BLACK";"34,99"
"BESTRUN_BLACK";"34,99"
"BFH005_WHITE";"29,99"
"BFH008_BLACK";"29,99"
"BFH011_BLACK";"29,99"
"BG166_BEIGE";"17,99"
"BG166_BLACK";"17,99"
"BG166_BLUE";"17,99"
"BG166_FUXIA";"17,99"
"BG166_RED";"16,19"
"BH108_HB_GREY";"38,36"
"BILMA_BEIGE";"15,79"
"BILMA_BLACK";"15,79"
"BISKA_BROWN";"29,99"
"BIVA_BLACK";"23,76"
"BKKSS04";"15,79"
"BKKX7110_BLACK";"21,99"
"BL395P_BEIGE";"27,99"
"BL535_BEIGE";"26,99"
"BL558_BEIGE";"29,99"
"BL558P_BROWN";"29,99"
"BL593_BEIGE";"28,99"
"BL607_GREEN";"26,99"
"BLD_AW103_BLACK";"13,09"
"BLDL0021_02_NAVY";"15,79"
"BLDLOL21_02_PINK";"15,79"
"BLDPP21_13_PINK";"15,79"
"BLF2R_LILAC";"10,49"
"BLFS19_NAVY";"10,49"
"BLT_100_1_NAVY";"10,49"
"BLT_100_1_RED";"10,49"
"BN67160202_BLACK";"6,50"
"BOLTON_BLACK_GREY";"52,89"
"BORKA_CAMEL";"19,78"
"BORKUM_42FLOWER";"31,49"
"BORKUM_BLACK";"29,99"
"BORKUM_FLOWER";"31,49"
"BORKUM_NEWS";"31,49"
"BORKUM_RED";"29,99"
"BORKUM_WHITE";"29,99"
"BOTKAMP_BLACK";"25,08"
"BRUNO_BLACK";"52,96"
"BUBBLE_BEIGE";"13,14"
"BUBBLE_BLACK";"13,14"
"BUBBLE_BORDO";"13,14"
"BUBBLE_GREEN";"13,14"
"BUBBLE_GREY";"13,14"
"BUBBLE_NAVY";"13,14"
"BUBBLE_WHITE";"13,14"
"BUHA";"19,78"
"BX17_8_BEIGE";"23,76"
"BX17_91_BLACK";"23,76"
"BX861_BLACK";"26,41"
"BX13510_PURPLE_";"15,79"
"BX13526_WHITE";"15,79"
"BYJ6107_BLACK";"36,99"
"C22_BLACK";"26,41"
"C22_GREY";"26,41"
"C22_NAVY";"26,41"
"C126C_BEIGE";"26,41"
"C126C_BLACK";"26,41"
"C126C_BLUE";"26,41"
"C126C_GREY";"26,41"
"C126C_RED";"26,41"
"C128C_BEIGE";"26,41"
"C128C_BLACK";"26,41"
"C128C_BLUE";"26,41"
"C128C_GREY";"26,41"
"C128C_RED";"17,99"
"C137_BLACK";"19,78"
"C198C_BEIGE";"26,41"
"C198C_BLACK";"26,41"
"C198C_BLUE";"26,41"
"C198C_GREEN";"26,41"
"C198C_GREY";"26,41"
"C198C_RED";"26,41"
"C198C_YELLOW";"26,41"
"C201_BEIGE";"33,99"
"C860_BEIGE";"39,99"
"C882_BLACK";"30,99"
"C2455_1BLUE";"9,99"
"C2455_BEIGE";"7,99"
"C2455_BLACK";"9,99"
"C2455_BLUE";"9,99"
"C2455_PINK";"9,99"
"C2455_WHITE";"9,99"
"C5000_BASKETBALL";"23,76"
"C8051_BLACK";"15,99"
"C8140_BLACK";"21,10"
"C8166_PINK";"19,78"
"C24452_1WHITE";"9,99"
"C24452_PINK";"9,99"
"C24452_WHITE";"9,99"
"C24455_PURPLE";"9,99"
"C30290_BROWN";"39,68"
"C90928_BROWN";"38,36"
"C452109_PINK";"19,78"
"C452109_SILVER";"19,78"
"C452115_GREY";"19,78"
"CA01_BLUE";"19,78"
"CA01_CAMOUFLAGE";"19,78"
"CA01_FUCHSIA";"19,78"
"CA01_GREEN";"19,78"
"CA01_LT_BLUE";"19,78"
"CA01_PURPLE";"19,78"
"CA01_RED";"19,78"
"CA014_GREY";"19,78"
"CA5171_2";"11,81"
"CA65024201";"4,99"
"CA65024201_WHITE";"4,99"
"CA65024201_WHT";"7,99"
"CAJA_BLACK";"26,41"
"CALGARY_BLACK";"62,25"
"CAM06_BLACK";"25,99"
"CAM06_BROWN";"25,99"
"CAMORA_BLACK";"19,78"
"CANISA_BLACK";"19,78"
"CAR_BLUE";"6,50"
"CAR_RED";"6,50"
"CARMEN_BROWN";"23,76"
"CASTA_BLACK";"44,99"
"CB09_GREEN";"19,78"
"CB09_MINT_GREEN";"19,78"
"CB09_RED";"19,78"
"CCRCARS06";"5,18"
"CCRG_B08";"5,18"
"CD133_BLACK";"16,99"
"CECILIA_BLACK";"23,76"
"CEFI_BLACK";"21,10"
"CESNA_BEIGE";"23,76"
"CETINA_SILVER";"30,39"
"CG4044";"59,59"
"CG4045";"59,59"
"CG4049";"59,59"
"CG4050_BLACK";"46,32"
"CG4053";"59,59"
"CG4054";"59,59"
"CH15W12_01";"6,50"
"CH15W12_02";"5,99"
"CH15W12_03";"6,50"
"CH15W12_10";"5,09"
"CH15W12_12";"5,89"
"CH15W12_13";"6,50"
"CH15W12_17";"6,50"
"CH15W15_10";"0,00"
"CH16U04_02";"5,18"
"CH16W02_08";"5,97"
"CH16W02_09";"5,97"
"CH133U01_01";"8,99"
"CH133U01_02";"8,99"
"CH133U01_03";"7,29"
"CH133U01_03_GREY";"8,99"
"CH133U01_04";"7,29"
"CH133U01_04_MIX";"8,99"
"CH133U01_06";"7,79"
"CH133U03_01";"8,99"
"CH133U03_01_WHITE";"10,99"
"CH133U03_02";"8,99"
"CH133U03_02_BLACK";"10,99"
"CH133U03_03";"8,99"
"CH133U03_03_GREY";"10,99"
"CH133U03_04";"8,99"
"CH133U03_04_MIX";"10,99"
"CH133U03_05";"8,99"
"CH133U05_01";"6,50"
"CH133U05_02";"5,89"
"CH133U05_03";"6,50"
"CH133U05_04";"0,00"
"CH133U05_06";"5,89"
"CHA201M090_01";"17,12"
"CHA201M090_02";"17,12"
"CHA201M090_10";"17,12"
"CHC181123_724";"19,78"
"CHC181123_2192";"19,78"
"CHE201M100_01";"11,81"
"CHE201M100_02";"11,81"
"CHE201M100_3A";"11,81"
"CHE201M103_01";"13,14"
"CHE201M103_02";"11,81"
"CHE211M103_01";"13,14"
"CHE211M103_02";"13,14"
"CHE233M101_01";"23,99"
"CHE233M101_31";"23,99"
"CHE233M105_01";"22,99"
"CHE233M105_31";"22,99"
"CHE241F307_1U";"9,99"
"CHE241F307_1X";"9,99"
"CHE241F307_10";"9,99"
"CHE241M122_01";"21,99"
"CHE241U301_01";"10,99"
"CHE241U301_1X";"10,99"
"CHE241U301_03";"10,99"
"CHE241U301_10";"10,99"
"CHE241U303_01";"11,99"
"CHE241U303_1X";"11,99"
"CHE241U303_03";"11,99"
"CHE241U303_10";"11,99"
"CHE241U305_01";"9,99"
"CHE241U305_1U";"10,99"
"CHE241U305_03";"9,99"
"CHE241U305_10";"9,99"
"CHE243M101_01";"34,99"
"CHE251M102_01";"14,99"
"CHE251M102_02";"14,99"
"CHES171823_GREY";"11,81"
"CHES173807_BLACK";"11,81"
"CHES173808_2175";"10,49"
"CHES173808_2176";"10,49"
"CHES173815_2192NAVY";"13,14"
"CHES173815_BLACK";"13,14"
"CHES181800_BLACK";"11,81"
"CHES181800_NAVY";"11,81"
"CHES183800_BLACK";"11,81"
"CHES183800_NAVY";"11,81"
"CHES183801_2192NAVY";"13,14"
"CHES183801_BLACK";"13,14"
"CHES183807_GREY";"11,81"
"CHES183811_BLACK";"11,81"
"CHES191803_523";"7,83"
"CHES191803_2175";"7,83"
"CHES191815_2175";"7,83"
"CHES193800_001";"9,16"
"CHES193800_2175";"9,16"
"CHF211B400_20";"17,12"
"CHF211B401_20";"18,45"
"CHF211F400_85";"17,12"
"CHF211F403_01";"15,79"
"CHF211F403_10";"15,79"
"CHF211F404_15";"15,79"
"CHF211G401_10";"18,45"
"CHF211G402_10";"17,12"
"CHF211G403_04";"18,45"
"CHF211M405_01";"14,47"
"CHF211M410_01";"18,45"
"CHF211M410_02";"15,79"
"CHF233F103_01";"52,99"
"CHF233F103_92";"54,99"
"CHF233M100_01";"75,99"
"CHF233M100_1U";"75,99"
"CHF241B113_03";"42,99"
"CHF241B125_10_WHITE";"29,99"
"CHF241B150_02";"28,90"
"CHF241B403_06";"12,99"
"CHF241B422_63";"18,99"
"CHF241F400_01";"21,99"
"CHF241F400_84";"21,99"
"CHF241F405_01";"21,99"
"CHF241F405_84";"21,99"
"CHF241G125_08_WHITE";"31,99"
"CHF241G151_10";"28,99"
"CHF241G403_80";"18,99"
"CHF241G406_77";"18,99"
"CHF241M100_01";"36,99"
"CHF241M122_01";"59,99"
"CHF241M122_03";"59,99"
"CHF241M400_01";"21,99"
"CHF241M400_05";"21,99"
"CHF241M404_02";"21,99"
"CHF241M405_01";"21,99"
"CHF243B123_10";"39,99"
"CHF243F112_30";"44,99"
"CHF243G101_84";"39,99"
"CHF243M113_01";"53,99"
"CHF251B107_02";"37,99"
"CHF251B109_61";"29,99"
"CHF251B118_02";"39,99"
"CHF251B418_22";"14,99"
"CHF251F105_01_BLACK";"39,00"
"CHF251F110_06";"54,99"
"CHF251F110_11";"48,00"
"CHF251F120_06";"39,00"
"CHF251F120_10";"45,00"
"CHF251G105_01";"29,99"
"CHF251M105_02";"58,99"
"CHF251M112_01";"58,99"
"CHF251M117_02";"39,90"
"CHF251M117_30";"39,99"
"CHF251M407_62";"21,99"
"CHF261M111_02";"43,92"
"CHFR181801";"23,76"
"CHH133U04_03";"7,79"
"CHHS173800_830OS";"6,50"
"CHHS173800_2175";"6,50"
"CHHS173800_2192";"6,50"
"CHHS173801_2175";"7,83"
"CHHS173801_2192";"7,83"
"CHHS183706_BORDO";"9,16"
"CHHS193601_357OS";"7,83"
"CHHS193601_523OS";"7,83"
"CHHS193601_821OS";"7,83"
"CHHS193602_550OS";"7,83"
"CHHS193802_523OS";"7,83"
"CHHS193802_821OS";"7,83"
"CHHS193803_523OS";"7,83"
"CHHS193803_2175OS";"7,83"
"CHHS193804_002OS";"10,49"
"CHHS193804_005OS";"10,49"
"CHHS193809_821OS";"13,14"
"CHHS193814_100OS";"10,49"
"CHHS193814_724OS";"10,49"
"CHHS193814_2175OS";"10,49"
"CHHS193900_307OS";"10,49"
"CHHS193900_357OS";"10,49"
"CHHS193903_357OS";"10,49"
"CHJ171152_21";"19,78"
"CHRT171805_2175_BLACK";"13,14"
"CHRT171805_BLACK";"10,49"
"CHRT171805_NAVY";"10,49"
"CHT161880_001";"11,81"
"CHT161888_012";"10,49"
"CHT171880_003";"10,49"
"CHT171880_011";"11,81"
"CHT171881_003";"6,50"
"CHT181808_300";"11,81"
"CHT183806";"10,49"
"CHT191821_300";"3,85"
"CHTR183111_2175";"26,41"
"CHTR183111_2192";"26,41"
"CHTR183161_2175";"52,96"
"CHTR183161_2192";"52,96"
"CHTR191120_350";"23,76"
"CHTR191120_2192";"23,76"
"CHTR191122_250";"23,76"
"CHTR191122_2192";"23,76"
"CHTR191128_820";"23,76"
"CHTR191128_2192";"23,76"
"CHTS151124_2175";"23,76"
"CHTS163104_2175";"35,70"
"CHTS163110_2175";"30,39"
"CHTS163110_2192";"30,39"
"CHZ193340_2192";"50,30"
"CHZ193440_302";"50,30"
"CIANA_BLACK";"44,99"
"CIPA_BLACK";"19,78"
"CITI_BLACK";"30,39"
"CITI_CAMEL";"21,10"
"CK253_BLACK";"24,99"
"CK253_PINK";"24,99"
"CK309_BLACK";"21,99"
"CLEVA_BLACK";"44,99"
"CLIFF_BROWN";"33,05"
"CONNECT_BLACK_WHT";"35,99"
"CONNECT_BLK_GREY";"35,99"
"CONNECT_RED_WHT";"35,99"
"CORTINA_BLACK";"66,23"
"CRAY_BLACK";"26,41"
"CRAY_BROWN";"26,41"
"CRAY_GREEN";"26,41"
"CRAY_GREY";"26,41"
"CRAY_GREY_GREEN";"26,41"
"CREW_BLACK";"7,79"
"CREW_GREY";"7,79"
"CREW_WHITE";"7,79"
"CRFBTM21_07_NAVY";"10,49"
"CRFPP22_03_GREEN";"10,49"
"CRO328_BLACK";"35,70"
"CROFRO01";"5,18"
"CROSTAR01";"5,18"
"CROTROLL02";"5,18"
"CROVA08";"5,18"
"CRYSTAL_NAVY";"72,86"
"CS5200_PINK";"25,08"
"CV532_BLACK";"23,76"
"CV532_CHAMPAGNE";"23,76"
"CVIETA_BLUE";"23,76"
"CVIETA_PEWTER";"23,76"
"D_06_RED";"10,49"
"D_130_PERLA";"44,99"
"D_134_PERLA";"42,99"
"D_175_BLACK";"36,99"
"D_175_BRONZE";"44,99"
"D_300_BLACK";"40,49"
"D_300_BRONZE";"42,99"
"D_300_FLOWER";"42,74"
"D_302_BLACK_M";"47,99"
"D_312_DOKTOR";"41,99"
"D_312_FLOWER";"37,99"
"D_312_FLOWER_K";"38,69"
"D_312_PLUTASILVER";"44,99"
"D_312_SILVER";"41,99"
"D_314_PERLA";"46,99"
"D_314_WHITE";"47,99"
"D_315_FLOWER";"48,99"
"D_316_BLACK";"48,99"
"D_316_BRONZE";"48,99"
"D_316_FLOWER";"47,99"
"D_316_SILVER";"48,99"
"D_316_WHITE";"52,99"
"D_316_WHITE_K";"48,99"
"D_317_K_BLACK";"48,99"
"D_322_PWDSILV_K";"47,69"
"D001_BLACK";"26,41"
"D001_GOLD";"26,41"
"D001_SILVER";"26,41"
"D001_WHITE";"26,41"
"D02_BEIGE";"17,12"
"D02_BLACK";"17,12"
"D02_REDBLUE";"17,12"
"D08_BEIGE";"13,14"
"D08_BLACK";"13,14"
"D08_NAVY";"13,14"
"D65_BLACK";"25,99"
"D65_CAMEL";"25,99"
"D314_PERLA";"46,99"
"D314_WHITE";"46,99"
"D315_FLOWER";"46,99"
"D316_FLOWER";"52,99"
"D316_WHITE";"52,99"
"D878_BLACK";"26,99"
"D878_BROWN";"26,99"
"D2019_1";"19,78"
"D2019_1_BLUE";"19,78"
"D2019_1_GREY";"19,78"
"D2019_1_RED";"19,78"
"D2019_1_WHITE";"19,78"
"D3125_BLACK";"35,99"
"D6902_BLACK";"20,99"
"D7922_BLK";"19,78"
"D7932_1_BLACK";"21,10"
"D7934_1_BLACK";"21,10"
"D8515_BLACK";"26,99"
"D8515_BROWN";"26,99"
"DA115_BEIGE";"36,99"
"DA115_BLACK";"36,99"
"DA129_BLACK";"30,99"
"DA150_BEIGE";"36,99"
"DACHSTEIN_BLACK";"39,68"
"DAKAR";"39,68"
"DB17108_COFFEE";"46,32"
"DB171634_BLACK";"46,32"
"DB181912_NAVY";"50,30"
"DBS9139_BEIGE";"22,99"
"DBS9139_BLACK";"25,99"
"DD308_WHITE";"27,99"
"DD308_WHITE_SILVER";"25,99"
"DEBI_GREY";"81,00"
"DEBI_RED";"78,00"
"DF3310_KHAKI";"39,68"
"DF3583_BEIGE";"29,07"
"DF3583_BLACK";"29,07"
"DIABETO_PED";"50,30"
"DIRK_BLACK";"17,12"
"DIRK_GREEN";"17,12"
"DIRK_NAVY";"17,12"
"DMASK_F";"2,52"
"DMASK_K";"2,52"
"DMASK_M";"2,52"
"DMASK_Z";"2,52"
"DOLLY_CAMEL";"19,78"
"DOLLY_GREEN";"19,78"
"DOLPHIN_DARKBLUE";"9,09"
"DOLPHIN_GREY";"9,09"
"DOLPHIN_PINK";"9,16"
"DOLPHIN_PURPLE";"6,50"
"DOME_BLACK";"33,05"
"DOME_BLACKY";"26,41"
"DONA_BROWN";"30,39"
"DONA_GREY";"30,39"
"DXJ8560_BLACK";"28,99"
"DXJ8560_PINK";"28,99"
"DXJ8560_WHITE";"28,99"
"DY171563_BLACK";"46,32"
"DY171563_COFFEE";"46,32"
"E060_BROWN";"22,43"
"E122_019_BLACK";"19,78"
"E122_197_BEIGE";"22,43"
"E122_197_BLACK";"22,43"
"E122_BEIGE";"22,43"
"E122_BLACK";"22,43"
"E617_BEIGE";"24,99"
"E681_BLACK";"19,78"
"E5125_BLACK";"35,70"
"EBU_NAVY";"19,99"
"EBU_PURPLE";"19,99"
"EDA_BLACK";"26,99"
"EDI_BLACK";"39,68"
"EK08P_BEIGE";"28,99"
"EK08P_BLACK";"28,99"
"ELA193169_01";"52,96"
"ELB193155_04";"46,32"
"ELF201F101_10";"36,99"
"ELF202F505_08";"18,45"
"ELF202F506_04";"15,79"
"ELF211F400_01";"11,81"
"ELF211F400_07";"14,47"
"ELF211F400_10";"11,81"
"ELF211F401_84";"18,45"
"ELF211F405_10";"18,45"
"ELF211F405_84";"18,45"
"ELF211F405_85";"11,81"
"ELF211M406_01";"13,14"
"ELF211M406_02";"13,14"
"ELF211M407_03";"18,45"
"ELHF191161_01";"14,47"
"ELHF191211_01";"19,78"
"ELIAS_BLACK";"46,32"
"ELKE930_BLACK";"15,79"
"ELKE930_BLUE";"15,79"
"ELKE930_GREEN";"15,79"
"ELKE930_NAVY";"15,79"
"ELKE930_RED";"15,79"
"ELZA949_GREEN";"13,14"
"EMOJI_PINK";"21,10"
"EMY_RED";"19,99"
"ENI_BLUE";"19,99"
"ENI_GREY";"24,99"
"ERIC_FUXIA";"29,99"
"ERIC_ORANGE";"29,99"
"ERIC_ORANGE_BLUE";"24,99"
"ERIC_PINK";"35,70"
"ERIC_SPIRALE_BLUE_LIME";"35,70"
"ERIK_NAVY";"34,99"
"ERIK_WHITE";"34,99"
"ERZBERG_GREY";"39,99"
"ESA_NAVY";"24,99"
"ESKIMO_BLACK";"18,45"
"ESKIMO_BLACKI";"18,45"
"ESKIMO_BLUE";"18,45"
"ESKIMO_GREY";"18,45"
"ESKIMO_NAVY";"18,45"
"ESMAN_NAVY";"9,49"
"EVA_BEIGE";"49,99"
"EVA_BEIGE_PINK";"49,99"
"EVA_BROWN";"54,99"
"EVA_LEPTIR";"49,99"
"EVA_MINT";"49,99"
"EVA_ORANGE";"49,99"
"EVA_PERLA";"54,99"
"EVA_W_MINT";"54,99"
"EVA_W_WHITE";"54,99"
"EVA_WHITE";"49,99"
"EVEREST_BLACK";"19,78"
"EVEREST_NAVY";"19,78"
"EVEREST_ROYAL";"19,78"
"F1_198_01_4_WHITE";"23,76"
"F01_BIJELA";"59,59"
"F01_BLACK_NN";"49,99"
"F01_BLACK_P";"59,59"
"F01_BLACK_R";"59,59"
"F01_BLACK_S";"59,59"
"F01_BLACK_S1";"59,59"
"F01_BLACK_S2";"59,59"
"F01_BLACK_W";"59,59"
"F01_BLACK_WW";"59,59"
"F01_CRNA";"59,59"
"F01_CRNA_1";"59,59"
"F01_CRNA_C";"59,59"
"F01_CRNA_C1";"59,59"
"F01_CRNA_W";"59,59"
"F01_CRNA_W2";"52,96"
"F01_CRNA_WB";"52,96"
"F01_CRNA_WW";"52,96"
"F01_CRNA2";"52,96"
"F01_ENGLAND";"59,59"
"F01_FLOWER";"59,59"
"F01_FLOWER_2_C";"59,59"
"F01_FLOWER_C";"59,59"
"F01_FLOWER_C1";"59,59"
"F01_FLOWER_C2";"59,59"
"F01_FLOWER_CC";"59,59"
"F01_FLOWER_CP";"59,59"
"F01_FLOWER_CR";"59,59"
"F01_FLOWER_II_C";"59,59"
"F01_FLOWER_NN";"59,59"
"F01_FLOWER_S";"59,59"
"F01_FLOWER_SS";"59,59"
"F01_FLOWER_TN";"59,59"
"F01_FLOWER1";"59,59"
"F01_FRIZER";"60,99"
"F01_FRIZER_C";"60,99"
"F01_GREEN";"59,59"
"F01_GREEN_1";"59,59"
"F01_GREEN_1C";"59,59"
"F01_GREEN_C";"59,59"
"F01_GREEN_S1";"59,59"
"F01_GREEN_Z";"59,59"
"F01_HEART";"59,59"
"F01_HEART_1";"59,59"
"F01_HEART_C";"52,99"
"F01_HEART_NN";"59,59"
"F01_HEART_S";"59,59"
"F01_ORANGE";"52,96"
"F01_PINK";"59,59"
"F01_PINK_1C";"59,59"
"F01_PINK_C";"59,59"
"F01_PINK_C1";"59,59"
"F01_PINK_I";"52,96"
"F01_PINK_NN";"59,59"
"F01_PINK_S";"59,59"
"F01_RED";"59,59"
"F01_RED_1C";"59,59"
"F01_RED_C";"44,99"
"F01_RED_NN";"52,99"
"F01_RED_S";"59,59"
"F01_SMEDA";"52,96"
"F01_SMEDA_MAT";"52,96"
"F01_WHITE";"59,59"
"F01_WHITE_1";"52,96"
"F01_WHITE_1C";"59,59"
"F01_WHITE_C";"59,59"
"F01_WHITE_CP";"59,59"
"F01_WHITE_NN";"59,59"
"F01_WHITE_S";"59,59"
"F01_WHITE_S1";"59,59"
"F01_wht";"59,59"
"F02_BIJELA";"59,59"
"F02_BIJELA_2";"59,59"
"F02_BIJELA_3";"59,59"
"F02_BIJELA_C";"59,59"
"F02_BIJELA_NN";"59,59"
"F02_BIJELA_S";"59,59"
"F02_BIJELA_XL";"59,59"
"F02_BIJELA_Z";"59,59"
"F02_BLACK";"59,59"
"F02_BLACK_1";"59,59"
"F02_BLACK_C";"59,59"
"F02_BLACK_CC";"59,59"
"F02_BLACK_P";"59,59"
"F02_BLACK_PP";"59,59"
"F02_BLACK_SG";"59,59"
"F02_BLK_XL";"59,59"
"F02_CRNA_1";"59,59"
"F02_CRNA_2";"52,96"
"F02_WHITE_C";"59,59"
"F02_WHITE_CC";"59,59"
"F3_GREY";"23,76"
"F05_BLACK";"59,59"
"F05_BLACK_C";"62,25"
"F05_BLACK_CC";"62,25"
"F05_BLACK_G";"62,25"
"F05_BLACK_I";"62,25"
"F05_BLACK_PC";"62,25"
"F05_BLACK_S";"62,25"
"F05_BLACK2";"62,25"
"F05_FLOWER_1C";"54,99"
"F05_FLOWER_2";"62,25"
"F05_FLOWER_2R";"62,25"
"F05_FLOWER_C";"62,25"
"F05_FLOWER_CC";"62,25"
"F05_FLOWER_CG";"62,25"
"F05_FLOWER_CP";"54,99"
"F05_FLOWER_G";"62,25"
"F05_FLOWER_GC";"62,25"
"F05_FLOWER_II";"62,25"
"F05_FLOWER_II_C";"62,25"
"F05_FLOWER_NC";"62,25"
"F05_FLOWER_NN";"62,25"
"F05_FLOWER_NS";"62,25"
"F05_HEART_C";"62,25"
"F05_HEART_CP";"62,25"
"F05_HEART_G";"62,25"
"F05_HEART_S";"62,25"
"F05_HEART_SR";"62,25"
"F05_WHITE";"62,25"
"F05_WHITE_C";"62,25"
"F05_WHITE_C1";"62,25"
"F05_WHITE_CC";"62,25"
"F05_WHITE_CZ";"62,25"
"F05_WHITE_G";"62,25"
"F05_WHITE_G1";"62,25"
"F05_WHITE_GC";"62,25"
"F05_WHITE_I";"62,25"
"F05_WHITE_NC";"62,25"
"F05_WHITE_NN";"62,25"
"F05_WHITE_R";"62,25"
"F05_WHITE_SC";"62,25"
"F05_WHITE:_II";"59,59"
"F06_GOLD";"70,21"
"F06_GOLD_C";"70,21"
"F06_GOLD_CC";"70,21"
"F06_GOLD_CZ";"70,21"
"F06_SILVER";"70,21"
"F06_SILVER_C";"70,21"
"F06_SILVER_CC";"70,21"
"F53_BLACK";"24,99"
"F67_BLACK";"23,99"
"F67_BROWN";"23,99"
"F78_BLACK";"23,99"
"F78_CAMEL";"23,99"
"F125_026_BLACK";"22,43"
"F125_152_BLACK";"19,78"
"F125_157_BLACK";"19,78"
"F163_BLACK";"10,49"
"F172_BLACK";"9,99"
"F172_BLUE";"9,99"
"F172_GREY";"9,99"
"F200_ANTIC";"46,32"
"F200_ANTIC_1";"46,32"
"F200_ANTIC_II";"46,32"
"F200_ANTIC_S";"463,20"
"F200_BIJELA";"46,32"
"F200_BIJELA_2";"46,32"
"F200_BLACK";"46,32"
"F200_BLACK_C";"56,99"
"F200_BLACK_NN";"46,32"
"F200_CRNA";"49,99"
"F200_CRNA_2";"46,32"
"F200_CRNA_I";"51,63"
"F200_CRNA_S";"46,32"
"F200_CRVENA";"46,32"
"F200_CRVENA_2";"46,32"
"F200_CRVENA_S";"49,99"
"F200_FLOWER";"46,32"
"F200_FLOWER_1";"46,32"
"F200_FLOWER_C";"56,99"
"F200_FLOWER_CC";"49,99"
"F200_FLOWER_II";"49,99"
"F200_FLOWER_IIC";"52,99"
"F200_FLOWER_III";"46,32"
"F200_FLOWER_NN";"56,99"
"F200_FLOWER_R";"46,32"
"F200_FLOWER_S";"46,32"
"F200_FRIZER";"49,99"
"F200_GOLD_1";"49,99"
"F200_GOLD_C";"49,99"
"F200_GOLD_C1";"56,99"
"F200_GOLD_CC";"49,99"
"F200_GOLD_D";"56,94"
"F200_GOLD_I";"49,99"
"F200_GOLD_II";"56,94"
"F200_GOLD_S";"56,94"
"F200_GOLD_WOOD";"51,63"
"F200_gold1";"43,67"
"F200_HEART";"56,94"
"F200_HEART_1C";"56,99"
"F200_HEART_C";"49,99"
"F200_HEART_NN";"56,94"
"F200_HEART_S";"56,94"
"F200_HEART_S1";"56,94"
"F200_NIKEL";"52,96"
"F200_PINK";"49,99"
"F200_PINK_1";"52,96"
"F200_PINK_1C";"56,99"
"F200_PINK_C";"56,99"
"F200_PINK_GOLD_NN";"56,94"
"F200_PINK_I";"52,96"
"F200_PINK_NN";"52,96"
"F200_PINKY_C";"49,99"
"F200_RED";"39,68"
"F200_RED_1C";"56,99"
"F200_RED_C";"56,99"
"F200_RED_CC";"49,99"
"F200_ROSE_GOLD";"52,96"
"F200_ROSE_GOLD_II";"56,94"
"F200_ROSE_GOLD_III";"52,96"
"F200_ROSEGOLD";"56,94"
"F200_ROSEGOLD_NN";"56,94"
"F200_SILVER";"43,67"
"F200_SILVER_C";"56,99"
"F200_SILVER_CC";"56,99"
"F200_SILVER_I";"49,99"
"F200_SILVER_N";"49,99"
"F200_SILVER_S";"46,32"
"F200_WHITE";"46,29"
"F200_WHITE_1";"52,96"
"F200_WHITE_1C";"54,99"
"F200_WHITE_C";"49,99"
"F200_WHITE_CC";"56,99"
"F200_WHITE_NN";"52,96"
"F200_WHITE_R";"49,99"
"F200_WHITE_S";"52,96"
"F202_BIJELA_crv_";"51,63"
"F202_CRNA_B";"51,63"
"F202_CRNA_W";"51,63"
"F202_WHITE_GREEN";"51,63"
"F202_WOOD_WHT";"51,63"
"F202_ZELENA";"51,63"
"F419_BLACK";"26,99"
"F635_BLACK";"24,99"
"F2918_BLACK";"28,99"
"F2918_CAMEL";"28,99"
"F2918_GREY";"28,99"
"F3833_BLACK";"30,39"
"F6325_BEIGE";"45,99"
"F35694_PINK";"35,70"
"F35696_BLUE";"35,70"
"F35846_GREY";"39,68"
"F81021_BLACK";"13,09"
"FA7A514_2";"22,43"
"FALKERT_BLACK";"52,96"
"FALKERT_NAVY";"52,96"
"FATEKS_BLUE";"9,16"
"FATEKS_BROWN";"9,16"
"FATEKS_GREY";"9,16"
"FATEKS_RED";"9,16"
"FB81867_1";"21,10"
"FB81867_4";"21,10"
"FC9923_BLACK";"26,41"
"FC9923_CHAMPAGNE";"26,41"
"FC9923_SILVER";"26,41"
"FDL112_BLACK";"28,99"
"FELIKS_BLUE";"23,76"
"FENSY_BLACK";"6,50"
"FENSY_BLUE";"6,49"
"FENSY_PINK";"6,49"
"FENSY_PURPLE";"6,50"
"FENSY_WHITE";"6,50"
"FF01_1_BLACK";"54,99"
"FF01_1_TERAKOTA";"57,99"
"FF01_1_WHITE";"62,99"
"FF01_1TERAKOTA";"54,99"
"FF01_1WHITE";"62,99"
"FF01_2WHITE";"62,99"
"FF01_BLACK";"62,99"
"FF01_FLOWER";"62,99"
"FF01_GREEN";"62,99"
"FF01_HEART";"54,99"
"FF01_LEPTIR";"62,99"
"FF01_P_WHITE";"62,99"
"FF01_PERLA";"54,99"
"FF01_PERLA_S";"62,99"
"FF01_PINK";"62,99"
"FF01_RED";"62,99"
"FF01_TERAKOTA";"62,99"
"FF01_WHITE";"62,99"
"FF01_WHITE_1Z";"62,99"
"FF01_WHITE_Z";"62,99"
"FF01_Z_FLOWER";"62,99"
"FF01_Z_WHITE";"62,99"
"FF05_1FLOWER";"62,25"
"FF05_BLACK";"62,25"
"FF05_C_BLACK";"62,25"
"FF05_FLOWER";"62,25"
"FF05_HEART";"62,25"
"FF05_P_HEART";"62,99"
"FF05_P_WHITE";"56,99"
"FF05_WHITE";"62,25"
"FF05_WHITE_Z";"62,25"
"FF06_C_GOLD";"62,99"
"FF06_GOLD";"62,99"
"FF06_SILVER";"62,99"
"FF200_BLACK";"54,99"
"FF200_FLOWER";"56,99"
"FF200_HEART";"56,99"
"FF200_PINK";"62,99"
"FF200_SILVER";"56,99"
"FF200_WHITE";"54,99"
"FF200_WHITE_P";"51,99"
"FG7A403_1";"22,43"
"FG7A403_4";"22,43"
"FIONA_BLACK";"6,50"
"FIONA_FUXIA";"6,49"
"FIT_GREEN";"19,78"
"FIT_GREY";"19,78"
"FIT_ORANGE";"19,78"
"FIT_PINK";"19,78"
"FIT_PINKB";"19,78"
"FIT_PINKY";"19,78"
"FIT_PINKYS";"19,78"
"FITROLL_GREEN";"26,41"
"FL114_BLACK";"18,45"
"FL1505_BLACK";"25,08"
"FL1505_BLUE";"25,08"
"FLACHAU_BLUE";"50,30"
"FLACHAU_ORANGE";"50,30"
"FLX_WHITE";"38,36"
"FLYDE_BLK_WHT";"18,99"
"FS005_BLACK";"17,12"
"FS005_FUME";"17,12"
"FS1781_2";"13,14"
"FS1781_4";"13,14"
"FS5081_1";"17,12"
"FS5081_2";"17,12"
"FTM104_WHITE";"49,99"
"FTM22102A_WHITE";"49,99"
"FTM24103_NAVY";"49,99"
"FTM24105_WHITE";"49,99"
"FTW24104_WHITE";"49,99"
"FTW24105_WHITE";"44,99"
"FTW24106_BLUE";"44,99"
"FTW24106_WHITE";"44,99"
"FTW24107_WHITE";"44,99"
"FTW24108_WHITE";"44,99"
"FUNZIP_BLACK";"19,78"
"FV6017_1";"19,78"
"FV6017_2";"19,78"
"FV6373_1";"21,10"
"FV6373_2";"21,10"
"FV6374_1";"18,45"
"FV6374_2";"18,45"
"FY2009_BLACK";"26,41"
"G30_BEIGE";"27,99"
"G113_BLACK";"31,99"
"G113_BROWN";"31,99"
"G147_GOLD";"30,39"
"G147_SILVER";"30,39"
"G152_BLACK";"30,39"
"G152_KHAKI";"30,39"
"G3171_BLACK";"38,99"
"G6615_BLACK";"32,99"
"G65347";"58,27"
"G65429";"58,27"
"G95008";"58,27"
"GA0321_KHAKI";"26,41"
"GARDEN_BLACK";"9,16"
"GARDEN_BLACKY";"9,16"
"GARYA222_GREY";"23,76"
"GARYA222_WHITE";"23,76"
"GENDER_BLACK";"26,41"
"GENDER_WHITE";"26,41"
"GERIS Anatomisches Schuhwerk wurde mit d";"13,14"
"GH_331_GREY";"25,08"
"GL21_BLACK";"21,99"
"GL21_BORDO";"21,99"
"GL173_BLACK";"19,99"
"GL173_BORDO";"16,99"
"GLEŽNJAČE";"21,10"
"GROSSGLOCKNER_BLACK_YELLOW";"48,97"
"GROSSGLOCKNER_GREY_FUCHSIA";"26,99"
"GS02_BLK";"9,16"
"GS05_MIX";"13,99"
"GS58P_BEIGE";"21,99"
"GS0225_1PINK";"13,99"
"GS0225_BLACK";"13,99"
"GS0225_PINK";"13,99"
"H8_46";"21,10"
"H17_50056_BEIGE";"26,41"
"H18ALP01_BEIGE";"13,14"
"H18ALP01_BLACK";"13,14"
"H18ALP01_TIFORIO";"13,14"
"H18ALP05_BEIGE";"13,14"
"H18ALP05_BLACK";"13,14"
"H18ALP05_BORDO";"13,14"
"H19_2010_BLACK";"13,14"
"H19_2012_BLACK";"17,12"
"H19_2013_BLACK";"17,12"
"H19_2013_GREEN";"13,14"
"H19_2014_BLACK";"13,14"
"H19_2014_BLUE";"13,14"
"H19_2014_WHITE";"13,14"
"H19_2015_BLACK";"13,14"
"H19_2015_GREEN";"13,14"
"H19_2015_RED";"13,14"
"H19_2015BLUE";"13,14"
"H19_2016_WHITE";"13,14"
"H19_2017_GREEN";"13,14"
"H19_2018_BLACK";"13,14"
"H19_2018_BLUE";"13,14"
"H19_2018_GREEN";"17,12"
"H19_2018_RED";"17,12"
"H83_BLACK";"26,41"
"H83_RED";"26,41"
"H00281";"17,12"
"H00281_BEIGE";"17,12"
"H00281_BLACK";"17,12"
"H308_BLACK";"30,39"
"H728T_BROWN";"26,41"
"H854_CAMEL";"23,76"
"H854_GREY";"23,76"
"H908A_BLACK";"26,41"
"H908T_BROWN";"26,41"
"H00960_BLACK";"17,12"
"H1908_BLUE";"12,99"
"H1908_NAVY";"12,99"
"H1919_BLACK";"12,99"
"H1919_NAVY";"12,99"
"H2088_NAVY";"12,99"
"H2088_WHITE";"12,99"
"H2090_1GREY";"8,99"
"H2090_BLACK";"8,99"
"H2090_GREY";"8,99"
"H2090_NAVY";"8,99"
"H2090_PINK";"8,99"
"H2090_WHITE";"8,99"
"H2093_1_WHITE";"12,99"
"H2093_1RED";"12,99"
"H2093_2_RED";"12,99"
"H2093_2_WHITE";"12,99"
"H2093_3_RED";"12,99"
"H2093_3_WHITE";"12,99"
"H2093_RED";"12,99"
"H2093_WHITE";"12,99"
"H2195_BLACK";"14,99"
"H2314_BLUE";"10,99"
"H2314_BORDO";"10,99"
"H2314_GREEN";"10,99"
"H2314_OLIVE";"10,99"
"H8308_SILVER";"26,99"
"H8308_WHITE";"26,99"
"H8817_BEIGE";"27,74"
"H9102_BEIGE";"24,99"
"H9102_LEOPARD";"30,39"
"H18353_BLACK";"33,05"
"H18553_BLACK";"19,78"
"H18553_BROWN";"19,78"
"H18557_BLACK";"19,99"
"H18557_BLUE";"19,99"
"H182002_BLACK";"30,39"
"H182002_BROWN";"30,39"
"H182002_CAMEL";"30,39"
"H182004_BLACK";"30,39"
"H182006_BLACK";"30,39"
"H182007_CAMEL";"30,39"
"H182008_BLACK";"30,39"
"H182008_CAMEL";"30,39"
"H182009_BLACK";"30,39"
"H182009_GREY";"29,07"
"H182009_KHAKI";"29,07"
"H182022_BLACK";"29,07"
"H191920_BLUE";"12,99"
"H191921_GREY";"12,99"
"H1800350_BLACK";"33,05"
"H1800354_BROWN";"33,05"
"HADY_BLACK";"39,68"
"HADY_BROWN";"39,68"
"HAGAN_BLACK";"39,68"
"HAGAN_BROWN";"39,68"
"HAGAN_OLIVE";"35,70"
"HAGDI_BLACK";"39,68"
"HAGDI_BROWN";"39,68"
"HAIMO_BLK";"29,07"
"HAIMO_BROWN";"29,07"
"HAKAN_CRNA";"33,05"
"HALE_BLACK";"39,68"
"HAMBURG_CRVENA";"7,79"
"HAMBURG_SIVA";"11,81"
"HANK_BROWN";"30,39"
"HANSON_BROWN";"42,99"
"HAUS_BLACK";"35,70"
"HAUS_BLUE";"35,70"
"HAWK_BLUE";"17,12"
"HAZEL";"37,03"
"HB5470_BLACK";"25,08"
"HB5470_FUXIA";"25,08"
"HBL2_BEIGE";"37,99"
"HBL105_BLACK";"37,99"
"HBL105_BROWN";"37,99"
"HE19801_BROWN";"13,14"
"HE19802_BROWN";"13,14"
"HEFES_BLACK";"35,70"
"HENRI_BLACK";"42,99"
"HENRI_BROWN";"42,99"
"HENRY";"39,68"
"HENRY_BLACK";"39,68"
"HF19523_BLACK";"18,45"
"HF19523_CREAM";"18,45"
"HF19523_RED";"18,45"
"HF19523_WHITE";"18,45"
"HFN619_BLACK";"35,70"
"HG_22836_1";"15,79"
"HG19_836_BLACK";"15,79"
"HG19_836_BRONZ";"15,79"
"HG19_836_RED";"15,79"
"HG19_836_SMOKED";"15,79"
"HG19_836_YELLOW";"15,79"
"HG19244_BLUE";"15,79"
"HG19244_PURPLE";"11,81"
"HG19244_RED";"15,79"
"HG19244_TURQUOISE";"15,79"
"HG19244_WHITE";"15,79"
"HG19715_BLACK";"15,79"
"HG19715_RED";"15,79"
"HG19836_1_BRONZ";"15,79"
"HG19836_BEIGE";"15,79"
"HG19836_BLACK";"15,79"
"HG19836_BLACKS";"15,79"
"HG19836_BLUE";"15,79"
"HG19836_BRONZE";"15,79"
"HG19836_GOLD";"15,79"
"HG19836_GREEN";"15,79"
"HG19836_NAVY";"15,79"
"HG19836_NAVYBLUE";"15,79"
"HG19836_NAVYS";"15,79"
"HG19836_PINK";"15,79"
"HG19836_PLATINUM";"15,79"
"HG19836_RED";"15,79"
"HG19836_S_RED";"15,79"
"HG19836_WHITE";"15,79"
"HG19882_BLACK";"11,81"
"HG19882_BLUE";"17,12"
"HG19882_BRONZE";"11,81"
"HG19882_GOLD";"11,81"
"HG19882_PINK";"17,12"
"HG19882_PURPLE";"11,81"
"HG19882_SILVER";"11,81"
"HG19882_WHITE";"11,81"
"HG19901_BEIGE";"15,79"
"HG19901_BLACK_GREY";"15,79"
"HG19901_PURPLE";"15,79"
"HG19902_BROWN";"15,79"
"HG19903_BORDO";"15,79"
"HG19903_GREY";"15,79"
"HG19903_RED";"15,79"
"HG19905_BEIGE_GREY";"15,79"
"HG19905_BEIGE_RED";"15,79"
"HG19905_BLACK_YELLOW";"15,79"
"HG19907_BEIGE";"15,79"
"HG19907_BLACK";"15,79"
"HG19907_RED";"15,79"
"HG19907_YELLOW";"15,79"
"HG22322_BEIGE";"11,81"
"HG22322_BLACK";"11,81"
"HG22322_BLUE";"11,81"
"HG22322_BLUE1";"11,81"
"HG22322_BRONZE";"13,14"
"HG22322_GOLD";"11,81"
"HG22322_GREEN";"15,79"
"HG22322_NAVY";"11,81"
"HG22322_PLATINUM";"11,81"
"HG22322_PURPLE";"15,79"
"HG22322_PURPLE1";"11,81"
"HG22322_RED";"15,79"
"HG22322_RED1";"11,81"
"HG22322_SILVER";"11,81"
"HG22322_WHITE";"11,81"
"HG22384_BLACK";"13,14"
"HG22384_GOLD";"13,14"
"HG22384_PINK";"13,14"
"HG22384_RED";"13,14"
"HG22384_WHITE";"13,14"
"HG22835_BLACK";"15,79"
"HG22835_BRONZE";"15,79"
"HG22835_GOLD";"15,79"
"HG22835_NAVYBLUE";"18,45"
"HG22835_PLATINUM";"13,14"
"HG22835_RED";"18,45"
"HG22835_SILVER";"15,79"
"HG22835_SMOKED";"15,79"
"HG22835_WHITE";"15,79"
"HG22835_YELLOW";"18,45"
"HG22836_BEIGE";"15,79"
"HG22836_BEIGE_I";"15,79"
"HG22836_BEIGE2";"15,79"
"HG22836_BLACK";"15,79"
"HG22836_BLACK_1";"15,79"
"HG22836_BLACK_II";"15,79"
"HG22836_BRONZ";"15,79"
"HG22836_GOLD";"15,79"
"HG22836_NAVY";"15,79"
"HG22836_NAVYBLUE";"15,79"
"HG22836_PLATINUM";"15,79"
"HG22836_PLATINUM_I";"15,79"
"HG22836_PLATINUM_II";"15,79"
"HG22836_RED";"15,79"
"HG22836_RED_1";"15,79"
"HG22836_RED_2";"15,79"
"HG22836_RED_3";"15,79"
"HG22836_SILVER";"15,79"
"HG22836_SILVER_I";"15,79"
"HG22836_SMOKED";"15,79"
"HG22836_SMOKED2";"15,79"
"HG22836_TURQUOISE";"15,79"
"HG22836_TURQUOISE_1";"15,79"
"HG22836_TURQUOISE2";"15,79"
"HG22836_WHITE";"15,79"
"HG22836_WHITE_1";"15,79"
"HG22836_WHITE_B";"15,79"
"HG22836_WHITE_G";"15,79"
"HG22836_WHITE_R";"15,79"
"HG22836_WHITE2";"15,79"
"HG22836_YELLOW";"15,79"
"HG22836_YELLOW_1";"15,79"
"HG22837_BEIGE";"15,79"
"HG22837_BLACK";"15,79"
"HG22837_BLUE";"15,79"
"HG22837_BLUE1";"13,14"
"HG22837_BLUE2";"15,79"
"HG22837_GOLD";"15,79"
"HG22837_NAVY";"15,79"
"HG22837_PINK";"18,45"
"HG22837_WHITE";"15,79"
"HG22837_WHITE1";"15,79"
"HG22837_YELLOW";"18,45"
"HG22837_YELLOW_1";"18,45"
"HG22882_BEIGE";"11,81"
"HG22882_BLACK";"11,81"
"HG22882_BLUE";"17,12"
"HG22882_GOLD";"11,81"
"HG22882_GREEN";"11,81"
"HG22882_RED";"11,81"
"HG22882_WHITE";"17,12"
"HG22882_YELLOW";"11,81"
"HG22883_BEIGE";"13,14"
"HG22883_BLACK";"15,79"
"HG22883_BLACKY";"15,79"
"HG22883_BRONZE";"15,79"
"HG22883_GOLD";"11,99"
"HG22883_SILVER";"15,79"
"HG22883_TURQUOISE";"15,79"
"HG22883_WHITE";"13,14"
"HG22883_YELLOW";"18,45"
"HG193831_BEIGE";"15,79"
"HG193831_BLACK";"15,79"
"HG193831_RED";"15,79"
"HILOL_BLACK";"23,76"
"HIPP13WL";"22,43"
"HIPP53_NAVY";"23,76"
"HJ50_BLACK";"20,99"
"HJ52_NAVY";"17,99"
"HJ53_NAVY";"17,99"
"HJ55_PINK";"20,99"
"HJ61_BLACK";"17,99"
"HJ62_PINK";"20,99"
"HJ65_BLACK";"19,99"
"HJ70_PINK";"19,99"
"HJ71_PINK";"19,99"
"HJ73_PINK";"18,99"
"HJ76_BLACK";"19,99"
"HJ78_BLACK";"22,99"
"HJ79_BLACK";"19,99"
"HJ81_BLACK";"19,99"
"HJ82_BLACK";"22,99"
"HJ7035_BLACK";"19,78"
"HJ7035_GOLD";"19,78"
"HJ7035_PINK";"19,78"
"HJ7035_SILVER";"19,78"
"HOCHKONIG_BLACK";"79,50"
"HOCHKONIG_GREY";"79,50"
"HOCHOBIR_BLACK_GREY";"59,59"
"HOGUN_GREY_ORANGE";"32,99"
"HOLIDAY_CAT";"10,49"
"HOLIDAY_DOGS";"10,49"
"HOLIDAY_LOVE";"10,49"
"HOLIDAY_SANTA";"10,49"
"HOLIDAY_TEDDY";"10,49"
"HONI_BROWN";"34,99"
"HOWI_BLACK";"37,03"
"HPF350_G001_BEIGE";"19,78"
"HPF350_G001_NAVY";"19,78"
"HPF350_G001_RED";"19,78"
"HPF350_N001_WHITE";"19,78"
"HPF350_S001_BEIGE";"19,78"
"HPF350_S001_WHITE";"19,78"
"HPF350_S001A02_BIJELA";"19,78"
"HPF350_S001A02_WHT";"19,78"
"HPF350_S001A03_WHITE";"19,78"
"HPF350_S001A04_WHITE";"19,78"
"HPF350_S001A05_WHITE";"19,78"
"HPF350_S001A05_WHT";"19,78"
"HPF350_S001A06_WHITE";"19,78"
"HPF350_S001A07_BIJELA";"19,78"
"HPF350_S001A07_WHITE";"19,78"
"HPF350_S001A07_WHT";"19,78"
"HPF350_S001A08_WHITE";"19,78"
"HPF350_S001A09_WHITE";"19,78"
"HPF350_S001A11_WHITE";"19,78"
"HPF350_S001GRN_GREEN";"19,78"
"HPF350_S002_1YELLOW";"21,99"
"HPF350_S002_BLACK";"19,78"
"HPF350_S002_GREEN";"19,78"
"HPF350_S002_PINK";"19,78"
"HPF350_S002_YELLOW";"19,78"
"HPF350_SOO1A02_WHITE";"19,78"
"HPF350_W030_BROWN";"15,79"
"HPF350_WHITE";"21,99"
"HPF352_2_WHITE";"21,99"
"HPF352_02_WHITE";"21,99"
"HPF352_03_WHITE";"21,99"
"HPF352_12_WHITE";"20,99"
"HPF352_17_WHITE";"21,99"
"HPF352_18_WHITE";"20,99"
"HPF352_19_WHITE";"20,99"
"HPF352_20_WHITE";"20,99"
"HPF352_21_WHITE";"20,99"
"HPF352_22_WHITE";"20,99"
"HPF352_24_WHITE";"22,99"
"HPF352_28_BEIGE";"21,99"
"HPF352_28_WHITE";"22,99"
"HPF352_29_BEIGE";"21,99"
"HPF352_29_WHITE";"21,99"
"HPF352_30_WHITE";"21,99"
"HPF352_32_BEIGE";"21,99"
"HPF352_33_WHITE";"21,99"
"HPF352_39_WHITE";"21,99"
"HPF352_41_WHITE";"21,99"
"HPF352_46_WHITE";"21,99"
"HPF352_51_WHITE";"21,99"
"HPF352_52_BEIGE";"21,99"
"HPF352_59_PURPLE";"21,99"
"HPF352_70_WHITE";"22,99"
"HPF352_C_MINT";"21,99"
"HPF352_C_YELLOW";"21,99"
"HPF352_G001_NAVY";"19,78"
"HPF352_G002_1BLACK";"19,78"
"HPF352_G002_BEIGE";"19,78"
"HPF352_G002_BLACK";"19,78"
"HPF352_G002_RED";"19,78"
"HPF352_G04_RED";"21,99"
"HPF352_G010_BLACK";"19,78"
"HPF352_G011_1BLACK";"20,99"
"HPF352_G011_BEIGE";"19,78"
"HPF352_G011_BLACK";"19,78"
"HPF352_G011_RED";"19,99"
"HPF352_G011_WHITE";"19,99"
"HPF352_G012_BLACK";"19,78"
"HPF352_G012_BLUE";"19,78"
"HPF352_G012_RED";"22,99"
"HPF352_G012_WHITE";"19,99"
"HPF352_GREY_BUTERFLY";"22,99"
"HPF352_N01_WHITE";"21,99"
"HPF352_N003_GREY";"21,99"
"HPF352_N04_BEIGE";"21,99"
"HPF352_N04_BROWN";"21,99"
"HPF352_N004_NAVY";"21,99"
"HPF352_N010_1BEIGE";"20,99"
"HPF352_N010_1BROWN";"20,99"
"HPF352_N010_2BROWN";"20,99"
"HPF352_N010_BEIGE";"19,78"
"HPF352_N010_BROWN";"19,78"
"HPF352_N010_GREEN";"20,99"
"HPF352_N010_PINK";"20,99"
"HPF352_N010_PURPLE";"20,99"
"HPF352_N010_WHITE";"21,99"
"HPF352_N011_BEIGE";"19,78"
"HPF352_N011_RED";"21,99"
"HPF352_N011_WHITE";"19,78"
"HPF352_N012_BLUE";"19,99"
"HPF352_N012_BROWN";"19,78"
"HPF352_N012_PINK";"20,99"
"HPF352_N012_RED";"19,99"
"HPF352_N00102_PINK";"22,99"
"HPF352_S001_1BLACK";"19,78"
"HPF352_S001_2BLACK";"19,78"
"HPF352_S001_BEIGE";"21,99"
"HPF352_S01_BLACK";"21,99"
"HPF352_S001_BLACK";"21,99"
"HPF352_S001_NAVY";"21,99"
"HPF352_S001_PINKBUTERFY";"21,99"
"HPF352_S01_WHITE";"21,99"
"HPF352_S001_WHITE";"19,78"
"HPF352_S001_YELLOW";"19,78"
"HPF352_S001A02_WHITE";"21,99"
"HPF352_S001A03_WHITE";"19,78"
"HPF352_S001A03_WHT";"21,99"
"HPF352_S001A05_WHITE";"19,78"
"HPF352_S001A07_WHITE";"21,99"
"HPF352_S001A11_WHITE";"19,78"
"HPF352_S001A12_1WHITE";"21,99"
"HPF352_S001A12_WHITE";"19,78"
"HPF352_S001A13_WHITE";"19,78"
"HPF352_S001A13_WHT";"21,99"
"HPF352_S001A15_WHITE";"19,78"
"HPF352_S001A28_WHITE";"21,99"
"HPF352_S001A31_BEIGE";"21,99"
"HPF352_S001BCK";"22,99"
"HPF352_S001YEW_YELLOW";"19,78"
"HPF352_S002_1WHITE";"19,78"
"HPF352_S002_1YELLOW";"21,99"
"HPF352_S002_BEIGE";"19,78"
"HPF352_S002_BIJELA";"19,78"
"HPF352_S002_BLACK";"20,99"
"HPF352_S002_GREEN";"19,78"
"HPF352_S002_NAVY";"20,99"
"HPF352_S002_ORANGE";"19,78"
"HPF352_S002_RED";"21,99"
"HPF352_S02_WHITE";"21,99"
"HPF352_S002_WHITE";"19,78"
"HPF352_S002_WHITE_S";"19,78"
"HPF352_S002_WHT";"19,78"
"HPF352_S002_YELLOW";"19,78"
"HPF352_S002BCS";"19,78"
"HPF352_S002BLACK";"21,99"
"HPF352_S003_BEIGE";"19,78"
"HPF352_S003_BLACK";"21,99"
"HPF352_S03_WHITE";"22,99"
"HPF352_S3_WHITE";"21,99"
"HPF352_S003_WHITE";"19,78"
"HPF352_S003_WHT";"24,99"
"HPF352_S003BLACK";"19,99"
"HPF352_S004_BEIGE";"21,99"
"HPF352_S004_BLACK";"21,99"
"HPF352_S04_BLACK";"21,99"
"HPF352_S004_BLUE";"21,99"
"HPF352_S04_DBROWN";"21,99"
"HPF352_S004_NAVY";"21,99"
"HPF352_S04_ORANGE";"21,99"
"HPF352_S04_WHITE";"21,99"
"HPF352_S07_WHITE";"21,99"
"HPF352_S010_1BEIGE";"20,99"
"HPF352_S010_1BLACK";"20,99"
"HPF352_S010_1WHITE";"19,99"
"HPF352_S010_1YELLOW";"20,99"
"HPF352_S010_2BEIGE";"20,99"
"HPF352_S010_2BLACK";"20,99"
"HPF352_S010_2WHITE";"20,99"
"HPF352_S010_4BLACK";"20,99"
"HPF352_S010_20_WHITE";"20,99"
"HPF352_S010_BEIGE";"19,78"
"HPF352_S010_BLACK";"19,78"
"HPF352_S010_BLACKY";"20,99"
"HPF352_S010_BLUE";"19,78"
"HPF352_S010_GREEN";"20,99"
"HPF352_S010_PINK";"19,78"
"HPF352_S010_WHITE";"19,99"
"HPF352_S010_YELLOW";"19,99"
"HPF352_S011_1WHITE";"20,99"
"HPF352_S011_21_WHITE";"20,99"
"HPF352_S011_BEIGE";"19,78"
"HPF352_S011_BLACK";"19,78"
"HPF352_S011_BLACKY";"19,78"
"HPF352_S011_BLUE";"19,78"
"HPF352_S011_FLOWER";"19,78"
"HPF352_S11_WHITE";"20,99"
"HPF352_S0011_WHITE";"21,99"
"HPF352_S011_WHITE";"19,78"
"HPF352_S011_WHT";"19,78"
"HPF352_S012_1BEIGE";"20,99"
"HPF352_S012_1BLACK";"20,99"
"HPF352_S012_1PINK";"20,99"
"HPF352_S012_1WHITE";"19,78"
"HPF352_S012_BEIGE";"19,78"
"HPF352_S012_BLACK";"20,99"
"HPF352_S012_BLUE";"19,78"
"HPF352_S012_PINK";"22,99"
"HPF352_S012_SWHITE";"19,99"
"HPF352_S12_WHITE";"18,99"
"HPF352_S012_WHITE";"20,99"
"HPF352_S012_WHT";"19,78"
"HPF352_S013_BLUE";"19,78"
"HPF352_S13_WHITE";"21,99"
"HPF352_S0013_WHITE";"21,99"
"HPF352_S014_19_WHITE";"20,99"
"HPF352_S14_WHITE";"22,99"
"HPF352_S014_WHITE";"19,78"
"HPF352_S15_WHITE";"22,99"
"HPF352_S17_WHITE";"22,99"
"HPF352_S0017_WHITE";"21,99"
"HPF352_S19_WHITE";"19,99"
"HPF352_S020_BLACK";"20,99"
"HPF352_S20_WHITE";"19,99"
"HPF352_S020_YELLOW";"20,99"
"HPF352_S24_PINK";"21,99"
"HPF352_S25_WHITE";"21,99"
"HPF352_S27_WHITE";"22,99"
"HPF352_S029_BEIGE";"21,99"
"HPF352_S29_BEIGE";"21,99"
"HPF352_S30";"21,99"
"HPF352_S30_BEIGE";"21,99"
"HPF352_S30_PINK";"21,99"
"HPF352_S31_BEIGE";"21,99"
"HPF352_S39_WHITE";"22,99"
"HPF352_S40_WHITE";"21,99"
"HPF352_S41_WHITE";"21,99"
"HPF352_S42_BEIGE";"21,99"
"HPF352_S43_WHITE";"21,99"
"HPF352_S44_WHITE";"21,99"
"HPF352_S47_WHITE";"21,99"
"HPF352_S48_GREEN";"21,99"
"HPF352_S49_GREY";"21,99"
"HPF352_S50_WHITE";"21,99"
"HPF352_S51_WHITE";"21,99"
"HPF352_S52_BEIGE";"21,99"
"HPF352_S54_GREEN";"21,99"
"HPF352_S55_WHITE";"21,99"
"HPF352_S56_BLACK";"21,99"
"HPF352_S57_WHITE";"21,99"
"HPF352_S58_PURPLE";"21,99"
"HPF352_S60_PURPLE";"21,99"
"HPF352_S62_BROWN";"18,99"
"HPF352_S63_BEIGE";"21,99"
"HPF352_S64_BEIGE";"21,99"
"HPF352_S65_BLACK";"22,99"
"HPF352_S66_WHITE";"22,99"
"HPF352_S71_BEIGE";"24,99"
"HPF352_S00102_WHITE";"21,99"
"HPF352_S00113_WHITE";"21,99"
"HPF352_S114_WHITE";"25,99"
"HPF352_S00133_WHITE";"21,99"
"HPF352_SOO2_GREEN";"19,78"
"HPF352S003_BLACK";"18,99"
"HPF380_S010_NAVY";"21,99"
"HPF380_S011_NAVY";"21,99"
"HPF380_S012_BLACK";"21,99"
"HPM360_S041_BLACK";"21,99"
"HPM360_S041_BROWN";"21,99"
"HPM360_S041_WHITE";"18,99"
"HPM360_S042_BLACK";"22,99"
"HPM360_S042_WHITE";"19,99"
"HPM3360_S041_BLACKY";"21,99"
"HR19_740_025_BEIGE";"13,14"
"HR19_740_025_BLACK";"13,14"
"HR19_740_025_BLUE";"13,14"
"HR19_740_025_WHITE";"13,14"
"HR22_BLUE";"13,14"
"HR22_RED";"13,14"
"HR19706011_BEIGE";"17,12"
"HR19706011_RED";"16,99"
"HR19951011_BEIGE";"18,45"
"HR19951011_NAVY";"19,78"
"HS672_BLACK";"23,76"
"HS676_CHAMPAGNE";"33,05"
"HS23226_BLACK";"37,99"
"HSF352_S018_BLACK";"22,99"
"HSF352_S019_BLACK";"22,43"
"HT805_BLACK";"22,43"
"HT805_NAVY";"22,43"
"HT805_WHITE";"22,43"
"HT19800_BLACK_MAT";"22,43"
"HT19800_BRONZE_MAT";"22,43"
"HT19800_DBLUE_MAT";"22,43"
"HT19800_GOLD_MAT";"22,43"
"HT19800_RED_MAT";"22,43"
"HT19800_SILVER_MAT";"22,43"
"HT19800_WHITE_MAT";"22,43"
"HT19801_BEIGE_NOB";"22,43"
"HT19801_BLACK_NOB";"22,43"
"HT19801_DBLUE_NOB";"22,43"
"HT19801_RED_NOB";"22,43"
"HT19801_TABA_NOB";"22,43"
"HT19802_BLACK_MAT";"22,43"
"HT19802_BRONZE";"22,43"
"HT19802_DBLUE_MAT";"22,43"
"HT19802_GOLD_MAT";"22,43"
"HT19802_RED_MAT";"22,43"
"HT19802_SILVER_MAT";"22,43"
"HT19802_WHITE_MAT";"22,43"
"HT19803_BEIGE_NOB";"22,43"
"HT19803_BLACK_NOB";"22,43"
"HT19803_DBLUE_NOB";"22,43"
"HT19803_RED_NOB";"22,43"
"HT19803_TABA_NOB";"22,43"
"HTC19756_NAVY";"9,16"
"HTC19756_PINK";"9,16"
"HU501_BLACK";"19,99"
"HU503_BLACK";"19,99"
"HU503_PINK";"19,99"
"HU504_BLACK";"22,99"
"HU517_BLACK";"17,99"
"HU6525_BLACK";"19,99"
"HUGO_BLACK";"39,68"
"HUSKY_060_357";"35,70"
"HV1092205";"72,86"
"HV1092504";"72,86"
"HW_107_25_02";"59,59"
"HW_107_27_02";"59,59"
"HW_112_BLACK";"39,68"
"HW20_2309";"9,16"
"HW20_2309_BEIGE";"9,09"
"HW152285_BLUE";"7,83"
"HW152285_PINK";"7,83"
"HW152285_PURPLE";"7,83"
"HX7A382_BROWN";"23,76"
"HX7A382_NAVY";"23,76"
"HX1445_18_BLACK";"35,70"
"HY525_BROWN";"33,05"
"HYZ102_BLACK";"20,99"
"HYZ111_BEIGE";"19,99"
"HYZ111_BLACK";"19,99"
"HZ200_CAMEL";"29,07"
"HZ2000_31_GREY";"29,07"
"HZ2000_31_PINK";"29,07"
"HZ1093406_BROWN";"79,50"
"HZ2093606_BLACK";"79,50"
"I_LOVE_MAMA_CRNA";"7,79"
"I_LOVE_MAMA_SIVA";"7,79"
"I_LOVE_PAPA_LILA";"11,81"
"I_LOVE_PAPA_PLAVA";"7,79"
"I_LOVE_PAPA_SIVA";"7,79"
"I_LOVE_PAPA_SVPLAVA";"7,79"
"ICON_BLUE";"599,00"
"ICON_D_BLACK";"599,00"
"IGA932_BLACK";"17,12"
"IGA935_GREEN";"17,12"
"ILSE967_BLUE";"17,12"
"ILSE967_GREEN";"17,12"
"ILSE967_NAVY";"17,12"
"ILSE967_RED";"17,12"
"ILSE967_YELLOW";"17,12"
"IMPACT_BLACK";"429,00"
"IMPACT_BLACK1";"449,00"
"IMPACT_BLUE";"449,00"
"IMPACT_BLUE_B";"449,00"
"IMPACT_LIME";"449,00"
"IMPEGNO";"22,43"
"IMPEGNO_BLACK";"22,43"
"INKA_GREY";"11,81"
"INKA_PINK";"11,81"
"INKA_WHITE";"11,81"
"J2C171100_22";"23,76"
"J2C171100_26";"33,05"
"J2C171100_30";"46,32"
"J202_BLACK";"24,99"
"J202_WHITE";"24,99"
"JANE_BEIGE";"21,10"
"JANKO_BLACK";"23,76"
"JANKO_YELLOW";"23,76"
"JAP29_MULTI";"6,50"
"JAP49_MULTI";"6,50"
"JAPLAN7_MULTI";"6,50"
"JAPLMIN48_MULTI";"6,50"
"JAPLST33_MULTI";"6,50"
"JAPSTC03_PINK";"5,18"
"JD535_BLACK";"24,99"
"JD535_CAMEL";"24,99"
"JE6155_1";"19,78"
"JE6155_2";"19,78"
"JE9202_BLACK";"22,99"
"JE9205B_BLACK";"22,99"
"JESSY_GREY";"19,78"
"JH318_BEIGE";"26,99"
"JH331_BLACK";"29,99"
"JH332_BLACK";"22,99"
"JH375_BLACK";"26,99"
"JH375_PINK";"26,99"
"JH390_BEIGE";"26,99"
"JHSL03_L_BLACK";"26,41"
"JHSL03_L_FUCHSIA";"26,41"
"JHSL03_M_RED_C_Z";"26,41"
"JL1996_BLACK";"27,99"
"JM3011_BLACK";"32,99"
"JN121_BLACK";"26,41"
"JON_BLACK";"25,08"
"JON_BLACK_GREY";"25,08"
"JOOP_BLACK";"10,49"
"JOOP_BLUE";"10,49"
"JOOP_BROWN";"10,49"
"JORDAN";"5,18"
"JORDAN_BLUE";"5,18"
"JOSHUA_GREY";"72,00"
"JPF370_1GREY";"16,99"
"JPF370_BLACK";"16,99"
"JPF370_GREEN";"16,99"
"JPF370_GREY";"16,99"
"JPF370_PINK";"16,99"
"JPF370_PURPLE";"16,99"
"JPF370_RED";"16,99"
"JPF370_YELLOW";"16,99"
"JT29R_BLACK";"22,43"
"JT29R_RED";"22,43"
"JT719_BLACK";"13,14"
"JT719_NAVY";"13,14"
"JUSTUS_BLACK";"17,12"
"JYT3_BEIGE";"21,99"
"JYT3_BLACK";"21,99"
"K_9937_BLACK";"38,36"
"K60_BLACK";"39,68"
"K60_GREY";"39,68"
"K100_BLACK";"34,99"
"K119_GREY";"7,83"
"K200_BLACK";"34,99"
"K273_BLACK";"39,99"
"K295_BLACK";"39,99"
"K391_BLACK";"20,99"
"K903_PINK";"22,43"
"K5327_BLACK";"33,05"
"K5327_BROWN";"33,05"
"K3502293_1PINK";"4,79"
"K3502293_BLUE";"4,79"
"K3502293_GREEN";"4,79"
"K3502293_PINK";"4,79"
"KALOL21_02_BLACK";"25,08"
"KANSAS";"0,00"
"KAPP33_BLUE";"25,08"
"KD_3_FUXIA_24_31";"13,14"
"KD_3_NAVY_24_31";"13,14"
"KG1AV09_NAVY";"17,12"
"KG42_GREEN";"13,14"
"KG102_NAVY";"17,12"
"KIM972_BLUE";"17,12"
"KIM972_GREEN";"17,12"
"KIM972_RED";"17,12"
"KIM972_YELLOW";"17,12"
"KITZSTEINHORN_BLACK";"59,59"
"KL_335_KHAKI";"33,05"
"KL320_GREY";"33,05"
"KL911_BLACK";"36,99"
"KLQS_BLACK";"26,99"
"KLQS_PINK";"26,99"
"KLQS39_BEIGE";"27,99"
"KLX25NAS_3D_03_BLUE";"13,99"
"KLX25NAS_3D_04_PPURPLE";"13,99"
"KNILOL_PINK";"15,79"
"KNIMIN_BLUE";"15,79"
"KNIMIN_PINK";"15,79"
"KNIPP_BLUE";"15,79"
"KO154_RED_W";"35,99"
"KO360_BLACK";"39,99"
"KO360_BLUE";"39,99"
"KO360_RED";"39,99"
"KO910_BLACK";"36,99"
"KO910_WHITE";"36,99"
"KO950_BEIGE";"48,99"
"KO950_BLUE";"39,99"
"KO951_BLACK";"39,99"
"KO953_BLACK";"39,99"
"KO953_BLUE";"48,99"
"KO953_WHITE";"48,99"
"KO2019_BLACK";"49,99"
"KO2019_RED";"49,99"
"KO2019_WHITE";"49,99"
"KO3100_BLACK";"29,99"
"KO3100_WHITE";"29,99"
"KOA01_1_GREEN";"54,99"
"KOA01_1BLACK";"49,99"
"KOA01_1PINK";"49,99"
"KOA01_1WHITE";"49,99"
"KOA01_2BLACK";"49,99"
"KOA01_3BLACK";"49,99"
"KOA01_BLACK";"49,99"
"KOA01_BLACK_CP";"44,99"
"KOA01_BLACK_P";"49,99"
"KOA01_C_BLACK";"54,99"
"KOA01_C_FLOWER";"44,99"
"KOA01_C_GREEN";"54,99"
"KOA01_C_HEART";"54,99"
"KOA01_C_PINK";"44,99"
"KOA01_FLOWER";"49,99"
"KOA01_GREEN";"49,99"
"KOA01_HEART";"49,99"
"KOA01_HEART_K";"47,99"
"KOA01_N_WHITE";"44,99"
"KOA01_P_GREEN";"44,99"
"KOA01_P_PINK";"54,99"
"KOA01_PINK";"49,99"
"KOA01_R_WHITE";"49,49"
"KOA01_RED";"44,99"
"KOA01_W_PINK";"44,99"
"KOA01_W_WHITE";"44,99"
"KOA01_WHITE";"49,99"
"KOA01_WHITE_C";"44,99"
"KOA01_WHITE_Z";"49,99"
"KOA01_Z_GREEN";"44,99"
"KOA01_Z_WHITE";"46,99"
"KOA05_1_FLOWER";"54,99"
"KOA05_1_WHITE";"49,99"
"KOA05_BLACK";"54,99"
"KOA05_C_BLACK";"44,99"
"KOA05_C_FLOWER";"44,99"
"KOA05_C_HEART";"44,99"
"KOA05_C_WHITE";"54,99"
"KOA05_FLOWER";"44,99"
"KOA05_HEART";"54,99"
"KOA05_P_BLACK";"54,99"
"KOA05_WHITE";"54,99"
"KOA05_WHITE_PS";"54,99"
"KOA06_SILVER";"44,99"
"KOA200_1BLACK";"49,99"
"KOA200_1WHITE";"49,99"
"KOA200_2BLACK";"49,99"
"KOA200_2WHITE";"49,99"
"KOA200_3BLACK";"49,99"
"KOA200_3WHITE";"49,99"
"KOA200_BLACK";"49,99"
"KOA200_BLACK_CP";"49,99"
"KOA200_FLOWER";"49,99"
"KOA200_FLOWER_C";"49,99"
"KOA200_GOLD_C";"49,99"
"KOA200_GREEN";"49,99"
"KOA200_HEART";"49,99"
"KOA200_HEART_C";"49,99"
"KOA200_HEART_NN";"49,99"
"KOA200_PINK";"49,99"
"KOA200_PINK_C";"49,99"
"KOA200_RED_C";"49,99"
"KOA200_SILVER";"49,99"
"KOA200_SILVER_C";"49,99"
"KOA200_SILVER_C1";"49,99"
"KOA200_SILVER_N";"49,99"
"KOA200_WHITE";"49,99"
"KOA200_WHITE_C";"49,99"
"KOA200_WHITE_CC";"49,99"
"KOA202_1WHITE";"49,99"
"KOA202_WHITE";"49,99"
"KOAA01_BEIGE_PUDER";"62,99"
"KOAA01_WHITE_G";"54,99"
"KOAA05_WHITE";"54,99"
"KOAA200_FLOWER";"49,99"
"KOAA200_GOLD";"49,99"
"KOF01_1_BLACK";"54,99"
"KOF01_1_GREEN";"44,99"
"KOF01_1RED";"49,99"
"KOF01_2_GREEN";"54,99"
"KOF01_2_RED";"44,99"
"KOF01_3RED";"49,49"
"KOF01_BLACK";"44,99"
"KOF01_BLACK_WH";"54,99"
"KOF01_C_GREEN";"44,99"
"KOF01_C_PINK";"54,99"
"KOF01_C_RED";"44,99"
"KOF01_C_WHITE";"49,99"
"KOF01_C1_PINK";"44,99"
"KOF01_FLOWER";"49,99"
"KOF01_GREEN";"44,99"
"KOF01_HEART";"44,99"
"KOF01_NN_PINK";"54,99"
"KOF01_NN_RED";"44,99"
"KOF01_PINK";"49,99"
"KOF01_PINK_S";"49,99"
"KOF01_R_BLACK";"54,99"
"KOF01_RED";"49,99"
"KOF01_RED_B";"59,59"
"KOF01_RED_C";"59,59"
"KOF01_S_GREEN";"54,99"
"KOF01_WHITE";"54,99"
"KOF01_Z_GREEN";"44,99"
"KOF05_BLACK";"54,99"
"KOF05_C_FLOWER";"54,99"
"KOF05_C_HEART";"44,99"
"KOF05_C_WHITE";"54,99"
"KOF05_FLOWER";"49,99"
"KOF05_HEART";"54,99"
"KOF05_N_HEART";"54,99"
"KOF05_N_WHITE";"54,99"
"KOF05_PC_BLACK";"54,99"
"KOF05_R_BLACK";"62,25"
"KOF05_WHITE";"54,99"
"KOF06_GOLD";"54,99"
"KOF06_SILVER";"44,99"
"KOF200_1BLACK";"49,99"
"KOF200_1FLOWER";"49,99"
"KOF200_1RED";"49,99"
"KOF200_1WHITE";"49,99"
"KOF200_2BLACK";"49,99"
"KOF200_2WHITE";"49,99"
"KOF200_3BLACK";"49,99"
"KOF200_4BLACK";"49,99"
"KOF200_BLACK";"49,99"
"KOF200_FLOWER";"49,99"
"KOF200_GOLD";"49,99"
"KOF200_GOLD_C";"49,99"
"KOF200_GOLD_N";"51,99"
"KOF200_HEART";"52,99"
"KOF200_PINK";"49,99"
"KOF200_PINK_C";"49,99"
"KOF200_RED";"47,99"
"KOF200_ROSEGOLD";"49,99"
"KOF200_RWHITE";"49,99"
"KOF200_SILVER";"49,99"
"KOF200_SILVER_C";"49,99"
"KOF200_SILVER_CC";"49,99"
"KOF200_WHITE";"49,99"
"KOF200_WHITE_C";"49,99"
"KOF202_BLACK";"49,99"
"KOFF01_1BLACK";"49,99"
"KOFF01_BLACK";"49,99"
"KOFF01_RED";"54,99"
"KOFF05_BLACK";"54,99"
"KOFF05_CC_HEART";"54,99"
"KOFF05_WHITE";"54,99"
"KOFF06_C_GOLD";"54,99"
"KOFF06_GOLD";"54,99"
"KOFF200_GOLD";"51,99"
"KOFF200_RED_PUDER";"52,99"
"KOFF200_SILVER";"49,99"
"KOFF200_WHITE";"49,99"
"KORA_925_REDROM";"17,12"
"KORA925_BLUE";"17,12"
"KORA925_RED";"17,12"
"KORA925_REDPAJ";"17,12"
"KOV202_PINK";"32,99"
"KOV261_BLUE";"36,99"
"KPF352_12_WHITE";"25,99"
"KPF352_S01_WHITE";"25,99"
"KPF352_S02_WHITE";"25,99"
"KPF352_S03_WHITE";"25,99"
"KPF352_S00102_WHITE";"22,39"
"KPF352_S00107_WHITE";"22,43"
"KPF352_S00107_WHT";"22,43"
"KPF352_S00112_WHITE";"22,43"
"KPF352_S00112_WHT";"22,43"
"KPF352_S00128_BEIGE";"22,43"
"KPF352_S00129_WHITE";"22,43"
"KROKO_BLUE";"7,83"
"KROKO_GREEN";"7,83"
"KROKO_ORANGE";"3,79"
"KROKO_RED";"3,85"
"L118_23_BLACK";"22,43"
"L118_23_BLK_BEIGE";"22,43"
"L118_26_BLK_BEIGE";"22,43"
"L627_BLACK";"24,99"
"L973_BLACK";"23,99"
"L1007_CHAMPAGNE";"29,07"
"L1187_BLACK";"23,99"
"L8817_GOLD";"23,76"
"L8817_SILVER";"23,76"
"L57615_1CL";"19,78"
"L58893_1H8";"43,67"
"L58893_1IN";"43,67"
"L58902_1GN";"46,32"
"L58902_1HK";"46,32"
"L19110103__BLACK";"25,99"
"LA252_WHITE";"28,99"
"LA252_WHITE_RED";"28,99"
"LA295_BLACK";"28,99"
"LAN_BLUE";"6,49"
"LAVER_BLUE";"10,49"
"LAVER_RED";"10,49"
"LB111_BLACK";"64,99"
"LB111_BLUE";"64,99"
"LB111_GRAY";"64,99"
"LB111_TURKUAZ";"64,99"
"LB111_WHITE";"69,00"
"LC96341_BLACK";"26,41"
"LD_61_3_BLACK";"25,99"
"LD23019_OLIVE";"34,99"
"LD248009_GREY";"34,99"
"LD2480775_BLACK";"34,99"
"LDLJ192_BEIGE";"28,99"
"LDLJ192_BLACK";"28,99"
"LE6080_WHITE";"24,99"
"LE60802_WHITE";"24,99"
"LE60803_WHITE";"24,99"
"LECH_BLACK";"48,97"
"LET_52_BEIGE";"26,99"
"LET_52_BLACK";"26,99"
"LET651_BLACK";"22,99"
"LEVI_BLACK_RED";"52,96"
"LH113_BLACK";"26,99"
"LINZ_SIVA";"13,14"
"LLT1529_BLACK";"13,14"
"LLT1529_NAVY";"13,14"
"LLT1530_BLUE";"13,14"
"LLT1617_BLACK";"13,14"
"LLT1617_NAVY";"13,14"
"LLT1618_BLACK";"13,14"
"LLT1618_BLUE";"13,14"
"LNA223F101_01";"33,05"
"LOTUS_BEIGE";"22,43"
"LOTUS_KHAKI";"22,43"
"LOVOR_NAVY";"11,81"
"LOWRI_BEIGE";"23,76"
"LOWRI_LIGHTBLUE";"23,76"
"LP1536_BLACK";"19,78"
"LP1536_YELLOW";"19,78"
"LP1747_BLUE";"26,41"
"LP1747_YELLOW";"26,41"
"LS68_BLACK";"21,10"
"LS68_PINK";"21,10"
"LS68_SILVER";"21,10"
"LS68_WHITE";"21,10"
"LT417_BLACK";"23,99"
"LT417_WHITE";"26,99"
"LT9851_BLACK";"26,41"
"LTA181301_04";"29,07"
"LTA181302_03";"29,07"
"LTA181302_04";"29,07"
"LTA183312_02";"35,70"
"LTA191101_01";"30,39"
"LTA193105_01";"49,99"
"LTA193312_75";"38,36"
"LTB191204_01";"44,99"
"LTB191204_02";"37,03"
"LTB193102_95";"48,97"
"LTE201U100_01";"9,16"
"LTE201U100_03";"9,16"
"LTE201U102_01";"9,16"
"LTE241M201_01";"19,99"
"LTF201B121_02";"25,08"
"LTF201G121_02";"30,39"
"LTF203F100_01";"37,03"
"LTF203F100_10";"37,03"
"LTF203F101_01";"38,29"
"LTF203F101_03";"48,97"
"LTF203M101_01";"49,99"
"LTF203M101_02";"33,05"
"LTF203M101_10";"49,99"
"LTF203M109_01";"48,97"
"LTF203M119_01";"35,70"
"LTF211B107_02";"30,39"
"LTF211B108_02";"30,39"
"LTF211F104_03";"43,67"
"LTF211F109_74";"43,67"
"LTF211M104_01";"35,70"
"LTF211M104_03";"43,67"
"LTF213B102_01";"38,36"
"LTF213M202_01";"66,23"
"LTF213M202_09";"66,23"
"LTF221B403_02";"16,99"
"LTF221F109_01";"49,99"
"LTF221F401_75";"18,99"
"LTF221G106_10";"29,99"
"LTF221G403_10";"16,99"
"LTF221M103_01";"39,99"
"LTF221M108_01";"45,99"
"LTF221M108_10";"49,99"
"LTF231B102_28";"39,99"
"LTF231B103_28";"41,99"
"LTF231B104_25";"34,99"
"LTF231B400_01";"16,99"
"LTF231B400_02";"16,99"
"LTF231F102_75";"47,99"
"LTF231F102_82";"47,99"
"LTF231F403_04";"18,99"
"LTF231F403_85";"18,99"
"LTF231F404_92";"19,99"
"LTF231G100_03";"28,99"
"LTF231G104_07";"26,90"
"LTF231G403_75";"16,99"
"LTF231M101_62";"39,00"
"LTF231M103_01";"35,99"
"LTF231M108_01";"39,99"
"LTF231M401_01";"18,99"
"LTF231M401_05";"18,99"
"LTF231M401_62";"18,99"
"LTF241B111_01";"32,99"
"LTF241B116_01";"42,99"
"LTF241B117_64";"32,99"
"LTF241B119_64";"29,00"
"LTF241F103_01";"49,99"
"LTF241F107_1X";"39,00"
"LTF241F107_10";"37,99"
"LTF241F403_10";"18,99"
"LTF241F404_85";"18,99"
"LTF241G400_10";"16,99"
"LTF241G401_73";"16,99"
"LTF241G404_46";"9,99"
"LTF241M105_01";"47,99"
"LTF241M105_10";"47,99"
"LTF241M125_64";"39,99"
"LTF241M401_61";"18,99"
"LTF241M402_01";"18,99"
"LTF241M402_62";"18,99"
"LTF243B101_02";"32,99"
"LTF243F105_01";"44,99"
"LTF243G103_01";"34,99"
"LTF243M105_61";"58,99"
"LTF251F105_82";"44,99"
"LTF251M105_01";"57,99"
"LTF251M105_10";"57,99"
"LTF251M109_01";"54,99"
"LTF251M109_10";"39,00"
"LTF261F401_LILA";"16,99"
"LTF261F401_WHITE";"16,99"
"LX023_WHITE";"23,76"
"LX027_BLACK";"30,39"
"LX202_BLACK";"19,78"
"LX202_KHAKI";"19,78"
"LX209_BEIGE";"19,78"
"LY_703_PINK";"25,08"
"LY9125_CHAMPAGNE";"26,41"
"LY9125_WHITE";"26,41"
"LYDIA_BEIGE";"34,99"
"M_23_BLACK";"23,76"
"M1D16316_APRICOT";"23,76"
"M1D163161_BLACK";"26,41"
"M1L16316_PINK";"30,39"
"M7L151_BLACK";"30,39"
"M079_BLACK";"26,41"
"M079_BROWN";"26,41"
"M101_BLACK";"33,99"
"M101_BLUE";"33,99"
"M101_BROWN";"33,99"
"M126_025_BLACK";"24,99"
"M126_188_BLACK";"22,43"
"M182_RED";"24,99"
"M183_NAVY";"24,99"
"M183_RED";"24,99"
"M184_BEIGE";"19,78"
"M184_BLACK";"19,78"
"M184_BLACK_LOVE";"19,78"
"M184_BLUE";"19,78"
"M184_BLUE_LOVE";"19,78"
"M184_BORDO_LOVE";"19,78"
"M184_GOLD";"19,78"
"M184_GREY";"19,78"
"M184_R_BEIGE";"19,78"
"M184_R_BLACK";"22,49"
"M184_R_WHITE";"19,78"
"M184_RED";"19,78"
"M184_WHITE";"19,78"
"M185_WHITE";"19,78"
"M186_WHITE";"13,14"
"M187_BLUE";"19,78"
"M187_BROWN";"19,78"
"M187_GOLD";"19,78"
"M187_WHITE";"19,78"
"M188_FLOWER";"19,78"
"M188_FLOWER1";"19,78"
"M189_BEIGE";"22,49"
"M189_BLUE";"23,99"
"M189_BROWN";"22,49"
"M189_FLOWER";"22,49"
"M189_RED";"22,49"
"M190_1WHITE";"24,99"
"M190_2WHITE";"24,99"
"M190_3WHITE";"25,99"
"M190_B_BLACK";"24,99"
"M190_BLACK";"24,99"
"M190_BLACK_FLOWER";"24,99"
"M190_BLUE_RED";"24,99"
"M190_GREEN_FLOWER";"24,99"
"M190_PURPLE";"24,99"
"M190_R_BLACK";"24,99"
"M190_RED";"24,99"
"M190_RED_FLOWER";"24,99"
"M190_WHITE";"24,99"
"M190_WHITE_FLOWER";"24,99"
"M191_1SILVER";"24,99"
"M191_1WHITE";"24,99"
"M191_2WHITE";"24,99"
"M191_3_WHITE";"24,99"
"M191_BLACK_FLOWER";"24,99"
"M191_BLK_FLOWER";"24,99"
"M191_FLOWER";"24,99"
"M191_FLOWER_BLACK";"24,99"
"M191_G_FLOWER";"22,99"
"M191_HEART";"22,99"
"M191_NAVY";"25,99"
"M191_PINK";"24,99"
"M191_PURPLE";"24,99"
"M191_SILVER";"24,99"
"M191_VJE";"22,99"
"M191_WHITE";"24,99"
"M191_WHT";"24,99"
"M192_PURPLE";"24,99"
"M193_GREEN";"23,99"
"M193_GREY";"23,99"
"M194_PINK";"24,99"
"M195_BEIGE";"19,99"
"M195_RED";"19,99"
"M196_YELLOW";"18,99"
"M197_PURPLE";"18,99"
"M198_1_WHITE";"25,99"
"M198_1BLACK";"25,99"
"M198_2_WHITE";"25,99"
"M198_BLACK";"25,99"
"M198_WHITE";"25,99"
"M199_1WHITE";"25,99"
"M199_2_WHITE";"25,99"
"M199_BLACK";"25,99"
"M199_RED";"25,99"
"M199_REDZ";"25,99"
"M199_WHITE";"25,99"
"M199_WHITE1";"25,99"
"M200_1WHITE";"25,99"
"M200_WHITE";"25,99"
"M201_1WHITE";"25,99"
"M201_WHITE";"25,99"
"M202_1_WHITE";"24,99"
"M202_1FLOWER";"22,49"
"M202_2_WHITE";"24,99"
"M202_3_WHITE";"22,49"
"M202_4_WHITE";"24,99"
"M202_BLKFLOWER";"22,99"
"M202_DOG";"24,99"
"M202_FLOWER";"22,49"
"M202_LEPTIR";"22,49"
"M202_LEPTIR2";"22,99"
"M202_LEPTIR3";"22,99"
"M202_LEPTIR4";"22,49"
"M202_S_BEIGE";"24,99"
"M202_S1_BEIGE";"24,99"
"M202_WHITE";"24,99"
"M377_BLACK";"19,99"
"M622_BLACK";"22,43"
"M687_BEIGE";"22,43"
"M687_BLACK";"22,43"
"M687_GREY";"22,43"
"M687_RED";"22,43"
"M2026_LEPTIR";"27,99"
"M2026_RED";"27,99"
"M6990_BLACK";"24,99"
"M7652_WHITE";"66,23"
"M9237_BEIGE";"33,05"
"M9237_BLACK";"33,05"
"M9238_BLACK";"33,05"
"MABON_LIME";"26,41"
"MACK_BLACK";"39,68"
"MACK_blue_lime";"39,68"
"MACK_NAVY";"39,68"
"MACK_RED";"39,68"
"MACY_PINK_PAW";"17,12"
"MACY_SILVER_PAW";"17,12"
"MAJOR_BLACK";"23,76"
"MAJOR_BLUE";"23,76"
"MAJOR_NAVY_PURPLE";"23,76"
"MALA_BLUE";"26,41"
"MANDI_WHITE";"25,08"
"MANDY_BLACK";"25,08"
"MANI_BLUE";"19,78"
"MANI_RED";"19,78"
"MANI_WHITE";"19,78"
"MANII_BLACK";"19,78"
"MANIO_GREY";"23,76"
"MANIO_ORANGE";"23,76"
"MAO_BLACK_41_46";"26,41"
"MAO_FUXIA";"26,41"
"MAO_NAVY";"26,41"
"MAO_ROYAL";"26,41"
"MAOR_BLACK";"30,39"
"MARA_BLACK";"13,14"
"MARA_FUXIA";"19,78"
"MARA_GOLD";"19,78"
"MARA_NAVY";"19,78"
"MARA_SILVER";"19,78"
"MARA_WHITE";"13,14"
"MARAT_BLACK";"19,78"
"MAREN_NAVY";"12,99"
"MAREN_PINK";"12,99"
"MARIS_BLACK";"26,41"
"MARO_BLACK";"23,76"
"MARO_NAVY";"23,76"
"MARTY_BLACK";"30,39"
"MARTY_CAMEL";"30,39"
"MATEA_BLACK";"17,12"
"MATS_GREY";"39,68"
"MATS_KHAKI";"39,68"
"MATS_NAVY";"39,68"
"MATS_RED";"39,68"
"MAUN_BLACK";"30,39"
"MAX_BLACK";"30,39"
"MB9538_BLACK";"27,99"
"MB9538_BLUE";"27,99"
"MB9538_NAVY";"27,99"
"MB9538_PINK";"27,99"
"MB95363_NAVY";"27,99"
"MD95421_BLACK";"31,99"
"MD97611_BLACK";"27,99"
"MEBEL_BLACK";"26,41"
"MEGAN_BLACK";"19,78"
"MEGAN_NAVY";"19,78"
"MEGAN_RED";"19,78"
"MEGAN_RED_2";"19,78"
"MEGAN_WHITE";"19,78"
"MEKA_BLACK";"17,12"
"MELBA_BLACK";"15,79"
"MELBA_BROWN";"15,79"
"MELIS_BLACK";"25,08"
"MELO_BLACK";"22,43"
"MELO_NAVY";"22,43"
"MEMIR_BROWN";"24,99"
"MENES";"26,41"
"MENES_BLACK";"26,41"
"MENES_BLACK_GREY";"25,99"
"MENES_BLUE";"26,41"
"MENES_GREY";"26,41"
"MENES_GREY_1";"26,41"
"MENES_SILVER";"26,41"
"MENES_WHITE";"26,41"
"MERI_BLACK";"17,12"
"MERIL_BLACK";"19,78"
"MERIL_BROWN";"21,99"
"MERTA_APRICOT";"19,78"
"MERTA_BLACK";"19,78"
"METE_BLACK";"18,99"
"METE_BROWN";"21,99"
"MEVI_BLACK";"30,39"
"MEVI_CAMEL";"30,39"
"MGC_COFFE";"52,96"
"MI19_BLUE";"5,18"
"MI19_RED";"5,18"
"MICRUS";"229,00"
"MIDO_BLACK";"30,39"
"MIKE_BLUE_PAW";"17,12"
"MIKEL_BLACK";"30,39"
"MILY_BLACK";"30,39"
"MIND_BLACK";"30,39"
"MING_BLACK";"22,43"
"MING_BROWN";"18,99"
"MINNI_PINK";"18,45"
"MINOR_BLACK";"30,39"
"MIO_BLACK";"30,39"
"MIRTA_BEIGE";"17,12"
"MIRTA_BLACK";"17,12"
"MITETERSILL_BLACK_BLUE";"62,25"
"MJ11016_BLACK";"30,39"
"MJ11016_BLUE";"30,39"
"MJ11016_NAVY";"30,39"
"MJPP21_03_PINK";"13,09"
"MJPP21_13_NAVY";"13,14"
"ML58_BORDO";"29,99"
"ML59_BLACK";"26,99"
"MLO642_BLACK";"30,99"
"MM_352_BLACK";"22,43"
"MM_352_CHAMPAGNE";"22,43"
"MM130_PINK";"19,78"
"MO1120_BLACK";"28,99"
"MODUL_GREY";"22,43"
"MODUL_NAVY";"22,43"
"MODY_BLACK";"33,05"
"MODY_LIME";"37,03"
"MODY_NAVY";"33,05"
"MOKA_BLACK";"13,14"
"MOKA_LEOPARD";"19,78"
"MOKA_LEOPARDC";"19,78"
"MOKA_LEOPARDS";"19,78"
"MOKA_NAVY";"13,14"
"MOKA_RED";"13,14"
"MOKO_BLACK";"25,08"
"MOLA_BLACK";"33,05"
"MOLA_CAMEL";"33,05"
"MOLIN_BLACK";"23,76"
"MOLIN_GREY";"23,76"
"MOLIN_NAVY";"23,76"
"MOLIVIA_BLACK";"17,12"
"MOMO_BLACK";"66,23"
"MOMO_NAVY";"66,23"
"MONA_BLACK";"13,14"
"MONA_WHITE";"13,14"
"MONI_BLACK";"13,14"
"MONI_GOLD";"19,78"
"MONI_SILVER";"19,78"
"MONI_WHITE";"19,78"
"MONT";"52,96"
"MONT40U1";"13,14"
"MONTPARNASSE_BEIGE";"58,00"
"MORES_BLACK";"30,39"
"MORES_LIME";"30,39"
"MORES_RED";"30,39"
"MORI_BLACK";"13,14"
"MORI_FUXIA";"13,14"
"MORI_GOLD";"13,14"
"MORI_NAVY";"13,14"
"MORI_SILVER";"19,78"
"MORI_WHITE";"13,14"
"MORPHEUS";"26,41"
"MOTO_BLACK";"30,39"
"MOUNTAIN_BLACK";"39,68"
"MOUNTAIN_BLACKP";"39,68"
"MOUNTAIN_BLACKS";"39,68"
"MOUNTAIN_DBLACK";"33,05"
"MOUNTAIN_GREY";"33,05"
"MOUNTAIN_GREYG";"39,68"
"MOUNTAIN_GREYR";"39,68"
"MOUNTAIN_ROYAL";"39,68"
"MOUNTAIN_WHITE";"66,23"
"MOUNTAIN1_BLACK";"46,32"
"MOUNTAINS_BLACK";"46,32"
"MOXIE_BLACK";"23,76"
"MOZIS_BLACK";"26,41"
"MP01_WHITE";"50,30"
"MR068_BLACK";"23,76"
"MR651_BLACK";"23,76"
"MR653_BLACK";"23,76"
"MR902_BLACK";"29,99"
"MS9039_BLACK";"20,99"
"MSP14_BLACK";"29,07"
"MSP14_BLUE";"29,07"
"MSP14_SILVER";"29,07"
"MT_D0977_1_DK_PINK";"3,85"
"mtest2";"106,18"
"mtest5";"13,27"
"mtest6";"33,18"
"mtest7";"13,27"
"mtest8";"7,96"
"mtest9";"1,33"
"MU95401_BLACK";"31,99"
"MULL_BLACK";"24,99"
"MULL_BROWN";"24,99"
"MURFI_BLACK";"19,78"
"MURFI_BROWN";"19,78"
"MUZIR_BLACK";"17,12"
"MUZIR_NAVY";"17,12"
"MYLO_1_BROWN";"19,99"
"MYLO_1BLACK";"19,99"
"MYLO_BLACK";"19,78"
"MYLO_BROWN";"19,78"
"MZ200_KHAKI";"31,72"
"MZ3000_4_BLACK";"26,41"
"MZ3000_16_GREY";"26,41"
"N2_BLACK";"23,76"
"N2_NAVY";"23,76"
"N4_BLACK";"23,76"
"N4_NAVY";"23,76"
"N5_BLACK";"25,08"
"N6_BLACK";"25,08"
"N07_BROWN";"16,99"
"N9AX_BLACK";"35,70"
"N13_BLACK";"23,76"
"N13_NAVY";"23,76"
"N14_NAVY";"17,12"
"N15";"23,76"
"N15_BLACK";"23,76"
"N15_GREY";"23,76"
"N15_NAVY";"23,76"
"N16_GREY";"21,10"
"N19_BLACK";"18,99"
"N19_GREY";"18,99"
"N20_BLACK";"21,10"
"N20_GREY";"21,10"
"N27_BLACK";"12,00"
"N27_GREY";"23,76"
"N27_NAVY";"23,76"
"N28_GREY";"23,76"
"N172_BLUE";"9,99"
"N172_BROWN";"9,99"
"N172_GREY";"9,99"
"N190_BLACK";"19,99"
"N191_BEIGE";"19,99"
"N192_BEIGE";"19,99"
"N352_3_FLOWER";"39,99"
"N352_FLOWER";"39,99"
"N352_WHITE";"39,99"
"N357_3_FLOWER";"35,99"
"N2021_BLACK";"13,14"
"N2021_BLACKY";"13,14"
"N2021_BRONZE";"13,14"
"N2021_BROWN";"13,14"
"N2021_GREEN";"13,14"
"N2021_NAVY";"13,14"
"N2021_ORANGE";"13,14"
"N2021_RED";"13,14"
"N2021_WHITE";"13,14"
"NAP60_NAVY";"27,99"
"NB537_BLACK";"28,99"
"NB537_WHITE";"23,99"
"NB631_WHITE";"29,99"
"NB661_BEIGE";"21,99"
"NB661_BLACK";"21,99"
"NB661_GREY";"21,99"
"NELMA_BLK";"19,78"
"NENA_BLK";"19,78"
"NEW01_NAVY";"19,78"
"NF_23012_36_41_BLACK___WEISS";"33,05"
"NIF2357_BLACK";"11,99"
"NIF2357_GREY";"11,99"
"NIF2357_NAVY";"9,99"
"NILS_BLACK";"17,12"
"NILS_NAVY";"17,12"
"NNGFRO01_BLUE";"17,12"
"NNGM7_PINK";"17,12"
"NP89452";"52,96"
"NPF352_A14";"24,99"
"NPF352_A15";"24,99"
"NPF352_A24";"24,99"
"NPF352_A25";"24,99"
"NPF352_A26";"24,99"
"NPF352_A27";"24,99"
"NPF352_K_BLACK";"27,99"
"NPF352_K_CHERY";"27,99"
"NPF352_K_DRED";"27,99"
"NPF352_K_L012GOLD";"27,99"
"NPF352_K_ORANG";"27,99"
"NPF352_K_YELLOW";"27,99"
"NPF352_L011_BROWN";"27,99"
"NPF352_L012_1GREEN";"27,99"
"NPF352_L012_BLACK";"27,99"
"NPF352_L012_RED";"27,99"
"NPF352_LA011_RED";"27,99"
"NPF352_LA012_BORDO";"24,99"
"NPF352_LA012_GREEN";"24,99"
"NPF362_GREEN";"27,99"
"NPF362_K_GOLDEN";"24,99"
"NPF362_K_RED";"27,99"
"NPF362_ORANGE";"27,99"
"NPF362_RED";"27,99"
"NPF380_1BROWN";"24,99"
"NPF380_2_BROWN";"24,99"
"NPF380_BLACK";"24,99"
"NPF380_BLUE";"27,99"
"NPF380_BROWN";"27,99"
"NPF380_K_CHERRY";"27,99"
"NPF380_K_DBROWN";"27,99"
"NPF380_K_GOLDEN";"27,99"
"NPF380_K_GREEN";"27,99"
"NPF380_K_GREY";"25,19"
"NPF380_K_LA001_YELLOW";"27,99"
"NPF380_K_LGREEN";"27,99"
"NPF380_K_TBROWN";"27,99"
"NPF380_K_WHT";"27,99"
"NPF380_K_YELLOW";"27,99"
"NPF380_L002_PURPLE";"27,99"
"NPF380_LA002_PURPLE";"27,99"
"NPF380_LA003_1GREEN";"24,99"
"NPF380_LA003_BLACK";"27,99"
"NPF380_LA003_BLUE";"27,99"
"NPF380_LA003_GREEN";"27,99"
"NPF380_LA003_PINK";"27,99"
"NPF380_LA003_WHITE";"24,99"
"NPF380_PURPLE";"27,99"
"NPF380_WHITE";"27,99"
"NPF380_YELLOW";"24,99"
"NS1103302_NAVAHO";"33,05"
"NS1113301_NAVAHO";"33,05"
"NS1251403_COFFEE";"47,65"
"NU11216_BLACK";"47,65"
"NU1251605_NAVAHO";"47,65"
"NU1251708_NAVAHO";"47,65"
"NW_112_16_BLACK";"39,68"
"NY_111_34_01";"33,05"
"OCTOPUS_BLUE";"9,09"
"OCTOPUS_NAVY";"9,09"
"OCTOPUS_PINK";"9,09"
"OCTOPUS_PURPLE";"9,09"
"OD_ACID_GREEN";"7,90"
"OD_ARCTIC_BLUE";"14,90"
"OD_BLACK";"14,90"
"OD_ELECTR_YELLOW";"7,90"
"OD_MELLOW_YELLOW";"7,90"
"OD_MISCHMASCH";"14,90"
"OD_PALE_BLUE";"14,90"
"OD_POWDER_PINK";"14,90"
"OD_RUBY_HAZE";"7,90"
"OD_SUMMER_BLUE";"14,90"
"OD_TOXIC_PINK";"14,90"
"ODIN_GREY_ORANGE";"72,86"
"OF227_BLACK";"21,10"
"OH008_BLACK";"26,41"
"OH008_GOLD";"26,41"
"OH008_SILVER";"26,41"
"OLI939_BLUE";"13,14"
"OLI939_GREEN";"13,14"
"OLI939_PINK";"13,14"
"OLI939_PINKY";"13,14"
"OLI939_RED";"13,14"
"OPATIJA_BEIGE";"11,49"
"OPATIJA_BIJELA";"13,14"
"OPATIJA_BLACK";"11,49"
"OPATIJA_BORDO";"13,14"
"OPATIJA_CRVENA";"11,49"
"OPATIJA_LILA";"13,14"
"OPATIJA_PETROLEJ";"13,14"
"OPATIJA_PINK";"13,14"
"OPATIJA_PLAVA";"11,49"
"OPATIJA_ROYAL";"11,49"
"OPATIJA_SIVA";"13,14"
"OPATIJA_SMEDA";"13,14"
"OPATIJA_SVSIVA";"13,14"
"OR371_RED";"22,43"
"OROSEY_BEIGE";"63,00"
"OROSEY_GREY";"63,00"
"ORTLER_GREY";"25,00"
"OSLO_BLACK_GREY";"51,63"
"OSLO_BLACK_RED";"51,63"
"OSLO_NAVY_ORANGE";"51,63"
"P2L6206_BLACK";"26,41"
"P2L6206_SILVER";"26,41"
"P3T11686_APRIKOT";"19,78"
"P3T11686_BLACK";"19,78"
"P7L7365_APRIKOT";"29,07"
"P29_BLACK";"30,39"
"P1741_18_BLACK";"18,99"
"P1741_18_BROWN";"18,99"
"P2133_SILVER";"22,99"
"P2262_SILVER";"18,99"
"P2327_BLACK";"36,99"
"P2327_BROWN";"36,99"
"P2327_COFFEE";"36,99"
"P6966_PINK";"25,99"
"P6966_SILVER";"25,99"
"PA04532202_BLACK";"6,49"
"PA04532505_BLUE";"6,49"
"PA04532505_BLUE_1";"6,50"
"PA04532555_NAVY";"6,49"
"PA04532560";"6,49"
"PA66880405_BLUE";"6,49"
"PA66882555_NAVY";"6,49"
"PA66882555_RED";"6,49"
"PB15";"15,00"
"PB20";"20,00"
"PB30";"30,00"
"PB40";"40,00"
"PB50";"50,00"
"PC_4002_BLACK";"13,49"
"PC_4002_WHITE";"13,49"
"PC_5002_BLACK";"13,49"
"PC_5002_WHITE";"13,49"
"PERF_SHORT_CREW_BLUE";"9,09"
"PERF_SHORT_CREW_WHITE";"9,09"
"PERFORMANSE_CREW_BLACK";"9,16"
"PERFORMANSE_CREW_BLK";"7,83"
"PERFORMANSE_CREW_GREY";"7,79"
"PERFORMANSE_CREW_WHITE";"0,00"
"PERFORMANSE_CREW_WHT";"7,79"
"PERFORMANSE_QUARTER_BLACK";"9,16"
"PERFORMANSE_QUARTER_BLK";"9,09"
"PERFORMANSE_QUARTER_BLK_GREY";"9,09"
"PERFORMANSE_QUARTER_WHITE";"9,16"
"PERFORMANSE_QUARTER_WHT";"9,09"
"PERFORMANSE_SNEAKER";"9,16"
"PF272_BLACK";"31,72"
"PFG101_2_BLACK";"19,99"
"PFG101_2_WHITE";"19,99"
"PFG101_3_BLACK";"19,99"
"PFG101_3_BROWN";"19,99"
"PFG117_02_GREEN";"19,99"
"PFG118_01_BLACK";"19,99"
"PINA_BLACK";"6,50"
"PINA_PURPLE";"6,50"
"PINA_WHITE";"6,50"
"PITZTAL_BLACK";"59,59"
"PJM15_NAVY";"10,49"
"PLAM_BLACK";"14,99"
"PLAME_BLACK";"14,99"
"PLAME_BLUE";"14,99"
"PLANET_GREEN";"13,14"
"PLANET_PURPLE";"13,14"
"platinum";"15,79"
"PM0811_SILVER";"21,10"
"PM0811_WHITE";"21,10"
"PMSV1611206_01";"17,12"
"PMSV1611206_02";"17,12"
"PMSV1611206_03";"17,12"
"PMSV1611206_04";"17,12"
"poklon_bon100";"13,27"
"poklon_bon200";"26,54"
"poklon_bon300";"39,82"
"poklon_bon400";"53,09"
"poklon_bon500";"66,36"
"poklon_iznenadenja";"0,80"
"POLO_BLACK";"13,14"
"POOLNAS21_NAVY";"13,14"
"POOLNAS24_3D_01_BLACK";"13,99"
"POOLNAS24_3D_PINK";"13,99"
"PORTIA_BLACK";"6,50"
"PORTIA_WHITE";"6,50"
"PPS14_PINK";"10,49"
"PRO_00964_HOLM6667";"239,00"
"PRUGA_BIJELA";"13,14"
"PRUGA_CRNA";"13,14"
"PRUGA_PLAVA";"13,14"
"PRUGA_SIVA";"13,14"
"PS01_BLACK";"18,99"
"PS01_BROWN";"18,99"
"PS01_GOLD";"18,99"
"PS01_SILVER";"18,99"
"PS01_WHITE";"18,99"
"PS25_BLACK";"26,99"
"PU_100_36_41blk";"31,99"
"PU_100_36_41wht";"31,99"
"PU_100_41_46_blk";"33,05"
"PU_100_41_46_wht";"33,05"
"PU_100_M_WHITE";"33,99"
"PU_100_MINT";"31,99"
"PU_100_N_MINT";"34,99"
"PU_100_N_PERLA";"31,99"
"PU_100_N_SILVER";"31,99"
"PU_100_PERLA";"33,05"
"PU_100_SILVER";"33,05"
"PU_100_WHITE";"33,05"
"PU_100BLACK";"30,39"
"PU_100WHITE";"33,05"
"PU02_WHITE";"43,67"
"PU03_1_ENGLAND";"43,67"
"PU03_1_FLOWER";"43,67"
"PU03_1BLACK";"43,67"
"PU03_1WHITE";"43,67"
"PU03_2_FLOWER";"43,67"
"PU03_BEIGE";"43,67"
"PU03_BLACK";"43,67"
"PU03_ENGLAND";"43,67"
"PU03_ENGLAND_II";"43,67"
"PU03_FLOWER";"43,67"
"PU03_FLOWER2";"43,67"
"PU03_FRIZER";"43,67"
"PU03_L_WHITE";"43,67"
"PU03_RED";"43,67"
"PU03_WHITE";"43,67"
"PU03_ZEBRA";"43,67"
"PU100_M_BLACK";"33,99"
"PU101_BLACK";"33,05"
"PU101_BLACK_M";"32,99"
"PU101_BROWN";"24,99"
"PU101_BROWN_M";"32,99"
"PU101_N_BLACK";"24,99"
"PU101_N_WHITE";"35,99"
"PU101_NM_BLACK";"39,99"
"PU101_NM_BROWN";"39,99"
"PU101_WHITE";"33,05"
"PU101_WHITE_M";"32,99"
"PU200_BRONZE";"34,99"
"PU200_HEART";"34,99"
"PU200_RED";"34,99"
"PU200_TOURQUISE";"34,99"
"PUH_WHITE";"17,12"
"Q15_BLACK";"26,99"
"Q15_BLACK_GREY";"26,99"
"QP1032605_BLACK";"27,99"
"QPF351_T001_BLACK";"6,49"
"QPF351_T001_BLUE";"6,49"
"QPF351_T001_OLIVE";"6,49"
"QPF351_T001_PURPLE";"6,49"
"QQ376_KHAKI";"33,05"
"QQ635_BLACK";"33,05"
"QUARTER_BLACK";"6,50"
"QUARTER_GREY";"6,49"
"QUARTER_WHITE";"6,49"
"R18_8_BLACK";"30,39"
"R18_10_BLACK";"30,39"
"R105_BLACK";"26,99"
"R188_BLACK";"35,70"
"R6960_BLACK";"29,07"
"RABIOLI_BLK";"19,78"
"RABIOLI_NAVY";"19,78"
"RAFA_BLACK";"26,99"
"RAJNA_BLACK";"33,05"
"RAKEL_PINK";"17,12"
"RAKEL_SORT_36_41";"17,12"
"RANGER_OLIVE";"25,08"
"RANGERI_BLACK";"19,78"
"RANGERS_BLACK";"25,08"
"RANGERS_GREEN";"25,08"
"RANGERS_GREY";"28,99"
"RANGERS_OLIVE";"25,08"
"RAPA_BLACK";"26,99"
"RASA_BLACK";"25,08"
"RASSY_BLACK";"35,70"
"RAYSE_BLACK";"39,99"
"RB145_BLACK";"41,99"
"RB157_BROWN";"29,99"
"RB1801_MIX";"15,79"
"RB1801_PINK";"15,79"
"RBX07";"17,12"
"RD8_CHAMPAGNE";"25,08"
"RD8_SILVER";"25,08"
"REBA_BLACK";"39,68"
"REEBAK_BLACK";"26,41"
"REEBAK_BLUE";"26,41"
"RELA_PINK";"26,99"
"RELA_RED";"26,99"
"RELAZIO_BLACK_GREY";"35,90"
"RELAZIO_TAUPE_SAND";"35,90"
"RELMA_GREY";"23,76"
"REMA_BLACK";"26,99"
"RENZO_BLACK";"24,99"
"RENZO_BLACKBLUE";"15,79"
"RENZO_GREY";"15,79"
"RESI_GREY";"26,41"
"RESI_PINK";"26,41"
"REY_BLACK";"23,76"
"REY_NAVY";"23,76"
"RH131_BEIGE";"25,99"
"RH131_BLACK";"25,99"
"RICCO";"25,08"
"RICCO_NAVY";"25,08"
"RIJEKA_CRNA";"11,49"
"RIJEKA_GREY";"11,49"
"RIJEKA_PETROL";"13,14"
"RIJEKA_PLAVA";"13,14"
"RIJEKA_SIVA";"13,14"
"RIJEKA_WHITE";"13,14"
"RIKI_BLACK";"26,99"
"RIKI_NAVY";"26,99"
"RIMBA_BLACK_R";"21,10"
"RIOLETA_BLACK";"30,39"
"RJ007_GRU_SILVER";"17,12"
"RJ007_PAW_POWER_PINK";"17,12"
"ROA_BLACK";"26,41"
"ROA_GRAY";"26,41"
"ROA_NAVY";"26,41"
"RODINA_BLACK";"30,39"
"RODINA_COFFEE";"30,39"
"ROE_BLACK";"38,36"
"ROGLA_BIJELA";"13,14"
"ROGLA_CRNA";"13,14"
"ROGLA_SIVA";"13,14"
"ROK_BLACK";"26,99"
"ROMA_BLACK";"26,41"
"ROMA_CAMEL";"26,41"
"ROMA_GREY";"26,41"
"ROMA_PINK";"26,41"
"RON_BLACK";"24,99"
"RON_GREY";"23,76"
"ROVER_BLACK";"59,59"
"ROYAL_CLJOG_BLUE";"35,70"
"ROYAL_CLJOG_NAVY";"35,70"
"ROYAL_CLJOG_PINK";"35,70"
"RUBA_GREY";"26,99"
"RUDAR_BLACK";"37,99"
"RUINA_BLACK";"33,05"
"RUMI_BLACK_GREY";"26,99"
"RUMI_NAVY";"26,99"
"RUNA_BLACK";"23,76"
"RUNA_GREY";"23,76"
"RUNA_NAVY";"23,76"
"RUTA_BLACK";"26,99"
"RUTA_NAVY";"26,99"
"RUTLAND_1_BLACK";"25,08"
"RUTLAND_1WHITE";"26,99"
"RUTLAND_BLACK";"22,43"
"RUTLAND_BLK_WHITE";"26,99"
"RUTLAND_NAVY";"22,43"
"RUTLAND_WHITE";"25,08"
"RUTLAND_WHITES";"25,08"
"S_117_KHAKI";"25,08"
"S_121_GREY";"33,05"
"S010_BEIGE";"13,99"
"S010_WHITE";"13,99"
"S10_WHITE";"22,43"
"S010_YELLOW";"13,99"
"S11_BLACK";"22,43"
"S011_PINK";"15,99"
"S11_PINK";"22,43"
"S21_BLACK";"25,99"
"S126_BLACK";"39,68"
"S126_BLUE";"39,68"
"S126_KHAKI";"39,68"
"S310";"39,68"
"S331_BLACK";"35,70"
"S331_CAMEL";"35,70"
"S1250_BLUE";"26,41"
"S1250_PINK";"26,41"
"S1650_BLACK";"29,07"
"S9448_BLACK";"43,67"
"S10228_388";"39,68"
"S10276_006";"39,68"
"S10280_2175_PINK";"37,03"
"S10282_1515_GREY";"33,05"
"S10287_1038";"39,68"
"S10287_2192_NAVY";"37,03"
"S10288_011";"46,32"
"S10288_076";"46,32"
"S10288_1051";"46,32"
"S10290_016_FUCHSIA";"39,68"
"S10290_2256_BLACK";"39,68"
"S10295_2175";"37,03"
"S10299_8761";"39,68"
"S10370_ES010";"39,68"
"S10370_K003";"39,68"
"S10374_ES003";"39,68"
"S10374_KK0002";"35,70"
"S10377_KK002";"38,36"
"S10377_VS502";"46,32"
"S10379_KK002";"33,05"
"S10380_VS018";"46,32"
"S10384_RS501";"46,32"
"S10387_ES002";"26,41"
"S10387_MS516";"33,05"
"S10470_ES010";"39,68"
"S10470_WW006";"39,68"
"S10480_WW001";"33,05"
"S10504_PS013";"19,78"
"S10504_WW001";"19,78"
"S10574_WW001";"50,30"
"S10661_KK002";"46,32"
"S10661_PS013";"46,32"
"S10678_KK001";"39,68"
"S10678_MS01";"39,68"
"S10695_ES010";"46,32"
"S10695_KK001";"46,32"
"S10854_KK001";"39,68"
"S10854_KK002";"39,68"
"S10854_WW001";"39,68"
"S10855_KK001";"43,67"
"S10867_KK001";"46,32"
"S10867_PS013";"46,32"
"S10872_KK001";"43,67"
"S10875_ES007";"52,96"
"S10875_KK001";"52,96"
"S10876_KK001";"46,32"
"S10932_EM007";"39,68"
"S10932_KK001";"39,68"
"S10937_KK001";"46,32"
"S10937_WW001";"46,32"
"S10940_ES007";"50,30"
"S10940_KK001";"50,30"
"S11080_KK001";"59,59"
"S11098_WW001";"39,68"
"S11099_VS022";"59,59"
"S11103_KK001";"46,32"
"S11103_WW005";"46,32"
"S11106_KK001";"48,97"
"S11156_KK001";"59,59"
"S11161_KK001";"15,79"
"S11162_PS046";"15,79"
"S11162_WW01";"15,79"
"S11274_KK001";"46,99"
"S11277_KK001";"52,96"
"S11278_BS501";"58,27"
"S11279_PS013";"52,96"
"S11335_ES010";"43,67"
"S11335_PS013";"43,67"
"S11337_ES010";"39,68"
"S11337_PS006";"39,68"
"S11339_WW001";"52,96"
"S11340_KK001";"52,96"
"S11412_KK001";"38,36"
"S11413_MS503";"50,30"
"S11416_KK001";"48,97"
"S11416_KK001_TEONA";"52,99"
"S11418_WW001";"44,99"
"S11419_PS013";"46,32"
"S11421_RS520";"59,59"
"S11529_WW001";"46,32"
"S11531_PS013";"39,68"
"S11532_KK001";"39,68"
"S11532_WW001";"39,68"
"S11533_KK001";"39,68"
"S11533_WW001";"39,68"
"S11537_WW001";"49,99"
"S11537_WW002";"38,00"
"S11634_KK001";"41,99"
"S11634_PS013";"54,99"
"S11636_WW001";"52,99"
"S11879_KK001";"45,00"
"S11879_YS162";"59,99"
"S11880_KK001";"47,99"
"S11880_RS520";"47,99"
"S11881_WW003";"51,99"
"S11903_KK01";"43,92"
"S11903_MS009";"43,92"
"S11907_BLACKP";"17,99"
"S11908_BLACK";"17,99"
"S11908_WHITE";"17,99"
"S14247_36_41";"30,39"
"S20166_2175";"46,32"
"S20219_003";"29,07"
"S20220_006";"46,32"
"S20220_2175";"46,32"
"S20221_2175";"46,32"
"S20223_2175";"43,67"
"S20223_2192_DEEP";"43,67"
"S20226_2192";"43,67"
"S20254_2175_40";"50,30"
"S20256_1751_BLACK";"50,30"
"S20256_1751_WH";"43,67"
"S20258_006";"39,68"
"S20258_2175";"39,68"
"S20356_001_GREY";"39,68"
"S20356_2175";"39,68"
"S20356_2192_NAVY";"39,68"
"S20357_2192_NAVY";"39,68"
"S20357_2758_GREY";"39,68"
"S20360_001";"43,67"
"S20360_005_RED";"43,67"
"S20360_2192";"43,67"
"S20362_2175";"43,67"
"S20363_2192";"35,70"
"S20364_2175";"39,68"
"S20364_2192_NAVY";"39,68"
"S20367_005";"39,68"
"S20367_2175_BLACK";"39,68"
"S20368_001_GREY";"37,03"
"S20368_2175_BLACK";"37,03"
"S20369_2192";"39,68"
"S20371_001";"39,68"
"S20371_2256";"43,67"
"S20374_2504";"48,97"
"S20385_1515";"46,32"
"S20385_2192";"46,32"
"S20394_2175";"19,78"
"S20398_2175_BLACK";"13,14"
"S20398_2192_BLUE";"17,12"
"S20475_KK001_BLACK";"39,68"
"S20475_WW001_WHITE";"39,68"
"S20476_WW001";"37,03"
"S20478_GS501";"46,32"
"S20478_KK001";"46,32"
"S20483_KK002";"31,72"
"S20485_BS517";"35,70"
"S20485_KK001";"35,70"
"S20487_KK001";"39,68"
"S20489_GS509";"46,32"
"S20489_KK001";"46,32"
"S20490_BS501";"48,97"
"S20490_ES002";"39,68"
"S20490_WW001";"46,32"
"S20496_KK003";"50,30"
"S20499_KK004";"42,34"
"S20500_KK001_BLACK";"52,96"
"S20507_ES502";"31,72"
"S20520_BS501";"52,96"
"S20520_KK002";"52,96"
"S20520_MS516";"52,96"
"S20653_ES007";"39,68"
"S20653_KK001";"39,68"
"S20664_BS501_NAVY";"35,70"
"S20664_KK001_BLACK";"35,70"
"S20675_KK001";"39,68"
"S20675_KK002";"39,68"
"S20679_WW001";"38,36"
"S20682_BS050_DGREY";"33,05"
"S20682_BS050_NAVY";"33,05"
"S20695_KK001_BLACK";"19,78"
"S20793_ES017";"46,32"
"S20793_KK002";"46,32"
"S20798_ES502";"42,34"
"S20798_KK001_BLACK";"37,03"
"S20911_WW001";"39,68"
"S20916_KK001";"39,68"
"S20924_BS501";"46,32"
"S20924_KK001";"46,32"
"S20930_KK002";"43,67"
"S20960_KK001";"46,32"
"S20960_RS001";"46,32"
"S20961_BS501";"39,68"
"S20961_KK001";"39,68"
"S20969_BS518";"43,67"
"S20969_KK007";"43,67"
"S21179_KK001";"17,12"
"S21182_BS501";"17,12"
"S21182_KK001";"17,12"
"S21245_KK001";"42,34"
"S21245_WW001";"42,34"
"S21252_GS517";"46,32"
"S21252_KK001";"46,32"
"S21272_ES010";"56,94"
"S21272_GS517";"56,94"
"S21272ES010";"56,94"
"S21278_GS517";"63,57"
"S21278_KK001";"63,57"
"S21281_GS517";"66,23"
"S21281_KK001";"66,23"
"S21376_BS501";"46,32"
"S21376_ES017";"46,32"
"S21382_ES007";"43,67"
"S21382_KK002";"43,67"
"S21391_KK001";"50,30"
"S21511_KK002";"59,59"
"S21532_ES508";"59,59"
"S21534_BS501";"43,67"
"S21534_KK001";"43,67"
"S21535_KK001";"52,96"
"S21535_RS001";"52,96"
"S21538_KK001";"52,96"
"S21540_KK001";"50,30"
"S21540_WW005";"50,30"
"S21543_KK001";"52,96"
"S21543_RS001";"52,96"
"S21545_WW001";"46,32"
"S21572_BS501";"18,45"
"S21572_KK001";"18,45"
"S21572_RS001";"15,79"
"S21574_BS501";"18,45"
"S21574_KK001";"14,47"
"S21605_KK001";"18,45"
"S21605_RS001";"18,45"
"S21680_KK001";"43,67"
"S21680_WW001";"46,32"
"S21684_KK001";"52,96"
"S21686_KK001";"55,61"
"S21687_KK001";"59,59"
"S21688_KK001";"59,59"
"S21690_KK001";"59,59"
"S21746_KK001";"52,96"
"S21746_YS001";"52,96"
"S21748_BS501";"48,97"
"S21748_KK001";"48,97"
"S21751_BS501";"46,32"
"S21751_KK001";"54,99"
"S21751_N_BS501";"54,99"
"S21751_N_WW001";"54,99"
"S21751_WW001";"46,32"
"S21752_KK001";"48,97"
"S21836_BS501";"46,32"
"S21836_KK001";"46,32"
"S21838_KK001";"52,96"
"S21839_ES010";"48,97"
"S21839_KK001";"48,97"
"S21840_ES010";"35,00"
"S21841_ES007";"55,61"
"S21844_KK001";"52,96"
"S21978_GS517";"46,32"
"S21979_ES007";"46,32"
"S21979_KK001";"46,32"
"S21980_BS507";"39,68"
"S21980_KK001";"39,68"
"S21980_KK001_1";"39,68"
"S21981_KK001";"39,68"
"S21982_GS517";"46,32"
"S21982_KK001";"46,32"
"S21983_BS507";"46,32"
"S21983_ES007";"46,32"
"S21984_KK001";"46,32"
"S21985_BS507";"46,32"
"S21987_KK001";"46,32"
"S21988_KK001";"43,67"
"S22085_KK001";"54,99"
"S22087_KK001";"51,63"
"S22087_WW001";"51,63"
"S22155_KK001";"56,99"
"S22155_MS023";"46,99"
"S22158_ES007";"35,00"
"S22158_KK001";"59,99"
"S22159_GS517";"47,50"
"S22161_KK001";"56,99"
"S22162_KK001";"38,00"
"S22162_MS034";"38,00"
"S22162_RS001";"56,99"
"S22423_GS518";"59,99"
"S22526_DGREEN";"22,99"
"S22548_ES001";"48,00"
"S22549_KK007";"54,99"
"S22551_GS518";"51,99"
"S22551_KK001";"51,99"
"S22553_KK001";"39,00"
"S22584_KK001";"33,29"
"S22588_BLACK_RED";"17,99"
"S22588_BLUE";"17,99"
"S30119_2307";"26,41"
"S30165_F15";"33,05"
"S30168_1069";"33,05"
"S30276_190";"26,41"
"S30276_1020";"26,41"
"S30276_2977";"26,41"
"S30380_089";"33,05"
"S30454_F16";"33,05"
"S30454_S16";"33,05"
"S30460_S16";"33,05"
"S30467_S17";"26,41"
"S30489_1271";"26,41"
"S30489_S17";"26,41"
"S30527_S17";"30,39"
"S30533_001";"33,05"
"S30574_BS036";"26,41"
"S30622_F16";"33,05"
"S30690_006";"37,03"
"S30710_1965";"30,39"
"S30711_1965";"30,39"
"S30712_S17";"33,05"
"S30741_001";"39,68"
"S30821_S17";"37,03"
"S30824_001";"33,05"
"S30836_011";"26,41"
"S30854_2192_NAVY";"17,12"
"S30866_5186";"26,41"
"S30905_RS048";"33,05"
"S30907_PS039";"33,05"
"S30908_PS038";"33,05"
"S30912_BS518";"33,05"
"S30924_BS517";"33,05"
"S30942_BS501";"37,03"
"S30954_YS007";"37,03"
"S31068_2192";"15,79"
"S31068_BS036";"15,79"
"S31068_VS021";"11,81"
"S31070_ES017_GREY";"46,32"
"S31070_ES502";"39,68"
"S31070_WW001";"46,32"
"S31081_BS517_NAVY";"46,32"
"S31083_KK002_BLACK";"46,32"
"S31087_ES011";"39,68"
"S31088_WW006";"39,68"
"S31093_KK001_BLACK";"29,99"
"S31094_KK001";"51,99"
"S31111";"48,97"
"S31111_ES007";"48,97"
"S31112_ES007";"52,96"
"S31113_BS020";"48,97"
"S31114_BS020";"52,96"
"S31121_PS036";"26,41"
"S31187_WW001";"33,05"
"S31207_BS501";"33,05"
"S31279_BS501";"33,05"
"S31290_BS501";"25,08"
"S31310_BS501";"46,32"
"S31348_BS501";"33,05"
"S31358_KK001";"33,05"
"S31358_WW001";"37,03"
"S31359_KK001";"37,03"
"S31359_WW001";"37,03"
"S31361_KK001";"37,03"
"S31361_WW001";"37,03"
"S31364_KK001";"33,05"
"S31368_ES017";"33,05"
"S31370_BS501";"33,05"
"S31370_GS004";"33,05"
"S31400_BS501";"33,05"
"S31407_KK001";"37,03"
"S31410_PS010";"33,05"
"S31486_BS501_NAVY";"50,30"
"S31487_KK001_BLACK";"50,30"
"S31545_WW006";"33,05"
"S31563_BS501";"23,76"
"S31568_ES010";"26,41"
"S31575_BS036";"26,39"
"S31575_GS518";"39,68"
"S31575_RS001";"37,03"
"S31576_BS501";"39,68"
"S31578_BS036";"26,41"
"S31578_KK001";"26,41"
"S31583_WW001";"23,76"
"S31595";"38,03"
"S31596_PS041";"33,05"
"S31596_VS009";"37,03"
"S31599_VS003";"23,76"
"S31621_ES007";"33,05"
"S31633_KK001";"33,05"
"S31637_PS009";"33,05"
"S31654_WW006";"33,05"
"S31655_WW001";"33,05"
"S31656_VS009";"39,68"
"S31657_BS036";"39,68"
"S31657_RS001";"39,68"
"S31658_BS036";"23,76"
"S31658_KK001";"23,76"
"S31659_3334";"23,76"
"S31659_VS003";"23,76"
"S31671_KK001";"33,05"
"S31683_ES010";"33,05"
"S31691_WW001";"37,03"
"S31811_BS501";"31,72"
"S31813_PS013";"31,72"
"S31815_ES007";"38,36"
"S31815_KK001";"37,03"
"S31817_ES007";"37,03"
"S31825_BS501";"37,03"
"S31825_PS013";"37,03"
"S31826_BS501";"39,68"
"S31826_PS01";"23,76"
"S31829_KK001";"39,68"
"S31830_KK001";"39,68"
"S31924_WW001";"33,05"
"S32059_BS501";"37,03"
"S32060_BS501";"38,36"
"S32061_BS501";"34,38"
"S32061_BS503";"34,38"
"S32061_GS517";"33,05"
"S32063_BS501";"30,39"
"S32064_BS501";"30,39"
"S32068_BS501";"39,68"
"S32069_ES508";"30,39"
"S32075_ES010";"34,38"
"S32075_PS013";"25,08"
"S32077_KK001";"23,76"
"S32086_KK001";"30,39"
"S32087_ES010";"30,39"
"S32111_BS501";"15,79"
"S32112_KK001";"18,45"
"S32168_BS501";"39,68"
"S32169_ES007";"35,70"
"S32170_ES007";"39,68"
"S32171_WW001";"37,03"
"S32172_WW001";"38,36"
"S32174_WW001";"29,07"
"S32177_PS013";"43,67"
"S32178_WW001";"31,72"
"S32179_WW001";"38,36"
"S32236_BS503";"33,05"
"S32237_BS016";"33,05"
"S32238_BS016";"30,39"
"S32239_BS016";"37,03"
"S32240_KK001";"39,68"
"S32245_WW005";"37,03"
"S32246_WW005";"33,05"
"S32247_WW001";"33,05"
"S32251_PS016";"33,05"
"S32254_VS018";"35,70"
"S32254_WW001";"35,70"
"S32255_VS018";"33,05"
"S32255_WW001";"33,05"
"S32335_KK001";"44,99"
"S32341_ES007";"35,70"
"S32352_PS013";"39,59"
"S32353_PS013";"39,68"
"S32580_BS036";"33,05"
"S32581_ES010";"35,70"
"S32582_BS036";"33,05"
"S32582_BS517";"33,05"
"S32585_WW001";"33,05"
"S32592_PS013";"33,05"
"S32592_VS022";"33,05"
"S32593_ES010";"35,70"
"S32593_PS010";"35,70"
"S32594_PS085";"33,05"
"S32598_PS013";"36,99"
"S32599_PS013";"39,99"
"S32710_WW001";"49,99"
"S32789_WW001";"39,99"
"S32791_ES010";"39,99"
"S32799_WW001";"39,99"
"S32801_WW001";"31,99"
"S32802_WW001";"35,99"
"S32804_PS132";"39,99"
"S33385_SAR";"14,99"
"S33390_PINK";"14,99"
"S40060_1688";"26,41"
"S40060_3388";"26,41"
"S40083_ES012";"43,67"
"S40083_ES507";"43,67"
"S77694";"37,03"
"S237018_BEIGE";"19,78"
"S237018_BLACK";"19,78"
"SABA_BLACK";"7,99"
"SABA_NAVY";"7,99"
"SABBAS_BLACK";"6,49"
"SABBAS_GREY";"6,50"
"SABBAS_NAVY";"6,49"
"SABBIEN_BLACK";"6,99"
"SABBIEN_WHITE";"6,99"
"SABELIUS_COFFE";"50,30"
"SAGA_BLACK";"23,76"
"SAGS_BLACK";"39,68"
"SAGS_BROWN";"39,68"
"SALA_BEIGE";"21,10"
"SALA_BLACK";"21,10"
"SAMARA_PINK";"9,16"
"SAMARA_PURPLE";"9,16"
"SAMMY_BLK";"52,96"
"SAMURU_BLK";"52,96"
"SAN_1BLACK";"8,99"
"SAN_1NAVY";"8,99"
"SAN_BLUE";"7,99"
"SAN_CRNE";"6,99"
"SAN_NAVY";"9,16"
"SAN_NERO";"7,99"
"SANDRO_1BLACK";"11,99"
"SANDRO_1NAVY";"11,99"
"SANDRO_BLACK";"13,14"
"SANDRO_NAVY";"13,14"
"SANGON_BLACK";"43,67"
"SANGON_BROWN";"39,68"
"SANI_CRNA";"54,99"
"SANI_SMEDA";"54,99"
"SANKAR_GREY";"43,67"
"SANTOS_BLACK";"43,67"
"SANTOS_COFFE";"43,67"
"SANUK_NAVY";"46,32"
"SANVARE_N01";"23,99"
"SAR35_BLUE";"17,99"
"SAR35_BRONZE";"0,00"
"SAR35_FLOWER";"17,99"
"SAR35_FUXIA";"17,99"
"SAR35_GOLD";"17,99"
"SAR35_GREEN";"16,99"
"SAR35_SILVER";"17,99"
"SAR37_BLACK";"15,99"
"SAR37_BRONZE";"17,99"
"SAR37_FLOWER";"17,99"
"SAR37_GOLD";"15,99"
"SAR37_PINK";"15,99"
"SAR37_RED";"15,99"
"SAR37_SILVER";"17,99"
"SAR37_WHITE";"17,99"
"SAR60_BLACK";"17,99"
"SAR60_GOLD";"16,99"
"SAR60_PINK";"17,99"
"SAR60_SILVER";"17,99"
"SAR60_WHITE";"14,99"
"SARABI_BLK_GREY";"49,99"
"SARFI_BLACK";"39,68"
"SARFI_COFFEE";"39,68"
"SATI_TAN";"43,67"
"SAVANA_BEIGE";"15,79"
"SAVANA_BLACK";"15,79"
"SAVIO_COFFE";"43,67"
"SAXON_BLACK";"39,68"
"SAXON_COFFE";"39,68"
"SAXON_NAVY";"39,68"
"SBP063_BEIGE";"22,43"
"SBP063_RED";"22,43"
"SC5867_BLACK";"25,99"
"SCHAFBERG_NAVY";"48,97"
"SCHMITTENHOHE_GREEN";"39,99"
"SCHMITTENHOHE_NAVY";"62,25"
"SCHMITTENHOHE_RED";"62,25"
"SCHNEEBERG_BLACK";"33,05"
"SCOT_BROWN";"50,30"
"SD701_BLACK";"25,08"
"SD701_LIME";"25,08"
"SD701_NAVY";"25,08"
"SD702_BLACK";"25,08"
"SD702_GREY";"25,08"
"SD702_ROYAL";"25,08"
"SD4277_NAVY";"39,68"
"SDSTC93_GREY";"9,16"
"SEBAR_BLACK";"7,83"
"SEBAR_NAVY";"10,49"
"SEDEF_NAVY";"46,32"
"SEEBERG_BLUE";"42,34"
"SEEBERG_LILA";"42,34"
"SEGAN_BLACK";"10,49"
"SEGAN_BLUE";"10,49"
"SEKA_BLACK";"21,10"
"SEKA_BROWN";"21,10"
"SEKAR_BLACK";"39,68"
"SEKEL_BLACK";"43,67"
"SEKL_BLACK";"43,67"
"SEKL_BROWN";"43,67"
"SELENA_BLACK";"23,76"
"SEM_crna";"43,67"
"SENADIN_BLK";"17,12"
"SENADIN_BRN";"17,12"
"SENEC_BLACK";"6,50"
"SENEC_NAVY";"6,50"
"SENOL_BLACK";"7,49"
"SENOL_BLUE";"7,49"
"SENS_BLACK";"43,67"
"SENTIS";"62,25"
"SERGE_BLACK";"39,68"
"SERGE_COFFEE";"39,68"
"SF30_017_BEIGE";"26,41"
"SF30_017_BLACK";"26,41"
"SF60_611_BEIGE";"26,41"
"SF60_611_BLACK";"26,41"
"SF60_611_BLUE";"26,41"
"SF861_BLACK";"24,99"
"SF882_85_BLACK";"26,41"
"SF891_28_BLACK";"26,41"
"SF891_552_BEIGE";"26,41"
"SF891_BLACK";"26,41"
"SF40078_BLACK";"17,99"
"SF882515_BLACK";"29,07"
"SF883335_BLACK";"26,41"
"SFF_10_BLACK";"5,99"
"SFF_10_BLUE";"6,99"
"SG81809_BLACK";"22,43"
"SG81812_PINK";"19,78"
"SG91488_GREY_LIME";"22,43"
"SH_2599_GOLD";"33,05"
"SH5612_BLACK";"52,96"
"SH81775_NAVY";"19,78"
"SIKEN_BLACK";"6,50"
"SIKEN_BLUE";"9,16"
"SIKI_BLACK";"29,07"
"SIKI_CAMEL";"43,67"
"SILA_BEIGE";"17,12"
"SILA_BLACK";"21,10"
"SILVIUS_BLACK";"6,99"
"SILVIUS_BLUE";"6,99"
"SIMBO_BROWN";"39,68"
"SIMBO_CRNE";"39,68"
"SIMBO_SMEDA";"46,32"
"SIMILAUN_GREY";"62,25"
"SIMON_BROWN";"29,07"
"SIMON_NAVY";"29,07"
"SIMON_SPIRALE_BLUE_ORANGE";"19,99"
"SINISA_BROWN";"39,68"
"SK180_60C_RED";"26,41"
"SK510_58";"19,78"
"SK18562_GOLD";"27,99"
"SK185131_BLACK";"26,41"
"SK185135_BEIGE";"26,41"
"SK185135_BLACK";"26,41"
"SK185135_BLUE";"26,41"
"SL5121_BROWN";"25,99"
"SLAY_BEIGE";"16,99"
"sm-000360";"16,99"
"sm-000371";"64,99"
"sm-000372";"3,85"
"sm-000385";"39,99"
"sm-000386";"39,99"
"sm-000418";"15,79"
"sm-000425";"149,00"
"sm-000430";"9,99"
"sm-000455";"69,99"
"sm-000457";"11,99"
"sm-000459";"79,50"
"sm-000460";"16,99"
"sm-000489";"8,99"
"sm-000509";"19,99"
"sm-000515";"79,99"
"sm-000565";"34,99"
"sm-000588";"59,99"
"sm-000602";"749,00"
"sm-000715";"9,99"
"sm-000719";"19,99"
"sm-000743";"9,99"
"sm-000787";"149,00"
"sm-000788";"129,00"
"sm-000789";"119,00"
"sm-000824";"119,00"
"sm-001012";"179,00"
"sm-001013";"23,99"
"sm-001014";"539,00"
"sm-001016";"19,99"
"sm-001017";"44,99"
"sm-001018";"7,49"
"sm-001022";"149,00"
"sm-001038";"6,99"
"sm-001039";"199,00"
"sm-001040";"0,00"
"sm-001046";"599,00"
"sm-001047";"549,00"
"sm-001058";"399,00"
"sm-001059";"379,00"
"sm-001069";"239,00"
"sm-001081";"269,00"
"sm-001086";"319,00"
"sm-001087";"79,50"
"sm-001096";"119,00"
"sm-001102";"24,99"
"sm-001104";"14,99"
"sm-001105";"24,99"
"sm-001106";"9,99"
"sm-001108";"9,99"
"sm-001136";"239,00"
"sm-001139";"44,99"
"sm-001144";"19,99"
"sm-001147";"69,99"
"sm-001156";"349,00"
"sm-001167";"17,99"
"sm-001169";"64,99"
"sm-001173";"22,99"
"sm-001174";"39,99"
"sm-001196";"99,00"
"sm-001197";"129,00"
"sm-001198";"199,00"
"sm-001209";"299,00"
"sm-001214";"149,00"
"sm-001217";"39,99"
"sm-001219";"129,00"
"sm-001221";"99,99"
"sm-001230";"9,99"
"sm-001231";"149,00"
"sm-001247";"79,99"
"sm-001248";"79,99"
"sm-001249";"129,00"
"sm-001250";"9,99"
"sm-001251";"79,99"
"sm-001251-GR";"79,99"
"sm-001251-WH";"79,99"
"sm-001252";"149,00"
"sm-001253";"189,00"
"sm-001254";"699,00"
"sm-001255";"599,00"
"sm-001258";"499,00"
"sm-001260";"99,99"
"sm-001271";"499,00"
"sm-001275";"149,00"
"sm-001276";"26,99"
"sm-001277";"14,99"
"sm-001278";"19,99"
"sm-001279";"14,99"
"sm-001280";"15,99"
"sm-001281";"11,99"
"sm-001282";"19,99"
"sm-001284";"16,99"
"sm-001285";"15,99"
"sm-001287";"79,99"
"sm-001290";"549,00"
"sm-001291";"39,99"
"sm-001301";"219,00"
"sm-001306";"699,00"
"sm-001310";"10,99"
"sm-001316";"11,99"
"sm-001318";"19,99"
"sm-001319";"19,99"
"sm-001320";"169,00"
"sm-001322";"349,00"
"sm-001323";"279,00"
"sm-001324";"699,00"
"sm-001326";"9,99"
"sm-001327";"9,99"
"sm-001328";"169,00"
"sm-001330";"24,99"
"sm-001331";"24,99"
"sm-001333";"249,00"
"sm-001335";"599,00"
"sm-001336";"1099,00"
"sm-001337";"1199,00"
"sm-001338";"749,00"
"sm-001339";"59,99"
"sm-001340";"9,99"
"sm-001341";"129,00"
"sm-001342";"499,00"
"sm-001343";"399,00"
"sm-001344";"449,00"
"sm-001345";"159,00"
"sm-001346";"649,00"
"sm-001347";"349,00"
"sm-001348";"159,00"
"sm-001353";"13,99"
"sm-001358";"799,00"
"sm-001365";"69,99"
"sm-001368";"149,00"
"sm-001369";"69,99"
"sm-001370";"9,99"
"sm-001374";"169,00"
"sm-001375";"349,00"
"sm-001376";"369,00"
"sm-001377";"159,00"
"sm-001380";"599,00"
"sm-001382";"699,00"
"sm-001384";"24,99"
"sm-001393";"799,00"
"sm-001398";"349,00"
"sm-001399";"14,99"
"sm-001400";"39,99"
"sm-001401";"19,99"
"sm-001402";"399,00"
"sm-001403";"399,00"
"sm-001412";"209,00"
"sm-001416";"169,00"
"sm-001417";"139,00"
"sm-001418";"219,00"
"sm-001419";"239,00"
"sm-001420";"999,00"
"sm-001421";"29,99"
"sm-001422";"49,99"
"sm-001423";"29,99"
"sm-001424";"279,00"
"sm-001425";"1099,00"
"sm-001427";"39,99"
"sm-001428";"44,99"
"sm-001429";"69,99"
"sm-001430";"119,00"
"sm-001431";"129,00"
"sm-001432";"139,00"
"sm-001433";"159,00"
"sm-001434";"109,00"
"sm-001435";"119,00"
"sm-001436";"49,99"
"sm-001437";"269,00"
"sm-001444";"319,00"
"sm-001445";"439,00"
"sm-001447";"699,00"
"sm-001449";"109,00"
"sm-001450";"399,00"
"sm-001451";"249,00"
"sm-001452";"32,99"
"sm-001455";"129,00"
"sm-001471";"32,99"
"sm-001472";"9,99"
"sm-001474";"1199,00"
"sm-001475";"349,00"
"sm-001477";"219,00"
"sm-001478";"249,00"
"sm-001479";"289,00"
"sm-001480";"499,00"
"sm-001483";"279,00"
"sm-001484";"649,00"
"sm-001485";"69,99"
"sm-001486";"99,00"
"sm-001488";"399,00"
"sm-001491";"599,00"
"sm-001494";"449,00"
"sm-001495";"379,00"
"sm-001496";"1299,00"
"sm-001497";"199,00"
"sm-001498";"699,00"
"sm-001499";"949,00"
"sm-001501";"169,00"
"sm-001504";"179,00"
"sm-001505";"399,00"
"sm-001508";"199,00"
"sm-001509";"349,00"
"sm-001522";"199,00"
"sm-001523";"29,99"
"sm-001524";"44,99"
"sm-001525";"999,00"
"sm-001526";"1099,00"
"sm-001527";"1099,00"
"sm-001531";"179,00"
"sm-001532";"1099,00"
"sm-001533";"1499,00"
"sm-001534";"1499,00"
"sm-001535";"1499,00"
"sm-001536";"1499,00"
"sm-001537";"1499,00"
"sm-001540";"1099,00"
"sm-001545";"379,00"
"sm-001546";"2399,00"
"sm-001547";"59,99"
"sm-001549";"149,00"
"sm-001550";"229,00"
"sm-001551";"289,00"
"sm-348954";"10,49"
"sm-364633";"59,99"
"sm-369827";"119,00"
"sm-370219";"19,90"
"sm-370643";"19,99"
"sm-370972";"159,00"
"sm-371162";"289,00"
"sm-371450";"499,00"
"sm-371608";"17,90"
"sm-371891";"79,50"
"sm-371899";"13,99"
"sm-372191";"179,00"
"sm-372335";"24,99"
"sm-441516";"21,99"
"sm-442199";"369,00"
"sm-466697";"39,99"
"sm-485226";"899,00"
"sm-486696";"24,99"
"sm-1020467";"329,00"
"sm-1020471";"429,00"
"sm-1020472";"429,00"
"sm-1020473";"429,00"
"sm-1020486";"499,00"
"sm-1020487";"499,00"
"sm-1020488";"499,00"
"sm-1034180";"329,00"
"sm-1034184";"429,00"
"sm-1034186";"429,00"
"sm-1034187";"429,00"
"sm-1034756";"429,00"
"sm-1040972";"499,00"
"sm-1040981";"329,00"
"sm-A10X2.5-90-45";"8,99"
"sm-ACC-D06&M300";"9,99"
"sm-C10X2.125-90-90";"8,99"
"sm-D8.5X2-90-90";"8,99"
"sm-F1FSB";"24,99"
"sm-M500-128";"169,00"
"sm-MI10X25";"8,99"
"sm-PB300-B";"19,99"
"sm-PB300-P";"19,99"
"sm-PB300-S";"19,99"
"sm-PB400-P";"24,99"
"sm-PB400-S";"24,99"
"sm-PETCE0";"9,99"
"sm-PETDUAL";"169,00"
"sm-PETGREB";"29,99"
"sm-RC11";"34,99"
"sm-RRCA-A004YX";"8,99"
"sm-RRCA-A005-C45";"8,99"
"sm-RRCU-005";"16,99"
"sm-RRCU-009B";"29,99"
"sm-RRCU-009C";"29,99"
"sm-RRCU-024-Gel";"49,99"
"sm-RRCU-041";"23,99"
"sm-RRCU-041B";"21,99"
"sm-RRCU-060";"27,99"
"sm-RRCU-077-CST";"24,99"
"sm-RRCU-SK002-City";"23,99"
"SM06_BLACK";"26,99"
"SM06_NAVY";"26,99"
"SM06_WHITE";"26,99"
"SMA1001_BLACK";"38,99"
"SMA1001_WHITE";"38,99"
"SMA1004_BLACK";"38,99"
"SNEAKER_BLACK";"5,18"
"SNEAKER_WHITE";"5,18"
"SNORLAX_BLACK";"6,50"
"SNWPP03_PINK";"23,76"
"SNWPP13_BLUE";"23,76"
"SNWPP13_NAVY";"23,76"
"SOKI_BLACK";"39,68"
"SOKI_TAN";"39,68"
"SOLA_BEIGE";"29,07"
"SOLA_BLACK";"29,07"
"SOLER_BLACK";"39,68"
"SOREN";"6,50"
"SOTA_BLACK";"23,76"
"SOTA_SILVER";"23,76"
"SOTTO_BROWN";"46,32"
"SOTTO_NAVY";"46,32"
"SP01_BLACK";"18,45"
"SPISPM09";"19,78"
"SPLIT_BIJELA";"11,49"
"SPLIT_CRNA";"11,49"
"SPLIT_CRVENA";"13,14"
"SPLIT_GREY";"13,14"
"SPLIT_PINK";"13,14"
"SPLIT_PLAVA";"13,14"
"SPLIT_SIVA";"13,14"
"SPLIT_SMEDA";"13,14"
"SR2647_BLACK";"19,78"
"SR2647_CHAMPAGNE";"19,78"
"SR2647_FUXIA";"19,78"
"SR2647_LTBLUE";"19,78"
"SR2647_LTGREEN";"19,78"
"SR2647_PINK";"19,78"
"SR2647_SILVER";"19,78"
"SS_35_BLACK";"25,08"
"ST200_1GREY";"6,49"
"ST2000_1GREEN";"6,49"
"ST2000_1NAVY";"6,49"
"ST2000_BLACK";"6,49"
"ST2000_BLUE";"6,49"
"ST2000_BORDO";"6,49"
"ST2000_GREEN";"6,49"
"ST2000_GREY";"6,49"
"ST2000_NAVY";"6,49"
"ST2000_OLIVE";"6,49"
"ST2000_PURPLE";"6,49"
"ST2000_RED";"6,49"
"ST2000_ROYAL";"6,49"
"ST2000_SIVA";"6,49"
"ST2000_WHITE";"6,49"
"ST2600_1BLUE";"6,49"
"ST2600_BLACK";"6,49"
"ST2600_BLUE";"6,49"
"ST2600_BORDO";"6,49"
"ST2600_NAVY";"6,49"
"ST2600_ORANGE";"6,49"
"ST2600_PINK";"6,49"
"ST2600_RED";"6,49"
"ST2600_WHITE";"6,49"
"ST3102_BLACK";"26,41"
"ST3102_CHAMPAGNE";"26,41"
"STARS_CRVENA";"11,81"
"STARS_LILA";"11,81"
"STARS_TURKIS";"11,81"
"STARS_ZELENA";"11,81"
"STEIN";"50,30"
"STEIN_COFFE";"50,30"
"STEPA_BEIGE";"21,10"
"STEPA_BLACK";"21,10"
"STF211F402_10";"15,79"
"STF211F402_80";"15,79"
"STF211M402_02";"15,79"
"STF211M402_31";"15,79"
"STF211M412_01";"15,79"
"STF211M412_02";"18,45"
"SUAD_BLK";"22,43"
"SUBRAL_BLACK";"43,67"
"SUMMER_1";"10,49"
"SUMMER_2";"10,49"
"SUMMER_3";"10,49"
"SUMMER_4";"10,49"
"SUMMER_5";"10,49"
"SUMMER_6";"10,49"
"SURAV29_MULT";"11,81"
"SURAV29_MULTI";"11,81"
"SURF21_PURPLE";"11,81"
"SURP43_FUXIA";"11,81"
"SUTTON_BLACK";"6,50"
"SUTTON_BLUE";"6,50"
"SV_MARTIN_BLACK";"13,14"
"SV_MARTIN_GREY";"13,14"
"SV_MARTIN_WHITE";"11,49"
"SVANTE_1_NAVY";"50,30"
"SVANTE_NAVY";"40,99"
"SVIBEN_BLACK";"50,30"
"SVUM141_BLACK";"6,50"
"SVUM141_NAVY";"6,50"
"SVUM141_WHITE";"6,50"
"SVUM141S04_01";"7,83"
"SVUM141S05_01";"7,83"
"SVUM141S05_BLACK";"7,83"
"SVUM141S07_01";"5,18"
"SVUM141S07_02";"5,18"
"SWEED_SPIRALE_BLACK";"43,67"
"SWORD_BEIGE";"39,68"
"SWORD_BLACK";"39,68"
"SX08_BLACK";"23,99"
"SX08_WHITE";"23,99"
"SY18_F1417_GREY";"10,49"
"SY18_N1417_NAVY";"11,81"
"SYNDEY_GREY";"48,99"
"T034_1PURPLE";"21,99"
"T034_2PURPLE";"21,99"
"T034_GREEN";"21,99"
"T034_PURPLE";"21,99"
"T034_RED";"16,99"
"T034_YELLOW";"21,99"
"T057_BLACKROSE";"6,99"
"T057_BLACKWHITE";"6,99"
"T057_NAVYBLUE";"6,99"
"T057_ROSEPINK";"6,99"
"T00058_BLACK";"5,18"
"T502_002_BEIGE";"21,10"
"T502_45_BLACK";"21,10"
"T502_45_RED";"21,10"
"T573_BROWN";"27,99"
"T1018_CHAMPAGNE";"21,10"
"T6115_WHITE";"43,67"
"T6403_WHITE";"52,96"
"T6652_NAVY";"26,41"
"T6653_PINK";"26,41"
"T6754_PINK";"23,76"
"T9175_RED";"21,10"
"T9175_ROSE_GOLD";"21,10"
"T9175_SILVER";"21,10"
"TACOMA_BLACK";"46,32"
"TADA_CRNA";"35,70"
"TADEA_CRNA";"35,70"
"TAFFY";"19,78"
"TAGA_BROWN";"39,68"
"TAGO_BLACK";"22,43"
"TAKUYA_BEIGE";"33,05"
"TAKUYA_BLACK";"33,05"
"TALA_BLACK";"19,78"
"TANER_BLACK";"26,99"
"TANO_BLACK";"26,99"
"TAREK_BLACK";"59,59"
"TARGA";"46,32"
"TARIK_BLACK";"52,96"
"TARO_BLACK";"13,14"
"TARO_BLACKY";"13,14"
"TARO_NERO";"13,14"
"TAVAS_BLACK";"7,83"
"TAVAS_BROWN";"7,83"
"TAZRA_BLACK";"19,78"
"TBF350_N001_BLUE";"22,99"
"TEA_BLACK";"19,78"
"TEMBO_BLACK";"25,08"
"TENDA_BLACK";"10,49"
"TENDA_BROWN";"10,49"
"TEO_BLACK";"26,99"
"TERMIX_NAVY";"17,12"
"TERMIX_PINK";"17,12"
"TERRA_BLACK_BLUE";"39,68"
"TERRA_BLUE";"39,68"
"TERRA_RED";"39,68"
"TH_01_BLACK";"25,08"
"TH_01_RED";"25,08"
"TH_01_YELLOW";"25,08"
"TIFA_BEZ";"39,68"
"TIFA_BLACK";"39,68"
"TIFA_NAVY";"39,68"
"TIFA_YELLOW";"39,68"
"TIGRA_crna";"39,68"
"TIGRA_smeda";"39,68"
"TIGRA_TAN";"39,68"
"TILMA_BEIGE";"39,68"
"TJLOL22_22PINK";"25,08"
"TJPP22_33_BLUE";"25,08"
"TKWZ0220_BEIGE";"39,68"
"TKWZ0220_BLACK";"39,68"
"TKWZ0232_BEIGE";"39,68"
"TKWZ0232_NAVY";"39,68"
"TL3829_BLACK";"25,08"
"TL3829_RED";"25,08"
"TM2018_BLACK";"26,41"
"TM2018_PEWTER";"26,41"
"TM2018_ROSEGOLD";"26,41"
"TM2018_SILVER";"26,41"
"TOLA_BLACK";"33,05"
"TOLA_CAMEL";"33,05"
"TOMAS_BLACK";"29,99"
"TONY_BLACK";"46,32"
"TOTIE934_BLACK";"22,43"
"TOTIE934_RED";"22,43"
"TOTO_VERDE_GREY";"25,08"
"TOVA";"22,43"
"TOWN_BLACK";"33,05"
"TOWN_BLACK_M";"33,05"
"TOWN_BROWN";"33,05"
"TOWN_GREY";"33,05"
"TP_502_A ROSE GOLD";"11,81"
"TP025_07_RED";"13,14"
"TP025_10_BORDO";"17,12"
"TP025_10_CAMEL";"17,12"
"TP025_13_BLACK";"17,12"
"TP025_13_CAMEL";"17,12"
"TP025_13_WHITE";"13,14"
"TP025_15_BLACK";"13,14"
"TP0430_CAMEL";"13,14"
"TP0442_BLACK";"13,14"
"TP0442_CAMEL";"13,14"
"TP0442_WHITE";"13,14"
"TP501A_BLACK";"11,81"
"TP501A_BLACK_WHITE";"11,81"
"TP501A_NAVY";"11,81"
"TP501A_WHITE";"11,81"
"TP501B_BEIGE";"13,14"
"TP501B_BROWN";"13,14"
"TP502A_BROWN";"13,14"
"TP502A_GOLD";"11,81"
"TP502A_ROSE_GOLD";"17,12"
"TP502A_SILVER";"11,81"
"TP502B_PINK";"11,81"
"TP502B_SILVER";"11,81"
"TP504A_BEIGE";"11,81"
"TP504A_BLACK";"11,81"
"TP504A_RED";"11,81"
"TP504A_WHITE";"11,81"
"TP505A_BEIGE";"13,14"
"TP505A_BLACK";"11,81"
"TP505A_RED";"13,14"
"TP505A_WHITE";"13,14"
"TPABTM22_07_NAVY";"18,45"
"TPF350_N001_BEIGE";"22,99"
"TPF360_GREY";"22,99"
"TPF360_WHITE";"22,99"
"TPF360_YELLOW";"22,99"
"TRAIL";"46,32"
"TRAV19";"17,12"
"TRBTM22_07_NAVY";"19,78"
"TREKK_BLACK";"37,03"
"TREKS_GREY";"30,39"
"TRFR041_24_29";"17,12"
"TRFRO101";"15,79"
"TRISTANA_BEIGE";"33,05"
"TRISTANA_BLACK";"33,05"
"TRLOL22_42_BLUE";"12,99"
"TRPP22_23_PINK";"19,78"
"TRPP22_33_BLUE";"19,78"
"TRPP33";"15,79"
"TRPP83";"15,79"
"TRSPM29_30_35";"17,12"
"TRSPM59";"15,79"
"TRSTC73";"15,79"
"TRTSTC53_30_35";"17,12"
"TS0245_BLACK";"18,45"
"TS0245_CAMEL";"18,45"
"TS0245_RED";"18,45"
"TS0245_WHITE";"18,45"
"TS0246_BLACK";"19,78"
"TS0246_CAMEL";"19,78"
"TS0246_RED";"19,78"
"TS0246_WHITE";"19,78"
"TU242_BLACK";"24,99"
"TURRACH";"72,86"
"TWINGO_RED";"22,43"
"TXY006_BEIGE";"24,99"
"TZ64_BEIGE";"18,99"
"TZ64_PINK";"18,99"
"TZ114_BEIGE";"22,99"
"TZ114_BLUE";"22,99"
"TZ114_GREEN";"22,99"
"TZ118_SILVER";"24,99"
"TZ118_WHITE";"24,99"
"TZ121_BLACK";"23,99"
"TZ173_BLACK";"22,99"
"TZ173_BLUE";"22,99"
"U_25_BLACK";"46,99"
"U_31_WHITE";"47,69"
"U74221_BLACK";"33,05"
"U74223_NAVY";"33,05"
"UK180_BLACK";"42,99"
"UK180_BROWN";"42,99"
"UMA201M705_02";"13,14"
"UMA201M806_01";"13,14"
"UMA201M807_01";"15,79"
"UMA201M807_02";"15,79"
"UMA201M840_02";"13,14"
"UMA201M841_10";"13,14"
"UMA203M101_01";"30,39"
"UMA211M801_10";"15,79"
"UMA213M100_01";"30,39"
"UMA213M100_02";"30,39"
"UMB153122_BLACK";"9,16"
"UMB153122_BLUE";"9,16"
"UMB173100_BLACK";"10,99"
"UMB173100_GREY";"9,16"
"UMBL183102_02";"5,18"
"UME201U201_04_5";"17,12"
"UME201U201_10_5";"17,12"
"UME201U203_10_5";"19,78"
"UME213M401_01";"9,16"
"UME213M401_02";"9,09"
"UME213M401_3A";"9,16"
"UME213M403_01";"7,83"
"UME213M403_02";"7,79"
"UME233M400_01";"10,99"
"UME233M400_02";"10,99"
"UME233M400_3C";"10,99"
"UME233M400_41";"10,99"
"UME233M401_01";"10,99"
"UME233M401_02";"10,99"
"UME233M401_3C";"10,99"
"UME233M401_41";"10,99"
"UME181521_02";"19,78"
"UME181522_02";"6,50"
"UME183103_BLACK";"9,16"
"UMEFX19354006_N_10";"8,99"
"UMEFX193054000_10";"7,99"
"UMEFX193054001_10";"7,19"
"UMEFX193054002_10";"7,19"
"UMEFX193054003_01_BLACK";"7,19"
"UMEFX193054003_02";"7,19"
"UMEFX193054003_10";"7,19"
"UMEFX193054003_34";"7,19"
"UMEFX193054003_N_01";"7,19"
"UMEFX193054003_N_02";"7,19"
"UMEFX193054004_10_";"8,99"
"UMEFX193054005_10_";"8,99"
"UMEFX193054005_N_10";"8,99"
"UMEFX193054006_01_BLACK";"8,99"
"UMEFX193054006_10_WHITE";"8,99"
"UMEFX193054006_34";"0,00"
"UMEFX193054006_N_01";"8,99"
"UMEFX193054007_01";"5,99"
"UMEFX193054007_02";"5,99"
"UMEFX193054007_10";"5,99"
"UMEFX193054007_24";"6,50"
"UMEFX193054007_34";"0,00"
"UMEFX193056001_01";"6,99"
"UMEFX193056001_05";"6,99"
"UMF201B105_01";"33,05"
"UMF201B106_01";"33,05"
"UMF201B107_01";"23,69"
"UMF201B107_02";"31,72"
"UMF201B107_04";"31,72"
"UMF201B109_02";"30,39"
"UMF201B109_42";"30,39"
"UMF201B111 02";"35,70"
"UMF201B111_02";"23,76"
"UMF201M102_01";"30,39"
"UMF201M102_02";"30,39"
"UMF201M107_01";"30,39"
"UMF201M107_02";"39,68"
"UMF201M108_01";"26,41"
"UMF201M109_48";"39,68"
"UMF201M111_02";"46,32"
"UMF201M111_63";"46,32"
"UMF203B104_02";"28,99"
"UMF203B104_07";"29,07"
"UMF203B112_01";"26,41"
"UMF203B112_20";"26,41"
"UMF203B116_04";"26,41"
"UMF203B116_64";"26,41"
"UMF203B118_02";"33,05"
"UMF203B118_25";"33,05"
"UMF203M102_04";"30,39"
"UMF203M106_01";"35,70"
"UMF203M106_02";"35,70"
"UMF203M106_48";"35,70"
"UMF211B102_06";"33,05"
"UMF211B120_01";"33,05"
"UMF211B120_02";"33,05"
"UMF211B121_02";"33,05"
"UMF211B124_01";"33,05"
"UMF211B124_04";"32,99"
"UMF211B124_10";"33,05"
"UMF211M102_01";"29,99"
"UMF211M102_1V";"29,99"
"UMF211M103_01";"45,99"
"UMF211M116_1U";"35,70"
"UMF211M122_20";"35,70"
"UMF223B100_01";"43,67"
"UMF223B106_01";"43,67"
"UMF223B106_02";"43,67"
"UMF223B117_42";"35,69"
"UMF223M109_01";"52,96"
"UMF223M109_05";"52,96"
"UMF223M109_10";"29,99"
"UMF223M113_01";"48,97"
"UMF223M115_25";"29,99"
"UMF223M120_01";"48,97"
"UMF231B102_02";"39,99"
"UMF231B102_67";"42,99"
"UMF231B113_01";"29,99"
"UMF231B114_02";"29,99"
"UMF231B118_20";"42,99"
"UMF231B119_01";"29,99"
"UMF231B119_20";"29,99"
"UMF231M104_1Y";"54,99"
"UMF231M104_67";"29,99"
"UMF231M108_1U";"29,99"
"UMF231M108_02";"29,99"
"UMF231M108_45";"29,99"
"UMF231M109_1U";"29,99"
"UMF231M118_20";"29,99"
"UMF231M121_02";"29,99"
"UMF233B105_02";"45,99"
"UMF233B109_20";"45,99"
"UMF233B109_67";"45,99"
"UMF233M104_25";"51,99"
"UMF243B104_20";"37,99"
"UMF243B114_20";"37,99"
"UMF243M104_06";"42,99"
"UMF243M108_01";"42,99"
"UMF243M114_20";"42,99"
"UMF243M119_01";"45,99"
"UMF251M102_01";"45,99"
"UMF251M112_01";"43,99"
"UMF181604_04_RED";"19,78"
"UMF181604_05_NAVY";"19,78"
"UMF1411016_010";"33,05"
"UMH153120_BLACK";"9,16"
"UMH153120_GREY";"9,16"
"UMH153120_NAVY";"9,16"
"UMHS17110_02";"13,14"
"UMK173430";"15,79"
"UMK173432";"11,81"
"UMK181450_052";"15,79"
"UMK181603_01_WHITE";"13,14"
"UMK181603_04_RED";"13,14"
"UMK183108";"15,79"
"UMK183108_553_5";"13,14"
"UMK183109_554";"13,14"
"UMK193100_01_5";"17,12"
"UML151460";"13,14"
"UMNZ181103_05";"19,78"
"UMNZ181109_NAVY";"13,14"
"UMNZ181109_RED";"13,14"
"UMNZ181109_WHITE";"13,14"
"UMNZ181309_NAVY";"13,14"
"UMNZ181309_RED";"13,14"
"UMNZ181309_WHITE";"13,14"
"UMR173190_BLACK";"9,16"
"UMR173190_NAVY";"9,16"
"UMR181600_01_WHITE";"7,83"
"UMR181600_04_RED";"7,83"
"UMS18315";"52,96"
"UMS143125_01";"25,08"
"UMS143128_01";"59,59"
"UMS143128_04";"59,59"
"UMS143129_02";"50,30"
"UMS143133_01";"72,86"
"UMS173111_005";"52,96"
"UMS173111_007";"52,96"
"UMS173144_02_BLACK";"59,59"
"UMS173144_06_GREY";"59,59"
"UMS181130_02";"30,39"
"UMS181151_01";"13,14"
"UMS183140_02_BLACK";"63,57"
"UMS183141_02";"52,96"
"UMS183141_31";"52,96"
"UMS183150";"59,59"
"UMS183150_002";"59,59"
"UMS183150_005";"59,59"
"UMS183150_007";"39,68"
"UMS183155_009M";"52,96"
"UMS183156_005";"52,96"
"UMS183350_007";"46,32"
"UMS183355_009";"46,32"
"UMS183356_005";"46,32"
"UMS193141_15_BLACK_GREY";"66,23"
"UMS1831107_03";"19,78"
"UMSW17100_066";"39,68"
"UMSW18131_06";"33,05"
"UMSW81304_02_ORANGE";"26,41"
"UMSW171100_049";"39,68"
"UMSW171102";"39,68"
"UMSW171103_016";"39,68"
"UMSW171107_06";"39,68"
"UMSW171108_01";"39,68"
"UMSW171301_068_BLACK";"33,05"
"UMSW171308_01";"33,05"
"UMSW173100_05";"39,68"
"UMSW173100_044";"37,03"
"UMSW173100_044_BLACK";"33,05"
"UMSW173107_05";"33,05"
"UMSW173107_055";"33,05"
"UMSW173107_055_WHITE";"33,05"
"UMSW173107_057_SILVER";"33,05"
"UMSW173119_018";"26,41"
"UMSW173119_018_I";"37,03"
"UMSW173119_059_BLUE";"33,05"
"UMSW173119_II";"37,03"
"UMSW173121_018";"37,03"
"UMSW173121_018II";"26,41"
"UMSW173122";"37,03"
"UMSW173125_05_BLACK";"33,05"
"UMSW173125_058";"34,38"
"UMSW173126_031";"34,38"
"UMSW173127_016";"37,03"
"UMSW173127_079";"34,38"
"UMSW173129_019";"35,70"
"UMSW173129_081";"35,70"
"UMSW173130_01";"33,05"
"UMSW173130_018";"33,05"
"UMSW173307_026_BLACK";"30,39"
"UMSW173307_058_SILVER";"29,07"
"UMSW173311_024_BLACK";"30,39"
"UMSW173311_085_SILVER";"30,39"
"UMSW173319_018";"27,74"
"UMSW173319_059_PLAVA";"26,41"
"UMSW173321_059_BLUE";"26,41"
"UMSW173322";"30,39"
"UMSW173329_028_CRNA";"30,39"
"UMSW173332_025_BLACK";"26,41"
"UMSW173332_082_ORANGE";"26,41"
"UMSW173352_028_BLACK";"30,39"
"UMSW181131_01";"39,68"
"UMSW181131_02";"39,68"
"UMSW181304_08_BLUE";"33,05"
"UMSW181310_08";"27,74"
"UMSW181311_08";"30,39"
"UMSW181327_023";"33,05"
"UMSW181330_06";"33,05"
"UMSW181330_40";"33,05"
"UMSW181331_40";"33,05"
"UMSW183109_012";"37,03"
"UMSW183124_013";"39,68"
"UMSW183140_020";"39,68"
"UMSW183140_107";"39,68"
"UMSW183147_258";"39,68"
"UMSW183147_259";"39,68"
"UMSW183147_260";"39,68"
"UMSW183318_081";"33,05"
"UMSW183365_020";"39,68"
"UMSW183365_121";"39,68"
"UMSW183370_026";"33,05"
"UMSW191126_02";"37,03"
"UMSW191127_02";"37,03"
"UMSW191145_01";"37,03"
"UMSW191146_01";"37,03"
"UMSW191147_01";"39,68"
"UMSW191345_02";"33,05"
"UMSW191347_01";"33,05"
"UMSW191347_60";"33,05"
"UMSW191350_21";"33,05"
"UMSW191351_05";"30,39"
"UMSW191351_21";"30,39"
"UMSW191362_01";"33,05"
"UMSW191362_30";"30,39"
"UMSW191362_60";"30,39"
"UMSW191365_98";"30,39"
"UMSW193101_01";"39,68"
"UMSW193102_01";"37,03"
"UMSW193102_98";"37,03"
"UMSW193107_10";"26,41"
"UMSW193115_02";"30,39"
"UMSW193145_02";"37,03"
"UMSW193305_12";"30,39"
"UMSW193305_95";"30,39"
"UMSW193307_27";"33,05"
"UMSW193307_98";"33,05"
"UMSW193309_02";"29,07"
"UMSW193309_08";"30,39"
"UMSW193310_01";"33,05"
"UMSW193310_98";"33,05"
"UMSW193319_01";"30,39"
"UMSW193323_01";"33,05"
"UMSW193323_98";"30,39"
"UMSW193353_01";"33,05"
"UMSW193357_27";"33,05"
"UMT181601_02";"15,79"
"UMT181601_04";"15,79"
"UMT181602_02";"9,16"
"UMTS191107_03";"59,59"
"UMTS191107_20";"59,59"
"UMZ161104_03";"13,14"
"UMZ161104_04";"13,14"
"UMZ181192_08";"13,14"
"UMZ181311_03";"15,79"
"UMZ191100_03";"13,14"
"UMZ191107_03";"19,78"
"UMZ191121_11";"11,81"
"UMZ191129_01";"13,14"
"UMZ191132_02";"19,78"
"UMZ191300_03";"10,49"
"UMZ191332_02";"17,12"
"UMZ193148_02";"37,03"
"UMZ193148_13";"37,03"
"UMZ193149_02";"30,39"
"UMZ193149_13";"30,39"
"UNTERSBERG_GREY";"39,69"
"UNTERSBERG_GREY_GREEN";"51,63"
"URB2FRO_BLUE";"18,45"
"URB21LOL_PINK";"18,45"
"URBBTM21_07_NAVY";"13,14"
"URBCARS16_BLUE";"17,12"
"URBFR021_PINK";"17,12"
"URBFRO01_PURPLE";"17,12"
"URBLOL21_22_BLACK";"18,45"
"URBM_B07";"17,12"
"URBPEP22_09_PINK";"18,45"
"URBPP13_BLUE";"17,12"
"URBPP22_53_BLUE";"18,45"
"URBPP43_PINK";"17,12"
"URBPP53_BLUE";"18,45"
"URBPP63_PURPLE";"18,45"
"URBPP83_GREEN";"18,45"
"URBPP93_BLUE";"13,14"
"URBS04_GREEN";"17,12"
"URBSPM09_NAVY";"17,12"
"URBSPM29_NAVY";"18,45"
"URBSPM29_NAVY_1";"18,45"
"URCBTM21_07_BLACK";"23,76"
"URCPP21_03_BLUE";"13,14"
"URCPP21_13_PURPLE";"19,99"
"UTAH_BLACK";"63,57"
"UWE_BLACK";"29,07"
"UWE_BROWN";"29,07"
"V03_BLACK";"50,30"
"V03_BLACK_I";"50,30"
"V03_FLOWER";"50,30"
"V03_FLOWER_I";"50,30"
"V03_HEART";"50,30"
"V03_HEART_1";"50,30"
"V03_WHITE";"50,30"
"V03_WHITE_I";"50,30"
"V201_BLACK";"39,68"
"V201_BROWN";"39,68"
"V201_M_BLACK";"39,68"
"V201_M_BROWN";"39,68"
"V201_NM_BLACK";"39,99"
"V201_NM_BROWN";"39,99"
"V202_1_NAVY";"32,99"
"V202_BLACK";"43,67"
"V202_BLACK_FLOWER";"43,67"
"V202_CIKLAMA";"43,67"
"V202_CIKLAMA_1";"43,67"
"V202_GREEN";"35,99"
"V202_GREEPEARL";"39,99"
"V202_M_BLACK";"43,99"
"V202_M_NAVY";"35,99"
"V202_M_WHITE";"43,99"
"V202_N_BLACK";"37,99"
"V202_N_WHITE";"37,99"
"V202_NAVY";"43,67"
"V202_PERLA";"43,67"
"V202_PERLA_1";"38,99"
"V202_PERLA_FLOWER";"39,68"
"V202_ROSE";"36,99"
"V202_WHITE";"49,99"
"V202_WHITE_FLOWER";"43,67"
"V230_BLACK";"43,99"
"V230_WHITE";"43,99"
"V260_BEIGE";"32,99"
"V260_BLACK";"37,99"
"V260_CIKLAMA_2";"39,68"
"V260_CIKLAMA_R";"39,68"
"V260_N_PERLA";"39,99"
"V260_N_WHITE";"39,99"
"V260_NISKA_36_41_bijela";"39,68"
"V260_NISKA_36_41_CIKLAMA";"39,68"
"V260_NISKA_36_41_crna";"39,68"
"V260_NISKA_36_41_crna_II";"39,68"
"V260_PERLA";"37,99"
"V260_WHITE";"37,99"
"V261_BEIGE";"46,99"
"V261_BLACK";"37,99"
"V261_BLACK_FLOWER";"29,99"
"V261_BLUE";"43,67"
"V261_N_BLACK";"43,67"
"V261_N_PERLA";"43,67"
"V261_N_WHITE";"43,67"
"V261_PERLA";"37,99"
"V261_PERLA_1";"43,67"
"V261_PERLA_B";"43,67"
"V261_PERLA_B1";"43,67"
"V261_PERLA_FLOWER";"43,67"
"V261_WHITE";"37,99"
"V261_WHITE_FLOWER";"43,67"
"V263_1_PINK";"34,99"
"V263_PINK";"42,99"
"V263_WHITE";"42,99"
"V80401_BLACK";"26,41"
"V80402_BEIGE";"26,41"
"V80403_PINK";"26,41"
"VAIL_BLACK";"52,96"
"VENEZIA_BIJELA";"11,81"
"VISTA_CRNA";"13,14"
"VISTA_DGREY";"13,14"
"VISTA_GREEN";"13,14"
"VISTA_GREY";"13,14"
"VISTA_NAVY";"13,14"
"VISTA_PLAVA";"13,14"
"VISTA_RED";"10,49"
"VISTA_WHITE";"13,14"
"VL139_BLACK_WHITE";"29,07"
"VL139_SILVER";"29,07"
"VL139_WHITE_BLACK";"29,07"
"VO905_BLACK";"28,99"
"VRI_235_BROWN";"19,78"
"VRI_235_NAVY";"19,78"
"VTBTM21_07_GREY";"17,12"
"VTLOL21_22_BLACK";"17,12"
"W010_GREY";"29,99"
"W11_060_BLACK";"17,99"
"W030_1GREY";"29,99"
"W030_1PINK";"29,99"
"W030_GREY";"29,99"
"W030_PINK";"29,99"
"W118_BLACK";"32,99"
"W888_BLACK";"41,99"
"W888_BROWN";"41,99"
"W2151_BLUE";"29,99"
"W2187_BLACK";"39,99"
"W2187_GREY";"39,99"
"W2187_ROYAL";"39,99"
"W2189C_GREY";"45,99"
"W2190_BLACK";"39,99"
"W2190_RED_B";"42,99"
"W2193BW_NAVY";"45,99"
"W2193C_GREY";"45,99"
"W2193CW_GREY";"45,99"
"W2193GW_ROYAL";"41,99"
"W2193MW_RED";"45,99"
"W2218_BLACK";"32,99"
"W2223_BLUE";"32,99"
"W2238_GREEN";"33,99"
"W2252A_BLACK";"45,99"
"W2252H_GREEN";"45,99"
"W5007_BLACK";"29,99"
"W5007_BLUE";"29,99"
"W6003_A_BLACK";"33,99"
"W6003_BLACK";"32,99"
"W6003_BLUE";"32,99"
"W6003_D_GREY";"32,99"
"W6003_GREY";"32,99"
"W6017_BLACK";"36,99"
"W6030_GREY";"32,99"
"W7022_BLACK";"33,99"
"W7031_GREY";"35,99"
"W7032F_GREY";"33,99"
"W7035A_BLACK";"35,99"
"W7035A_SIVA";"35,99"
"W8001_BLACK";"41,99"
"W8011_BLACK";"41,99"
"W8350_BEIGE";"19,99"
"W8350_BLACK";"19,99"
"W8350_GREEN";"19,99"
"W8350_WHITE";"19,99"
"W8877_BLACK";"19,99"
"WARD_BLACK";"19,78"
"WARD_NAVY";"19,78"
"WASI_BLUE";"17,12"
"WASI_PURPLE";"17,12"
"WCF26_BLACK";"26,99"
"WD166_BRONZE";"24,99"
"WD166_WHITE";"27,99"
"WEI_BLUE";"19,78"
"WEI_BLUE_I";"17,12"
"WEI_FUXIA";"19,78"
"WEI_FUXIA_I";"17,12"
"WEI_GREY";"19,78"
"WEN_FUXIA";"17,12"
"WEN_NAVY";"17,12"
"WILIAM_BROWN";"39,68"
"WILLA_BLUE";"19,78"
"WILLA_NAVY";"19,78"
"WINTER_COFFE";"52,96"
"WISDOM_BLACK_GREEN_M";"19,78"
"WISDOM_BLACK_ORANGE";"19,78"
"WISDOM_GREEN";"17,12"
"WISDOM_NAVY_RED";"19,78"
"WISDOM_ORANGE";"17,12"
"WISDOM_RED";"17,12"
"WL587_BLACK";"30,99"
"WL587_BROWN";"30,99"
"WLF20_BLACK";"23,76"
"WLF22_1_BLACK";"26,41"
"WLF22_3_BLACK";"26,41"
"WLF22_4_BLACK";"26,41"
"WLF22_5_BROWN";"26,41"
"WLF22_6_BROWN";"33,05"
"WLF22_7_GREY";"19,99"
"WLF22_8_BLACK";"33,05"
"WLF22_9_NAVY";"19,78"
"WLF22_10_BLACK";"19,78"
"WLF22_11_WHITE";"19,78"
"WLF22_12_GREEN";"19,78"
"WLF22_13_GREEN";"26,99"
"WLF22_14_NAVY";"19,78"
"WLF22_15_BORDO";"33,05"
"WLF22_16_WHITE";"19,78"
"WLF22_17_GREY";"19,78"
"WLF22_18_BORDO";"19,78"
"WLF22_18_GREY";"19,78"
"WLF22_19_GREEN";"19,78"
"WLF22_20_BLUE";"19,78"
"WLF22_20_GREY";"19,78"
"WLF22_20_GREY_1";"19,78"
"WLF22_21_BEIGE";"17,12"
"WLF22_21_PINK";"17,12"
"WLF22_21_PINK1";"17,12"
"WLF22_21_WHITE";"17,12"
"WLF22_22_PINK";"17,12"
"WLF22_23_BLACK";"19,78"
"WLF22_23_BLUE";"29,99"
"WLF22_24_BLACK";"26,41"
"WLF22_25_BLACK";"26,41"
"WLF22_26_GREY";"17,12"
"WLF22_26_NAVY";"17,12"
"WLF22_26_WHITE";"17,12"
"WLF22_27_1BLUE";"17,12"
"WLF22_27_BLACK";"17,12"
"WLF22_27_BLUE";"17,12"
"WLF22_27_GREY";"17,12"
"WLF22_27_NAVY";"17,12"
"WLF22_28_PURPLE";"39,68"
"WLF22_29_BLACK";"39,68"
"WLF22_30_GREY";"33,05"
"WLF22_31_GREY";"33,05"
"WLF22_32_BLACK";"33,05"
"WLF22_33_GREY";"33,05"
"WLF22_34_GREY";"19,78"
"WLF22_35_BLACK";"19,78"
"WLF22_36_BLACK";"26,41"
"WLF22_37_NAVY";"19,78"
"WLF22_38_BLACK";"26,99"
"WLF22_39_BEIGE";"19,78"
"WLF22_40_WHITE";"19,78"
"WLF22_41_WHITE";"19,78"
"WLF22_42_NAVY";"19,78"
"WLF22_43_BLACK";"26,41"
"WLF22_44_BLACK";"26,41"
"WLF22_45_BLUE";"17,12"
"WLF22_45_GREY";"17,12"
"WLF22_45_NAVY";"17,12"
"WLF22_45_NAVY1";"17,12"
"WLF22_45_PINK";"17,12"
"WLF22_45_RED";"17,12"
"WLF22_45_YELLOW";"17,12"
"WLF22_45_YELLOW1";"17,12"
"WLF22_46_NAVY";"9,09"
"WLF22_47_PINK";"9,09"
"WLF22_48_BLUE";"9,09"
"WLF22_49_GREY";"9,09"
"WLF22_50_NAVY";"9,09"
"WLF22_51_NAVY";"9,09"
"WLF22_52_GREY";"5,18"
"WLF22_52_PINK";"5,09"
"WLF22_53_GREY";"5,18"
"WLF22_54_BLACK";"5,09"
"WLF22_54_GREY";"5,09"
"WLF22_54_NAVY";"5,09"
"WLF22_54_PINK";"5,09"
"WLF22_55_PINK";"5,09"
"WLF22_56_GREY";"5,09"
"WLF22_56_WHITE";"5,09"
"WLF22_57_BLACK";"23,76"
"WLF22_58_BLUE";"17,12"
"WLF22_59_BEIGE";"14,99"
"WLF22_59_GREY";"19,99"
"WLF22_60_BLACK";"22,43"
"WLF22_60_WHITE";"22,43"
"WLF22_61_WHITE";"22,43"
"WLF22_62_WHITE";"22,43"
"WLF22_63_WHITE";"22,43"
"WLF22_64_BROWN";"33,05"
"WLF22_65_BLACK";"33,05"
"WLF22_66_PINK";"5,99"
"WLF22_67_BLACK";"26,41"
"WLF22_68_BLACK";"19,78"
"WLF22_69_BLACK";"19,78"
"WLF22_70_BEIGE";"24,99"
"WLF22_70_BLACK";"24,99"
"WLF22_71_NAVY";"10,49"
"WLF22_72_BLACK";"35,70"
"WLF22_72_BLACK_G";"35,70"
"WLF22_73_BLUE";"5,09"
"WLF22_73_GREY";"5,09"
"WLF22_73_GREY1";"5,09"
"WLF22_73_GREY2";"5,09"
"WLF22_73_GREY3";"5,09"
"WLF22_73_GREY4";"5,09"
"WLF22_73_NAVY";"5,09"
"WLF22_73_PINK";"5,09"
"WLF22_74_PINK";"7,79"
"WLF22_75_GREEN";"7,79"
"WLF22_76_2GREY";"5,99"
"WLF22_76_GREY";"5,99"
"WLF22_76_GREY1";"5,99"
"WLF22_76_NAVY";"5,99"
"WLF22_76_NAVY1";"5,09"
"WLF22_77_1GREY";"5,99"
"WLF22_77_BLUE";"5,99"
"WLF22_77_GREY";"5,99"
"WLF22_77_GREY1";"5,09"
"WLF22_77_GREY2";"5,18"
"WLF22_77_NAVY";"5,18"
"WLF22_77_NAVY1";"5,99"
"WLF22_78_GREY";"9,16"
"WLF22_79_WHITE";"9,16"
"WLF22_80_1BLACK";"5,09"
"WLF22_80_1BROWN";"5,09"
"WLF22_80_BLACK";"5,09"
"WLF22_80_BROWN";"5,09"
"WLF22_81_GREY";"6,50"
"WLF22_82_BLACK";"6,50"
"WLF22_82_BORDO";"6,50"
"WLF22_82_BROWN";"6,50"
"WLF22_82_BROWN1";"6,50"
"WLF22_82_NAVY";"6,50"
"WLF22_83_NAVY";"5,18"
"WLF22_84_BLACK";"5,18"
"WLF22_84_GREY";"5,18"
"WLF22_85_BEIGE";"5,99"
"WLF22_85_GREY";"5,09"
"WLF22_85_PINK";"5,09"
"WLF22_86_NAVY";"5,09"
"WLF22_87_BEIGE";"17,12"
"WLF22_88_NAVY";"17,12"
"WLF22_88_RED";"17,12"
"WLF22_88_WHITE";"17,12"
"WLF22_89_BLUE";"33,05"
"WLF22_89_GREY";"33,05"
"WLF22_89_NAVY";"39,68"
"WLF22_90_GREY";"9,16"
"WLF22_91_BLACK";"9,16"
"WLF22_92_BLACK";"9,16"
"WLF22_93_GREY";"8,99"
"WLF22_94_BLACK";"9,16"
"WLF22_95_1BLACK";"9,16"
"WLF22_95_BLACK";"9,16"
"WLF22_96_1_PINK";"7,83"
"WLF22_96_1BLUE";"7,83"
"WLF22_96_1GREEN";"7,83"
"WLF22_96_BLUE";"7,83"
"WLF22_96_GREEN";"7,83"
"WLF22_96_NAVY";"7,83"
"WLF22_96_PINK";"7,83"
"WLF22_96_WHITE";"7,83"
"WLF22_97_GREY";"9,16"
"WLF22_97_NAVY";"9,16"
"WLF22_98_BLACK";"9,16"
"WLF22_99_PINK";"9,16"
"WLF22_100_1NAVY";"5,99"
"WLF22_100_1PINK";"9,16"
"WLF22_100_2PINK";"5,99"
"WLF22_100_BLACK";"5,99"
"WLF22_100_BLUE";"5,99"
"WLF22_100_NAVY";"5,99"
"WLF22_100_PINK";"9,16"
"WLF22_100_PINKY";"5,99"
"WLF22_101_GREEN";"9,16"
"WLF22_101_NAVY";"9,16"
"WLF22_101_WHITE";"9,16"
"WLF22_101_YELLOW";"9,16"
"WLF22_102_SILVER";"13,14"
"WLF22_103_PINK";"13,14"
"WLF22_104_1WHITE";"17,12"
"WLF22_104_GREY";"17,12"
"WLF22_104_NAVY";"13,09"
"WLF22_104_WHITE";"17,12"
"WLF22_105_1BLACK";"5,09"
"WLF22_105_BLACK";"6,50"
"WLF22_105_NAVY";"6,50"
"WLF22_105_RED";"5,09"
"WLF22_106_BLACK";"19,78"
"WLF22_107_NAVY";"19,99"
"WLF22_108_BLACK";"19,78"
"WLF22_109_BLUE";"19,78"
"WLF22_110_BEIGE";"19,78"
"WLF22_111_GREY";"15,79"
"WLF22_112_NAVY";"15,79"
"WLF22_113_PINK";"15,79"
"WLF22_114_PINK";"15,79"
"WLF22_115_NAVY";"15,79"
"WLF22_116_GREY";"15,79"
"WLF22_117_GREY";"19,78"
"WLF22_118_BLACK";"19,99"
"WLF22_119_BRONZE";"19,78"
"WLF22_119_GOLD";"19,78"
"WLF22_120_1BLACK";"9,16"
"WLF22_120_1BLUE";"9,16"
"WLF22_120_1PINK";"9,16"
"WLF22_120_BLACK";"9,16"
"WLF22_120_BLUE";"9,16"
"WLF22_120_BORDO";"9,16"
"WLF22_120_GREY";"9,16"
"WLF22_120_NAVY";"9,16"
"WLF22_120_ORANGE";"9,16"
"WLF22_120_PINK";"9,16"
"WLF22_120_WHITE";"7,99"
"WLF22_120_YELLOW";"9,16"
"WLF22_121_GREEN";"19,78"
"WLF22_121_NAVY";"19,78"
"WLF22_122_BLACK";"19,78"
"WLF22_123_NAVY";"25,08"
"WLF22_124_1PINK";"9,16"
"WLF22_124_NAVY";"9,16"
"WLF22_124_PINK";"9,16"
"WLF22_124_RED";"9,16"
"WLF22_125_1NAVY";"9,16"
"WLF22_125_NAVY";"9,16"
"WLF22_126_1NAVY";"9,16"
"WLF22_126_NAVY";"9,16"
"WLF22_127_PINK";"9,16"
"WLF22_128_NAVY";"9,16"
"WLF22_129_GREEN";"9,16"
"WLF22_129_PINK";"9,16"
"WLF22_130_1BLACK";"5,09"
"WLF22_130_1BLUE";"5,09"
"WLF22_130_1BORDO";"5,09"
"WLF22_130_1GREEN";"5,99"
"WLF22_130_1NAVY";"5,09"
"WLF22_130_1PURPLE";"5,09"
"WLF22_130_BLACK";"7,83"
"WLF22_130_GREEN";"7,83"
"WLF22_130_NAVY";"7,83"
"WLF22_130_PURPLE";"7,83"
"WLF22_131_BLACK";"9,16"
"WLF22_131_GREY";"9,16"
"WLF22_131_NAVY";"9,16"
"WLF22_132_BLACK";"9,16"
"WLF22_132_BLUE";"9,16"
"WLF22_133_NAVY";"9,16"
"WLF22_134_NAVY";"9,16"
"WLF22_135_NAVY";"9,16"
"WLF22_136_BLACK";"9,16"
"WLF22_137_NAVY";"9,16"
"WLF22_138_GREEN";"9,16"
"WLF22_139_ORANGE";"9,16"
"WLF22_140_BLACK";"9,16"
"WLF22_141_1BLACK";"10,99"
"WLF22_141_BLACK";"10,99"
"WLF22_141_NAVY";"10,99"
"WLF22_142_1BROWN";"6,99"
"WLF22_142_BLACK";"7,79"
"WLF22_142_BLUE";"7,79"
"WLF22_142_BORDO";"7,79"
"WLF22_142_BROWN";"6,99"
"WLF22_142_GOLD";"7,79"
"WLF22_142_NAVY";"7,79"
"WLF22_142_PEACH";"6,99"
"WLF22_142_PINK";"7,79"
"WLF22_142_TOURQUISE";"6,99"
"WLF22_143_NAVY";"7,83"
"WLF22_143_PINK";"7,83"
"WLF22_144_BLUE";"7,83"
"WLF22_144_GREEN";"7,83"
"WLF22_146_BLACK";"9,16"
"WLF22_147_GREY";"7,83"
"WLF22_148_NAVY";"7,83"
"WLF22_149_PINK";"7,83"
"WLF22_150_GREY";"5,18"
"WLF44_49_GREY";"9,16"
"WLF093_NAVY";"5,09"
"WLF113_BLACK";"7,83"
"WLF116_GREY";"15,79"
"WLF211_GREY";"6,50"
"WLF211_NAVY";"6,50"
"WLF211_PINK";"6,50"
"WLF211_WHITE";"6,50"
"WLF211_WHITE_1";"6,50"
"WLF212_GREY";"6,50"
"WLF212_PINK";"6,50"
"WLF213_BROWN";"6,50"
"WLF213_BROWN_1";"6,50"
"WLF213_GREEN";"6,50"
"WLF213_GREY";"6,50"
"WLF213_GREY_1";"6,50"
"WLF213_NAVY";"6,50"
"WLF213_PINK";"6,50"
"WLF213_PINK_1";"6,50"
"WLF213_PINK_2";"6,50"
"WLF213_PINK_3";"6,50"
"WLF213_PINK_4";"6,50"
"WLF213_PINK_5";"6,50"
"WLF213_PURPLE";"6,50"
"WLF213_PURPLE_1";"6,50"
"WLF213_PURPLE_2";"6,50"
"WLF214_BLACK";"25,08"
"WLF215_BLUE";"19,78"
"WLF215_NAVY";"19,78"
"WLF216_PINK";"13,14"
"WLF217_GREEN";"19,78"
"WLF218_NAVY";"25,08"
"WLF219_BLACK";"19,78"
"WLF219_NAVY";"19,78"
"WLF219_RED";"19,78"
"WLF220_BLUE";"13,14"
"WLF221_ORANGE";"11,81"
"WLF222_PURPLE";"11,81"
"WLF223_BLACK";"19,78"
"WLF224_BLACK";"25,08"
"WLF225_PURPLE";"13,14"
"WLF226_GREY";"9,16"
"WLF227_BLACK";"5,18"
"WLF228_PINK";"5,18"
"WLF229_GREEN";"25,08"
"WLF230_BLUE";"25,08"
"WLF231_BEIGE";"17,12"
"WLF232_RED";"17,12"
"WLF233_BLUE";"17,12"
"WLF234_BLUE";"17,12"
"WLF235_BLUE";"17,12"
"WLF236_BEIGE";"17,12"
"WLF237_BLUE";"17,12"
"WLF238_BEIGE";"17,12"
"WLF238_GREY";"17,12"
"WLF239_BEIGE";"17,12"
"WLF240_BEIGE";"17,12"
"WLF240_GREY";"17,12"
"WLF240_PINK";"17,12"
"WLF241_BLACK";"17,12"
"WLF242_BLUE";"17,12"
"WLF243_GREY";"17,12"
"WLF243_GREY_1";"17,12"
"WLF244_BEIGE";"17,12"
"WLF245_BEIGE";"17,12"
"WLF245_BEIGE_GREY";"17,12"
"WLF245_BLACK";"17,12"
"WLF245_NAVY";"17,12"
"WLF245_OLIVE";"17,12"
"WLF246_BEIGE";"17,12"
"WLF247_BLUE";"17,12"
"WLF248_BEIGE";"17,12"
"WLF249_GREY";"17,12"
"WLF250_NAVY";"52,96"
"WLF251_GREY";"26,41"
"WLF252_GREY_ORANGE";"26,41"
"WLF253_BLUE";"26,41"
"WLF254_PINK";"26,41"
"WLF255_BLACK";"26,41"
"WLF256_WHITE";"26,41"
"WLF257_WHITE";"26,41"
"WLF258_BLACK";"26,41"
"WLF259_GREY";"26,41"
"WLF260_GREY";"26,41"
"WLF261_PINK";"26,41"
"WLF262_BLACK";"19,78"
"WLF262_BLUE";"7,83"
"WLF262_GREY";"7,83"
"WLF262_NAVY";"7,83"
"WLF262_OLIVE";"7,83"
"WLF262_OLIVES";"7,83"
"WLF262_YELLOW";"19,78"
"WLF263_PURPLE";"17,12"
"WLF264_GREY";"26,41"
"WLF265_WHITE";"19,78"
"WLF266_WHITE";"17,12"
"WLF267_BRONZE";"17,12"
"WLF268_NAVY";"17,12"
"WLF269_BLUE";"17,12"
"WLF270_NAVY";"17,12"
"WLF271_PINK";"9,16"
"WLF271_RED";"9,16"
"WLF272_BLACK";"9,16"
"WLF273_PINK";"9,16"
"WLF274_PINK";"9,16"
"WLF275_WHITE_BLACK";"9,16"
"WLF276_1NAVY";"7,83"
"WLF276_BLACK";"7,83"
"WLF276_BLUE";"7,83"
"WLF276_BORDO";"7,83"
"WLF276_GREY";"7,83"
"WLF276_NAVY";"7,83"
"WLF276_PINK";"7,83"
"WLF276_WHITE";"7,83"
"WLF277_BLACK";"7,83"
"WLF278_BLACK";"7,83"
"WLF278_NAVY";"7,83"
"WLF279_BLACK";"9,16"
"WLF280_GREY";"9,16"
"WLF281_BLACK";"7,83"
"WLF281_PINK";"7,83"
"WLF281_RED";"7,83"
"WLF281_YELLOW";"7,83"
"WLF282_BLACK";"7,99"
"WLF282_GREEN";"7,83"
"WLF282_GREY";"7,83"
"WLF282_GREY_1";"7,83"
"WLF282_GREY_2";"7,83"
"WLF282_YELLOW";"7,83"
"WLF283_BLACK";"7,83"
"WLF283_NAVY";"7,83"
"WLF284_BLUE";"6,50"
"WLF284_BLUE_PINK";"6,50"
"WLF284_PINK";"6,50"
"WLF285_BLUE";"6,50"
"WLF285_BLUE_1";"6,50"
"WLF285_RED";"6,50"
"WLF286_BLUE";"6,50"
"WLF286_BLUE_1";"6,50"
"WLF286_PINK";"6,50"
"WLF287_RED";"6,50"
"WLF287_RED_1";"6,50"
"WLF288_BLACK";"6,50"
"WLF288_GREY";"6,50"
"WLF289_WHITE";"6,50"
"WLF290_RED";"5,18"
"WLF291_RED";"6,50"
"WLF292_NAVY";"6,50"
"WLF293_1WHITE";"6,50"
"WLF293_RED";"6,50"
"WLF293_WHITE";"6,50"
"WLF294_WHITE";"6,50"
"WLF295_BLUE";"6,50"
"WLF296_1WHITE";"6,50"
"WLF296_BLUE";"6,50"
"WLF296_WHITE";"6,50"
"WLF297_WHITE";"6,50"
"WLF298_YELLOW";"9,16"
"WLF299_GREY";"10,49"
"WLF300_GREY";"10,49"
"WLF301_GREY";"10,49"
"WLF302_PINK";"10,49"
"WLF303_WHITE";"22,43"
"WLF304_WHITE";"22,43"
"WLF305_WHITE";"22,43"
"WLF306_BLACK";"22,43"
"WLF307_WHITE";"22,43"
"WLF308_WHITE";"22,43"
"WLF309_WHITE";"22,43"
"WLF310_NAVY";"26,41"
"WLF311_BROWN";"26,41"
"WLF312_BLACK";"26,41"
"WLF312_BROWN";"26,41"
"WLF313_SILVER";"19,78"
"WLF314_PINK";"19,78"
"WLF315_BROWN";"19,78"
"WLF316_WHITE";"19,78"
"WLF317_BEIGE";"19,78"
"WLF318_PINK";"15,79"
"WLF319_BLUE";"11,81"
"WLF319_NAVY";"11,81"
"WLF319_NAVY1";"11,81"
"WLF319_RED";"11,81"
"WLF320_BLACK";"11,81"
"WLF320_PINK";"11,81"
"WLF321_GREY";"13,14"
"WLF322_NAVY";"13,14"
"WLF323_GREEN";"11,81"
"WLF324_PURPLE";"11,81"
"WLF325_GREY";"11,81"
"WLF326_NAVY";"11,81"
"WLF327_PURPLE";"11,81"
"WLF328_GREEN";"11,81"
"WLF329_BLUE";"11,81"
"WLF330_PINK";"11,79"
"WLF331_GREY";"11,81"
"WLF332_BLACK";"33,05"
"WLF332_WHITE";"33,05"
"WLF333_WHITE";"33,05"
"WLF334_BLACK";"33,05"
"WLF335_BLACK";"26,41"
"WLF336_BLACK";"26,41"
"WLF337_BLACK";"26,41"
"WLF338_BLACK";"26,41"
"WLF339_BLACK";"26,41"
"WLF340_BLUE";"15,79"
"WLF341_PINK";"15,79"
"WLF342_GREY";"15,79"
"WLF343_BLUE";"15,79"
"WLF344_SILVER";"15,79"
"WLF345_RED";"15,79"
"WLF346_BLUE";"15,79"
"WLF346_GREY";"15,79"
"WLF347_BLUE";"7,99"
"WLF348_BLACK";"6,50"
"WLF348_BLUE";"6,50"
"WLF348_BLUE1";"6,50"
"WLF348_NAVY";"6,50"
"WLF348_OLIVES";"6,50"
"WLF348_PINK";"6,50"
"WLF348_TURQUOISE";"6,50"
"WLF349_BLUE";"6,50"
"WLF349_TURQUISE";"6,50"
"WLF350_NAVY";"15,79"
"WLF351_GREY";"15,79"
"WLF352_BLACK";"15,79"
"WLF353_PINK";"15,79"
"WLF354_SILVER";"15,79"
"WLF355_PINK";"15,79"
"WLF356_GREEN";"15,79"
"WLF357_BLUE";"15,79"
"WLF357_GREY";"15,79"
"WLF357_NAVY";"15,79"
"WLF358_BROWN";"15,79"
"WLF358_GREY";"15,79"
"WLF359_BLUE";"15,79"
"WLF359_GREY";"15,79"
"WLF360_NAVY";"15,79"
"WLF361_NAVY";"15,79"
"WLF362_GREY";"15,79"
"WLF363_GREY";"11,81"
"WLF363_NAVY";"11,81"
"WLF363_PINK";"11,81"
"WLF363_RED";"11,81"
"WLF364_BEIGE";"15,79"
"WLF364_NAVY";"11,81"
"WLF365_NAVY";"15,79"
"WLF366_BORDO";"19,78"
"WLF366_GREEN";"19,78"
"WLF366_GREY";"19,78"
"WLF367_NAVY";"19,78"
"WLF368_BLACK";"19,78"
"WLF369_BROWN";"19,78"
"WLF370_BROWN";"19,78"
"WLF371_BLUE";"19,78"
"WLF372_BROWN";"19,78"
"WLF373_BEIGE";"19,78"
"WLF373_BLACK";"19,78"
"WLF373_SILVER";"19,78"
"WLF374_BLUE";"13,14"
"WLF374_NAVY";"13,14"
"WLF375_BLUE";"13,14"
"WLF375_BORDO";"13,14"
"WLF375_BROWN";"13,14"
"WLF375_BROWN_1";"13,14"
"WLF375_NAVY";"19,78"
"WLF376_BEIGE";"13,14"
"WLF377_GREY";"19,78"
"WLF378_BLACK";"24,99"
"WLF378_BLK_ORANGE";"24,99"
"WLF378_BLK_RED";"24,99"
"WLF379_BLACK";"26,41"
"WLF379_BLUE";"26,41"
"WLF379_RED";"26,99"
"WLF380_BLACK";"10,49"
"WLF381_BLACK";"10,49"
"WLF382_GREEN";"7,83"
"WLF383_BLACK";"26,41"
"WLF384_BLACK";"19,78"
"WLF384_BROWN";"19,78"
"WLF384_BROWN_1";"19,78"
"WLF385_BLACK";"19,78"
"WLF386_BEIGE";"19,78"
"WLF386_BLACK";"19,78"
"WLF386_BROWN";"19,78"
"WLF387_BLUE";"19,78"
"WLF387_GREY";"19,78"
"WLF388_BROWN";"19,78"
"WLF389_BLACK";"19,78"
"WLF390_BLACK";"26,41"
"WLF390_BROWN";"26,41"
"WLF390_BROWN1";"26,41"
"WLF390_NAVY";"26,41"
"WLF391_GREY";"11,81"
"WLF392_GREY";"11,81"
"WLF393_BLACK";"10,49"
"WLF393_BLUE";"10,49"
"WLF393_RED";"10,49"
"WLF394_1GREEN";"19,78"
"WLF394_1PINK";"19,78"
"WLF394_2PINK";"19,78"
"WLF394_BLACK";"19,78"
"WLF394_GREEN";"19,78"
"WLF394_PINK";"19,78"
"WLF394_TURQUISE";"19,78"
"WLF394_WHITE";"19,78"
"WLF395_BLACK";"23,76"
"WLF395_BLUE";"26,41"
"WLF396_TURQUISE";"26,41"
"WLF397_BLACK";"23,76"
"WLF397_BROWN";"23,76"
"WLF397_GREY";"23,76"
"WLF397_KHAKI";"23,76"
"WLF398_TURQUISE";"23,76"
"WLF399_GREY";"13,14"
"WLF399_WHITE";"13,14"
"WLF400_BLUE";"11,81"
"WLF401_GREEN";"11,81"
"WLF404_GREEN";"9,16"
"WLF405_PINK";"9,16"
"WLF406_1PINK";"9,16"
"WLF406_BLUE";"9,16"
"WLF406_PINK";"9,16"
"WLF406_PINK1";"9,16"
"WLF407_BLUE";"9,16"
"WLF407_NAVY";"9,16"
"WLF407_PINK";"9,16"
"WLF408_BLACK";"9,16"
"WLF409_BLACK";"9,16"
"WLF409_GREY";"9,16"
"WLF410_FLOWER";"9,16"
"WLF411_NAVY";"9,16"
"WLF412_GREEN";"9,16"
"WLF412_NAVY";"9,16"
"WLF413_NAVY";"9,16"
"WLF414_NAVY";"9,16"
"WLF415_BLACK";"9,16"
"WLF416_PINK";"9,16"
"WLF417_NAVY";"9,16"
"WLF418_BLUE";"9,16"
"WLF418_PINK";"9,16"
"WLF419_BROWN";"37,03"
"WLF420_BLUE";"9,16"
"WLF421_BLUE";"19,78"
"WLF422_BROWN";"19,78"
"WLF423_GREY";"19,78"
"WLF424_WHITE";"33,05"
"WLF425_RED";"2,65"
"WLF426_BLUE";"2,65"
"WLF426_PURPLE";"2,65"
"WLF427_GREEN";"2,65"
"WLF428_BLACK";"39,68"
"WLF429_GREEN";"9,16"
"WLF430_GREY";"17,12"
"WLF431_GREEN";"13,14"
"WLF431_PURPLE";"17,12"
"WLF432_YELLOW";"3,85"
"WLF434_GREEN";"5,18"
"WLF434_PINK";"5,18"
"WLF434_YELLOW";"5,18"
"WLF435_BLUE";"6,50"
"WLF436_BLACK";"7,83"
"WLF436_BLUE";"7,83"
"WLF437_BLUE";"7,83"
"WLF438_BLACK";"7,83"
"WLF438_GREY";"7,83"
"WLF439_BROWN";"6,50"
"WLF439_SILVER";"6,50"
"WLF440_BROWN";"6,50"
"WLF441_BLACK";"10,49"
"WLF442_BLACK";"5,18"
"WLF443_BLUE";"5,18"
"WLF444_PINK";"9,16"
"WLF445_NAVY";"39,68"
"WLF446_NAVY";"39,68"
"WLF447_GREY";"11,81"
"WLF447_NAVY";"37,03"
"WLF448_BLACK";"19,78"
"WLF449_BLACK";"13,14"
"WLF450_BLACK";"19,78"
"WLF451_BLACK";"13,14"
"WLF451_BLACKY";"13,14"
"WLF451_RED";"13,14"
"WLF452_BLUE";"19,78"
"WLF452_BROWN";"19,78"
"WLF452_RED";"17,12"
"WLF453_BROWN";"19,78"
"WLF454_RED";"17,12"
"WLF455_GREEN";"11,81"
"WLF456_BLACK";"11,81"
"WLF457_NAVY";"15,79"
"WLF458_GREY";"15,79"
"WLF459_GREY";"15,79"
"WLF460_GREY";"15,79"
"WLF460_NAVY";"15,79"
"WLF461_GREY";"13,14"
"WLF462_WHITE";"13,14"
"WLF463_GREY";"13,14"
"WLF464_BROWN";"13,14"
"WLF465_PINK";"13,14"
"WLF466_BEIGE";"13,14"
"WLF466_PINK";"13,14"
"WLF468_GREY";"26,41"
"WLF469_BORDO";"26,41"
"WLF470_BLACK";"26,41"
"WLF471_NAVY";"19,78"
"WLF472_BLACK";"19,78"
"WLF473_NAVY";"33,05"
"WLF474_BLACK";"26,41"
"WLF475_BLACK";"26,41"
"WLF476_BLACK";"26,41"
"WLF477_BLACK";"26,41"
"WLF478_BLACK";"26,41"
"WLF479_BLACK";"26,41"
"WLF0806_DGREEN";"9,99"
"WLF622025_BORDO";"24,99"
"WLF622025_GREY";"29,99"
"WLFP_26_BLACK";"21,10"
"WLFP_73_1BLUE";"10,49"
"WLFP_73_BLUE";"10,49"
"WLFP_73_PURPLE";"10,49"
"WLFP_73_WHITE";"10,49"
"WLFP_74_BLUE";"26,41"
"WLFP_74_NAVY";"26,41"
"WLFP_74_PINK";"26,41"
"WLFP1_BLACK";"26,41"
"WLFP2_GREEN";"26,41"
"WLFP3_BLACK_GREY";"26,41"
"WLFP3_GREY";"26,41"
"WLFP3_PINK";"26,41"
"WLFP4_BLACK";"33,05"
"WLFP05_BLACK";"24,99"
"WLFP5_GREY";"33,05"
"WLFP6_GREY";"33,05"
"WLFP06_NAVY";"24,99"
"WLFP07_BLACK";"9,99"
"WLFP7_GREEN";"33,05"
"WLFP07_GREY";"9,99"
"WLFP7_NAVY";"33,05"
"WLFP07_PINK";"9,99"
"WLFP8_BLACK";"26,41"
"WLFP08_BLUE";"7,99"
"WLFP08_NAVY";"7,99"
"WLFP9_BLACK";"33,05"
"WLFP09_NAVY";"5,99"
"WLFP09_PINK";"5,99"
"WLFP10_BEIGE";"5,99"
"WLFP10_BLACK";"5,99"
"WLFP10_GREY";"5,99"
"WLFP10_PINK";"26,41"
"WLFP10_PURPLE";"5,99"
"WLFP11_BLACK";"26,41"
"WLFP11_NAVY";"24,99"
"WLFP12_GREEN";"26,41"
"WLFP13_GREEN";"26,41"
"WLFP14_BLACK";"26,41"
"WLFP15_BLACK";"26,41"
"WLFP16_BLACK";"26,41"
"WLFP17_BLACK";"26,41"
"WLFP17_PINK";"26,41"
"WLFP17_RED";"26,41"
"WLFP18_BLACK";"26,41"
"WLFP18_BLACK_PURPLE";"26,41"
"WLFP18_BLUE";"13,14"
"WLFP18_BROWN";"14,99"
"WLFP18_NAVY";"13,14"
"WLFP19_BLACK";"33,05"
"WLFP19_GREY";"33,05"
"WLFP20_BLACK";"17,12"
"WLFP21_YELLOW";"17,12"
"WLFP22_BLACK";"19,78"
"WLFP23_BLACK";"19,78"
"WLFP023_PINK";"4,99"
"WLFP024_GREEN";"4,99"
"WLFP24_GREY";"21,10"
"WLFP025_BLUE";"4,99"
"WLFP025_GREEN";"4,99"
"WLFP25_PINK";"21,10"
"WLFP025_RED";"4,99"
"WLFP26_BLUE";"12,99"
"WLFP026_GREEN";"4,99"
"WLFP26_GREY";"26,41"
"WLFP26_GREY1";"12,99"
"WLFP26_PINK";"12,99"
"WLFP026_PINK";"4,99"
"WLFP026_RED";"4,99"
"WLFP26_WHITE";"12,99"
"WLFP027_1PINK";"3,79"
"WLFP027_BLUE";"3,79"
"WLFP027_GREEN";"3,79"
"WLFP027_GREY";"3,79"
"WLFP027_NAVY";"3,79"
"WLFP027_PINK";"3,79"
"WLFP027_PURPLE";"3,79"
"WLFP027_RED";"3,79"
"WLFP27_WHITE";"26,41"
"WLFP028_1WHITE";"5,99"
"WLFP028_GREEN";"5,99"
"WLFP028_GREY";"5,99"
"WLFP28_GREY";"26,41"
"WLFP028_NAVY";"5,99"
"WLFP028_PINK";"4,99"
"WLFP028_RED";"4,99"
"WLFP028_WHITE";"5,99"
"WLFP029_BLUE";"2,99"
"WLFP29_GREY";"22,43"
"WLFP30_1WHITE";"5,49"
"WLFP030_BLACK";"5,99"
"WLFP30_BLUE";"6,50"
"WLFP30_GREY";"6,50"
"WLFP30_NAVY";"6,50"
"WLFP30_OLIVE";"6,50"
"WLFP30_PURPLE";"6,50"
"WLFP30_WHITE";"6,50"
"WLFP031_BLACK";"7,99"
"WLFP031_BORDO";"7,99"
"WLFP31_BORDO";"33,05"
"WLFP031_NAVY";"7,99"
"WLFP031_PINK";"7,99"
"WLFP031_WHITE";"5,99"
"WLFP032_1PURPLE";"5,99"
"WLFP032_BLUE";"5,99"
"WLFP32_GREY";"33,05"
"WLFP032_PURPLE";"5,99"
"WLFP032_RED";"5,99"
"WLFP33_1GREY";"33,05"
"WLFP033_BLUE";"5,99"
"WLFP33_GREY";"33,05"
"WLFP034_BLACK";"7,99"
"WLFP34_BLACK";"35,70"
"WLFP034_BROWN";"7,99"
"WLFP34_BROWN";"35,70"
"WLFP035_BLACK";"6,99"
"WLFP035_BLUE";"5,99"
"WLFP35_GREY";"33,05"
"WLFP035_NAVY";"5,99"
"WLFP36_BLACK";"33,05"
"WLFP036_BORDO";"19,99"
"WLFP036_GREY";"19,99"
"WLFP036_TURQUISE";"19,99"
"WLFP037_BLACK";"19,99"
"WLFP037_BORDO";"19,99"
"WLFP037_GREEN";"19,99"
"WLFP37_GREEN";"33,05"
"WLFP037_TURQUISE";"19,99"
"WLFP038_1BLUE";"19,99"
"WLFP038_BLACK";"19,99"
"WLFP038_BLUE";"19,99"
"WLFP038_BORDO";"19,99"
"WLFP38_BROWN";"35,70"
"WLFP039_NAVY";"19,99"
"WLFP040_BLACK";"19,99"
"WLFP040_NAVY";"19,99"
"WLFP041_BLACK";"19,99"
"WLFP041_NAVY";"15,79"
"WLFP042_BLACK";"24,99"
"WLFP43_1GREY";"13,14"
"WLFP043_BLACK";"19,99"
"WLFP43_GREY";"13,14"
"WLFP043_SILVER";"19,99"
"WLFP44_1_NAVY";"35,70"
"WLFP044_GREY";"19,99"
"WLFP44_NAVY";"35,70"
"WLFP45_BLACK";"33,05"
"WLFP45_BLUE";"33,05"
"WLFP045_GREY";"19,99"
"WLFP46_1PINK";"26,41"
"WLFP046_NAVY";"19,99"
"WLFP46_PINK";"12,99"
"WLFP47_1GREY";"26,41"
"WLFP047_BLACK";"19,99"
"WLFP47_GREY";"12,99"
"WLFP48_BLACK";"26,41"
"WLFP48_BORDO";"26,41"
"WLFP048_NAVY";"19,99"
"WLFP049_GREEN";"15,99"
"WLFP49_GREY";"35,70"
"WLFP50_1NAVY";"29,99"
"WLFP50_1PINK";"35,70"
"WLFP50_2NAVY";"35,70"
"WLFP50_2PINK";"35,70"
"WLFP50_3NAVY";"35,70"
"WLFP050_BLACK";"15,99"
"WLFP50_GREEN";"35,70"
"WLFP050_GREY";"15,99"
"WLFP50_NAVY";"35,70"
"WLFP50_PINK";"35,70"
"WLFP50_PURPLE";"29,99"
"WLFP051_GREY";"19,99"
"WLFP51_GREY";"35,70"
"WLFP52_BROWN";"35,70"
"WLFP52_GREY";"35,70"
"WLFP052_NAVY";"24,99"
"WLFP053_BLACK";"49,99"
"WLFP53_BLUE";"35,70"
"WLFP53_NAVY";"19,99"
"WLFP54_BLUE";"35,70"
"WLFP054_GREEN";"39,99"
"WLFP055_BLACK";"29,99"
"WLFP055_GREY";"29,99"
"WLFP55_NAVY";"35,70"
"WLFP056_1BLACK";"45,99"
"WLFP056_BLACK";"45,99"
"WLFP56_NAVY";"35,70"
"WLFP057_GREEN";"45,99"
"WLFP57_PURPLE";"26,41"
"WLFP58_PINK";"26,41"
"WLFP058_PURPLE";"26,99"
"WLFP59_BLACK";"26,41"
"WLFP059_GREEN";"26,99"
"WLFP060_1BLUE";"9,16"
"WLFP060_BLACK";"9,16"
"WLFP060_BLUE";"9,16"
"WLFP60_BLUE";"26,99"
"WLFP060_GREY";"9,16"
"WLFP60_NAVY";"26,41"
"WLFP060_PINK";"9,16"
"WLFP60_PINK";"26,99"
"WLFP060_WHITE";"9,16"
"WLFP61_NAVY";"35,70"
"WLFP061_PURPLE";"24,99"
"WLFP62_BLACK";"35,70"
"WLFP62_GREY";"35,70"
"WLFP62_NAVY";"35,70"
"WLFP062_WHITE";"39,99"
"WLFP063_BLACK";"49,99"
"WLFP063_GREEN";"49,99"
"WLFP63_NAVY";"35,70"
"WLFP064_1GREY";"5,09"
"WLFP064_BEIGE";"5,09"
"WLFP064_BLUE";"5,09"
"WLFP064_GREY";"5,09"
"WLFP064_NAVY";"5,09"
"WLFP64_NAVY";"35,70"
"WLFP65_GREEN";"39,68"
"WLFP065_GREY";"5,09"
"WLFP065_NAVY";"5,09"
"WLFP65_NAVY";"39,68"
"WLFP065_PURPLE";"5,09"
"WLFP066_GREY";"5,09"
"WLFP66_GREY";"39,68"
"WLFP67_GREY";"39,68"
"WLFP067_NAVY";"5,09"
"WLFP68_BLUE";"39,68"
"WLFP068_BORDO";"5,09"
"WLFP68_BROWN";"39,68"
"WLFP069_BLUE";"5,09"
"WLFP69_BROWN";"39,68"
"WLFP070_GREY";"5,09"
"WLFP70_GREY";"39,68"
"WLFP071_BLACK";"5,09"
"WLFP71_BLACK";"39,68"
"WLFP071_NAVY";"5,09"
"WLFP072_1BEIGE";"5,09"
"WLFP072_2BEIGE";"5,99"
"WLFP072_BEIGE";"5,09"
"WLFP072_BLACK";"5,09"
"WLFP072_BROWN";"5,99"
"WLFP72_BROWN";"39,68"
"WLFP073_BLUE";"5,09"
"WLFP74_BLACK";"39,68"
"WLFP074_NAVY";"5,09"
"WLFP75_1BLACK";"33,05"
"WLFP75_BLACK";"33,05"
"WLFP075_WHITE";"5,09"
"WLFP076_BLACK";"7,79"
"WLFP76_BROWN";"35,70"
"WLFP076_GREY";"12,99"
"WLFP076_NAVY";"12,99"
"WLFP076_ORANGE";"12,99"
"WLFP77_BLACK";"35,70"
"WLFP077_GREY";"9,99"
"WLFP077_NAVY";"9,99"
"WLFP078_BLACK";"45,99"
"WLFP78_PINK";"5,18"
"WLFP079_GREEN";"24,99"
"WLFP79_GREY";"5,09"
"WLFP080_BLACK";"21,99"
"WLFP80_BLACK";"5,18"
"WLFP80_GREY";"5,18"
"WLFP81_1NAVY";"5,09"
"WLFP81_BLACK";"5,09"
"WLFP081_GREEN";"35,99"
"WLFP081_GREY";"35,99"
"WLFP81_NAVY";"5,09"
"WLFP82_NAVY";"5,99"
"WLFP82_PINK";"5,99"
"WLFP082_WHITE";"26,99"
"WLFP83_BLACK";"5,99"
"WLFP083_BLACK";"26,99"
"WLFP83_NAVY";"5,09"
"WLFP83_PINK";"5,09"
"WLFP084_BLUE";"26,99"
"WLFP84_PINK";"23,76"
"WLFP85_PINK";"9,09"
"WLFP085_RED";"9,99"
"WLFP86_GREY";"5,18"
"WLFP086_NAVY";"9,99"
"WLFP87_BLACK";"5,18"
"WLFP87_BROWN";"5,09"
"WLFP87_NAVY";"5,09"
"WLFP087_WHITE";"9,99"
"WLFP88_BLACK";"5,18"
"WLFP088_BLUE";"9,99"
"WLFP088_ORANGE";"9,99"
"WLFP088_RED";"7,99"
"WLFP088_WHITE";"9,99"
"WLFP89_NAVY";"5,09"
"WLFP089_WHITE";"9,99"
"WLFP90_BLACK";"5,18"
"WLFP090_GREEN";"5,09"
"WLFP091_1_BLACK";"5,09"
"WLFP091_1NAVY";"5,09"
"WLFP091_BLACK";"5,09"
"WLFP91_BORDO";"5,18"
"WLFP091_NAVY";"5,09"
"WLFP092_BORDO";"5,09"
"WLFP92_BORDO";"5,18"
"WLFP93_GREY";"5,09"
"WLFP093_NAVY";"5,09"
"WLFP94_BORDO";"5,99"
"WLFP094_BORDO";"5,09"
"WLFP095_GREY";"5,99"
"WLFP95_NAVY";"5,18"
"WLFP96_1YELLOW";"3,79"
"WLFP096_BLACK";"5,99"
"WLFP96_YELLOW";"3,79"
"WLFP097_1BLACK";"39,99"
"WLFP97_1PINK";"6,50"
"WLFP097_BLACK";"39,99"
"WLFP97_PINK";"3,85"
"WLFP098_BLACK";"29,99"
"WLFP98_PINK";"3,79"
"WLFP099_BLACK";"29,99"
"WLFP99_GREY";"26,41"
"WLFP0100_BEIGE";"39,99"
"WLFP100_BLACK";"26,41"
"WLFP100_BLUE";"26,41"
"WLFP100_PURPLE";"26,41"
"WLFP0101_BLACK";"24,99"
"WLFP101_BLACK";"26,41"
"WLFP101_BORDO";"26,41"
"WLFP101_NAVY";"26,41"
"WLFP102_BLACK";"26,41"
"WLFP0102_NAVY";"37,99"
"WLFP103_1BLACK";"24,99"
"WLFP103_BLACK";"26,41"
"WLFP0103_NAVY";"37,99"
"WLFP104_BLUE";"26,41"
"WLFP104_BORDO";"26,41"
"WLFP0104_GREEN";"37,99"
"WLFP0104_PINK";"37,99"
"WLFP105_BORDO";"2,29"
"WLFP0105_GREY";"49,99"
"WLFP105_GREY";"2,52"
"WLFP105_NAVY";"2,52"
"WLFP105_PURPLE";"2,52"
"WLFP106_BLACK";"3,32"
"WLFP0106_BLUE";"49,99"
"WLFP0106_GREY";"49,99"
"WLFP106_GREY";"3,32"
"WLFP107_1BORDO";"3,99"
"WLFP107_1GREY";"3,99"
"WLFP0107_BLACK";"49,99"
"WLFP107_BLACK";"3,32"
"WLFP107_BORDO";"3,32"
"WLFP107_GREEN";"3,99"
"WLFP107_NAVY";"3,32"
"WLFP107_PURPLE";"3,32"
"WLFP107_RED";"3,99"
"WLFP108_1RED";"9,16"
"WLFP108_2RED";"9,16"
"WLFP108_3RED";"9,16"
"WLFP0108_BEIGE";"49,99"
"WLFP108_RED";"9,16"
"WLFP0109_BLACK";"39,99"
"WLFP109_BLACK";"19,78"
"WLFP0110_BLACK";"59,99"
"WLFP110_BLACK";"23,76"
"WLFP0111_BLACK";"29,99"
"WLFP111_BLACK";"33,05"
"WLFP0111_NAVY";"29,99"
"WLFP0112_BEIGE";"35,70"
"WLFP0112_BLACK";"35,70"
"WLFP112_BLACK";"30,39"
"WLFP0112_RED";"35,70"
"WLFP0113_GREY";"35,70"
"WLFP0114_BLACK";"29,99"
"WLFP114_BLACK";"3,32"
"WLFP0115_1GREY";"35,70"
"WLFP115_BLACK";"5,18"
"WLFP0115_GREY";"35,70"
"WLFP0115_WHITE";"35,70"
"WLFP116_BLUE";"26,41"
"WLFP116_GREY";"26,41"
"WLFP0116_NAVY";"35,70"
"WLFP117_BLACK";"33,05"
"WLFP0117_NAVY";"35,70"
"WLFP0118_BLACK";"19,99"
"WLFP118_GREY";"33,05"
"WLFP0119_BLACK";"19,99"
"WLFP119_BLACK";"33,05"
"WLFP0119_GREY";"19,99"
"WLFP120_BLACK";"33,05"
"WLFP0120_RED";"19,99"
"WLFP0121_1GREY";"19,99"
"WLFP121_BEIGE";"24,99"
"WLFP121_BLACK";"14,99"
"WLFP121_GREEN";"33,05"
"WLFP0121_GREY";"19,99"
"WLFP121_NAVY";"33,05"
"WLFP122_BORDO";"10,49"
"WLFP0122_GREEN";"19,99"
"WLFP122_GREY";"10,49"
"WLFP0123_BORDO";"19,99"
"WLFP123_GREEN";"33,05"
"WLFP123_NAVY";"33,05"
"WLFP124_BLACK";"30,39"
"WLFP0124_ORANGE";"9,99"
"WLFP0125_BLACK";"12,99"
"WLFP125_BLUE";"5,18"
"WLFP0126_BLACK";"19,99"
"WLFP126_BROWN";"5,18"
"WLFP0127_GREY";"19,99"
"WLFP127_GREY";"5,18"
"WLFP0128_BLACK";"9,99"
"WLFP0128_BLUE";"9,99"
"WLFP128_GREY";"5,18"
"WLFP129_BLACK";"5,18"
"WLFP0129_ORANGE";"19,99"
"WLFP130_1BLACK";"52,96"
"WLFP130_BLACK";"52,96"
"WLFP0130_NAVY";"19,99"
"WLFP0131_BLACK";"26,99"
"WLFP131_BLACK";"26,41"
"WLFP131_BLUE";"26,41"
"WLFP0131_PURPLE";"26,99"
"WLFP0132_1RED";"26,99"
"WLFP132_GREY";"30,39"
"WLFP0132_NAVY";"26,99"
"WLFP0132_RED";"26,99"
"WLFP0132_TURQUOISE";"26,99"
"WLFP0133_BLACK";"26,99"
"WLFP133_GREY";"26,41"
"WLFP133_PINK";"26,41"
"WLFP0134_1BLUE";"9,99"
"WLFP0134_1GREY";"9,99"
"WLFP0134_1PURPLE";"9,99"
"WLFP0134_BLACK";"9,99"
"WLFP0134_BLUE";"9,99"
"WLFP134_GREEN";"26,41"
"WLFP0134_GREY";"9,99"
"WLFP0134_PURPLE";"9,99"
"WLFP134_RED";"19,78"
"WLFP0135_BLACK";"9,99"
"WLFP0135_BLUE";"9,99"
"WLFP135_GREEN";"19,78"
"WLFP0135_GREY";"9,99"
"WLFP0135_PURPLE";"9,99"
"WLFP0136_1PURPLE";"9,99"
"WLFP0136_BLACK";"9,99"
"WLFP0136_BLUE";"9,99"
"WLFP136_BORDO";"19,78"
"WLFP0136_PURPLE";"9,99"
"WLFP0137_BLACK";"5,99"
"WLFP137_BLACK";"19,78"
"WLFP0137_BLUE";"5,99"
"WLFP0137_GREY";"5,99"
"WLFP137_GREY";"19,78"
"WLFP0137_PURPLE";"5,99"
"WLFP0138_BLUE";"9,99"
"WLFP138_BLUE";"19,78"
"WLFP0138_GREY";"9,99"
"WLFP0139_GREEN";"4,99"
"WLFP139_NAVY";"19,78"
"WLFP0140_BLUE";"4,99"
"WLFP140_GREY";"19,78"
"WLFP141_1BLUE";"19,78"
"WLFP141_BLUE";"19,78"
"WLFP0141_PINK";"11,99"
"WLFP142_BLACK";"19,78"
"WLFP0142_NAVY";"11,99"
"WLFP143_BLACK";"19,78"
"WLFP143_GREEN";"19,78"
"WLFP0143_NAVY";"24,99"
"WLFP144_BLACK";"19,78"
"WLFP0144_GREEN";"19,99"
"WLFP145_BLUE";"19,78"
"WLFP0145_GREY";"24,99"
"WLFP145_RED";"19,78"
"WLFP146_BLUE";"19,78"
"WLFP0146_NAVY";"19,99"
"WLFP0147_NAVY";"29,99"
"WLFP147_NAVY";"19,78"
"WLFP0148_BLACK";"29,99"
"WLFP148_BLACK";"19,78"
"WLFP0148_NAVY";"29,99"
"WLFP149_1BLACK";"19,78"
"WLFP149_BLACK";"19,78"
"WLFP149_BLUE";"19,78"
"WLFP0149_PURPLE";"39,99"
"WLFP149_RED";"19,78"
"WLFP0150_1NAVY";"39,99"
"WLFP150_BLACK";"19,78"
"WLFP0150_BLUE";"39,99"
"WLFP150_BROWN";"19,78"
"WLFP0150_NAVY";"39,99"
"WLFP0151_BLUE";"22,99"
"WLFP0151_PURPLE";"22,99"
"WLFP151_RED";"10,49"
"WLFP0152_BLACK";"22,99"
"WLFP152_BORDO";"19,78"
"WLFP0152_PINK";"22,99"
"WLFP152_PINK";"22,99"
"WLFP0153_BEIGE";"22,99"
"WLFP153_BLACK";"19,78"
"WLFP0153_PINK";"22,99"
"WLFP154_GREEN";"19,78"
"WLFP0154_WHITE";"22,99"
"WLFP155_BLACK";"10,49"
"WLFP0155_BLUE";"24,99"
"WLFP155_BLUE";"10,49"
"WLFP0156_NAVY";"24,99"
"WLFP156_ORANGE";"19,78"
"WLFP157_BORDO";"19,78"
"WLFP0157_GREY";"24,99"
"WLFP0157_NAVY";"24,99"
"WLFP158_BLACK";"13,14"
"WLFP0158_NAVY";"19,99"
"WLFP159_BLUE";"13,14"
"WLFP0159_GREY";"24,99"
"WLFP0160_BLACK";"24,99"
"WLFP160_GREEN";"13,14"
"WLFP0161_BEIGE";"22,99"
"WLFP161_BEIGE";"19,78"
"WLFP161_BLUE";"24,99"
"WLFP162_BEIGE";"19,78"
"WLFP0162_BLACK";"22,99"
"WLFP0162_BLUE";"22,99"
"WLFP0162_GREY";"22,99"
"WLFP162_GREY";"19,78"
"WLFP0162_PINK";"22,99"
"WLFP163_BLACK";"13,14"
"WLFP0163_WHITE";"19,99"
"WLFP164_BLACK";"13,14"
"WLFP0164_WHITE";"19,99"
"WLFP165_BLACK";"13,14"
"WLFP0165_NAVY";"19,99"
"WLFP0165_WHITE";"19,99"
"WLFP0166_NAVY";"19,99"
"WLFP166_PINK";"10,49"
"WLFP0166_WHITE";"19,99"
"WLFP167_BLACK";"5,09"
"WLFP0167_BORDO";"19,99"
"WLFP0168_BEIGE";"19,99"
"WLFP168_GREY";"5,18"
"WLFP0169_BLUE";"34,99"
"WLFP169_GREY";"5,09"
"WLFP170_BEIGE";"7,79"
"WLFP0170_PURPLE";"24,99"
"WLFP0171_NAVY";"39,99"
"WLFP171_PINK";"6,50"
"WLFP0172_NAVY";"27,99"
"WLFP172_RED";"6,50"
"WLFP173_BLACK";"19,99"
"WLFP0173_BLACK";"39,99"
"WLFP173_BROWN";"24,99"
"WLFP0173_GREEN";"39,99"
"WLFP174_BLACK";"17,12"
"WLFP0174_BROWN";"34,99"
"WLFP0174_NAVY";"34,99"
"WLFP175_1BLACK";"19,78"
"WLFP175_BLACK";"19,78"
"WLFP0175_GREEN";"19,99"
"WLFP176_BLACK";"19,78"
"WLFP0176_NAVY";"34,99"
"WLFP177_BLACK";"19,78"
"WLFP177_GREY";"19,78"
"WLFP0177_WHITE";"17,99"
"WLFP0178_BEIGE";"17,99"
"WLFP178_GREEN";"19,78"
"WLFP178_GREY";"19,78"
"WLFP0178_NAVY";"17,99"
"WLFP0178_WHITE";"17,99"
"WLFP179_GREEN";"19,78"
"WLFP179_GREY";"19,78"
"WLFP0179_NAVY";"13,99"
"WLFP0180_GREY";"39,99"
"WLFP180_GREY";"19,78"
"WLFP181_BLACK";"23,76"
"WLFP0181_WHITE";"24,99"
"WLFP182_GREEN";"23,76"
"WLFP0182_NAVY";"24,99"
"WLFP0182_RED";"24,99"
"WLFP0183_BLACK";"34,99"
"WLFP183_BROWN";"23,76"
"WLFP184_GREY";"23,76"
"WLFP185_BLACK";"17,12"
"WLFP186_RED";"2,52"
"WLFP187_BLACK";"19,78"
"WLFP188_BLACK";"5,18"
"WLFP189_PINK";"5,18"
"WLFP190_1_GREY";"5,99"
"WLFP190_BLACK";"5,99"
"WLFP190_BLUE";"5,99"
"WLFP190_GREY";"5,09"
"WLFP190_NAVY";"5,18"
"WLFP191_1GREY";"5,09"
"WLFP191_GREY";"5,09"
"WLFP0191_NAVY";"19,99"
"WLFP0191_PINK";"19,99"
"WLFP191_PURPLE";"5,09"
"WLFP192_PINK";"5,09"
"WLFP193_GREY";"5,09"
"WLFP194_PINK";"5,09"
"WLFP195_BEIGE";"5,09"
"WLFP195_NAVY";"5,09"
"WLFP196_1GREY";"3,99"
"WLFP196_1PINK";"5,09"
"WLFP196_BLUE";"5,09"
"WLFP196_GREY";"5,09"
"WLFP196_PINK";"3,99"
"WLFP196_PINKI";"3,99"
"WLFP197_NAVY";"17,12"
"WLFP198_PINK";"13,09"
"WLFP199_WHITE";"17,12"
"WLFP200_WHITE";"17,12"
"WLFP201_WHITE";"17,12"
"WLFP202_NAVY";"17,09"
"WLFP0203_1BLUE";"11,99"
"WLFP203_1PURPLE";"8,99"
"WLFP203_BLUE";"8,99"
"WLFP203_GREEN";"4,99"
"WLFP203_NAVY";"11,99"
"WLFP203_PINK";"8,99"
"WLFP203_PURPLE";"4,99"
"WLFP203_RED";"8,99"
"WLFP204_PURPLE";"11,81"
"WLFP205_NAVY";"11,81"
"WLFP206_NAVY";"11,81"
"WLFP0207_BROWN";"13,99"
"WLFP0207_GREY";"9,99"
"WLFP0207_NAVY";"13,99"
"WLFP207_PINK";"3,79"
"WLFP208_GREEN";"3,79"
"WLFP0208_GREY";"9,99"
"WLFP0208_NAVY";"9,99"
"WLFP0209_BLACK";"8,99"
"WLFP0209_BLK_PINK";"8,99"
"WLFP0209_BLUE";"8,99"
"WLFP0209_NAVY";"8,99"
"WLFP209_NAVY";"3,79"
"WLFP0209_PINK";"8,99"
"WLFP0209_WHITE";"8,99"
"WLFP210_NAVY";"4,99"
"WLFP210_OLIVE";"4,99"
"WLFP0210_PINK";"13,99"
"WLFP0210_SILVER";"13,99"
"WLFP0211_1PINK";"13,99"
"WLFP0211_1SILVER";"13,99"
"WLFP211_BLACK";"13,14"
"WLFP0211_GOLD";"13,99"
"WLFP0211_PINK";"13,99"
"WLFP211_PINK";"13,14"
"WLFP0211_SILVER";"13,99"
"WLFP0212_BEIGE";"8,99"
"WLFP0212_BLACK";"8,99"
"WLFP0212_GREEN";"8,99"
"WLFP212_GREY";"13,14"
"WLFP213_NAVY";"13,14"
"WLFP0213_RED";"8,99"
"WLFP0214_1BROWN";"24,99"
"WLFP0214_BLACK";"24,99"
"WLFP0214_BROWN";"24,99"
"WLFP214_NAVY";"5,18"
"WLFP215_BLUE";"22,43"
"WLFP0215_GREEN";"8,99"
"WLFP0216_BLACK";"8,99"
"WLFP216_BLUE";"5,18"
"WLFP217_BLUE";"5,18"
"WLFP0217_GREEN";"8,99"
"WLFP0217_GREY";"8,99"
"WLFP0217_NAVY";"8,99"
"WLFP0217_PINK";"8,99"
"WLFP218_BLUE";"5,18"
"WLFP0218_BROWN";"16,99"
"WLFP0218_NAVY";"16,99"
"WLFP219_1BLACK";"6,99"
"WLFP0219_BLACK";"19,99"
"WLFP219_BLACK";"6,99"
"WLFP219_BLUE";"6,99"
"WLFP219_BROWN";"6,99"
"WLFP220_1WHITE";"5,09"
"WLFP0220_NAVY";"19,99"
"WLFP220_WHITE";"5,18"
"WLFP221_1WHITE";"14,47"
"WLFP0221_BEIGE";"19,99"
"WLFP221_BLUE";"14,47"
"WLFP221_PINK";"4,99"
"WLFP221_WHITE";"14,47"
"WLFP222_NAVY";"4,99"
"WLFP0222_PURPLE";"19,99"
"WLFP222_WHITE";"14,47"
"WLFP0223_NAVY";"14,99"
"WLFP223_PINK";"5,09"
"WLFP0224_GREEN";"14,99"
"WLFP224_WHITE";"5,18"
"WLFP225_BLACK";"5,18"
"WLFP0225_GREY";"14,99"
"WLFP0226_BLACK";"14,99"
"WLFP226_PINK";"6,99"
"WLFP227_BLACK";"6,99"
"WLFP0227_ORANGE";"14,99"
"WLFP0228_BLACK";"8,99"
"WLFP228_BLUE";"9,99"
"WLFP228_PINK";"9,99"
"WLFP0229_NAVY";"8,99"
"WLFP0230_1BLUE";"14,99"
"WLFP0230_1PINK";"14,99"
"WLFP0230_BLACK";"17,99"
"WLFP0230_BLUE";"14,99"
"WLFP0230_NAVY";"14,99"
"WLFP0230_PINK";"14,99"
"WLFP230_RED";"19,78"
"WLFP231_PINK";"17,99"
"WLFP0231_PINK";"15,79"
"WLFP0232_PURPLE";"15,79"
"WLFP0233_PINK";"15,79"
"WLFP0234_GREEN";"15,79"
"WLFP0255_NAVY";"14,99"
"WLFP0300_BLACK";"8,99"
"WLFP0302_BLACK";"19,99"
"WLFP0302_OLIVE";"19,99"
"WLFP0303_NAVY";"19,99"
"WLFP0304_BLACK";"14,99"
"WLFP0305_GREY";"19,99"
"WLFP0306_GREEN";"19,99"
"WLFP0307_NAVY";"19,99"
"WLFP0308_NAVY";"19,99"
"WLFP0309_NAVY";"19,99"
"WLFP0310_NAVY";"19,99"
"WLFP0310_PINK";"19,99"
"WLFP0311_NAVY";"19,99"
"WLFP0311_PINK";"19,99"
"WLFP0312_BLACK";"19,99"
"WLFP0313_BLACK";"19,99"
"WLFP0314_1NAVY";"8,99"
"WLFP0314_1PINK";"8,99"
"WLFP0314_2BLUE";"8,99"
"WLFP0314_2NAVY";"8,99"
"WLFP0314_2PINK";"8,99"
"WLFP0314_3PINK";"8,99"
"WLFP0314_BLACK";"8,99"
"WLFP0314_BLUE";"8,99"
"WLFP0314_NAVY";"8,99"
"WLFP0314_PINK";"8,99"
"WLFP0314_WHITE";"8,99"
"WLFP0315_GREEN";"19,99"
"WLFP0316_BLUE";"19,99"
"WLFP0317_BLACK";"19,99"
"WLFP0318_BLUE";"19,99"
"WLFP0319_BLACK";"19,99"
"WLFP0320_ORANGE";"19,99"
"WLFP0321_BLUE";"19,99"
"WLFP0322_PURPLE";"19,99"
"WLFP0323_GREY";"14,99"
"WLFP0324_GREY";"19,99"
"WLFP0325_BLACK";"24,99"
"WLFP0325_NAVY";"24,99"
"WLFP0325_PINK";"24,99"
"WLFP0325_WHITE";"24,99"
"WLFP0326_BLACK";"14,99"
"WLFP0327_1PINK";"9,99"
"WLFP0327_BLACK";"9,99"
"WLFP0327_NAVY";"9,99"
"WLFP0327_PINK";"9,99"
"WLFP0328_BLACK";"19,99"
"WLFP0329_BLACK";"19,99"
"WLFP0330_BLACK";"26,99"
"WLFP0331_BLACK";"14,99"
"WLFP0332_BROWN";"15,99"
"WLFP0332_PINK";"15,99"
"WLFP0332_SILVER";"24,99"
"WLFP0333_PURPLE";"5,99"
"WLFP0334_1BLUE";"5,99"
"WLFP0334_BLUE";"5,99"
"WLFP0334_NAVY";"5,99"
"WLFP0334_YELLOW";"5,99"
"WLFP0335_GREEN";"5,99"
"WLFP0335_GREY";"5,99"
"WLFP0335_NAVY";"5,99"
"WLFP0336_NAVY";"5,99"
"WLFP0337_PINK";"7,99"
"WLFP0338_PINK";"7,99"
"WLFP0339_PINK";"7,99"
"WLFP0340_NAVY";"7,99"
"WLFP0341_GREEN";"15,79"
"WLFP0341_NAVY";"15,79"
"WLFP0342_NAVY";"7,99"
"WLFP0343_BROWN";"13,99"
"WLFP0344_BEIGE";"13,99"
"WLFP0345_PINK";"15,79"
"WLFP0346_NAVY";"15,79"
"WLFP0347_BROWN";"15,79"
"WLFP0348_BLACK";"15,79"
"WLFP0349_PINK";"15,79"
"WLFP0350_SILVER";"15,79"
"WLFP0351_GREY";"15,79"
"WLFP0352_GREY";"4,99"
"WLFP0353_BLACK";"34,99"
"WLFP0353_PINK";"34,99"
"WLFP0354_BLACK";"7,99"
"WLFP0355_BLACK";"8,99"
"WLFP0355_GREEN";"8,99"
"WLFP0355_RED";"8,99"
"WLFP0356_BLACK";"7,99"
"WLFP0356_PINK";"7,99"
"WLFP0357_BEIGE";"9,99"
"WLFP0357_BLUE";"9,99"
"WLFP0358_BLACK";"9,99"
"WLFP0359_BLACK";"9,99"
"WLFP0359_RED";"9,99"
"WLFP0359_WHITE";"9,99"
"WLFP0360_BLACK";"5,99"
"WLFP0361_WHITE";"5,99"
"WLFP0362_BLUE";"4,99"
"WLFP0363_1NAVY";"9,09"
"WLFP0363_NAVY";"9,09"
"WLFP0364_GREEN";"5,99"
"WLFP0364_PINK";"5,99"
"WLFP0365_PINK";"5,99"
"WLFP0366_BLACK";"5,99"
"WLFP0366_NAVY";"5,99"
"WLFP0366_PINK";"5,99"
"WLFP0367_BLACK";"5,99"
"WLFP0367_BLUE";"5,99"
"WLFP0367_GREEN";"5,99"
"WLFP0367_RED";"5,99"
"WLFP0368_PINK";"5,99"
"WLFP0369_PINK";"5,99"
"WLFP0370_PURPLE";"5,99"
"WLFP0371_GREEN";"4,99"
"WLFP0371_RED";"4,99"
"WLFP0372_GREEN";"4,99"
"WLFP0372_RED";"4,99"
"WLFP0373_NAVY";"6,99"
"WLFP0373_PURPLE";"6,99"
"WLFP0374_BLACK";"9,99"
"WLFP0375_PURPLE";"6,99"
"WLFP0376_BLUE";"6,99"
"WLFP0377_BLUE";"6,99"
"WLFP0377_PINK";"6,99"
"WLFP0378_BLUE";"6,99"
"WLFP0378_NAVY";"6,99"
"WLFP379_1RED";"26,99"
"WLFP0379_GREEN";"6,99"
"WLFP0380_BORDO";"5,99"
"WLFP0381_NAVY";"5,99"
"WLFP0382_BEIGE";"5,99"
"WLFP0383_BLACK";"5,99"
"WLFP0384_1PINK";"11,99"
"WLFP0384_PINK";"11,99"
"WLFP0385_BLUE";"11,99"
"WLFP0386_GREEN";"11,99"
"WLFP0387_BLACK";"11,99"
"WLFP0388_GREY";"15,79"
"WLFP0389_BLACK";"4,99"
"WLFP0389_PINK";"4,99"
"WLFP0389_RED";"4,99"
"WLFP0390_GREY";"7,99"
"WLFP0391_BLACK";"19,99"
"WLFP0392_GREY";"19,99"
"WLFP0393_BLACK";"19,99"
"WLFP0394_BLACK";"19,99"
"WLFP0395_BLACK";"19,99"
"WLFP0396_BLACK";"19,99"
"WLFP0397_BLACK";"19,99"
"WLFP0398_BLACK";"24,99"
"WLFP0399_BLACK";"14,99"
"WLFP0400_BLACK";"19,99"
"WLFP0400_ORANGE";"19,99"
"WLFP0401_1GREY";"19,99"
"WLFP0401_2GREY";"19,99"
"WLFP0401_GREY";"19,99"
"WLFP0401_WHITE";"19,99"
"WLFP0402_GREY";"19,99"
"WLFP0403_GREY";"14,99"
"WLFP0404_RED";"12,99"
"WLFP0405_BLACK";"24,99"
"WLFP0405_BLUE";"24,99"
"WLFP0405_RED";"24,99"
"WLFP0406_BLACK";"24,99"
"WLFP0406_BLUE";"24,99"
"WLFP0407_PURPLE";"19,99"
"WLFP0408_BLACK";"8,99"
"WLFP0408_BLUE";"8,99"
"WLFP0408_NAVY";"8,99"
"WLFP0408_PINK";"8,99"
"WLFP0409_BLACK";"6,99"
"WLFP0409_BLUE";"6,99"
"WLFP0409_NAVY";"6,99"
"WLFP0409_PINK";"6,99"
"WLFP0410_1RED";"5,99"
"WLFP0410_2RED";"5,99"
"WLFP0410_RED";"5,99"
"WLFP0411_GREEN";"6,50"
"WLFP0412_RED";"6,50"
"WLFP0413_PINK";"14,99"
"WLFP0413_PURPLE";"14,99"
"WLFP0414_BROWN";"14,99"
"WLFP0415_GREEN";"19,99"
"WLFP0416_BLACK";"14,99"
"WLFP0417_BLACK";"32,99"
"WLFP0418_BLACK";"32,99"
"WLFP0418_BROWN";"32,99"
"WLFP0419_GREY";"36,99"
"WLFP0420_1NAVY";"19,99"
"WLFP0420_NAVY";"34,99"
"WLFP0421_NAVY";"26,39"
"WLFP0421_PURPLE";"26,39"
"WLFP0422_BLUE";"5,99"
"WLFP0422_GREY";"5,99"
"WLFP0422_RED";"5,99"
"WLFP0423_1BLUE";"5,99"
"WLFP0423_BLUE";"5,99"
"WLFP0423_GREY";"5,99"
"WLFP0423_NAVY";"5,99"
"WLFP0423_RED";"5,99"
"WLFP0424_1PINK";"5,99"
"WLFP0424_BLACK";"5,99"
"WLFP0424_GOLD";"5,99"
"WLFP0424_NAVY";"5,99"
"WLFP0424_PINK";"5,99"
"WLFP0424_SILVER";"5,99"
"WLFP0425_BLUE";"5,99"
"WLFP0425_GREEN";"5,99"
"WLFP0425_PINK";"5,99"
"WLFP0425_PURPLE";"5,99"
"WLFP0425_WHITE";"5,99"
"WLFP0426_BROWN";"5,99"
"WLFP0426_PINK";"5,99"
"WLFP0426_PURPLE";"5,99"
"WLFP0427_1GREY";"5,99"
"WLFP0427_BLACK";"5,99"
"WLFP0427_GREY";"5,99"
"WLFP0427_NAVY";"5,99"
"WLFP0428_BORDO";"5,99"
"WLFP0428_GREY";"5,99"
"WLFP0428_NAVY";"5,99"
"WLFP0429_BLUE";"5,99"
"WLFP0429_RED";"5,99"
"WLFP0429_YELLOW";"5,99"
"WLFP0430_BROWN";"5,99"
"WLFP0431_BLUE";"5,99"
"WLFP0432_BLACK";"5,99"
"WLFP0432_BLUE";"5,99"
"WLFP0433_1PINK";"5,99"
"WLFP0433_BLACK";"5,99"
"WLFP0433_BLUE";"5,99"
"WLFP0433_BORDO";"5,99"
"WLFP0433_GREY";"5,99"
"WLFP0433_NAVY";"5,99"
"WLFP0433_PINK";"5,99"
"WLFP0434_BEIGE";"5,99"
"WLFP0434_BORDO";"5,99"
"WLFP0434_WHITE";"5,99"
"WLFP0435_PINK";"5,99"
"WLFP0435_RED";"5,99"
"WLFP0436_BLUE";"5,99"
"WLFP0436_BORDO";"5,99"
"WLFP0436_PINK";"5,99"
"WLFP0437_BLUE";"5,99"
"WLFP0437_GREEN";"5,99"
"WLFP0437_GREY";"5,99"
"WLFP0437_PINK";"5,99"
"WLFP0438_1GREY";"5,99"
"WLFP0438_1PINK";"5,99"
"WLFP0438_1RED";"5,99"
"WLFP0438_2GREY";"5,99"
"WLFP0438_BLUE";"5,99"
"WLFP0438_GREY";"5,99"
"WLFP0438_PINK";"5,99"
"WLFP0438_RED";"5,99"
"WLFP0439_BLUE";"5,99"
"WLFP0439_BORDO";"5,99"
"WLFP0439_GREY";"5,99"
"WLFP0439_PINK";"5,99"
"WLFP0440_BORDO";"5,99"
"WLFP0441_BEIGE";"5,99"
"WLFP0441_BORDO";"5,99"
"WLFP0441_NAVY";"5,99"
"WLFP0442_BEIGE";"5,99"
"WLFP0442_GREY";"5,99"
"WLFP0443_BEIGE";"5,99"
"WLFP0444_BROWN";"5,99"
"WLFP0444_GREY";"5,99"
"WLFP0444_YELLOW";"5,99"
"WLFP0445_MIX";"4,99"
"WLFP0446_MIX";"4,99"
"WLFP0447_BROWN";"19,99"
"WLFP0447_GREY";"19,99"
"WLFP0447_PURPLE";"19,99"
"WLFP0806_1BLUE";"9,99"
"WLFP0806_BLUE";"9,99"
"WLFP0806_GREEN";"9,99"
"WLFP0806_LIME";"9,99"
"WLFP0806_PINK";"9,99"
"WLFP0806_RED";"9,99"
"WLFP2025_BLUE";"26,99"
"WLFP2025_BORDO";"26,99"
"WLFP02025_BROWN";"24,99"
"WLFP02025_NAVY";"29,99"
"WLFP12025_BLACK";"5,99"
"WLFP12025_BORDO";"34,99"
"WLFP12025_GREY";"34,99"
"WLFP12025_NAVY";"5,99"
"WLFP12025_RED";"5,99"
"WLFP22025_BLACK";"9,99"
"WLFP52025_BLUE";"5,99"
"WLFP52025_NAVY";"9,99"
"WLFP52025_YELLOW";"5,99"
"WLFP62025_BLUE";"9,99"
"WLFP62025_GREY";"9,99"
"WLFP62025_NAVY";"9,99"
"WLFP62025_RED";"9,99"
"WLFP72025_RED";"29,99"
"WLFP82025_BLACK";"29,99"
"WLFP92025_GREY";"24,99"
"WLFP102025_NAVY";"5,99"
"WLFP102025_PINK";"5,99"
"WLFP112025_BLUE";"24,99"
"WLFP112025_NAVY";"19,99"
"WLFP112025_RED";"24,99"
"WLFP112025_RED_NAVY";"19,99"
"WLFP112025_WHITE";"24,99"
"WLFP112025_WHITE_BLUE";"19,99"
"WLFP122025_BLACK";"19,99"
"WLFP122025_BLUE";"19,99"
"WLFP122025_NAVY";"24,99"
"WLFP122025_WHITE";"19,99"
"WLFP132025_NAVY";"24,99"
"WLFP142025_GREY";"24,99"
"WLFP152025_GREY";"24,99"
"WLFP162025_NAVY";"24,99"
"WLFP172025_BLACK";"24,99"
"WLFP182025_NAVY";"24,99"
"WLFP192025_BLUE";"24,99"
"WLFP202025_GREEN";"24,99"
"WLFP212025_NAVY";"34,99"
"WLFP222025_BLACK";"34,99"
"WLFP232025_ORANGE";"29,99"
"WLFP242025_ORANGE";"39,99"
"WLFP252025_GREEN";"44,99"
"WLFP262025_1_PINK";"17,99"
"WLFP262025_BEIGE";"17,99"
"WLFP262025_BLUE";"14,99"
"WLFP262025_GREY";"17,99"
"WLFP262025_PINK";"17,99"
"WLFP272025_BLACK";"9,99"
"WLFP272025_NAVY";"9,99"
"WLFP282025_PINK";"17,99"
"WLFP292025_BLUE";"14,99"
"WLFP302025_RED";"29,99"
"WLFP312025_PINK";"29,99"
"WLFP322025_BLACK";"24,99"
"WLFP332025_NAVY";"24,99"
"WLFP342025_BLACK";"16,99"
"WLFP342025_NAVY";"14,99"
"WLFP352025_OLIVE";"44,99"
"WLFP362025_BLACK";"44,99"
"WLFP372025_BLACK";"17,99"
"WLFP382025_BLACK";"54,99"
"WLFP392025_BLACK";"54,99"
"WLFP402025_1BLACK";"4,99"
"WLFP402025_1GREEN";"4,99"
"WLFP402025_1GREY";"4,99"
"WLFP402025_2BLACK";"4,99"
"WLFP402025_BLACK";"4,99"
"WLFP402025_BLUE";"4,99"
"WLFP402025_GREEN";"4,99"
"WLFP402025_GREY";"4,99"
"WLFP402025_NAVY";"4,99"
"WLFP412025_NAVY";"24,99"
"WLFP422025_PINK";"24,99"
"WLFP432025_BROWN";"29,99"
"WLFP432025_NAVY";"29,99"
"WLFP442025_BORDO";"24,99"
"WLFP442025_NAVY";"24,99"
"WLFP452025_GREY";"19,99"
"WLFP452025_PURPLE";"19,99"
"WLFP462025_GREY";"5,99"
"WLFP462025_NAVY";"5,99"
"WLFP472025_GREY";"5,99"
"WLFP482025_GREEN";"5,99"
"WLFP492025_BEIGE";"5,99"
"WLFP492025_BORDO";"5,99"
"WLFP492025_NAVY";"5,99"
"WLFP502025_NAVY";"5,99"
"WLFP512025_BLACK";"59,99"
"WLFP522025_NAVY";"39,99"
"WLFP532025_BLACK";"39,99"
"WLFP542025_GREY";"39,99"
"WLFP552025_GREY";"39,99"
"WLFP562025_GREY";"39,99"
"WLFP572025_GREY";"39,99"
"WLFP582025_BROWN";"39,99"
"WLFP592025_PINK";"24,99"
"WLFP592025_WHITE";"24,99"
"WLFP602025_BLACK";"24,99"
"WLFP602025_GREEN";"24,99"
"WLFP642025_GREY";"24,99"
"WLFP642025_NAVY";"19,99"
"WLFP662025_GREY";"24,99"
"WLFP672025_GREEN";"29,99"
"WLFP672025_NAVY";"29,99"
"WLFP682025_BLUE";"14,90"
"WLFP682025_PURPLE";"29,99"
"WLFP692025_BLACK";"29,99"
"WLFP692025_BROWN";"29,99"
"WLFP702025_BLUE";"24,99"
"WLFP702025_RED";"24,99"
"WLFP712025_BLACK";"16,99"
"WLFP732025_GREY";"24,99"
"WLFP742025_PINK";"24,99"
"WLFP752025_1BLACK";"29,99"
"WLFP752025_BEIGE";"29,99"
"WLFP752025_BLACK";"24,99"
"WLFP752025_BLUE";"24,99"
"WLFP752025_NAVY";"24,99"
"WLFP762025_BEIGE";"9,99"
"WLFP762025_BLACK";"9,99"
"WLFP762025_BLUE";"9,99"
"WLFP762025_BORDO";"9,99"
"WLFP762025_GREEN";"9,99"
"WLFP762025_PINK";"9,99"
"WLFP772025_BEIGE";"9,99"
"WLFP772025_BLACK";"9,99"
"WLFP772025_BLUE";"9,99"
"WLFP772025_BORDO";"9,99"
"WLFP772025_GREEN";"9,99"
"WLFP782025_PINK";"24,99"
"WLFP792025_GREY";"24,99"
"WLFP802025_PINK";"24,99"
"WLFP812025_NAVY";"24,99"
"WLFP822025_GREY";"24,99"
"WLFP832025_BLUE";"24,99"
"WLFP842025_GREY";"29,99"
"WLFP852025_BLUE";"19,99"
"WLFP852025_NAVY";"19,99"
"WLFP862025_BLACK";"29,99"
"WLFP872025_NAVY";"29,99"
"WLFP882025_BLUE";"24,99"
"WLFP882025_PINK";"29,99"
"WLFP892025_1_BLACK";"3,99"
"WLFP892025_BLACK";"3,99"
"WLFP902025_BROWN";"29,99"
"WLFP912025_WHITE";"24,99"
"WLFP922025_BEIGE";"29,99"
"WLFP942025_NAVY";"17,99"
"WLFP952025_GREEN";"17,99"
"WLFP962025_NAVY";"9,99"
"WLFP962025_PINK";"9,99"
"WLFP972025_GREY";"24,99"
"WLFP982025_BEIGE";"23,99"
"WLFP992025_GREY";"29,99"
"WLFP1002025_NAVY";"24,99"
"WLFP1012025_WHITE";"24,99"
"WLFP1022025_BROWN";"29,99"
"WLFP1032025_BROWN";"24,99"
"WLFP1042025_BLACK";"39,99"
"WLFP1042025_NAVY";"39,99"
"WLFP1052025_GREEN";"39,99"
"WLFP1052025_OLIVE";"39,99"
"WLFP1062025_BLUE";"39,99"
"WLFP1062025_GREY";"39,99"
"WLFP1072025_1BEIGE";"39,99"
"WLFP1072025_BEIGE";"39,99"
"WLFP1072025_GREY";"39,99"
"WLFP1082025_BLACK";"29,99"
"WLFP1082025_GREY";"29,99"
"WLFP1092025_PINK";"24,99"
"WLFP1102025_BLACK";"24,99"
"WLFP1112025_BLACK";"14,99"
"WLFP1112025_OLIVE";"14,99"
"WLFP1122025_OLIVE";"14,99"
"WLFP1132025_BLACK";"14,99"
"WLFP1142025_BLACK";"14,99"
"WLFP1152025_OLIVE";"14,99"
"WLFP1162025_GREEN";"39,99"
"WLFP1172025_BLACK";"16,99"
"WLFP1182025_YELLOW";"16,99"
"WLFP1192025_BLACK";"39,99"
"WLFP1202025_BLUE";"5,99"
"WLFP1212025_GREEN";"39,99"
"WLFP1222025_BLUE";"19,99"
"WLFP1232025_BLACK";"29,99"
"WLFP1242025_NAVY";"29,99"
"WLFP1252025_BLACK";"5,09"
"WLFP1252025_BLUE";"5,09"
"WLFP1262025_BLUE";"5,09"
"WLFP1262025_PINK";"5,09"
"WLFP1272025_BLUE";"8,99"
"WLFP1272025_BROWN";"8,99"
"WLFP1282025_BLACK";"34,99"
"WLFP1292025_BLACK";"34,99"
"WLFP1302025_BLACK";"19,99"
"WLFP1312025_BLUE";"29,99"
"WLFP1322025_BLACK";"29,99"
"WLFP1332025_NAVY";"24,99"
"WLFP1342025_WHITE";"24,99"
"WLFP1352025_BLACK";"19,99"
"WLFP1362025_RED";"39,99"
"WLFP1372025_BLUE";"24,99"
"WLFP1372025_PINK";"24,99"
"WLFP1382025_NAVY";"19,99"
"WLFP1392025_BLACK";"39,99"
"WLFP1402025_ORANGE";"39,99"
"WLFP1412025_GREY";"19,99"
"WLFP1412025_NAVY";"19,99"
"WLFP1422025_PINK";"34,99"
"WLFP1432025_1NAVY";"16,99"
"WLFP1432025_GREY";"16,99"
"WLFP1432025_NAVY";"16,99"
"WLFP1442025_NAVY";"39,99"
"WLFP1452025_RED";"29,99"
"WLFP1462025_GREY";"29,99"
"WLFP1472025_OLIVE";"29,99"
"WLFP1482025_ORANGE";"29,99"
"WLFP1492025_BLACK";"29,99"
"WLFP1502025_GREY";"29,99"
"WLFP1512025_BORDO";"29,99"
"WLFP1522025_GREY";"24,99"
"WLFP1532025_NAVY";"24,99"
"WLFP1542025_BEIGE";"29,99"
"WLFP1552025_GREEN";"29,99"
"WLFP1562025_GREY";"29,99"
"WLFP1572025_BROWN";"29,99"
"WLFP1582025_GREEN";"29,99"
"WLFP1592025_BEIGE";"29,99"
"WLFP1602025_BROWN";"34,99"
"WLFP1612025_BROWN";"34,99"
"WLFP1632025_RED";"24,99"
"WLFP1642025_NAVY";"24,99"
"WLFP1652025_MIX";"14,99"
"WLFP1692025_BLACK";"34,99"
"WLFP1702025_WHITE";"19,99"
"WLFP1722025_PINK";"24,99"
"WLFP1732025_GREY";"24,99"
"WLFP1742025_BLUE";"24,99"
"WLFP1752025_NAVY";"29,99"
"WLFP1762025_PURPLE";"39,99"
"WLFP1772025_BLACK";"39,99"
"WLFP1772025_BLUE";"39,99"
"WLFP1782025_NAVY";"39,99"
"WLFP1792025_BLUE";"10,49"
"WLFP1792025_BORDO";"10,49"
"WLFP1812025_GREEN";"5,99"
"WLFP1822025_GREY";"5,99"
"WLFP1832025_PINK";"5,99"
"WLLFP125_BLACK";"26,41"
"WLP0102_NAVY";"37,99"
"WLPF0431_NAVY";"5,99"
"WO905_BLACK";"27,99"
"WOOKIE_BLACK";"17,12"
"WORKS_GREY";"30,39"
"WORKYS_BLACK";"30,39"
"WREN_BLACK";"19,99"
"WS20_K12_NAVY";"9,09"
"WS20_K12_PINK";"9,09"
"WS20_K19_BLUE";"9,09"
"WS20_K19_GREY";"9,09"
"WSRPP22_23_GREEN";"19,78"
"WSRPP22_33_GREY";"19,78"
"WT023_011235";"2,99"
"WT023_046061";"1,99"
"WT023_061030";"1,99"
"WT023_061044";"2,99"
"WT023_061058";"3,99"
"WT023_061095";"2,99"
"WT023_061605";"2,99"
"WT023_460750";"2,99"
"WT023_511999";"2,99"
"WT023_600030";"2,99"
"WT023_600207";"2,99"
"WT023_600306";"2,99"
"WT023_600313";"2,99"
"WT023_600542";"2,99"
"WT023_600702";"2,99"
"WT023_600825";"2,99"
"WT023_720074";"14,99"
"WT023_720075";"14,99"
"WT023_720076";"14,99"
"WT023_863023";"5,99"
"WT023_865012";"2,49"
"WT023_901025";"1,49"
"WUM";"19,78"
"WUMI";"17,12"
"WW069_BEIGE";"23,99"
"WW069_BLACK";"13,99"
"WW069_WHITE";"13,99"
"WW076_WHITE";"26,99"
"WW077_BLACK";"26,99"
"WW130_BLACK";"22,99"
"WW130_WHITE";"22,99"
"WW265_BLACK";"22,99"
"WZ20004_BLACK";"19,78"
"X5_BLACK";"26,41"
"X6_BLACK";"26,41"
"X6_BROWN";"26,41"
"X6_NAVY";"26,41"
"X633_BLACK";"24,99"
"X2202_BLACK";"23,99"
"X2205_PINK";"19,99"
"X2208_PURPLE";"20,99"
"X2211_BLUE";"17,99"
"X2212_NAVY";"23,99"
"X2213_NAVY";"23,99"
"X8027_GREY";"29,07"
"X77180B_BLACK";"27,99"
"X77181A_BLACK";"27,99"
"X77182A_BLACK";"16,99"
"X88181_NAVY";"23,99"
"X88182_NAVY";"23,99"
"X88183_PINK";"23,99"
"X88185_PINK";"23,99"
"XAR23_BLACK";"21,99"
"XAR23_WHITE";"21,99"
"XDI18_F1453_BLACK";"26,41"
"XDI18_N1453_BLACK";"26,41"
"XDI18_N1454_BLACK";"26,41"
"XDI18_N1454_NAVY";"26,41"
"XDJ22_N2945_BLACK";"29,07"
"XHY3087_BLACK";"33,05"
"XM_0425_FUXIA";"13,14"
"XM_0425_PURPLE";"13,14"
"XPF300_T001";"10,49"
"XPF300_T001_GREEN";"10,49"
"XPF300_T001_WHITE";"10,49"
"XPF300_T002";"10,49"
"XPF300_T002_BLACK";"10,49"
"XPF300_T002_BLACKY";"10,49"
"XPF300_T002_BLUE";"10,49"
"XPF300_T002_PINK";"10,49"
"XPF300_T002_PURPLE";"10,49"
"XPF300_T002_RED";"10,49"
"XPF300_T003";"10,49"
"XPF300_T004";"10,49"
"XPF300_T005";"10,49"
"XPF300_T006";"10,49"
"XPF350_24_GREEN";"22,99"
"XPF350_24_GREY";"22,99"
"XPF350_24_YELLOW";"22,99"
"XPF350_G025_RED";"14,99"
"XPF350_N015_NAVY";"14,99"
"XPF350_NAVY";"13,99"
"XPF350_RED";"13,99"
"XPF350_S003_BROWN";"22,99"
"XPF350_S003_GREY";"22,99"
"XPF350_S003_PINK";"19,99"
"XPF350_S011_BLUE";"14,99"
"XPF350_S025_BLUE";"14,99"
"XPF350_W030_BLACK";"15,79"
"XPF350_W030_BLUE";"15,79"
"XPF350_W030_BORDO";"15,79"
"XPF350_W030_BROWN";"15,79"
"XPF350_W030_NAVY";"15,79"
"XPF350_W030_YELLOW";"15,79"
"XPM401_T001_BLACK";"10,49"
"XPM401_T001_BROWN";"10,49"
"XQ107_BLACK";"18,45"
"XTRAINER_GREEN";"35,70"
"XTRAINER_NAVY";"35,70"
"XY0311_BLACK";"26,41"
"XY41631_BLACK";"26,41"
"Y_02_BEIGE";"10,49"
"Y_02_BLACK";"10,49"
"Y_02_NAVY";"10,49"
"Y_888E_BROWN";"39,68"
"Y2FAX2305_BLACK";"36,99"
"Y017_BLUE";"20,99"
"Y017_GREEN";"17,99"
"Y077_BEIGE";"19,99"
"Y077_BLACK";"19,99"
"Y88_BLACK";"33,05"
"Y88_WHITE";"33,05"
"Y888_BROWN";"39,99"
"Y1736_BLACK";"30,39"
"Y2233_BLACK";"32,99"
"Y2319_RED";"22,99"
"Y18065_BLACK";"25,08"
"Y18065_PINK";"25,08"
"YADON_BLACK";"22,43"
"YAGI_BLACK";"30,39"
"YAHIR_NAVY";"26,41"
"YAKI_1_BLACK";"29,99"
"YAKI_BLACK";"30,39"
"YAKI_NAVY";"30,39"
"YAM_BLACK";"29,07"
"YAM_GREY";"29,07"
"YARD_1GREY";"30,39"
"YARD_BLACK";"26,41"
"YARD_BLACK1";"30,39"
"YARD_BROWN";"26,41"
"YARD_GREY";"30,39"
"YARON_BEIGE";"30,39"
"YARON_BLACK";"30,39"
"YAS_BROWN";"30,39"
"YAS_BROWN_1";"30,39"
"YASEN";"26,41"
"YASER_BLACK";"30,39"
"YAZ_BLACK";"30,39"
"YAZ_BROWN";"30,39"
"YB30_BLACK";"35,70"
"YCC76_BLACK";"37,99"
"YCC76_BROWN";"37,99"
"YD1214_9_BEIGE";"24,99"
"YD1214_9_BLACK";"24,99"
"YEHJ173_BLACK";"25,99"
"YEHJ281_BEIGE";"26,99"
"YEHJ352_BEIGE";"27,99"
"YEHJ352_BLACK";"27,99"
"YEHJ352_BROWN";"27,99"
"YEHJ353_BLACK";"25,99"
"YEHY362_BEIGE";"25,99"
"YEN_BLACK";"30,39"
"YEN_GREY";"30,39"
"YETI_BLACK";"30,39"
"YETI_NAVY";"31,99"
"YL_19_BLACK";"27,74"
"YL_19_RED";"27,74"
"YL98_YELLOW";"26,41"
"YL2506_BLACK";"35,99"
"YL2506_BROWN";"35,99"
"YL2508_BLACK";"35,99"
"YO636_BLACK";"19,99"
"YOB_BLACK";"30,39"
"YOHANA_BLACK";"21,10"
"YORGANA_WHITE";"21,10"
"YROBA_GREY";"23,76"
"YROBA_NUDE";"23,76"
"YT_90_PINK";"19,78"
"YT_90_SILVER";"19,78"
"YUST_BLACK";"29,99"
"YUST_NAVY";"29,99"
"YVONE_BLACK";"48,97"
"YVONE_GREY";"48,97"
"YVONNE_NAVY";"48,97"
"Z2711_BLACK";"15,99"
"Z2711_NAVY";"15,99"
"Z2711_RED";"15,99"
"Z2711_WHITE";"15,99"
"Z4328_BLACK";"15,99"
"Z4328_BRONZE";"15,99"
"Z6179_BLACK";"26,99"
"Z6179_WHITE";"26,99"
"ZA22_BLACK";"16,99"
"ZAKI_BLACK";"10,49"
"ZAKI_GREY";"10,49"
"ZAKI_NAVY";"10,49"
"ZH_9_GOLD";"30,39"
"ZIGGS";"269,00"
"ZOKI_GREY";"10,49"
"ZP56_GREY";"29,07"
"ZS17_BLACK";"26,99"
"ZS1229_BLACK";"24,99"
"ZS1323_BEIGE";"24,99"
"ZS1323_BLACK";"24,99"
"ZS1323_SILVER";"24,99"
"ZZ2719_BLACK";"17,12"
"ZZ2719_BLUE";"17,12"
"ZZ2719_BORDO";"17,12"
"ZZ2720_BORDO";"17,12"
"ZZ29244_BLACK";"13,14"
"ZZ29836_BLACK";"13,14"
"ZZ29837_BLACK";"13,14"
"ZZ29837_NAVY";"13,14"
